{"type": "FeatureCollection", "features": [{"type": "Feature", "id": "layer-50858.644281", "geometry": {"type": "Point", "coordinates": [176.1215949, -37.6434187, 8.1]}, "geometry_name": "shape", "properties": {"fidn": "8231312EPA", "expsou": null, "nobjnm": null, "objnam": null, "quasou": null, "souacc": null, "tecsou": null, "verdat": null, "status": null, "inform": null, "ninfom": null, "ntxtds": null, "scamin": 44999, "txtdsc": null, "sordat": null, "sorind": null, "depth": 8.1}}, {"type": "Feature", "id": "layer-50858.644316", "geometry": {"type": "Point", "coordinates": [176.0762125, -37.6270007, -0.1]}, "geometry_name": "shape", "properties": {"fidn": "8231313BGA", "expsou": null, "nobjnm": null, "objnam": null, "quasou": null, "souacc": null, "tecsou": null, "verdat": null, "status": null, "inform": null, "ninfom": null, "ntxtds": null, "scamin": 21999, "txtdsc": null, "sordat": null, "sorind": null, "depth": -0.1}}, {"type": "Feature", "id": "layer-50858.644362", "geometry": {"type": "Point", "coordinates": [176.0599107, -37.6262874, 1.5]}, "geometry_name": "shape", "properties": {"fidn": "8231313DCA", "expsou": null, "nobjnm": null, "objnam": null, "quasou": null, "souacc": null, "tecsou": null, "verdat": null, "status": null, "inform": null, "ninfom": null, "ntxtds": null, "scamin": 21999, "txtdsc": null, "sordat": null, "sorind": null, "depth": 1.5}}, {"type": "Feature", "id": "layer-50858.690749", "geometry": {"type": "Point", "coordinates": [176.1747573, -37.6035533, 10.9]}, "geometry_name": "shape", "properties": {"fidn": "8584574AAA", "expsou": null, "nobjnm": null, "objnam": null, "quasou": null, "souacc": null, "tecsou": null, "verdat": null, "status": null, "inform": null, "ninfom": null, "ntxtds": null, "scamin": 17999, "txtdsc": null, "sordat": null, "sorind": null, "depth": 10.9}}, {"type": "Feature", "id": "layer-50858.690750", "geometry": {"type": "Point", "coordinates": [176.1654424, -37.6103326, 10.9]}, "geometry_name": "shape", "properties": {"fidn": "8584574ABA", "expsou": null, "nobjnm": null, "objnam": null, "quasou": null, "souacc": null, "tecsou": null, "verdat": null, "status": null, "inform": null, "ninfom": null, "ntxtds": null, "scamin": 17999, "txtdsc": null, "sordat": null, "sorind": null, "depth": 10.9}}, {"type": "Feature", "id": "layer-50858.690751", "geometry": {"type": "Point", "coordinates": [176.1545129, -37.6598882, 2.8]}, "geometry_name": "shape", "properties": {"fidn": "8584574ACA", "expsou": null, "nobjnm": null, "objnam": null, "quasou": null, "souacc": null, "tecsou": null, "verdat": null, "status": null, "inform": null, "ninfom": null, "ntxtds": null, "scamin": 17999, "txtdsc": null, "sordat": null, "sorind": null, "depth": 2.8}}, {"type": "Feature", "id": "layer-50858.690752", "geometry": {"type": "Point", "coordinates": [176.1536809, -37.5933031, 15.9]}, "geometry_name": "shape", "properties": {"fidn": "8584574ADA", "expsou": null, "nobjnm": null, "objnam": null, "quasou": null, "souacc": null, "tecsou": null, "verdat": null, "status": null, "inform": null, "ninfom": null, "ntxtds": null, "scamin": 17999, "txtdsc": null, "sordat": null, "sorind": null, "depth": 15.9}}, {"type": "Feature", "id": "layer-50858.690753", "geometry": {"type": "Point", "coordinates": [176.1440266, -37.6130689, 5.3]}, "geometry_name": "shape", "properties": {"fidn": "8584574AEA", "expsou": null, "nobjnm": null, "objnam": null, "quasou": null, "souacc": null, "tecsou": null, "verdat": null, "status": null, "inform": null, "ninfom": null, "ntxtds": null, "scamin": 17999, "txtdsc": null, "sordat": null, "sorind": null, "depth": 5.3}}, {"type": "Feature", "id": "layer-50858.690754", "geometry": {"type": "Point", "coordinates": [176.1915022, -37.6276296, 10.6]}, "geometry_name": "shape", "properties": {"fidn": "8584574AFA", "expsou": null, "nobjnm": null, "objnam": null, "quasou": null, "souacc": null, "tecsou": null, "verdat": null, "status": null, "inform": null, "ninfom": null, "ntxtds": null, "scamin": 17999, "txtdsc": null, "sordat": null, "sorind": null, "depth": 10.6}}, {"type": "Feature", "id": "layer-50858.690755", "geometry": {"type": "Point", "coordinates": [176.1620475, -37.6100084, 8.7]}, "geometry_name": "shape", "properties": {"fidn": "8584574AGA", "expsou": null, "nobjnm": null, "objnam": null, "quasou": null, "souacc": null, "tecsou": null, "verdat": null, "status": null, "inform": null, "ninfom": null, "ntxtds": null, "scamin": 17999, "txtdsc": null, "sordat": null, "sorind": null, "depth": 8.7}}, {"type": "Feature", "id": "layer-50858.690756", "geometry": {"type": "Point", "coordinates": [176.1372016, -37.5940393, 12.4]}, "geometry_name": "shape", "properties": {"fidn": "8584574AHA", "expsou": null, "nobjnm": null, "objnam": null, "quasou": null, "souacc": null, "tecsou": null, "verdat": null, "status": null, "inform": null, "ninfom": null, "ntxtds": null, "scamin": 17999, "txtdsc": null, "sordat": null, "sorind": null, "depth": 12.4}}, {"type": "Feature", "id": "layer-50858.690757", "geometry": {"type": "Point", "coordinates": [176.151575, -37.5957003, 14.2]}, "geometry_name": "shape", "properties": {"fidn": "8584574AIA", "expsou": null, "nobjnm": null, "objnam": null, "quasou": null, "souacc": null, "tecsou": null, "verdat": null, "status": null, "inform": null, "ninfom": null, "ntxtds": null, "scamin": 17999, "txtdsc": null, "sordat": null, "sorind": null, "depth": 14.2}}, {"type": "Feature", "id": "layer-50858.690758", "geometry": {"type": "Point", "coordinates": [176.16834, -37.64638, 0.9]}, "geometry_name": "shape", "properties": {"fidn": "8584574AJA", "expsou": null, "nobjnm": null, "objnam": null, "quasou": null, "souacc": null, "tecsou": null, "verdat": null, "status": null, "inform": null, "ninfom": null, "ntxtds": null, "scamin": 17999, "txtdsc": null, "sordat": null, "sorind": null, "depth": 0.9}}, {"type": "Feature", "id": "layer-50858.690759", "geometry": {"type": "Point", "coordinates": [176.1789665, -37.6283108, 3]}, "geometry_name": "shape", "properties": {"fidn": "8584574AKA", "expsou": null, "nobjnm": null, "objnam": null, "quasou": null, "souacc": null, "tecsou": null, "verdat": null, "status": null, "inform": null, "ninfom": null, "ntxtds": null, "scamin": 17999, "txtdsc": null, "sordat": null, "sorind": null, "depth": 3}}, {"type": "Feature", "id": "layer-50858.690760", "geometry": {"type": "Point", "coordinates": [176.1589228, -37.6289848, 6.6]}, "geometry_name": "shape", "properties": {"fidn": "8584574ALA", "expsou": null, "nobjnm": null, "objnam": null, "quasou": null, "souacc": null, "tecsou": null, "verdat": null, "status": null, "inform": null, "ninfom": null, "ntxtds": null, "scamin": 17999, "txtdsc": null, "sordat": null, "sorind": null, "depth": 6.6}}, {"type": "Feature", "id": "layer-50858.690761", "geometry": {"type": "Point", "coordinates": [176.1292212, -37.5921968, 9.6]}, "geometry_name": "shape", "properties": {"fidn": "8584574AMA", "expsou": null, "nobjnm": null, "objnam": null, "quasou": null, "souacc": null, "tecsou": null, "verdat": null, "status": null, "inform": null, "ninfom": null, "ntxtds": null, "scamin": 17999, "txtdsc": null, "sordat": null, "sorind": null, "depth": 9.6}}, {"type": "Feature", "id": "layer-50858.690762", "geometry": {"type": "Point", "coordinates": [176.1793217, -37.6092858, 12.7]}, "geometry_name": "shape", "properties": {"fidn": "8584574ANA", "expsou": null, "nobjnm": null, "objnam": null, "quasou": null, "souacc": null, "tecsou": null, "verdat": null, "status": null, "inform": null, "ninfom": null, "ntxtds": null, "scamin": 17999, "txtdsc": null, "sordat": null, "sorind": null, "depth": 12.7}}, {"type": "Feature", "id": "layer-50858.690763", "geometry": {"type": "Point", "coordinates": [176.1346689, -37.6080747, 4.1]}, "geometry_name": "shape", "properties": {"fidn": "8584574AOA", "expsou": null, "nobjnm": null, "objnam": null, "quasou": null, "souacc": null, "tecsou": null, "verdat": null, "status": null, "inform": null, "ninfom": null, "ntxtds": null, "scamin": 17999, "txtdsc": null, "sordat": null, "sorind": null, "depth": 4.1}}, {"type": "Feature", "id": "layer-50858.690764", "geometry": {"type": "Point", "coordinates": [176.1871152, -37.6230325, 10.9]}, "geometry_name": "shape", "properties": {"fidn": "8584574APA", "expsou": null, "nobjnm": null, "objnam": null, "quasou": null, "souacc": null, "tecsou": null, "verdat": null, "status": null, "inform": null, "ninfom": null, "ntxtds": null, "scamin": 17999, "txtdsc": null, "sordat": null, "sorind": null, "depth": 10.9}}, {"type": "Feature", "id": "layer-50858.690765", "geometry": {"type": "Point", "coordinates": [176.1621845, -37.6468811, 2.2]}, "geometry_name": "shape", "properties": {"fidn": "8584574AQA", "expsou": null, "nobjnm": null, "objnam": null, "quasou": null, "souacc": null, "tecsou": null, "verdat": null, "status": null, "inform": null, "ninfom": null, "ntxtds": null, "scamin": 17999, "txtdsc": null, "sordat": null, "sorind": null, "depth": 2.2}}, {"type": "Feature", "id": "layer-50858.690766", "geometry": {"type": "Point", "coordinates": [176.1754987, -37.6698403, 3.8]}, "geometry_name": "shape", "properties": {"fidn": "8584574ARA", "expsou": null, "nobjnm": null, "objnam": null, "quasou": null, "souacc": null, "tecsou": null, "verdat": null, "status": null, "inform": null, "ninfom": null, "ntxtds": null, "scamin": 17999, "txtdsc": null, "sordat": null, "sorind": null, "depth": 3.8}}, {"type": "Feature", "id": "layer-50858.690767", "geometry": {"type": "Point", "coordinates": [176.14642, -37.649845, 5.4]}, "geometry_name": "shape", "properties": {"fidn": "8584574ASA", "expsou": null, "nobjnm": null, "objnam": null, "quasou": null, "souacc": null, "tecsou": null, "verdat": null, "status": null, "inform": null, "ninfom": null, "ntxtds": null, "scamin": 17999, "txtdsc": null, "sordat": null, "sorind": null, "depth": 5.4}}, {"type": "Feature", "id": "layer-50858.690768", "geometry": {"type": "Point", "coordinates": [176.1450726, -37.5937006, 14.3]}, "geometry_name": "shape", "properties": {"fidn": "8584574ATA", "expsou": null, "nobjnm": null, "objnam": null, "quasou": null, "souacc": null, "tecsou": null, "verdat": null, "status": null, "inform": null, "ninfom": null, "ntxtds": null, "scamin": 17999, "txtdsc": null, "sordat": null, "sorind": null, "depth": 14.3}}, {"type": "Feature", "id": "layer-50858.690769", "geometry": {"type": "Point", "coordinates": [176.1969978, -37.6328806, 9.4]}, "geometry_name": "shape", "properties": {"fidn": "8584574AUA", "expsou": null, "nobjnm": null, "objnam": null, "quasou": null, "souacc": null, "tecsou": null, "verdat": null, "status": null, "inform": null, "ninfom": null, "ntxtds": null, "scamin": 17999, "txtdsc": null, "sordat": null, "sorind": null, "depth": 9.4}}, {"type": "Feature", "id": "layer-50858.690770", "geometry": {"type": "Point", "coordinates": [176.1645604, -37.6681589, -0.5]}, "geometry_name": "shape", "properties": {"fidn": "8584574AVA", "expsou": null, "nobjnm": null, "objnam": null, "quasou": null, "souacc": null, "tecsou": null, "verdat": null, "status": null, "inform": null, "ninfom": null, "ntxtds": null, "scamin": 17999, "txtdsc": null, "sordat": null, "sorind": null, "depth": -0.5}}, {"type": "Feature", "id": "layer-50858.690771", "geometry": {"type": "Point", "coordinates": [176.1931685, -37.6011647, 26]}, "geometry_name": "shape", "properties": {"fidn": "8584574AWA", "expsou": null, "nobjnm": null, "objnam": null, "quasou": null, "souacc": null, "tecsou": null, "verdat": null, "status": null, "inform": null, "ninfom": null, "ntxtds": null, "scamin": 17999, "txtdsc": null, "sordat": null, "sorind": null, "depth": 26}}, {"type": "Feature", "id": "layer-50858.690772", "geometry": {"type": "Point", "coordinates": [176.1782721, -37.6230322, 7.3]}, "geometry_name": "shape", "properties": {"fidn": "8584574AXA", "expsou": null, "nobjnm": null, "objnam": null, "quasou": null, "souacc": null, "tecsou": null, "verdat": null, "status": null, "inform": null, "ninfom": null, "ntxtds": null, "scamin": 17999, "txtdsc": null, "sordat": null, "sorind": null, "depth": 7.3}}, {"type": "Feature", "id": "layer-50858.690773", "geometry": {"type": "Point", "coordinates": [176.1661097, -37.6546587, 2.4]}, "geometry_name": "shape", "properties": {"fidn": "8584574AYA", "expsou": null, "nobjnm": null, "objnam": null, "quasou": null, "souacc": null, "tecsou": null, "verdat": null, "status": null, "inform": null, "ninfom": null, "ntxtds": null, "scamin": 17999, "txtdsc": null, "sordat": null, "sorind": null, "depth": 2.4}}, {"type": "Feature", "id": "layer-50858.690774", "geometry": {"type": "Point", "coordinates": [176.1594831, -37.6001359, 9]}, "geometry_name": "shape", "properties": {"fidn": "8584574AZA", "expsou": null, "nobjnm": null, "objnam": null, "quasou": null, "souacc": null, "tecsou": null, "verdat": null, "status": null, "inform": null, "ninfom": null, "ntxtds": null, "scamin": 17999, "txtdsc": null, "sordat": null, "sorind": null, "depth": 9}}, {"type": "Feature", "id": "layer-50858.690775", "geometry": {"type": "Point", "coordinates": [176.1889549, -37.6204753, 11.9]}, "geometry_name": "shape", "properties": {"fidn": "8584574BAA", "expsou": null, "nobjnm": null, "objnam": null, "quasou": null, "souacc": null, "tecsou": null, "verdat": null, "status": null, "inform": null, "ninfom": null, "ntxtds": null, "scamin": 17999, "txtdsc": null, "sordat": null, "sorind": null, "depth": 11.9}}, {"type": "Feature", "id": "layer-50858.690776", "geometry": {"type": "Point", "coordinates": [176.1457517, -37.6466035, 8.8]}, "geometry_name": "shape", "properties": {"fidn": "8584574BBA", "expsou": null, "nobjnm": null, "objnam": null, "quasou": null, "souacc": null, "tecsou": null, "verdat": null, "status": null, "inform": null, "ninfom": null, "ntxtds": null, "scamin": 17999, "txtdsc": null, "sordat": null, "sorind": null, "depth": 8.8}}, {"type": "Feature", "id": "layer-50858.690777", "geometry": {"type": "Point", "coordinates": [176.1253001, -37.6242096, 1.3]}, "geometry_name": "shape", "properties": {"fidn": "8584574BCA", "expsou": null, "nobjnm": null, "objnam": null, "quasou": null, "souacc": null, "tecsou": null, "verdat": null, "status": null, "inform": null, "ninfom": null, "ntxtds": null, "scamin": 17999, "txtdsc": null, "sordat": null, "sorind": null, "depth": 1.3}}, {"type": "Feature", "id": "layer-50858.690778", "geometry": {"type": "Point", "coordinates": [176.1818133, -37.6301226, 2.7]}, "geometry_name": "shape", "properties": {"fidn": "8584574BDA", "expsou": null, "nobjnm": null, "objnam": null, "quasou": null, "souacc": null, "tecsou": null, "verdat": null, "status": null, "inform": null, "ninfom": null, "ntxtds": null, "scamin": 17999, "txtdsc": null, "sordat": null, "sorind": null, "depth": 2.7}}, {"type": "Feature", "id": "layer-50858.690779", "geometry": {"type": "Point", "coordinates": [176.1469363, -37.645323, 10.4]}, "geometry_name": "shape", "properties": {"fidn": "8584574BEA", "expsou": null, "nobjnm": null, "objnam": null, "quasou": null, "souacc": null, "tecsou": null, "verdat": null, "status": null, "inform": null, "ninfom": null, "ntxtds": null, "scamin": 17999, "txtdsc": null, "sordat": null, "sorind": null, "depth": 10.4}}, {"type": "Feature", "id": "layer-50858.690780", "geometry": {"type": "Point", "coordinates": [176.1393382, -37.5974239, 11.4]}, "geometry_name": "shape", "properties": {"fidn": "8584574BFA", "expsou": null, "nobjnm": null, "objnam": null, "quasou": null, "souacc": null, "tecsou": null, "verdat": null, "status": null, "inform": null, "ninfom": null, "ntxtds": null, "scamin": 17999, "txtdsc": null, "sordat": null, "sorind": null, "depth": 11.4}}, {"type": "Feature", "id": "layer-50858.690781", "geometry": {"type": "Point", "coordinates": [176.1624239, -37.6603527, 0.1]}, "geometry_name": "shape", "properties": {"fidn": "8584574BGA", "expsou": null, "nobjnm": null, "objnam": null, "quasou": null, "souacc": null, "tecsou": null, "verdat": null, "status": null, "inform": null, "ninfom": null, "ntxtds": null, "scamin": 17999, "txtdsc": null, "sordat": null, "sorind": null, "depth": 0.1}}, {"type": "Feature", "id": "layer-50858.690782", "geometry": {"type": "Point", "coordinates": [176.1603992, -37.6114907, 8]}, "geometry_name": "shape", "properties": {"fidn": "8584574BHA", "expsou": null, "nobjnm": null, "objnam": null, "quasou": null, "souacc": null, "tecsou": null, "verdat": null, "status": null, "inform": null, "ninfom": null, "ntxtds": null, "scamin": 17999, "txtdsc": null, "sordat": null, "sorind": null, "depth": 8}}, {"type": "Feature", "id": "layer-50858.690783", "geometry": {"type": "Point", "coordinates": [176.1828139, -37.5992932, 19.5]}, "geometry_name": "shape", "properties": {"fidn": "8584574BIA", "expsou": null, "nobjnm": null, "objnam": null, "quasou": null, "souacc": null, "tecsou": null, "verdat": null, "status": null, "inform": null, "ninfom": null, "ntxtds": null, "scamin": 17999, "txtdsc": null, "sordat": null, "sorind": null, "depth": 19.5}}, {"type": "Feature", "id": "layer-50858.690784", "geometry": {"type": "Point", "coordinates": [176.1403348, -37.6143131, 3.5]}, "geometry_name": "shape", "properties": {"fidn": "8584574BJA", "expsou": null, "nobjnm": null, "objnam": null, "quasou": null, "souacc": null, "tecsou": null, "verdat": null, "status": null, "inform": null, "ninfom": null, "ntxtds": null, "scamin": 17999, "txtdsc": null, "sordat": null, "sorind": null, "depth": 3.5}}, {"type": "Feature", "id": "layer-50858.690785", "geometry": {"type": "Point", "coordinates": [176.1584122, -37.6127019, 7.1]}, "geometry_name": "shape", "properties": {"fidn": "8584574BKA", "expsou": null, "nobjnm": null, "objnam": null, "quasou": null, "souacc": null, "tecsou": null, "verdat": null, "status": null, "inform": null, "ninfom": null, "ntxtds": null, "scamin": 17999, "txtdsc": null, "sordat": null, "sorind": null, "depth": 7.1}}, {"type": "Feature", "id": "layer-50858.690786", "geometry": {"type": "Point", "coordinates": [176.1390691, -37.6140632, 1.2]}, "geometry_name": "shape", "properties": {"fidn": "8584574BLA", "expsou": null, "nobjnm": null, "objnam": null, "quasou": null, "souacc": null, "tecsou": null, "verdat": null, "status": null, "inform": null, "ninfom": null, "ntxtds": null, "scamin": 17999, "txtdsc": null, "sordat": null, "sorind": null, "depth": 1.2}}, {"type": "Feature", "id": "layer-50858.690787", "geometry": {"type": "Point", "coordinates": [176.1338906, -37.6419843, 14.3]}, "geometry_name": "shape", "properties": {"fidn": "8584574BMA", "expsou": null, "nobjnm": null, "objnam": null, "quasou": null, "souacc": null, "tecsou": null, "verdat": null, "status": null, "inform": null, "ninfom": null, "ntxtds": null, "scamin": 17999, "txtdsc": null, "sordat": null, "sorind": null, "depth": 14.3}}, {"type": "Feature", "id": "layer-50858.690788", "geometry": {"type": "Point", "coordinates": [176.1633514, -37.6791436, -0.6]}, "geometry_name": "shape", "properties": {"fidn": "8584574BNA", "expsou": null, "nobjnm": null, "objnam": null, "quasou": null, "souacc": null, "tecsou": null, "verdat": null, "status": null, "inform": null, "ninfom": null, "ntxtds": null, "scamin": 17999, "txtdsc": null, "sordat": null, "sorind": null, "depth": -0.6}}, {"type": "Feature", "id": "layer-50858.690789", "geometry": {"type": "Point", "coordinates": [176.1818336, -37.6712488, -0.8]}, "geometry_name": "shape", "properties": {"fidn": "8584574BOA", "expsou": null, "nobjnm": null, "objnam": null, "quasou": null, "souacc": null, "tecsou": null, "verdat": null, "status": null, "inform": null, "ninfom": null, "ntxtds": null, "scamin": 17999, "txtdsc": null, "sordat": null, "sorind": null, "depth": -0.8}}, {"type": "Feature", "id": "layer-50858.690790", "geometry": {"type": "Point", "coordinates": [176.1471681, -37.5935261, 14.7]}, "geometry_name": "shape", "properties": {"fidn": "8584574BPA", "expsou": null, "nobjnm": null, "objnam": null, "quasou": null, "souacc": null, "tecsou": null, "verdat": null, "status": null, "inform": null, "ninfom": null, "ntxtds": null, "scamin": 17999, "txtdsc": null, "sordat": null, "sorind": null, "depth": 14.7}}, {"type": "Feature", "id": "layer-50858.690791", "geometry": {"type": "Point", "coordinates": [176.1296321, -37.5983876, 7.3]}, "geometry_name": "shape", "properties": {"fidn": "8584574BQA", "expsou": null, "nobjnm": null, "objnam": null, "quasou": null, "souacc": null, "tecsou": null, "verdat": null, "status": null, "inform": null, "ninfom": null, "ntxtds": null, "scamin": 17999, "txtdsc": null, "sordat": null, "sorind": null, "depth": 7.3}}, {"type": "Feature", "id": "layer-50858.690792", "geometry": {"type": "Point", "coordinates": [176.1619724, -37.6359478, 1.4]}, "geometry_name": "shape", "properties": {"fidn": "8584574BRA", "expsou": null, "nobjnm": null, "objnam": null, "quasou": null, "souacc": null, "tecsou": null, "verdat": null, "status": null, "inform": null, "ninfom": null, "ntxtds": null, "scamin": 17999, "txtdsc": null, "sordat": null, "sorind": null, "depth": 1.4}}, {"type": "Feature", "id": "layer-50858.690793", "geometry": {"type": "Point", "coordinates": [176.1535029, -37.5949846, 14.7]}, "geometry_name": "shape", "properties": {"fidn": "8584574BSA", "expsou": null, "nobjnm": null, "objnam": null, "quasou": null, "souacc": null, "tecsou": null, "verdat": null, "status": null, "inform": null, "ninfom": null, "ntxtds": null, "scamin": 17999, "txtdsc": null, "sordat": null, "sorind": null, "depth": 14.7}}, {"type": "Feature", "id": "layer-50858.690794", "geometry": {"type": "Point", "coordinates": [176.1807976, -37.6083433, 12.9]}, "geometry_name": "shape", "properties": {"fidn": "8584574BTA", "expsou": null, "nobjnm": null, "objnam": null, "quasou": null, "souacc": null, "tecsou": null, "verdat": null, "status": null, "inform": null, "ninfom": null, "ntxtds": null, "scamin": 17999, "txtdsc": null, "sordat": null, "sorind": null, "depth": 12.9}}, {"type": "Feature", "id": "layer-50858.690795", "geometry": {"type": "Point", "coordinates": [176.1930838, -37.6243378, 12.2]}, "geometry_name": "shape", "properties": {"fidn": "8584574BUA", "expsou": null, "nobjnm": null, "objnam": null, "quasou": null, "souacc": null, "tecsou": null, "verdat": null, "status": null, "inform": null, "ninfom": null, "ntxtds": null, "scamin": 17999, "txtdsc": null, "sordat": null, "sorind": null, "depth": 12.2}}, {"type": "Feature", "id": "layer-50858.690796", "geometry": {"type": "Point", "coordinates": [176.1353594, -37.6443902, 6.7]}, "geometry_name": "shape", "properties": {"fidn": "8584574BVA", "expsou": null, "nobjnm": null, "objnam": null, "quasou": null, "souacc": null, "tecsou": null, "verdat": null, "status": null, "inform": null, "ninfom": null, "ntxtds": null, "scamin": 17999, "txtdsc": null, "sordat": null, "sorind": null, "depth": 6.7}}, {"type": "Feature", "id": "layer-50858.690797", "geometry": {"type": "Point", "coordinates": [176.1374642, -37.6114783, 3.7]}, "geometry_name": "shape", "properties": {"fidn": "8584574BWA", "expsou": null, "nobjnm": null, "objnam": null, "quasou": null, "souacc": null, "tecsou": null, "verdat": null, "status": null, "inform": null, "ninfom": null, "ntxtds": null, "scamin": 17999, "txtdsc": null, "sordat": null, "sorind": null, "depth": 3.7}}, {"type": "Feature", "id": "layer-50858.690798", "geometry": {"type": "Point", "coordinates": [176.1267517, -37.6307448, 0.3]}, "geometry_name": "shape", "properties": {"fidn": "8584574BXA", "expsou": null, "nobjnm": null, "objnam": null, "quasou": null, "souacc": null, "tecsou": null, "verdat": null, "status": null, "inform": null, "ninfom": null, "ntxtds": null, "scamin": 17999, "txtdsc": null, "sordat": null, "sorind": null, "depth": 0.3}}, {"type": "Feature", "id": "layer-50858.690799", "geometry": {"type": "Point", "coordinates": [176.1706968, -37.5917911, 18.8]}, "geometry_name": "shape", "properties": {"fidn": "8584574BYA", "expsou": null, "nobjnm": null, "objnam": null, "quasou": null, "souacc": null, "tecsou": null, "verdat": null, "status": null, "inform": null, "ninfom": null, "ntxtds": null, "scamin": 17999, "txtdsc": null, "sordat": null, "sorind": null, "depth": 18.8}}, {"type": "Feature", "id": "layer-50858.690800", "geometry": {"type": "Point", "coordinates": [176.1679369, -37.6107078, 11.6]}, "geometry_name": "shape", "properties": {"fidn": "8584574BZA", "expsou": null, "nobjnm": null, "objnam": null, "quasou": null, "souacc": null, "tecsou": null, "verdat": null, "status": null, "inform": null, "ninfom": null, "ntxtds": null, "scamin": 17999, "txtdsc": null, "sordat": null, "sorind": null, "depth": 11.6}}, {"type": "Feature", "id": "layer-50858.690801", "geometry": {"type": "Point", "coordinates": [176.1646915, -37.6606987, 1.9]}, "geometry_name": "shape", "properties": {"fidn": "8584574CAA", "expsou": null, "nobjnm": null, "objnam": null, "quasou": null, "souacc": null, "tecsou": null, "verdat": null, "status": null, "inform": null, "ninfom": null, "ntxtds": null, "scamin": 17999, "txtdsc": null, "sordat": null, "sorind": null, "depth": 1.9}}, {"type": "Feature", "id": "layer-50858.690802", "geometry": {"type": "Point", "coordinates": [176.1347383, -37.6098635, 1]}, "geometry_name": "shape", "properties": {"fidn": "8584574CBA", "expsou": null, "nobjnm": null, "objnam": null, "quasou": null, "souacc": null, "tecsou": null, "verdat": null, "status": null, "inform": null, "ninfom": null, "ntxtds": null, "scamin": 17999, "txtdsc": null, "sordat": null, "sorind": null, "depth": 1}}, {"type": "Feature", "id": "layer-50858.690803", "geometry": {"type": "Point", "coordinates": [176.157861, -37.6090515, 6.9]}, "geometry_name": "shape", "properties": {"fidn": "8584574CCA", "expsou": null, "nobjnm": null, "objnam": null, "quasou": null, "souacc": null, "tecsou": null, "verdat": null, "status": null, "inform": null, "ninfom": null, "ntxtds": null, "scamin": 17999, "txtdsc": null, "sordat": null, "sorind": null, "depth": 6.9}}, {"type": "Feature", "id": "layer-50858.690804", "geometry": {"type": "Point", "coordinates": [176.1583442, -37.6017097, 8.1]}, "geometry_name": "shape", "properties": {"fidn": "8584574CDA", "expsou": null, "nobjnm": null, "objnam": null, "quasou": null, "souacc": null, "tecsou": null, "verdat": null, "status": null, "inform": null, "ninfom": null, "ntxtds": null, "scamin": 17999, "txtdsc": null, "sordat": null, "sorind": null, "depth": 8.1}}, {"type": "Feature", "id": "layer-50858.690805", "geometry": {"type": "Point", "coordinates": [176.1818133, -37.6759078, -0.4]}, "geometry_name": "shape", "properties": {"fidn": "8584574CEA", "expsou": null, "nobjnm": null, "objnam": null, "quasou": null, "souacc": null, "tecsou": null, "verdat": null, "status": null, "inform": null, "ninfom": null, "ntxtds": null, "scamin": 17999, "txtdsc": null, "sordat": null, "sorind": null, "depth": -0.4}}, {"type": "Feature", "id": "layer-50858.690806", "geometry": {"type": "Point", "coordinates": [176.1585404, -37.5953132, 14]}, "geometry_name": "shape", "properties": {"fidn": "8584574CFA", "expsou": null, "nobjnm": null, "objnam": null, "quasou": null, "souacc": null, "tecsou": null, "verdat": null, "status": null, "inform": null, "ninfom": null, "ntxtds": null, "scamin": 17999, "txtdsc": null, "sordat": null, "sorind": null, "depth": 14}}, {"type": "Feature", "id": "layer-50858.690807", "geometry": {"type": "Point", "coordinates": [176.1814835, -37.6066781, 13.7]}, "geometry_name": "shape", "properties": {"fidn": "8584574CGA", "expsou": null, "nobjnm": null, "objnam": null, "quasou": null, "souacc": null, "tecsou": null, "verdat": null, "status": null, "inform": null, "ninfom": null, "ntxtds": null, "scamin": 17999, "txtdsc": null, "sordat": null, "sorind": null, "depth": 13.7}}, {"type": "Feature", "id": "layer-50858.690808", "geometry": {"type": "Point", "coordinates": [176.1738325, -37.5974682, 14.2]}, "geometry_name": "shape", "properties": {"fidn": "8584574CHA", "expsou": null, "nobjnm": null, "objnam": null, "quasou": null, "souacc": null, "tecsou": null, "verdat": null, "status": null, "inform": null, "ninfom": null, "ntxtds": null, "scamin": 17999, "txtdsc": null, "sordat": null, "sorind": null, "depth": 14.2}}, {"type": "Feature", "id": "layer-50858.690809", "geometry": {"type": "Point", "coordinates": [176.1498164, -37.5965065, 13.5]}, "geometry_name": "shape", "properties": {"fidn": "8584574CIA", "expsou": null, "nobjnm": null, "objnam": null, "quasou": null, "souacc": null, "tecsou": null, "verdat": null, "status": null, "inform": null, "ninfom": null, "ntxtds": null, "scamin": 17999, "txtdsc": null, "sordat": null, "sorind": null, "depth": 13.5}}, {"type": "Feature", "id": "layer-50858.690810", "geometry": {"type": "Point", "coordinates": [176.1926624, -37.6366989, 2.9]}, "geometry_name": "shape", "properties": {"fidn": "8584574CJA", "expsou": null, "nobjnm": null, "objnam": null, "quasou": null, "souacc": null, "tecsou": null, "verdat": null, "status": null, "inform": null, "ninfom": null, "ntxtds": null, "scamin": 17999, "txtdsc": null, "sordat": null, "sorind": null, "depth": 2.9}}, {"type": "Feature", "id": "layer-50858.690811", "geometry": {"type": "Point", "coordinates": [176.1601363, -37.6062099, 10.5]}, "geometry_name": "shape", "properties": {"fidn": "8584574CKA", "expsou": null, "nobjnm": null, "objnam": null, "quasou": null, "souacc": null, "tecsou": null, "verdat": null, "status": null, "inform": null, "ninfom": null, "ntxtds": null, "scamin": 17999, "txtdsc": null, "sordat": null, "sorind": null, "depth": 10.5}}, {"type": "Feature", "id": "layer-50858.690812", "geometry": {"type": "Point", "coordinates": [176.1965815, -37.5968027, 28]}, "geometry_name": "shape", "properties": {"fidn": "8584574CLA", "expsou": null, "nobjnm": null, "objnam": null, "quasou": null, "souacc": null, "tecsou": null, "verdat": null, "status": null, "inform": null, "ninfom": null, "ntxtds": null, "scamin": 17999, "txtdsc": null, "sordat": null, "sorind": null, "depth": 28}}, {"type": "Feature", "id": "layer-50858.690813", "geometry": {"type": "Point", "coordinates": [176.1312592, -37.5949276, 9.1]}, "geometry_name": "shape", "properties": {"fidn": "8584574CMA", "expsou": null, "nobjnm": null, "objnam": null, "quasou": null, "souacc": null, "tecsou": null, "verdat": null, "status": null, "inform": null, "ninfom": null, "ntxtds": null, "scamin": 17999, "txtdsc": null, "sordat": null, "sorind": null, "depth": 9.1}}, {"type": "Feature", "id": "layer-50858.690814", "geometry": {"type": "Point", "coordinates": [176.1577866, -37.599636, 8.7]}, "geometry_name": "shape", "properties": {"fidn": "8584574CNA", "expsou": null, "nobjnm": null, "objnam": null, "quasou": null, "souacc": null, "tecsou": null, "verdat": null, "status": null, "inform": null, "ninfom": null, "ntxtds": null, "scamin": 17999, "txtdsc": null, "sordat": null, "sorind": null, "depth": 8.7}}, {"type": "Feature", "id": "layer-50858.690815", "geometry": {"type": "Point", "coordinates": [176.1594477, -37.5976131, 8.9]}, "geometry_name": "shape", "properties": {"fidn": "8584574COA", "expsou": null, "nobjnm": null, "objnam": null, "quasou": null, "souacc": null, "tecsou": null, "verdat": null, "status": null, "inform": null, "ninfom": null, "ntxtds": null, "scamin": 17999, "txtdsc": null, "sordat": null, "sorind": null, "depth": 8.9}}, {"type": "Feature", "id": "layer-50858.690816", "geometry": {"type": "Point", "coordinates": [176.1296133, -37.651117, -0.4]}, "geometry_name": "shape", "properties": {"fidn": "8584574CPA", "expsou": null, "nobjnm": null, "objnam": null, "quasou": null, "souacc": null, "tecsou": null, "verdat": null, "status": null, "inform": null, "ninfom": null, "ntxtds": null, "scamin": 17999, "txtdsc": null, "sordat": null, "sorind": null, "depth": -0.4}}, {"type": "Feature", "id": "layer-50858.690817", "geometry": {"type": "Point", "coordinates": [176.1931877, -37.5958939, 27.5]}, "geometry_name": "shape", "properties": {"fidn": "8584574CQA", "expsou": null, "nobjnm": null, "objnam": null, "quasou": null, "souacc": null, "tecsou": null, "verdat": null, "status": null, "inform": null, "ninfom": null, "ntxtds": null, "scamin": 17999, "txtdsc": null, "sordat": null, "sorind": null, "depth": 27.5}}, {"type": "Feature", "id": "layer-50858.690818", "geometry": {"type": "Point", "coordinates": [176.1881682, -37.6271915, 9.3]}, "geometry_name": "shape", "properties": {"fidn": "8584574CRA", "expsou": null, "nobjnm": null, "objnam": null, "quasou": null, "souacc": null, "tecsou": null, "verdat": null, "status": null, "inform": null, "ninfom": null, "ntxtds": null, "scamin": 17999, "txtdsc": null, "sordat": null, "sorind": null, "depth": 9.3}}, {"type": "Feature", "id": "layer-50858.690819", "geometry": {"type": "Point", "coordinates": [176.1467943, -37.643506, 1.3]}, "geometry_name": "shape", "properties": {"fidn": "8584574CSA", "expsou": null, "nobjnm": null, "objnam": null, "quasou": null, "souacc": null, "tecsou": null, "verdat": null, "status": null, "inform": null, "ninfom": null, "ntxtds": null, "scamin": 17999, "txtdsc": null, "sordat": null, "sorind": null, "depth": 1.3}}, {"type": "Feature", "id": "layer-50858.690820", "geometry": {"type": "Point", "coordinates": [176.154331, -37.6136372, 5.5]}, "geometry_name": "shape", "properties": {"fidn": "8584574CTA", "expsou": null, "nobjnm": null, "objnam": null, "quasou": null, "souacc": null, "tecsou": null, "verdat": null, "status": null, "inform": null, "ninfom": null, "ntxtds": null, "scamin": 17999, "txtdsc": null, "sordat": null, "sorind": null, "depth": 5.5}}, {"type": "Feature", "id": "layer-50858.690821", "geometry": {"type": "Point", "coordinates": [176.17858, -37.63756, 6.5]}, "geometry_name": "shape", "properties": {"fidn": "8584574CUA", "expsou": null, "nobjnm": null, "objnam": null, "quasou": null, "souacc": null, "tecsou": null, "verdat": null, "status": null, "inform": null, "ninfom": null, "ntxtds": null, "scamin": 17999, "txtdsc": null, "sordat": null, "sorind": null, "depth": 6.5}}, {"type": "Feature", "id": "layer-50858.690822", "geometry": {"type": "Point", "coordinates": [176.1512995, -37.6457673, 10.7]}, "geometry_name": "shape", "properties": {"fidn": "8584574CVA", "expsou": null, "nobjnm": null, "objnam": null, "quasou": null, "souacc": null, "tecsou": null, "verdat": null, "status": null, "inform": null, "ninfom": null, "ntxtds": null, "scamin": 17999, "txtdsc": null, "sordat": null, "sorind": null, "depth": 10.7}}, {"type": "Feature", "id": "layer-50858.690823", "geometry": {"type": "Point", "coordinates": [176.14723, -37.648165, 6.5]}, "geometry_name": "shape", "properties": {"fidn": "8584574CWA", "expsou": null, "nobjnm": null, "objnam": null, "quasou": null, "souacc": null, "tecsou": null, "verdat": null, "status": null, "inform": null, "ninfom": null, "ntxtds": null, "scamin": 17999, "txtdsc": null, "sordat": null, "sorind": null, "depth": 6.5}}, {"type": "Feature", "id": "layer-50858.690824", "geometry": {"type": "Point", "coordinates": [176.1741195, -37.669479, 4.2]}, "geometry_name": "shape", "properties": {"fidn": "8584574CXA", "expsou": null, "nobjnm": null, "objnam": null, "quasou": null, "souacc": null, "tecsou": null, "verdat": null, "status": null, "inform": null, "ninfom": null, "ntxtds": null, "scamin": 17999, "txtdsc": null, "sordat": null, "sorind": null, "depth": 4.2}}, {"type": "Feature", "id": "layer-50858.690825", "geometry": {"type": "Point", "coordinates": [176.15958, -37.651845, 0.4]}, "geometry_name": "shape", "properties": {"fidn": "8584574CYA", "expsou": null, "nobjnm": null, "objnam": null, "quasou": null, "souacc": null, "tecsou": null, "verdat": null, "status": null, "inform": null, "ninfom": null, "ntxtds": null, "scamin": 17999, "txtdsc": null, "sordat": null, "sorind": null, "depth": 0.4}}, {"type": "Feature", "id": "layer-50858.690826", "geometry": {"type": "Point", "coordinates": [176.165586, -37.6172253, 11]}, "geometry_name": "shape", "properties": {"fidn": "8584574CZA", "expsou": null, "nobjnm": null, "objnam": null, "quasou": null, "souacc": null, "tecsou": null, "verdat": null, "status": null, "inform": null, "ninfom": null, "ntxtds": null, "scamin": 17999, "txtdsc": null, "sordat": null, "sorind": null, "depth": 11}}, {"type": "Feature", "id": "layer-50858.690827", "geometry": {"type": "Point", "coordinates": [176.1730372, -37.5945842, 17.2]}, "geometry_name": "shape", "properties": {"fidn": "8584574DAA", "expsou": null, "nobjnm": null, "objnam": null, "quasou": null, "souacc": null, "tecsou": null, "verdat": null, "status": null, "inform": null, "ninfom": null, "ntxtds": null, "scamin": 17999, "txtdsc": null, "sordat": null, "sorind": null, "depth": 17.2}}, {"type": "Feature", "id": "layer-50858.690828", "geometry": {"type": "Point", "coordinates": [176.1812873, -37.6100972, 12.5]}, "geometry_name": "shape", "properties": {"fidn": "8584574DBA", "expsou": null, "nobjnm": null, "objnam": null, "quasou": null, "souacc": null, "tecsou": null, "verdat": null, "status": null, "inform": null, "ninfom": null, "ntxtds": null, "scamin": 17999, "txtdsc": null, "sordat": null, "sorind": null, "depth": 12.5}}, {"type": "Feature", "id": "layer-50858.690829", "geometry": {"type": "Point", "coordinates": [176.1423604, -37.5924768, 14.3]}, "geometry_name": "shape", "properties": {"fidn": "8584574DCA", "expsou": null, "nobjnm": null, "objnam": null, "quasou": null, "souacc": null, "tecsou": null, "verdat": null, "status": null, "inform": null, "ninfom": null, "ntxtds": null, "scamin": 17999, "txtdsc": null, "sordat": null, "sorind": null, "depth": 14.3}}, {"type": "Feature", "id": "layer-50858.690830", "geometry": {"type": "Point", "coordinates": [176.17409, -37.65352, 1.1]}, "geometry_name": "shape", "properties": {"fidn": "8584574DDA", "expsou": null, "nobjnm": null, "objnam": null, "quasou": null, "souacc": null, "tecsou": null, "verdat": null, "status": null, "inform": null, "ninfom": null, "ntxtds": null, "scamin": 17999, "txtdsc": null, "sordat": null, "sorind": null, "depth": 1.1}}, {"type": "Feature", "id": "layer-50858.690831", "geometry": {"type": "Point", "coordinates": [176.184219, -37.6020446, 18.8]}, "geometry_name": "shape", "properties": {"fidn": "8584574DEA", "expsou": null, "nobjnm": null, "objnam": null, "quasou": null, "souacc": null, "tecsou": null, "verdat": null, "status": null, "inform": null, "ninfom": null, "ntxtds": null, "scamin": 17999, "txtdsc": null, "sordat": null, "sorind": null, "depth": 18.8}}, {"type": "Feature", "id": "layer-50858.690832", "geometry": {"type": "Point", "coordinates": [176.1710838, -37.6074562, 12.8]}, "geometry_name": "shape", "properties": {"fidn": "8584574DFA", "expsou": null, "nobjnm": null, "objnam": null, "quasou": null, "souacc": null, "tecsou": null, "verdat": null, "status": null, "inform": null, "ninfom": null, "ntxtds": null, "scamin": 17999, "txtdsc": null, "sordat": null, "sorind": null, "depth": 12.8}}, {"type": "Feature", "id": "layer-50858.690833", "geometry": {"type": "Point", "coordinates": [176.1434445, -37.6542309, 2.5]}, "geometry_name": "shape", "properties": {"fidn": "8584574DGA", "expsou": null, "nobjnm": null, "objnam": null, "quasou": null, "souacc": null, "tecsou": null, "verdat": null, "status": null, "inform": null, "ninfom": null, "ntxtds": null, "scamin": 17999, "txtdsc": null, "sordat": null, "sorind": null, "depth": 2.5}}, {"type": "Feature", "id": "layer-50858.690834", "geometry": {"type": "Point", "coordinates": [176.156575, -37.64963, 3.4]}, "geometry_name": "shape", "properties": {"fidn": "8584574DHA", "expsou": null, "nobjnm": null, "objnam": null, "quasou": null, "souacc": null, "tecsou": null, "verdat": null, "status": null, "inform": null, "ninfom": null, "ntxtds": null, "scamin": 17999, "txtdsc": null, "sordat": null, "sorind": null, "depth": 3.4}}, {"type": "Feature", "id": "layer-50858.690835", "geometry": {"type": "Point", "coordinates": [176.1413331, -37.5943661, 13.4]}, "geometry_name": "shape", "properties": {"fidn": "8584574DIA", "expsou": null, "nobjnm": null, "objnam": null, "quasou": null, "souacc": null, "tecsou": null, "verdat": null, "status": null, "inform": null, "ninfom": null, "ntxtds": null, "scamin": 17999, "txtdsc": null, "sordat": null, "sorind": null, "depth": 13.4}}, {"type": "Feature", "id": "layer-50858.690836", "geometry": {"type": "Point", "coordinates": [176.1635233, -37.6231215, 14]}, "geometry_name": "shape", "properties": {"fidn": "8584574DJA", "expsou": null, "nobjnm": null, "objnam": null, "quasou": null, "souacc": null, "tecsou": null, "verdat": null, "status": null, "inform": null, "ninfom": null, "ntxtds": null, "scamin": 17999, "txtdsc": null, "sordat": null, "sorind": null, "depth": 14}}, {"type": "Feature", "id": "layer-50858.690837", "geometry": {"type": "Point", "coordinates": [176.1835624, -37.6180932, 11.3]}, "geometry_name": "shape", "properties": {"fidn": "8584574DKA", "expsou": null, "nobjnm": null, "objnam": null, "quasou": null, "souacc": null, "tecsou": null, "verdat": null, "status": null, "inform": null, "ninfom": null, "ntxtds": null, "scamin": 17999, "txtdsc": null, "sordat": null, "sorind": null, "depth": 11.3}}, {"type": "Feature", "id": "layer-50858.690838", "geometry": {"type": "Point", "coordinates": [176.1784827, -37.5918947, 23.5]}, "geometry_name": "shape", "properties": {"fidn": "8584574DLA", "expsou": null, "nobjnm": null, "objnam": null, "quasou": null, "souacc": null, "tecsou": null, "verdat": null, "status": null, "inform": null, "ninfom": null, "ntxtds": null, "scamin": 17999, "txtdsc": null, "sordat": null, "sorind": null, "depth": 23.5}}, {"type": "Feature", "id": "layer-50858.690839", "geometry": {"type": "Point", "coordinates": [176.1751189, -37.6211865, 8.1]}, "geometry_name": "shape", "properties": {"fidn": "8584574DMA", "expsou": null, "nobjnm": null, "objnam": null, "quasou": null, "souacc": null, "tecsou": null, "verdat": null, "status": null, "inform": null, "ninfom": null, "ntxtds": null, "scamin": 17999, "txtdsc": null, "sordat": null, "sorind": null, "depth": 8.1}}, {"type": "Feature", "id": "layer-50858.690840", "geometry": {"type": "Point", "coordinates": [176.164152, -37.5937059, 15.6]}, "geometry_name": "shape", "properties": {"fidn": "8584574DNA", "expsou": null, "nobjnm": null, "objnam": null, "quasou": null, "souacc": null, "tecsou": null, "verdat": null, "status": null, "inform": null, "ninfom": null, "ntxtds": null, "scamin": 17999, "txtdsc": null, "sordat": null, "sorind": null, "depth": 15.6}}, {"type": "Feature", "id": "layer-50858.690841", "geometry": {"type": "Point", "coordinates": [176.137699, -37.5967887, 11.4]}, "geometry_name": "shape", "properties": {"fidn": "8584574DOA", "expsou": null, "nobjnm": null, "objnam": null, "quasou": null, "souacc": null, "tecsou": null, "verdat": null, "status": null, "inform": null, "ninfom": null, "ntxtds": null, "scamin": 17999, "txtdsc": null, "sordat": null, "sorind": null, "depth": 11.4}}, {"type": "Feature", "id": "layer-50858.690842", "geometry": {"type": "Point", "coordinates": [176.1422067, -37.6435487, 12.1]}, "geometry_name": "shape", "properties": {"fidn": "8584574DPA", "expsou": null, "nobjnm": null, "objnam": null, "quasou": null, "souacc": null, "tecsou": null, "verdat": null, "status": null, "inform": null, "ninfom": null, "ntxtds": null, "scamin": 17999, "txtdsc": null, "sordat": null, "sorind": null, "depth": 12.1}}, {"type": "Feature", "id": "layer-50858.690843", "geometry": {"type": "Point", "coordinates": [176.1843404, -37.612302, 14]}, "geometry_name": "shape", "properties": {"fidn": "8584574DQA", "expsou": null, "nobjnm": null, "objnam": null, "quasou": null, "souacc": null, "tecsou": null, "verdat": null, "status": null, "inform": null, "ninfom": null, "ntxtds": null, "scamin": 17999, "txtdsc": null, "sordat": null, "sorind": null, "depth": 14}}, {"type": "Feature", "id": "layer-50858.690844", "geometry": {"type": "Point", "coordinates": [176.1672474, -37.6256497, 9.6]}, "geometry_name": "shape", "properties": {"fidn": "8584574DRA", "expsou": null, "nobjnm": null, "objnam": null, "quasou": null, "souacc": null, "tecsou": null, "verdat": null, "status": null, "inform": null, "ninfom": null, "ntxtds": null, "scamin": 17999, "txtdsc": null, "sordat": null, "sorind": null, "depth": 9.6}}, {"type": "Feature", "id": "layer-50858.690845", "geometry": {"type": "Point", "coordinates": [176.1359981, -37.5973246, 10.6]}, "geometry_name": "shape", "properties": {"fidn": "8584574DSA", "expsou": null, "nobjnm": null, "objnam": null, "quasou": null, "souacc": null, "tecsou": null, "verdat": null, "status": null, "inform": null, "ninfom": null, "ntxtds": null, "scamin": 17999, "txtdsc": null, "sordat": null, "sorind": null, "depth": 10.6}}, {"type": "Feature", "id": "layer-50858.690846", "geometry": {"type": "Point", "coordinates": [176.1758821, -37.6666055, 4.5]}, "geometry_name": "shape", "properties": {"fidn": "8584574DTA", "expsou": null, "nobjnm": null, "objnam": null, "quasou": null, "souacc": null, "tecsou": null, "verdat": null, "status": null, "inform": null, "ninfom": null, "ntxtds": null, "scamin": 17999, "txtdsc": null, "sordat": null, "sorind": null, "depth": 4.5}}, {"type": "Feature", "id": "layer-50858.690847", "geometry": {"type": "Point", "coordinates": [176.1669885, -37.5922715, 17.3]}, "geometry_name": "shape", "properties": {"fidn": "8584574DUA", "expsou": null, "nobjnm": null, "objnam": null, "quasou": null, "souacc": null, "tecsou": null, "verdat": null, "status": null, "inform": null, "ninfom": null, "ntxtds": null, "scamin": 17999, "txtdsc": null, "sordat": null, "sorind": null, "depth": 17.3}}, {"type": "Feature", "id": "layer-50858.690848", "geometry": {"type": "Point", "coordinates": [176.1637976, -37.6113193, 9.9]}, "geometry_name": "shape", "properties": {"fidn": "8584574DVA", "expsou": null, "nobjnm": null, "objnam": null, "quasou": null, "souacc": null, "tecsou": null, "verdat": null, "status": null, "inform": null, "ninfom": null, "ntxtds": null, "scamin": 17999, "txtdsc": null, "sordat": null, "sorind": null, "depth": 9.9}}, {"type": "Feature", "id": "layer-50858.690849", "geometry": {"type": "Point", "coordinates": [176.132314, -37.5982152, 9.3]}, "geometry_name": "shape", "properties": {"fidn": "8584574DWA", "expsou": null, "nobjnm": null, "objnam": null, "quasou": null, "souacc": null, "tecsou": null, "verdat": null, "status": null, "inform": null, "ninfom": null, "ntxtds": null, "scamin": 17999, "txtdsc": null, "sordat": null, "sorind": null, "depth": 9.3}}, {"type": "Feature", "id": "layer-50858.690850", "geometry": {"type": "Point", "coordinates": [176.1274602, -37.6288535, -1]}, "geometry_name": "shape", "properties": {"fidn": "8584574DXA", "expsou": null, "nobjnm": null, "objnam": null, "quasou": null, "souacc": null, "tecsou": null, "verdat": null, "status": null, "inform": null, "ninfom": null, "ntxtds": null, "scamin": 17999, "txtdsc": null, "sordat": null, "sorind": null, "depth": -1}}, {"type": "Feature", "id": "layer-50858.690851", "geometry": {"type": "Point", "coordinates": [176.1395009, -37.5990462, 10.6]}, "geometry_name": "shape", "properties": {"fidn": "8584574DYA", "expsou": null, "nobjnm": null, "objnam": null, "quasou": null, "souacc": null, "tecsou": null, "verdat": null, "status": null, "inform": null, "ninfom": null, "ntxtds": null, "scamin": 17999, "txtdsc": null, "sordat": null, "sorind": null, "depth": 10.6}}, {"type": "Feature", "id": "layer-50858.690852", "geometry": {"type": "Point", "coordinates": [176.1628453, -37.5948288, 14]}, "geometry_name": "shape", "properties": {"fidn": "8584574DZA", "expsou": null, "nobjnm": null, "objnam": null, "quasou": null, "souacc": null, "tecsou": null, "verdat": null, "status": null, "inform": null, "ninfom": null, "ntxtds": null, "scamin": 17999, "txtdsc": null, "sordat": null, "sorind": null, "depth": 14}}, {"type": "Feature", "id": "layer-50858.690853", "geometry": {"type": "Point", "coordinates": [176.1510467, -37.5940366, 15.3]}, "geometry_name": "shape", "properties": {"fidn": "8584574EAA", "expsou": null, "nobjnm": null, "objnam": null, "quasou": null, "souacc": null, "tecsou": null, "verdat": null, "status": null, "inform": null, "ninfom": null, "ntxtds": null, "scamin": 17999, "txtdsc": null, "sordat": null, "sorind": null, "depth": 15.3}}, {"type": "Feature", "id": "layer-50858.690854", "geometry": {"type": "Point", "coordinates": [176.1739975, -37.6891196, 3.5]}, "geometry_name": "shape", "properties": {"fidn": "8584574EBA", "expsou": null, "nobjnm": null, "objnam": null, "quasou": null, "souacc": null, "tecsou": null, "verdat": null, "status": null, "inform": null, "ninfom": null, "ntxtds": null, "scamin": 17999, "txtdsc": null, "sordat": null, "sorind": null, "depth": 3.5}}, {"type": "Feature", "id": "layer-50858.690855", "geometry": {"type": "Point", "coordinates": [176.1869135, -37.6155385, 14.4]}, "geometry_name": "shape", "properties": {"fidn": "8584574ECA", "expsou": null, "nobjnm": null, "objnam": null, "quasou": null, "souacc": null, "tecsou": null, "verdat": null, "status": null, "inform": null, "ninfom": null, "ntxtds": null, "scamin": 17999, "txtdsc": null, "sordat": null, "sorind": null, "depth": 14.4}}, {"type": "Feature", "id": "layer-50858.690856", "geometry": {"type": "Point", "coordinates": [176.15114, -37.652915, 1.2]}, "geometry_name": "shape", "properties": {"fidn": "8584574EDA", "expsou": null, "nobjnm": null, "objnam": null, "quasou": null, "souacc": null, "tecsou": null, "verdat": null, "status": null, "inform": null, "ninfom": null, "ntxtds": null, "scamin": 17999, "txtdsc": null, "sordat": null, "sorind": null, "depth": 1.2}}, {"type": "Feature", "id": "layer-50858.690857", "geometry": {"type": "Point", "coordinates": [176.1318376, -37.6034396, 6.7]}, "geometry_name": "shape", "properties": {"fidn": "8584574EEA", "expsou": null, "nobjnm": null, "objnam": null, "quasou": null, "souacc": null, "tecsou": null, "verdat": null, "status": null, "inform": null, "ninfom": null, "ntxtds": null, "scamin": 17999, "txtdsc": null, "sordat": null, "sorind": null, "depth": 6.7}}, {"type": "Feature", "id": "layer-50858.690858", "geometry": {"type": "Point", "coordinates": [176.153835, -37.655595, 2.4]}, "geometry_name": "shape", "properties": {"fidn": "8584574EFA", "expsou": null, "nobjnm": null, "objnam": null, "quasou": null, "souacc": null, "tecsou": null, "verdat": null, "status": null, "inform": null, "ninfom": null, "ntxtds": null, "scamin": 17999, "txtdsc": null, "sordat": null, "sorind": null, "depth": 2.4}}, {"type": "Feature", "id": "layer-50858.690859", "geometry": {"type": "Point", "coordinates": [176.183672, -37.685508, -0.7]}, "geometry_name": "shape", "properties": {"fidn": "8584574EGA", "expsou": null, "nobjnm": null, "objnam": null, "quasou": null, "souacc": null, "tecsou": null, "verdat": null, "status": null, "inform": null, "ninfom": null, "ntxtds": null, "scamin": 17999, "txtdsc": null, "sordat": null, "sorind": null, "depth": -0.7}}, {"type": "Feature", "id": "layer-50858.690860", "geometry": {"type": "Point", "coordinates": [176.1545014, -37.6272559, 0.2]}, "geometry_name": "shape", "properties": {"fidn": "8584574EHA", "expsou": null, "nobjnm": null, "objnam": null, "quasou": null, "souacc": null, "tecsou": null, "verdat": null, "status": null, "inform": null, "ninfom": null, "ntxtds": null, "scamin": 17999, "txtdsc": null, "sordat": null, "sorind": null, "depth": 0.2}}, {"type": "Feature", "id": "layer-50858.690861", "geometry": {"type": "Point", "coordinates": [176.188474, -37.5998022, 23.5]}, "geometry_name": "shape", "properties": {"fidn": "8584574EIA", "expsou": null, "nobjnm": null, "objnam": null, "quasou": null, "souacc": null, "tecsou": null, "verdat": null, "status": null, "inform": null, "ninfom": null, "ntxtds": null, "scamin": 17999, "txtdsc": null, "sordat": null, "sorind": null, "depth": 23.5}}, {"type": "Feature", "id": "layer-50858.690862", "geometry": {"type": "Point", "coordinates": [176.1823668, -37.5977605, 20.6]}, "geometry_name": "shape", "properties": {"fidn": "8584574EJA", "expsou": null, "nobjnm": null, "objnam": null, "quasou": null, "souacc": null, "tecsou": null, "verdat": null, "status": null, "inform": null, "ninfom": null, "ntxtds": null, "scamin": 17999, "txtdsc": null, "sordat": null, "sorind": null, "depth": 20.6}}, {"type": "Feature", "id": "layer-50858.690863", "geometry": {"type": "Point", "coordinates": [176.1723913, -37.6571002, 6.5]}, "geometry_name": "shape", "properties": {"fidn": "8584574EKA", "expsou": null, "nobjnm": null, "objnam": null, "quasou": null, "souacc": null, "tecsou": null, "verdat": null, "status": null, "inform": null, "ninfom": null, "ntxtds": null, "scamin": 17999, "txtdsc": null, "sordat": null, "sorind": null, "depth": 6.5}}, {"type": "Feature", "id": "layer-50858.690864", "geometry": {"type": "Point", "coordinates": [176.1491219, -37.6226582, 0.6]}, "geometry_name": "shape", "properties": {"fidn": "8584574ELA", "expsou": null, "nobjnm": null, "objnam": null, "quasou": null, "souacc": null, "tecsou": null, "verdat": null, "status": null, "inform": null, "ninfom": null, "ntxtds": null, "scamin": 17999, "txtdsc": null, "sordat": null, "sorind": null, "depth": 0.6}}, {"type": "Feature", "id": "layer-50858.690865", "geometry": {"type": "Point", "coordinates": [176.1801626, -37.6233522, 8.3]}, "geometry_name": "shape", "properties": {"fidn": "8584574EMA", "expsou": null, "nobjnm": null, "objnam": null, "quasou": null, "souacc": null, "tecsou": null, "verdat": null, "status": null, "inform": null, "ninfom": null, "ntxtds": null, "scamin": 17999, "txtdsc": null, "sordat": null, "sorind": null, "depth": 8.3}}, {"type": "Feature", "id": "layer-50858.690866", "geometry": {"type": "Point", "coordinates": [176.1624613, -37.6582688, 7.6]}, "geometry_name": "shape", "properties": {"fidn": "8584574ENA", "expsou": null, "nobjnm": null, "objnam": null, "quasou": null, "souacc": null, "tecsou": null, "verdat": null, "status": null, "inform": null, "ninfom": null, "ntxtds": null, "scamin": 17999, "txtdsc": null, "sordat": null, "sorind": null, "depth": 7.6}}, {"type": "Feature", "id": "layer-50858.690867", "geometry": {"type": "Point", "coordinates": [176.1254957, -37.6208883, 0.4]}, "geometry_name": "shape", "properties": {"fidn": "8584574EOA", "expsou": null, "nobjnm": null, "objnam": null, "quasou": null, "souacc": null, "tecsou": null, "verdat": null, "status": null, "inform": null, "ninfom": null, "ntxtds": null, "scamin": 17999, "txtdsc": null, "sordat": null, "sorind": null, "depth": 0.4}}, {"type": "Feature", "id": "layer-50858.690868", "geometry": {"type": "Point", "coordinates": [176.1897298, -37.5970572, 25]}, "geometry_name": "shape", "properties": {"fidn": "8584574EPA", "expsou": null, "nobjnm": null, "objnam": null, "quasou": null, "souacc": null, "tecsou": null, "verdat": null, "status": null, "inform": null, "ninfom": null, "ntxtds": null, "scamin": 17999, "txtdsc": null, "sordat": null, "sorind": null, "depth": 25}}, {"type": "Feature", "id": "layer-50858.690869", "geometry": {"type": "Point", "coordinates": [176.1887075, -37.6253535, 10.5]}, "geometry_name": "shape", "properties": {"fidn": "8584574EQA", "expsou": null, "nobjnm": null, "objnam": null, "quasou": null, "souacc": null, "tecsou": null, "verdat": null, "status": null, "inform": null, "ninfom": null, "ntxtds": null, "scamin": 17999, "txtdsc": null, "sordat": null, "sorind": null, "depth": 10.5}}, {"type": "Feature", "id": "layer-50858.690870", "geometry": {"type": "Point", "coordinates": [176.1678686, -37.5987158, 10.4]}, "geometry_name": "shape", "properties": {"fidn": "8584574ERA", "expsou": null, "nobjnm": null, "objnam": null, "quasou": null, "souacc": null, "tecsou": null, "verdat": null, "status": null, "inform": null, "ninfom": null, "ntxtds": null, "scamin": 17999, "txtdsc": null, "sordat": null, "sorind": null, "depth": 10.4}}, {"type": "Feature", "id": "layer-50858.690871", "geometry": {"type": "Point", "coordinates": [176.1710998, -37.6522108, 2.2]}, "geometry_name": "shape", "properties": {"fidn": "8584574ESA", "expsou": null, "nobjnm": null, "objnam": null, "quasou": null, "souacc": null, "tecsou": null, "verdat": null, "status": null, "inform": null, "ninfom": null, "ntxtds": null, "scamin": 17999, "txtdsc": null, "sordat": null, "sorind": null, "depth": 2.2}}, {"type": "Feature", "id": "layer-50858.690872", "geometry": {"type": "Point", "coordinates": [176.1854411, -37.6264487, 8.6]}, "geometry_name": "shape", "properties": {"fidn": "8584574ETA", "expsou": null, "nobjnm": null, "objnam": null, "quasou": null, "souacc": null, "tecsou": null, "verdat": null, "status": null, "inform": null, "ninfom": null, "ntxtds": null, "scamin": 17999, "txtdsc": null, "sordat": null, "sorind": null, "depth": 8.6}}, {"type": "Feature", "id": "layer-50858.690873", "geometry": {"type": "Point", "coordinates": [176.1494747, -37.6455374, 10.2]}, "geometry_name": "shape", "properties": {"fidn": "8584574EUA", "expsou": null, "nobjnm": null, "objnam": null, "quasou": null, "souacc": null, "tecsou": null, "verdat": null, "status": null, "inform": null, "ninfom": null, "ntxtds": null, "scamin": 17999, "txtdsc": null, "sordat": null, "sorind": null, "depth": 10.2}}, {"type": "Feature", "id": "layer-50858.690874", "geometry": {"type": "Point", "coordinates": [176.1909721, -37.6176687, 14.4]}, "geometry_name": "shape", "properties": {"fidn": "8584574EVA", "expsou": null, "nobjnm": null, "objnam": null, "quasou": null, "souacc": null, "tecsou": null, "verdat": null, "status": null, "inform": null, "ninfom": null, "ntxtds": null, "scamin": 17999, "txtdsc": null, "sordat": null, "sorind": null, "depth": 14.4}}, {"type": "Feature", "id": "layer-50858.690875", "geometry": {"type": "Point", "coordinates": [176.1269961, -37.6206588, -1]}, "geometry_name": "shape", "properties": {"fidn": "8584574EWA", "expsou": null, "nobjnm": null, "objnam": null, "quasou": null, "souacc": null, "tecsou": null, "verdat": null, "status": null, "inform": null, "ninfom": null, "ntxtds": null, "scamin": 17999, "txtdsc": null, "sordat": null, "sorind": null, "depth": -1}}, {"type": "Feature", "id": "layer-50858.690876", "geometry": {"type": "Point", "coordinates": [176.1444857, -37.5985193, 11.8]}, "geometry_name": "shape", "properties": {"fidn": "8584574EXA", "expsou": null, "nobjnm": null, "objnam": null, "quasou": null, "souacc": null, "tecsou": null, "verdat": null, "status": null, "inform": null, "ninfom": null, "ntxtds": null, "scamin": 17999, "txtdsc": null, "sordat": null, "sorind": null, "depth": 11.8}}, {"type": "Feature", "id": "layer-50858.690877", "geometry": {"type": "Point", "coordinates": [176.1794768, -37.6132345, 10.9]}, "geometry_name": "shape", "properties": {"fidn": "8584574EYA", "expsou": null, "nobjnm": null, "objnam": null, "quasou": null, "souacc": null, "tecsou": null, "verdat": null, "status": null, "inform": null, "ninfom": null, "ntxtds": null, "scamin": 17999, "txtdsc": null, "sordat": null, "sorind": null, "depth": 10.9}}, {"type": "Feature", "id": "layer-50858.690878", "geometry": {"type": "Point", "coordinates": [176.1745756, -37.5920653, 20.3]}, "geometry_name": "shape", "properties": {"fidn": "8584574EZA", "expsou": null, "nobjnm": null, "objnam": null, "quasou": null, "souacc": null, "tecsou": null, "verdat": null, "status": null, "inform": null, "ninfom": null, "ntxtds": null, "scamin": 17999, "txtdsc": null, "sordat": null, "sorind": null, "depth": 20.3}}, {"type": "Feature", "id": "layer-50858.690879", "geometry": {"type": "Point", "coordinates": [176.1528, -37.649485, 4.6]}, "geometry_name": "shape", "properties": {"fidn": "8584574FAA", "expsou": null, "nobjnm": null, "objnam": null, "quasou": null, "souacc": null, "tecsou": null, "verdat": null, "status": null, "inform": null, "ninfom": null, "ntxtds": null, "scamin": 17999, "txtdsc": null, "sordat": null, "sorind": null, "depth": 4.6}}, {"type": "Feature", "id": "layer-50858.690880", "geometry": {"type": "Point", "coordinates": [176.1550912, -37.6226009, 4.1]}, "geometry_name": "shape", "properties": {"fidn": "8584574FBA", "expsou": null, "nobjnm": null, "objnam": null, "quasou": null, "souacc": null, "tecsou": null, "verdat": null, "status": null, "inform": null, "ninfom": null, "ntxtds": null, "scamin": 17999, "txtdsc": null, "sordat": null, "sorind": null, "depth": 4.1}}, {"type": "Feature", "id": "layer-50858.690881", "geometry": {"type": "Point", "coordinates": [176.1854302, -37.596146, 24]}, "geometry_name": "shape", "properties": {"fidn": "8584574FCA", "expsou": null, "nobjnm": null, "objnam": null, "quasou": null, "souacc": null, "tecsou": null, "verdat": null, "status": null, "inform": null, "ninfom": null, "ntxtds": null, "scamin": 17999, "txtdsc": null, "sordat": null, "sorind": null, "depth": 24}}, {"type": "Feature", "id": "layer-50858.690882", "geometry": {"type": "Point", "coordinates": [176.1688052, -37.605105, 12.6]}, "geometry_name": "shape", "properties": {"fidn": "8584574FDA", "expsou": null, "nobjnm": null, "objnam": null, "quasou": null, "souacc": null, "tecsou": null, "verdat": null, "status": null, "inform": null, "ninfom": null, "ntxtds": null, "scamin": 17999, "txtdsc": null, "sordat": null, "sorind": null, "depth": 12.6}}, {"type": "Feature", "id": "layer-50858.690883", "geometry": {"type": "Point", "coordinates": [176.14822, -37.65063, 4.7]}, "geometry_name": "shape", "properties": {"fidn": "8584574FEA", "expsou": null, "nobjnm": null, "objnam": null, "quasou": null, "souacc": null, "tecsou": null, "verdat": null, "status": null, "inform": null, "ninfom": null, "ntxtds": null, "scamin": 17999, "txtdsc": null, "sordat": null, "sorind": null, "depth": 4.7}}, {"type": "Feature", "id": "layer-50858.690884", "geometry": {"type": "Point", "coordinates": [176.1801114, -37.6115394, 11.6]}, "geometry_name": "shape", "properties": {"fidn": "8584574FFA", "expsou": null, "nobjnm": null, "objnam": null, "quasou": null, "souacc": null, "tecsou": null, "verdat": null, "status": null, "inform": null, "ninfom": null, "ntxtds": null, "scamin": 17999, "txtdsc": null, "sordat": null, "sorind": null, "depth": 11.6}}, {"type": "Feature", "id": "layer-50858.690885", "geometry": {"type": "Point", "coordinates": [176.1869516, -37.6314733, 2.1]}, "geometry_name": "shape", "properties": {"fidn": "8584574FGA", "expsou": null, "nobjnm": null, "objnam": null, "quasou": null, "souacc": null, "tecsou": null, "verdat": null, "status": null, "inform": null, "ninfom": null, "ntxtds": null, "scamin": 17999, "txtdsc": null, "sordat": null, "sorind": null, "depth": 2.1}}, {"type": "Feature", "id": "layer-50858.690886", "geometry": {"type": "Point", "coordinates": [176.154105, -37.645985, 7.8]}, "geometry_name": "shape", "properties": {"fidn": "8584574FHA", "expsou": null, "nobjnm": null, "objnam": null, "quasou": null, "souacc": null, "tecsou": null, "verdat": null, "status": null, "inform": null, "ninfom": null, "ntxtds": null, "scamin": 17999, "txtdsc": null, "sordat": null, "sorind": null, "depth": 7.8}}, {"type": "Feature", "id": "layer-50858.690887", "geometry": {"type": "Point", "coordinates": [176.1804107, -37.6206859, 9.6]}, "geometry_name": "shape", "properties": {"fidn": "8584574FIA", "expsou": null, "nobjnm": null, "objnam": null, "quasou": null, "souacc": null, "tecsou": null, "verdat": null, "status": null, "inform": null, "ninfom": null, "ntxtds": null, "scamin": 17999, "txtdsc": null, "sordat": null, "sorind": null, "depth": 9.6}}, {"type": "Feature", "id": "layer-50858.690888", "geometry": {"type": "Point", "coordinates": [176.1798708, -37.6307424, 1.3]}, "geometry_name": "shape", "properties": {"fidn": "8584574FJA", "expsou": null, "nobjnm": null, "objnam": null, "quasou": null, "souacc": null, "tecsou": null, "verdat": null, "status": null, "inform": null, "ninfom": null, "ntxtds": null, "scamin": 17999, "txtdsc": null, "sordat": null, "sorind": null, "depth": 1.3}}, {"type": "Feature", "id": "layer-50858.690889", "geometry": {"type": "Point", "coordinates": [176.1462097, -37.6056416, 5.6]}, "geometry_name": "shape", "properties": {"fidn": "8584574FKA", "expsou": null, "nobjnm": null, "objnam": null, "quasou": null, "souacc": null, "tecsou": null, "verdat": null, "status": null, "inform": null, "ninfom": null, "ntxtds": null, "scamin": 17999, "txtdsc": null, "sordat": null, "sorind": null, "depth": 5.6}}, {"type": "Feature", "id": "layer-50858.690890", "geometry": {"type": "Point", "coordinates": [176.173865, -37.642485, 6.7]}, "geometry_name": "shape", "properties": {"fidn": "8584574FLA", "expsou": null, "nobjnm": null, "objnam": null, "quasou": null, "souacc": null, "tecsou": null, "verdat": null, "status": null, "inform": null, "ninfom": null, "ntxtds": null, "scamin": 17999, "txtdsc": null, "sordat": null, "sorind": null, "depth": 6.7}}, {"type": "Feature", "id": "layer-50858.690891", "geometry": {"type": "Point", "coordinates": [176.1901697, -37.600572, 24.5]}, "geometry_name": "shape", "properties": {"fidn": "8584574FMA", "expsou": null, "nobjnm": null, "objnam": null, "quasou": null, "souacc": null, "tecsou": null, "verdat": null, "status": null, "inform": null, "ninfom": null, "ntxtds": null, "scamin": 17999, "txtdsc": null, "sordat": null, "sorind": null, "depth": 24.5}}, {"type": "Feature", "id": "layer-50858.690892", "geometry": {"type": "Point", "coordinates": [176.125086, -37.6304942, 0.6]}, "geometry_name": "shape", "properties": {"fidn": "8584574FNA", "expsou": null, "nobjnm": null, "objnam": null, "quasou": null, "souacc": null, "tecsou": null, "verdat": null, "status": null, "inform": null, "ninfom": null, "ntxtds": null, "scamin": 17999, "txtdsc": null, "sordat": null, "sorind": null, "depth": 0.6}}, {"type": "Feature", "id": "layer-50858.690893", "geometry": {"type": "Point", "coordinates": [176.1751136, -37.6138254, 12.4]}, "geometry_name": "shape", "properties": {"fidn": "8584574FOA", "expsou": null, "nobjnm": null, "objnam": null, "quasou": null, "souacc": null, "tecsou": null, "verdat": null, "status": null, "inform": null, "ninfom": null, "ntxtds": null, "scamin": 17999, "txtdsc": null, "sordat": null, "sorind": null, "depth": 12.4}}, {"type": "Feature", "id": "layer-50858.690894", "geometry": {"type": "Point", "coordinates": [176.1752432, -37.5950852, 17.9]}, "geometry_name": "shape", "properties": {"fidn": "8584574FPA", "expsou": null, "nobjnm": null, "objnam": null, "quasou": null, "souacc": null, "tecsou": null, "verdat": null, "status": null, "inform": null, "ninfom": null, "ntxtds": null, "scamin": 17999, "txtdsc": null, "sordat": null, "sorind": null, "depth": 17.9}}, {"type": "Feature", "id": "layer-50858.690895", "geometry": {"type": "Point", "coordinates": [176.1278192, -37.5973272, 7.4]}, "geometry_name": "shape", "properties": {"fidn": "8584574FQA", "expsou": null, "nobjnm": null, "objnam": null, "quasou": null, "souacc": null, "tecsou": null, "verdat": null, "status": null, "inform": null, "ninfom": null, "ntxtds": null, "scamin": 17999, "txtdsc": null, "sordat": null, "sorind": null, "depth": 7.4}}, {"type": "Feature", "id": "layer-50858.690896", "geometry": {"type": "Point", "coordinates": [176.18278, -37.62316, 9.3]}, "geometry_name": "shape", "properties": {"fidn": "8584574FRA", "expsou": null, "nobjnm": null, "objnam": null, "quasou": null, "souacc": null, "tecsou": null, "verdat": null, "status": null, "inform": null, "ninfom": null, "ntxtds": null, "scamin": 17999, "txtdsc": null, "sordat": null, "sorind": null, "depth": 9.3}}, {"type": "Feature", "id": "layer-50858.690897", "geometry": {"type": "Point", "coordinates": [176.1880119, -37.606564, 18.4]}, "geometry_name": "shape", "properties": {"fidn": "8584574FSA", "expsou": null, "nobjnm": null, "objnam": null, "quasou": null, "souacc": null, "tecsou": null, "verdat": null, "status": null, "inform": null, "ninfom": null, "ntxtds": null, "scamin": 17999, "txtdsc": null, "sordat": null, "sorind": null, "depth": 18.4}}, {"type": "Feature", "id": "layer-50858.690898", "geometry": {"type": "Point", "coordinates": [176.1844455, -37.5913619, 26]}, "geometry_name": "shape", "properties": {"fidn": "8584574FTA", "expsou": null, "nobjnm": null, "objnam": null, "quasou": null, "souacc": null, "tecsou": null, "verdat": null, "status": null, "inform": null, "ninfom": null, "ntxtds": null, "scamin": 17999, "txtdsc": null, "sordat": null, "sorind": null, "depth": 26}}, {"type": "Feature", "id": "layer-50858.690899", "geometry": {"type": "Point", "coordinates": [176.1290087, -37.5942656, 8.2]}, "geometry_name": "shape", "properties": {"fidn": "8584574FUA", "expsou": null, "nobjnm": null, "objnam": null, "quasou": null, "souacc": null, "tecsou": null, "verdat": null, "status": null, "inform": null, "ninfom": null, "ntxtds": null, "scamin": 17999, "txtdsc": null, "sordat": null, "sorind": null, "depth": 8.2}}, {"type": "Feature", "id": "layer-50858.690900", "geometry": {"type": "Point", "coordinates": [176.1625, -37.639845, 3.9]}, "geometry_name": "shape", "properties": {"fidn": "8584574FVA", "expsou": null, "nobjnm": null, "objnam": null, "quasou": null, "souacc": null, "tecsou": null, "verdat": null, "status": null, "inform": null, "ninfom": null, "ntxtds": null, "scamin": 17999, "txtdsc": null, "sordat": null, "sorind": null, "depth": 3.9}}, {"type": "Feature", "id": "layer-50858.690901", "geometry": {"type": "Point", "coordinates": [176.1489796, -37.593576, 14.7]}, "geometry_name": "shape", "properties": {"fidn": "8584574FWA", "expsou": null, "nobjnm": null, "objnam": null, "quasou": null, "souacc": null, "tecsou": null, "verdat": null, "status": null, "inform": null, "ninfom": null, "ntxtds": null, "scamin": 17999, "txtdsc": null, "sordat": null, "sorind": null, "depth": 14.7}}, {"type": "Feature", "id": "layer-50858.690902", "geometry": {"type": "Point", "coordinates": [176.123534, -37.6290553, -0.8]}, "geometry_name": "shape", "properties": {"fidn": "8584574FXA", "expsou": null, "nobjnm": null, "objnam": null, "quasou": null, "souacc": null, "tecsou": null, "verdat": null, "status": null, "inform": null, "ninfom": null, "ntxtds": null, "scamin": 17999, "txtdsc": null, "sordat": null, "sorind": null, "depth": -0.8}}, {"type": "Feature", "id": "layer-50858.690903", "geometry": {"type": "Point", "coordinates": [176.1511705, -37.5976363, 12.8]}, "geometry_name": "shape", "properties": {"fidn": "8584574FYA", "expsou": null, "nobjnm": null, "objnam": null, "quasou": null, "souacc": null, "tecsou": null, "verdat": null, "status": null, "inform": null, "ninfom": null, "ntxtds": null, "scamin": 17999, "txtdsc": null, "sordat": null, "sorind": null, "depth": 12.8}}, {"type": "Feature", "id": "layer-50858.690904", "geometry": {"type": "Point", "coordinates": [176.1789647, -37.5990587, 16.4]}, "geometry_name": "shape", "properties": {"fidn": "8584574FZA", "expsou": null, "nobjnm": null, "objnam": null, "quasou": null, "souacc": null, "tecsou": null, "verdat": null, "status": null, "inform": null, "ninfom": null, "ntxtds": null, "scamin": 17999, "txtdsc": null, "sordat": null, "sorind": null, "depth": 16.4}}, {"type": "Feature", "id": "layer-50858.690905", "geometry": {"type": "Point", "coordinates": [176.1696406, -37.6365575, 1.6]}, "geometry_name": "shape", "properties": {"fidn": "8584574GAA", "expsou": null, "nobjnm": null, "objnam": null, "quasou": null, "souacc": null, "tecsou": null, "verdat": null, "status": null, "inform": null, "ninfom": null, "ntxtds": null, "scamin": 17999, "txtdsc": null, "sordat": null, "sorind": null, "depth": 1.6}}, {"type": "Feature", "id": "layer-50858.690906", "geometry": {"type": "Point", "coordinates": [176.171344, -37.6219249, 8.5]}, "geometry_name": "shape", "properties": {"fidn": "8584574GBA", "expsou": null, "nobjnm": null, "objnam": null, "quasou": null, "souacc": null, "tecsou": null, "verdat": null, "status": null, "inform": null, "ninfom": null, "ntxtds": null, "scamin": 17999, "txtdsc": null, "sordat": null, "sorind": null, "depth": 8.5}}, {"type": "Feature", "id": "layer-50858.690907", "geometry": {"type": "Point", "coordinates": [176.1416532, -37.6097274, 4.7]}, "geometry_name": "shape", "properties": {"fidn": "8584574GCA", "expsou": null, "nobjnm": null, "objnam": null, "quasou": null, "souacc": null, "tecsou": null, "verdat": null, "status": null, "inform": null, "ninfom": null, "ntxtds": null, "scamin": 17999, "txtdsc": null, "sordat": null, "sorind": null, "depth": 4.7}}, {"type": "Feature", "id": "layer-50858.690908", "geometry": {"type": "Point", "coordinates": [176.1661232, -37.5962787, 11.7]}, "geometry_name": "shape", "properties": {"fidn": "8584574GDA", "expsou": null, "nobjnm": null, "objnam": null, "quasou": null, "souacc": null, "tecsou": null, "verdat": null, "status": null, "inform": null, "ninfom": null, "ntxtds": null, "scamin": 17999, "txtdsc": null, "sordat": null, "sorind": null, "depth": 11.7}}, {"type": "Feature", "id": "layer-50858.690909", "geometry": {"type": "Point", "coordinates": [176.1727643, -37.5919707, 19.5]}, "geometry_name": "shape", "properties": {"fidn": "8584574GEA", "expsou": null, "nobjnm": null, "objnam": null, "quasou": null, "souacc": null, "tecsou": null, "verdat": null, "status": null, "inform": null, "ninfom": null, "ntxtds": null, "scamin": 17999, "txtdsc": null, "sordat": null, "sorind": null, "depth": 19.5}}, {"type": "Feature", "id": "layer-50858.690910", "geometry": {"type": "Point", "coordinates": [176.1277716, -37.6459865, 2.7]}, "geometry_name": "shape", "properties": {"fidn": "8584574GFA", "expsou": null, "nobjnm": null, "objnam": null, "quasou": null, "souacc": null, "tecsou": null, "verdat": null, "status": null, "inform": null, "ninfom": null, "ntxtds": null, "scamin": 17999, "txtdsc": null, "sordat": null, "sorind": null, "depth": 2.7}}, {"type": "Feature", "id": "layer-50858.690911", "geometry": {"type": "Point", "coordinates": [176.1609733, -37.6391759, 3.1]}, "geometry_name": "shape", "properties": {"fidn": "8584574GGA", "expsou": null, "nobjnm": null, "objnam": null, "quasou": null, "souacc": null, "tecsou": null, "verdat": null, "status": null, "inform": null, "ninfom": null, "ntxtds": null, "scamin": 17999, "txtdsc": null, "sordat": null, "sorind": null, "depth": 3.1}}, {"type": "Feature", "id": "layer-50858.690912", "geometry": {"type": "Point", "coordinates": [176.1533697, -37.6193925, 4.9]}, "geometry_name": "shape", "properties": {"fidn": "8584574GHA", "expsou": null, "nobjnm": null, "objnam": null, "quasou": null, "souacc": null, "tecsou": null, "verdat": null, "status": null, "inform": null, "ninfom": null, "ntxtds": null, "scamin": 17999, "txtdsc": null, "sordat": null, "sorind": null, "depth": 4.9}}, {"type": "Feature", "id": "layer-50858.690913", "geometry": {"type": "Point", "coordinates": [176.1860334, -37.6013732, 20.9]}, "geometry_name": "shape", "properties": {"fidn": "8584574GIA", "expsou": null, "nobjnm": null, "objnam": null, "quasou": null, "souacc": null, "tecsou": null, "verdat": null, "status": null, "inform": null, "ninfom": null, "ntxtds": null, "scamin": 17999, "txtdsc": null, "sordat": null, "sorind": null, "depth": 20.9}}, {"type": "Feature", "id": "layer-50858.690914", "geometry": {"type": "Point", "coordinates": [176.1834481, -37.5962764, 23]}, "geometry_name": "shape", "properties": {"fidn": "8584574GJA", "expsou": null, "nobjnm": null, "objnam": null, "quasou": null, "souacc": null, "tecsou": null, "verdat": null, "status": null, "inform": null, "ninfom": null, "ntxtds": null, "scamin": 17999, "txtdsc": null, "sordat": null, "sorind": null, "depth": 23}}, {"type": "Feature", "id": "layer-50858.690915", "geometry": {"type": "Point", "coordinates": [176.1824728, -37.6153232, 11.7]}, "geometry_name": "shape", "properties": {"fidn": "8584574GKA", "expsou": null, "nobjnm": null, "objnam": null, "quasou": null, "souacc": null, "tecsou": null, "verdat": null, "status": null, "inform": null, "ninfom": null, "ntxtds": null, "scamin": 17999, "txtdsc": null, "sordat": null, "sorind": null, "depth": 11.7}}, {"type": "Feature", "id": "layer-50858.690916", "geometry": {"type": "Point", "coordinates": [176.16223, -37.641775, 4.6]}, "geometry_name": "shape", "properties": {"fidn": "8584574GLA", "expsou": null, "nobjnm": null, "objnam": null, "quasou": null, "souacc": null, "tecsou": null, "verdat": null, "status": null, "inform": null, "ninfom": null, "ntxtds": null, "scamin": 17999, "txtdsc": null, "sordat": null, "sorind": null, "depth": 4.6}}, {"type": "Feature", "id": "layer-50858.690917", "geometry": {"type": "Point", "coordinates": [176.1733267, -37.672591, 3.2]}, "geometry_name": "shape", "properties": {"fidn": "8584574GMA", "expsou": null, "nobjnm": null, "objnam": null, "quasou": null, "souacc": null, "tecsou": null, "verdat": null, "status": null, "inform": null, "ninfom": null, "ntxtds": null, "scamin": 17999, "txtdsc": null, "sordat": null, "sorind": null, "depth": 3.2}}, {"type": "Feature", "id": "layer-50858.690918", "geometry": {"type": "Point", "coordinates": [176.1304679, -37.6377756, 2.4]}, "geometry_name": "shape", "properties": {"fidn": "8584574GNA", "expsou": null, "nobjnm": null, "objnam": null, "quasou": null, "souacc": null, "tecsou": null, "verdat": null, "status": null, "inform": null, "ninfom": null, "ntxtds": null, "scamin": 17999, "txtdsc": null, "sordat": null, "sorind": null, "depth": 2.4}}, {"type": "Feature", "id": "layer-50858.690919", "geometry": {"type": "Point", "coordinates": [176.164671, -37.6463862, 3.2]}, "geometry_name": "shape", "properties": {"fidn": "8584574GOA", "expsou": null, "nobjnm": null, "objnam": null, "quasou": null, "souacc": null, "tecsou": null, "verdat": null, "status": null, "inform": null, "ninfom": null, "ntxtds": null, "scamin": 17999, "txtdsc": null, "sordat": null, "sorind": null, "depth": 3.2}}, {"type": "Feature", "id": "layer-50858.690920", "geometry": {"type": "Point", "coordinates": [176.1615608, -37.6000548, 9.7]}, "geometry_name": "shape", "properties": {"fidn": "8584574GPA", "expsou": null, "nobjnm": null, "objnam": null, "quasou": null, "souacc": null, "tecsou": null, "verdat": null, "status": null, "inform": null, "ninfom": null, "ntxtds": null, "scamin": 17999, "txtdsc": null, "sordat": null, "sorind": null, "depth": 9.7}}, {"type": "Feature", "id": "layer-50858.690921", "geometry": {"type": "Point", "coordinates": [176.1592428, -37.6172991, 8.1]}, "geometry_name": "shape", "properties": {"fidn": "8584574GQA", "expsou": null, "nobjnm": null, "objnam": null, "quasou": null, "souacc": null, "tecsou": null, "verdat": null, "status": null, "inform": null, "ninfom": null, "ntxtds": null, "scamin": 17999, "txtdsc": null, "sordat": null, "sorind": null, "depth": 8.1}}, {"type": "Feature", "id": "layer-50858.690922", "geometry": {"type": "Point", "coordinates": [176.176785, -37.64545, 0.8]}, "geometry_name": "shape", "properties": {"fidn": "8584574GRA", "expsou": null, "nobjnm": null, "objnam": null, "quasou": null, "souacc": null, "tecsou": null, "verdat": null, "status": null, "inform": null, "ninfom": null, "ntxtds": null, "scamin": 17999, "txtdsc": null, "sordat": null, "sorind": null, "depth": 0.8}}, {"type": "Feature", "id": "layer-50858.690923", "geometry": {"type": "Point", "coordinates": [176.1834051, -37.5926724, 24.5]}, "geometry_name": "shape", "properties": {"fidn": "8584574GSA", "expsou": null, "nobjnm": null, "objnam": null, "quasou": null, "souacc": null, "tecsou": null, "verdat": null, "status": null, "inform": null, "ninfom": null, "ntxtds": null, "scamin": 17999, "txtdsc": null, "sordat": null, "sorind": null, "depth": 24.5}}, {"type": "Feature", "id": "layer-50858.690924", "geometry": {"type": "Point", "coordinates": [176.1271834, -37.6408351, 9.1]}, "geometry_name": "shape", "properties": {"fidn": "8584574GTA", "expsou": null, "nobjnm": null, "objnam": null, "quasou": null, "souacc": null, "tecsou": null, "verdat": null, "status": null, "inform": null, "ninfom": null, "ntxtds": null, "scamin": 17999, "txtdsc": null, "sordat": null, "sorind": null, "depth": 9.1}}, {"type": "Feature", "id": "layer-50858.690925", "geometry": {"type": "Point", "coordinates": [176.1848129, -37.6197638, 10.8]}, "geometry_name": "shape", "properties": {"fidn": "8584574GUA", "expsou": null, "nobjnm": null, "objnam": null, "quasou": null, "souacc": null, "tecsou": null, "verdat": null, "status": null, "inform": null, "ninfom": null, "ntxtds": null, "scamin": 17999, "txtdsc": null, "sordat": null, "sorind": null, "depth": 10.8}}, {"type": "Feature", "id": "layer-50858.690926", "geometry": {"type": "Point", "coordinates": [176.1663732, -37.6186238, 12.7]}, "geometry_name": "shape", "properties": {"fidn": "8584574GVA", "expsou": null, "nobjnm": null, "objnam": null, "quasou": null, "souacc": null, "tecsou": null, "verdat": null, "status": null, "inform": null, "ninfom": null, "ntxtds": null, "scamin": 17999, "txtdsc": null, "sordat": null, "sorind": null, "depth": 12.7}}, {"type": "Feature", "id": "layer-50858.690927", "geometry": {"type": "Point", "coordinates": [176.163045, -37.6067716, 10.4]}, "geometry_name": "shape", "properties": {"fidn": "8584574GWA", "expsou": null, "nobjnm": null, "objnam": null, "quasou": null, "souacc": null, "tecsou": null, "verdat": null, "status": null, "inform": null, "ninfom": null, "ntxtds": null, "scamin": 17999, "txtdsc": null, "sordat": null, "sorind": null, "depth": 10.4}}, {"type": "Feature", "id": "layer-50858.690928", "geometry": {"type": "Point", "coordinates": [176.1629822, -37.602938, 9.8]}, "geometry_name": "shape", "properties": {"fidn": "8584574GXA", "expsou": null, "nobjnm": null, "objnam": null, "quasou": null, "souacc": null, "tecsou": null, "verdat": null, "status": null, "inform": null, "ninfom": null, "ntxtds": null, "scamin": 17999, "txtdsc": null, "sordat": null, "sorind": null, "depth": 9.8}}, {"type": "Feature", "id": "layer-50858.690929", "geometry": {"type": "Point", "coordinates": [176.179615, -37.64013, 7.9]}, "geometry_name": "shape", "properties": {"fidn": "8584574GYA", "expsou": null, "nobjnm": null, "objnam": null, "quasou": null, "souacc": null, "tecsou": null, "verdat": null, "status": null, "inform": null, "ninfom": null, "ntxtds": null, "scamin": 17999, "txtdsc": null, "sordat": null, "sorind": null, "depth": 7.9}}, {"type": "Feature", "id": "layer-50858.690930", "geometry": {"type": "Point", "coordinates": [176.1579843, -37.5928791, 16.2]}, "geometry_name": "shape", "properties": {"fidn": "8584574GZA", "expsou": null, "nobjnm": null, "objnam": null, "quasou": null, "souacc": null, "tecsou": null, "verdat": null, "status": null, "inform": null, "ninfom": null, "ntxtds": null, "scamin": 17999, "txtdsc": null, "sordat": null, "sorind": null, "depth": 16.2}}, {"type": "Feature", "id": "layer-50858.690931", "geometry": {"type": "Point", "coordinates": [176.1339463, -37.6003822, 8.9]}, "geometry_name": "shape", "properties": {"fidn": "8584574HAA", "expsou": null, "nobjnm": null, "objnam": null, "quasou": null, "souacc": null, "tecsou": null, "verdat": null, "status": null, "inform": null, "ninfom": null, "ntxtds": null, "scamin": 17999, "txtdsc": null, "sordat": null, "sorind": null, "depth": 8.9}}, {"type": "Feature", "id": "layer-50858.690932", "geometry": {"type": "Point", "coordinates": [176.1714693, -37.6045362, 11.6]}, "geometry_name": "shape", "properties": {"fidn": "8584574HBA", "expsou": null, "nobjnm": null, "objnam": null, "quasou": null, "souacc": null, "tecsou": null, "verdat": null, "status": null, "inform": null, "ninfom": null, "ntxtds": null, "scamin": 17999, "txtdsc": null, "sordat": null, "sorind": null, "depth": 11.6}}, {"type": "Feature", "id": "layer-50858.690933", "geometry": {"type": "Point", "coordinates": [176.1610361, -37.6080686, 6.8]}, "geometry_name": "shape", "properties": {"fidn": "8584574HCA", "expsou": null, "nobjnm": null, "objnam": null, "quasou": null, "souacc": null, "tecsou": null, "verdat": null, "status": null, "inform": null, "ninfom": null, "ntxtds": null, "scamin": 17999, "txtdsc": null, "sordat": null, "sorind": null, "depth": 6.8}}, {"type": "Feature", "id": "layer-50858.690934", "geometry": {"type": "Point", "coordinates": [176.1441281, -37.6473156, 8.8]}, "geometry_name": "shape", "properties": {"fidn": "8584574HDA", "expsou": null, "nobjnm": null, "objnam": null, "quasou": null, "souacc": null, "tecsou": null, "verdat": null, "status": null, "inform": null, "ninfom": null, "ntxtds": null, "scamin": 17999, "txtdsc": null, "sordat": null, "sorind": null, "depth": 8.8}}, {"type": "Feature", "id": "layer-50858.690935", "geometry": {"type": "Point", "coordinates": [176.1935182, -37.6088199, 23]}, "geometry_name": "shape", "properties": {"fidn": "8584574HEA", "expsou": null, "nobjnm": null, "objnam": null, "quasou": null, "souacc": null, "tecsou": null, "verdat": null, "status": null, "inform": null, "ninfom": null, "ntxtds": null, "scamin": 17999, "txtdsc": null, "sordat": null, "sorind": null, "depth": 23}}, {"type": "Feature", "id": "layer-50858.690936", "geometry": {"type": "Point", "coordinates": [176.1491637, -37.6027624, 3.6]}, "geometry_name": "shape", "properties": {"fidn": "8584574HFA", "expsou": null, "nobjnm": null, "objnam": null, "quasou": null, "souacc": null, "tecsou": null, "verdat": null, "status": null, "inform": null, "ninfom": null, "ntxtds": null, "scamin": 17999, "txtdsc": null, "sordat": null, "sorind": null, "depth": 3.6}}, {"type": "Feature", "id": "layer-50858.690937", "geometry": {"type": "Point", "coordinates": [176.177325, -37.666235, 3.3]}, "geometry_name": "shape", "properties": {"fidn": "8584574HGA", "expsou": null, "nobjnm": null, "objnam": null, "quasou": null, "souacc": null, "tecsou": null, "verdat": null, "status": null, "inform": null, "ninfom": null, "ntxtds": null, "scamin": 17999, "txtdsc": null, "sordat": null, "sorind": null, "depth": 3.3}}, {"type": "Feature", "id": "layer-50858.690938", "geometry": {"type": "Point", "coordinates": [176.1752858, -37.5986893, 13.9]}, "geometry_name": "shape", "properties": {"fidn": "8584574HHA", "expsou": null, "nobjnm": null, "objnam": null, "quasou": null, "souacc": null, "tecsou": null, "verdat": null, "status": null, "inform": null, "ninfom": null, "ntxtds": null, "scamin": 17999, "txtdsc": null, "sordat": null, "sorind": null, "depth": 13.9}}, {"type": "Feature", "id": "layer-50858.690939", "geometry": {"type": "Point", "coordinates": [176.1861044, -37.5975442, 23]}, "geometry_name": "shape", "properties": {"fidn": "8584574HIA", "expsou": null, "nobjnm": null, "objnam": null, "quasou": null, "souacc": null, "tecsou": null, "verdat": null, "status": null, "inform": null, "ninfom": null, "ntxtds": null, "scamin": 17999, "txtdsc": null, "sordat": null, "sorind": null, "depth": 23}}, {"type": "Feature", "id": "layer-50858.690940", "geometry": {"type": "Point", "coordinates": [176.159089, -37.6573165, 1.7]}, "geometry_name": "shape", "properties": {"fidn": "8584574HJA", "expsou": null, "nobjnm": null, "objnam": null, "quasou": null, "souacc": null, "tecsou": null, "verdat": null, "status": null, "inform": null, "ninfom": null, "ntxtds": null, "scamin": 17999, "txtdsc": null, "sordat": null, "sorind": null, "depth": 1.7}}, {"type": "Feature", "id": "layer-50858.690941", "geometry": {"type": "Point", "coordinates": [176.1751312, -37.6895149, 0.4]}, "geometry_name": "shape", "properties": {"fidn": "8584574HKA", "expsou": null, "nobjnm": null, "objnam": null, "quasou": null, "souacc": null, "tecsou": null, "verdat": null, "status": null, "inform": null, "ninfom": null, "ntxtds": null, "scamin": 17999, "txtdsc": null, "sordat": null, "sorind": null, "depth": 0.4}}, {"type": "Feature", "id": "layer-50858.690942", "geometry": {"type": "Point", "coordinates": [176.1748833, -37.600265, 12.1]}, "geometry_name": "shape", "properties": {"fidn": "8584574HLA", "expsou": null, "nobjnm": null, "objnam": null, "quasou": null, "souacc": null, "tecsou": null, "verdat": null, "status": null, "inform": null, "ninfom": null, "ntxtds": null, "scamin": 17999, "txtdsc": null, "sordat": null, "sorind": null, "depth": 12.1}}, {"type": "Feature", "id": "layer-50858.690943", "geometry": {"type": "Point", "coordinates": [176.153688, -37.5913361, 16.4]}, "geometry_name": "shape", "properties": {"fidn": "8584574HMA", "expsou": null, "nobjnm": null, "objnam": null, "quasou": null, "souacc": null, "tecsou": null, "verdat": null, "status": null, "inform": null, "ninfom": null, "ntxtds": null, "scamin": 17999, "txtdsc": null, "sordat": null, "sorind": null, "depth": 16.4}}, {"type": "Feature", "id": "layer-50858.690944", "geometry": {"type": "Point", "coordinates": [176.1520769, -37.6109733, 5.4]}, "geometry_name": "shape", "properties": {"fidn": "8584574HNA", "expsou": null, "nobjnm": null, "objnam": null, "quasou": null, "souacc": null, "tecsou": null, "verdat": null, "status": null, "inform": null, "ninfom": null, "ntxtds": null, "scamin": 17999, "txtdsc": null, "sordat": null, "sorind": null, "depth": 5.4}}, {"type": "Feature", "id": "layer-50858.690945", "geometry": {"type": "Point", "coordinates": [176.1889524, -37.6233712, 11.3]}, "geometry_name": "shape", "properties": {"fidn": "8584574HOA", "expsou": null, "nobjnm": null, "objnam": null, "quasou": null, "souacc": null, "tecsou": null, "verdat": null, "status": null, "inform": null, "ninfom": null, "ntxtds": null, "scamin": 17999, "txtdsc": null, "sordat": null, "sorind": null, "depth": 11.3}}, {"type": "Feature", "id": "layer-50858.690946", "geometry": {"type": "Point", "coordinates": [176.1960846, -37.5932877, 28]}, "geometry_name": "shape", "properties": {"fidn": "8584574HPA", "expsou": null, "nobjnm": null, "objnam": null, "quasou": null, "souacc": null, "tecsou": null, "verdat": null, "status": null, "inform": null, "ninfom": null, "ntxtds": null, "scamin": 17999, "txtdsc": null, "sordat": null, "sorind": null, "depth": 28}}, {"type": "Feature", "id": "layer-50858.690947", "geometry": {"type": "Point", "coordinates": [176.171305, -37.643095, -0.3]}, "geometry_name": "shape", "properties": {"fidn": "8584574HQA", "expsou": null, "nobjnm": null, "objnam": null, "quasou": null, "souacc": null, "tecsou": null, "verdat": null, "status": null, "inform": null, "ninfom": null, "ntxtds": null, "scamin": 17999, "txtdsc": null, "sordat": null, "sorind": null, "depth": -0.3}}, {"type": "Feature", "id": "layer-50858.690948", "geometry": {"type": "Point", "coordinates": [176.131581, -37.6422078, 13.6]}, "geometry_name": "shape", "properties": {"fidn": "8584574HRA", "expsou": null, "nobjnm": null, "objnam": null, "quasou": null, "souacc": null, "tecsou": null, "verdat": null, "status": null, "inform": null, "ninfom": null, "ntxtds": null, "scamin": 17999, "txtdsc": null, "sordat": null, "sorind": null, "depth": 13.6}}, {"type": "Feature", "id": "layer-50858.690949", "geometry": {"type": "Point", "coordinates": [176.1618396, -37.5915376, 17.1]}, "geometry_name": "shape", "properties": {"fidn": "8584574HSA", "expsou": null, "nobjnm": null, "objnam": null, "quasou": null, "souacc": null, "tecsou": null, "verdat": null, "status": null, "inform": null, "ninfom": null, "ntxtds": null, "scamin": 17999, "txtdsc": null, "sordat": null, "sorind": null, "depth": 17.1}}, {"type": "Feature", "id": "layer-50858.690950", "geometry": {"type": "Point", "coordinates": [176.1922307, -37.5944051, 27]}, "geometry_name": "shape", "properties": {"fidn": "8584574HTA", "expsou": null, "nobjnm": null, "objnam": null, "quasou": null, "souacc": null, "tecsou": null, "verdat": null, "status": null, "inform": null, "ninfom": null, "ntxtds": null, "scamin": 17999, "txtdsc": null, "sordat": null, "sorind": null, "depth": 27}}, {"type": "Feature", "id": "layer-50858.690951", "geometry": {"type": "Point", "coordinates": [176.1687696, -37.61417, 11.5]}, "geometry_name": "shape", "properties": {"fidn": "8584574HUA", "expsou": null, "nobjnm": null, "objnam": null, "quasou": null, "souacc": null, "tecsou": null, "verdat": null, "status": null, "inform": null, "ninfom": null, "ntxtds": null, "scamin": 17999, "txtdsc": null, "sordat": null, "sorind": null, "depth": 11.5}}, {"type": "Feature", "id": "layer-50858.690952", "geometry": {"type": "Point", "coordinates": [176.1687071, -37.6156565, 14.5]}, "geometry_name": "shape", "properties": {"fidn": "8584574HVA", "expsou": null, "nobjnm": null, "objnam": null, "quasou": null, "souacc": null, "tecsou": null, "verdat": null, "status": null, "inform": null, "ninfom": null, "ntxtds": null, "scamin": 17999, "txtdsc": null, "sordat": null, "sorind": null, "depth": 14.5}}, {"type": "Feature", "id": "layer-50858.690953", "geometry": {"type": "Point", "coordinates": [176.1319332, -37.6527081, 0.7]}, "geometry_name": "shape", "properties": {"fidn": "8584574HWA", "expsou": null, "nobjnm": null, "objnam": null, "quasou": null, "souacc": null, "tecsou": null, "verdat": null, "status": null, "inform": null, "ninfom": null, "ntxtds": null, "scamin": 17999, "txtdsc": null, "sordat": null, "sorind": null, "depth": 0.7}}, {"type": "Feature", "id": "layer-50858.690954", "geometry": {"type": "Point", "coordinates": [176.1852295, -37.6043445, 17.7]}, "geometry_name": "shape", "properties": {"fidn": "8584574HXA", "expsou": null, "nobjnm": null, "objnam": null, "quasou": null, "souacc": null, "tecsou": null, "verdat": null, "status": null, "inform": null, "ninfom": null, "ntxtds": null, "scamin": 17999, "txtdsc": null, "sordat": null, "sorind": null, "depth": 17.7}}, {"type": "Feature", "id": "layer-50858.690955", "geometry": {"type": "Point", "coordinates": [176.1707051, -37.5973264, 12.2]}, "geometry_name": "shape", "properties": {"fidn": "8584574HYA", "expsou": null, "nobjnm": null, "objnam": null, "quasou": null, "souacc": null, "tecsou": null, "verdat": null, "status": null, "inform": null, "ninfom": null, "ntxtds": null, "scamin": 17999, "txtdsc": null, "sordat": null, "sorind": null, "depth": 12.2}}, {"type": "Feature", "id": "layer-50858.690956", "geometry": {"type": "Point", "coordinates": [176.1680523, -37.6539659, 2.3]}, "geometry_name": "shape", "properties": {"fidn": "8584574HZA", "expsou": null, "nobjnm": null, "objnam": null, "quasou": null, "souacc": null, "tecsou": null, "verdat": null, "status": null, "inform": null, "ninfom": null, "ntxtds": null, "scamin": 17999, "txtdsc": null, "sordat": null, "sorind": null, "depth": 2.3}}, {"type": "Feature", "id": "layer-50858.690957", "geometry": {"type": "Point", "coordinates": [176.1497413, -37.600876, 9.6]}, "geometry_name": "shape", "properties": {"fidn": "8584574IAA", "expsou": null, "nobjnm": null, "objnam": null, "quasou": null, "souacc": null, "tecsou": null, "verdat": null, "status": null, "inform": null, "ninfom": null, "ntxtds": null, "scamin": 17999, "txtdsc": null, "sordat": null, "sorind": null, "depth": 9.6}}, {"type": "Feature", "id": "layer-50858.690958", "geometry": {"type": "Point", "coordinates": [176.1871865, -37.5958348, 25]}, "geometry_name": "shape", "properties": {"fidn": "8584574IBA", "expsou": null, "nobjnm": null, "objnam": null, "quasou": null, "souacc": null, "tecsou": null, "verdat": null, "status": null, "inform": null, "ninfom": null, "ntxtds": null, "scamin": 17999, "txtdsc": null, "sordat": null, "sorind": null, "depth": 25}}, {"type": "Feature", "id": "layer-50858.690959", "geometry": {"type": "Point", "coordinates": [176.1735926, -37.6776829, 2.9]}, "geometry_name": "shape", "properties": {"fidn": "8584574ICA", "expsou": null, "nobjnm": null, "objnam": null, "quasou": null, "souacc": null, "tecsou": null, "verdat": null, "status": null, "inform": null, "ninfom": null, "ntxtds": null, "scamin": 17999, "txtdsc": null, "sordat": null, "sorind": null, "depth": 2.9}}, {"type": "Feature", "id": "layer-50858.690960", "geometry": {"type": "Point", "coordinates": [176.1886674, -37.5934507, 26.5]}, "geometry_name": "shape", "properties": {"fidn": "8584574IDA", "expsou": null, "nobjnm": null, "objnam": null, "quasou": null, "souacc": null, "tecsou": null, "verdat": null, "status": null, "inform": null, "ninfom": null, "ntxtds": null, "scamin": 17999, "txtdsc": null, "sordat": null, "sorind": null, "depth": 26.5}}, {"type": "Feature", "id": "layer-50858.690961", "geometry": {"type": "Point", "coordinates": [176.1830277, -37.6737781, -0.2]}, "geometry_name": "shape", "properties": {"fidn": "8584574IEA", "expsou": null, "nobjnm": null, "objnam": null, "quasou": null, "souacc": null, "tecsou": null, "verdat": null, "status": null, "inform": null, "ninfom": null, "ntxtds": null, "scamin": 17999, "txtdsc": null, "sordat": null, "sorind": null, "depth": -0.2}}, {"type": "Feature", "id": "layer-50858.690962", "geometry": {"type": "Point", "coordinates": [176.1600318, -37.604417, 8.1]}, "geometry_name": "shape", "properties": {"fidn": "8584574IFA", "expsou": null, "nobjnm": null, "objnam": null, "quasou": null, "souacc": null, "tecsou": null, "verdat": null, "status": null, "inform": null, "ninfom": null, "ntxtds": null, "scamin": 17999, "txtdsc": null, "sordat": null, "sorind": null, "depth": 8.1}}, {"type": "Feature", "id": "layer-50858.690963", "geometry": {"type": "Point", "coordinates": [176.1969219, -37.6303525, 11.2]}, "geometry_name": "shape", "properties": {"fidn": "8584574IGA", "expsou": null, "nobjnm": null, "objnam": null, "quasou": null, "souacc": null, "tecsou": null, "verdat": null, "status": null, "inform": null, "ninfom": null, "ntxtds": null, "scamin": 17999, "txtdsc": null, "sordat": null, "sorind": null, "depth": 11.2}}, {"type": "Feature", "id": "layer-50858.690964", "geometry": {"type": "Point", "coordinates": [176.156407, -37.6233411, 4.4]}, "geometry_name": "shape", "properties": {"fidn": "8584574IHA", "expsou": null, "nobjnm": null, "objnam": null, "quasou": null, "souacc": null, "tecsou": null, "verdat": null, "status": null, "inform": null, "ninfom": null, "ntxtds": null, "scamin": 17999, "txtdsc": null, "sordat": null, "sorind": null, "depth": 4.4}}, {"type": "Feature", "id": "layer-50858.690965", "geometry": {"type": "Point", "coordinates": [176.1685915, -37.6020063, 11.5]}, "geometry_name": "shape", "properties": {"fidn": "8584574IIA", "expsou": null, "nobjnm": null, "objnam": null, "quasou": null, "souacc": null, "tecsou": null, "verdat": null, "status": null, "inform": null, "ninfom": null, "ntxtds": null, "scamin": 17999, "txtdsc": null, "sordat": null, "sorind": null, "depth": 11.5}}, {"type": "Feature", "id": "layer-50858.690966", "geometry": {"type": "Point", "coordinates": [176.1299271, -37.6001906, 7.6]}, "geometry_name": "shape", "properties": {"fidn": "8584574IJA", "expsou": null, "nobjnm": null, "objnam": null, "quasou": null, "souacc": null, "tecsou": null, "verdat": null, "status": null, "inform": null, "ninfom": null, "ntxtds": null, "scamin": 17999, "txtdsc": null, "sordat": null, "sorind": null, "depth": 7.6}}, {"type": "Feature", "id": "layer-50858.690967", "geometry": {"type": "Point", "coordinates": [176.16614, -37.656485, 2.4]}, "geometry_name": "shape", "properties": {"fidn": "8584574IKA", "expsou": null, "nobjnm": null, "objnam": null, "quasou": null, "souacc": null, "tecsou": null, "verdat": null, "status": null, "inform": null, "ninfom": null, "ntxtds": null, "scamin": 17999, "txtdsc": null, "sordat": null, "sorind": null, "depth": 2.4}}, {"type": "Feature", "id": "layer-50858.690968", "geometry": {"type": "Point", "coordinates": [176.1427344, -37.5976135, 12]}, "geometry_name": "shape", "properties": {"fidn": "8584574ILA", "expsou": null, "nobjnm": null, "objnam": null, "quasou": null, "souacc": null, "tecsou": null, "verdat": null, "status": null, "inform": null, "ninfom": null, "ntxtds": null, "scamin": 17999, "txtdsc": null, "sordat": null, "sorind": null, "depth": 12}}, {"type": "Feature", "id": "layer-50858.690969", "geometry": {"type": "Point", "coordinates": [176.1783073, -37.5933358, 21.5]}, "geometry_name": "shape", "properties": {"fidn": "8584574IMA", "expsou": null, "nobjnm": null, "objnam": null, "quasou": null, "souacc": null, "tecsou": null, "verdat": null, "status": null, "inform": null, "ninfom": null, "ntxtds": null, "scamin": 17999, "txtdsc": null, "sordat": null, "sorind": null, "depth": 21.5}}, {"type": "Feature", "id": "layer-50858.690970", "geometry": {"type": "Point", "coordinates": [176.1303781, -37.646971, 0.5]}, "geometry_name": "shape", "properties": {"fidn": "8584574INA", "expsou": null, "nobjnm": null, "objnam": null, "quasou": null, "souacc": null, "tecsou": null, "verdat": null, "status": null, "inform": null, "ninfom": null, "ntxtds": null, "scamin": 17999, "txtdsc": null, "sordat": null, "sorind": null, "depth": 0.5}}, {"type": "Feature", "id": "layer-50858.690971", "geometry": {"type": "Point", "coordinates": [176.1711687, -37.5946246, 16.3]}, "geometry_name": "shape", "properties": {"fidn": "8584574IOA", "expsou": null, "nobjnm": null, "objnam": null, "quasou": null, "souacc": null, "tecsou": null, "verdat": null, "status": null, "inform": null, "ninfom": null, "ntxtds": null, "scamin": 17999, "txtdsc": null, "sordat": null, "sorind": null, "depth": 16.3}}, {"type": "Feature", "id": "layer-50858.690972", "geometry": {"type": "Point", "coordinates": [176.1392399, -37.5939999, 13]}, "geometry_name": "shape", "properties": {"fidn": "8584574IPA", "expsou": null, "nobjnm": null, "objnam": null, "quasou": null, "souacc": null, "tecsou": null, "verdat": null, "status": null, "inform": null, "ninfom": null, "ntxtds": null, "scamin": 17999, "txtdsc": null, "sordat": null, "sorind": null, "depth": 13}}, {"type": "Feature", "id": "layer-50858.690973", "geometry": {"type": "Point", "coordinates": [176.1844305, -37.6803647, 0.6]}, "geometry_name": "shape", "properties": {"fidn": "8584574IQA", "expsou": null, "nobjnm": null, "objnam": null, "quasou": null, "souacc": null, "tecsou": null, "verdat": null, "status": null, "inform": null, "ninfom": null, "ntxtds": null, "scamin": 17999, "txtdsc": null, "sordat": null, "sorind": null, "depth": 0.6}}, {"type": "Feature", "id": "layer-50858.690974", "geometry": {"type": "Point", "coordinates": [176.1815931, -37.5927581, 24]}, "geometry_name": "shape", "properties": {"fidn": "8584574IRA", "expsou": null, "nobjnm": null, "objnam": null, "quasou": null, "souacc": null, "tecsou": null, "verdat": null, "status": null, "inform": null, "ninfom": null, "ntxtds": null, "scamin": 17999, "txtdsc": null, "sordat": null, "sorind": null, "depth": 24}}, {"type": "Feature", "id": "layer-50858.690975", "geometry": {"type": "Point", "coordinates": [176.16171, -37.6233421, 10.5]}, "geometry_name": "shape", "properties": {"fidn": "8584574ISA", "expsou": null, "nobjnm": null, "objnam": null, "quasou": null, "souacc": null, "tecsou": null, "verdat": null, "status": null, "inform": null, "ninfom": null, "ntxtds": null, "scamin": 17999, "txtdsc": null, "sordat": null, "sorind": null, "depth": 10.5}}, {"type": "Feature", "id": "layer-50858.690976", "geometry": {"type": "Point", "coordinates": [176.1329969, -37.6431311, 11.9]}, "geometry_name": "shape", "properties": {"fidn": "8584574ITA", "expsou": null, "nobjnm": null, "objnam": null, "quasou": null, "souacc": null, "tecsou": null, "verdat": null, "status": null, "inform": null, "ninfom": null, "ntxtds": null, "scamin": 17999, "txtdsc": null, "sordat": null, "sorind": null, "depth": 11.9}}, {"type": "Feature", "id": "layer-50858.690977", "geometry": {"type": "Point", "coordinates": [176.1767187, -37.6205147, 8.4]}, "geometry_name": "shape", "properties": {"fidn": "8584574IUA", "expsou": null, "nobjnm": null, "objnam": null, "quasou": null, "souacc": null, "tecsou": null, "verdat": null, "status": null, "inform": null, "ninfom": null, "ntxtds": null, "scamin": 17999, "txtdsc": null, "sordat": null, "sorind": null, "depth": 8.4}}, {"type": "Feature", "id": "layer-50858.690978", "geometry": {"type": "Point", "coordinates": [176.15693, -37.64613, 6.5]}, "geometry_name": "shape", "properties": {"fidn": "8584574IVA", "expsou": null, "nobjnm": null, "objnam": null, "quasou": null, "souacc": null, "tecsou": null, "verdat": null, "status": null, "inform": null, "ninfom": null, "ntxtds": null, "scamin": 17999, "txtdsc": null, "sordat": null, "sorind": null, "depth": 6.5}}, {"type": "Feature", "id": "layer-50858.690979", "geometry": {"type": "Point", "coordinates": [176.1707073, -37.6110665, 13]}, "geometry_name": "shape", "properties": {"fidn": "8584574IWA", "expsou": null, "nobjnm": null, "objnam": null, "quasou": null, "souacc": null, "tecsou": null, "verdat": null, "status": null, "inform": null, "ninfom": null, "ntxtds": null, "scamin": 17999, "txtdsc": null, "sordat": null, "sorind": null, "depth": 13}}, {"type": "Feature", "id": "layer-50858.690980", "geometry": {"type": "Point", "coordinates": [176.178599, -37.6751914, -0.1]}, "geometry_name": "shape", "properties": {"fidn": "8584574IXA", "expsou": null, "nobjnm": null, "objnam": null, "quasou": null, "souacc": null, "tecsou": null, "verdat": null, "status": null, "inform": null, "ninfom": null, "ntxtds": null, "scamin": 17999, "txtdsc": null, "sordat": null, "sorind": null, "depth": -0.1}}, {"type": "Feature", "id": "layer-50858.690981", "geometry": {"type": "Point", "coordinates": [176.1905854, -37.6314865, 2.4]}, "geometry_name": "shape", "properties": {"fidn": "8584574IYA", "expsou": null, "nobjnm": null, "objnam": null, "quasou": null, "souacc": null, "tecsou": null, "verdat": null, "status": null, "inform": null, "ninfom": null, "ntxtds": null, "scamin": 17999, "txtdsc": null, "sordat": null, "sorind": null, "depth": 2.4}}, {"type": "Feature", "id": "layer-50858.690982", "geometry": {"type": "Point", "coordinates": [176.1570803, -37.6061212, 9.6]}, "geometry_name": "shape", "properties": {"fidn": "8584574IZA", "expsou": null, "nobjnm": null, "objnam": null, "quasou": null, "souacc": null, "tecsou": null, "verdat": null, "status": null, "inform": null, "ninfom": null, "ntxtds": null, "scamin": 17999, "txtdsc": null, "sordat": null, "sorind": null, "depth": 9.6}}, {"type": "Feature", "id": "layer-50858.690983", "geometry": {"type": "Point", "coordinates": [176.1540009, -37.6579504, 3.5]}, "geometry_name": "shape", "properties": {"fidn": "8584574JAA", "expsou": null, "nobjnm": null, "objnam": null, "quasou": null, "souacc": null, "tecsou": null, "verdat": null, "status": null, "inform": null, "ninfom": null, "ntxtds": null, "scamin": 17999, "txtdsc": null, "sordat": null, "sorind": null, "depth": 3.5}}, {"type": "Feature", "id": "layer-50858.690984", "geometry": {"type": "Point", "coordinates": [176.1349848, -37.639298, 0.3]}, "geometry_name": "shape", "properties": {"fidn": "8584574JBA", "expsou": null, "nobjnm": null, "objnam": null, "quasou": null, "souacc": null, "tecsou": null, "verdat": null, "status": null, "inform": null, "ninfom": null, "ntxtds": null, "scamin": 17999, "txtdsc": null, "sordat": null, "sorind": null, "depth": 0.3}}, {"type": "Feature", "id": "layer-50858.690985", "geometry": {"type": "Point", "coordinates": [176.1531418, -37.6475574, 7.1]}, "geometry_name": "shape", "properties": {"fidn": "8584574JCA", "expsou": null, "nobjnm": null, "objnam": null, "quasou": null, "souacc": null, "tecsou": null, "verdat": null, "status": null, "inform": null, "ninfom": null, "ntxtds": null, "scamin": 17999, "txtdsc": null, "sordat": null, "sorind": null, "depth": 7.1}}, {"type": "Feature", "id": "layer-50858.690986", "geometry": {"type": "Point", "coordinates": [176.1891464, -37.6055134, 19.7]}, "geometry_name": "shape", "properties": {"fidn": "8584574JDA", "expsou": null, "nobjnm": null, "objnam": null, "quasou": null, "souacc": null, "tecsou": null, "verdat": null, "status": null, "inform": null, "ninfom": null, "ntxtds": null, "scamin": 17999, "txtdsc": null, "sordat": null, "sorind": null, "depth": 19.7}}, {"type": "Feature", "id": "layer-50858.690987", "geometry": {"type": "Point", "coordinates": [176.1469771, -37.598481, 12.1]}, "geometry_name": "shape", "properties": {"fidn": "8584574JEA", "expsou": null, "nobjnm": null, "objnam": null, "quasou": null, "souacc": null, "tecsou": null, "verdat": null, "status": null, "inform": null, "ninfom": null, "ntxtds": null, "scamin": 17999, "txtdsc": null, "sordat": null, "sorind": null, "depth": 12.1}}, {"type": "Feature", "id": "layer-50858.690988", "geometry": {"type": "Point", "coordinates": [176.1323892, -37.6516999, 0.1]}, "geometry_name": "shape", "properties": {"fidn": "8584574JFA", "expsou": null, "nobjnm": null, "objnam": null, "quasou": null, "souacc": null, "tecsou": null, "verdat": null, "status": null, "inform": null, "ninfom": null, "ntxtds": null, "scamin": 17999, "txtdsc": null, "sordat": null, "sorind": null, "depth": 0.1}}, {"type": "Feature", "id": "layer-50858.690989", "geometry": {"type": "Point", "coordinates": [176.1352412, -37.6020526, 8.4]}, "geometry_name": "shape", "properties": {"fidn": "8584574JGA", "expsou": null, "nobjnm": null, "objnam": null, "quasou": null, "souacc": null, "tecsou": null, "verdat": null, "status": null, "inform": null, "ninfom": null, "ntxtds": null, "scamin": 17999, "txtdsc": null, "sordat": null, "sorind": null, "depth": 8.4}}, {"type": "Feature", "id": "layer-50858.690990", "geometry": {"type": "Point", "coordinates": [176.1809053, -37.5949639, 21.5]}, "geometry_name": "shape", "properties": {"fidn": "8584574JHA", "expsou": null, "nobjnm": null, "objnam": null, "quasou": null, "souacc": null, "tecsou": null, "verdat": null, "status": null, "inform": null, "ninfom": null, "ntxtds": null, "scamin": 17999, "txtdsc": null, "sordat": null, "sorind": null, "depth": 21.5}}, {"type": "Feature", "id": "layer-50858.690991", "geometry": {"type": "Point", "coordinates": [176.1703581, -37.6134532, 15]}, "geometry_name": "shape", "properties": {"fidn": "8584574JIA", "expsou": null, "nobjnm": null, "objnam": null, "quasou": null, "souacc": null, "tecsou": null, "verdat": null, "status": null, "inform": null, "ninfom": null, "ntxtds": null, "scamin": 17999, "txtdsc": null, "sordat": null, "sorind": null, "depth": 15}}, {"type": "Feature", "id": "layer-50858.690992", "geometry": {"type": "Point", "coordinates": [176.1292193, -37.6042858, 3.9]}, "geometry_name": "shape", "properties": {"fidn": "8584574JJA", "expsou": null, "nobjnm": null, "objnam": null, "quasou": null, "souacc": null, "tecsou": null, "verdat": null, "status": null, "inform": null, "ninfom": null, "ntxtds": null, "scamin": 17999, "txtdsc": null, "sordat": null, "sorind": null, "depth": 3.9}}, {"type": "Feature", "id": "layer-50858.690993", "geometry": {"type": "Point", "coordinates": [176.1765798, -37.6008098, 13]}, "geometry_name": "shape", "properties": {"fidn": "8584574JKA", "expsou": null, "nobjnm": null, "objnam": null, "quasou": null, "souacc": null, "tecsou": null, "verdat": null, "status": null, "inform": null, "ninfom": null, "ntxtds": null, "scamin": 17999, "txtdsc": null, "sordat": null, "sorind": null, "depth": 13}}, {"type": "Feature", "id": "layer-50858.690994", "geometry": {"type": "Point", "coordinates": [176.1321148, -37.6382735, 1.4]}, "geometry_name": "shape", "properties": {"fidn": "8584574JLA", "expsou": null, "nobjnm": null, "objnam": null, "quasou": null, "souacc": null, "tecsou": null, "verdat": null, "status": null, "inform": null, "ninfom": null, "ntxtds": null, "scamin": 17999, "txtdsc": null, "sordat": null, "sorind": null, "depth": 1.4}}, {"type": "Feature", "id": "layer-50858.690995", "geometry": {"type": "Point", "coordinates": [176.1610627, -37.6463822, 1.5]}, "geometry_name": "shape", "properties": {"fidn": "8584574JMA", "expsou": null, "nobjnm": null, "objnam": null, "quasou": null, "souacc": null, "tecsou": null, "verdat": null, "status": null, "inform": null, "ninfom": null, "ntxtds": null, "scamin": 17999, "txtdsc": null, "sordat": null, "sorind": null, "depth": 1.5}}, {"type": "Feature", "id": "layer-50858.690996", "geometry": {"type": "Point", "coordinates": [176.1467402, -37.6144841, 5.3]}, "geometry_name": "shape", "properties": {"fidn": "8584574JNA", "expsou": null, "nobjnm": null, "objnam": null, "quasou": null, "souacc": null, "tecsou": null, "verdat": null, "status": null, "inform": null, "ninfom": null, "ntxtds": null, "scamin": 17999, "txtdsc": null, "sordat": null, "sorind": null, "depth": 5.3}}, {"type": "Feature", "id": "layer-50858.690997", "geometry": {"type": "Point", "coordinates": [176.1498925, -37.6141163, 5.4]}, "geometry_name": "shape", "properties": {"fidn": "8584574JOA", "expsou": null, "nobjnm": null, "objnam": null, "quasou": null, "souacc": null, "tecsou": null, "verdat": null, "status": null, "inform": null, "ninfom": null, "ntxtds": null, "scamin": 17999, "txtdsc": null, "sordat": null, "sorind": null, "depth": 5.4}}, {"type": "Feature", "id": "layer-50858.690998", "geometry": {"type": "Point", "coordinates": [176.1673593, -37.612815, 10.3]}, "geometry_name": "shape", "properties": {"fidn": "8584574JPA", "expsou": null, "nobjnm": null, "objnam": null, "quasou": null, "souacc": null, "tecsou": null, "verdat": null, "status": null, "inform": null, "ninfom": null, "ntxtds": null, "scamin": 17999, "txtdsc": null, "sordat": null, "sorind": null, "depth": 10.3}}, {"type": "Feature", "id": "layer-50858.690999", "geometry": {"type": "Point", "coordinates": [176.1742462, -37.6184183, 9.9]}, "geometry_name": "shape", "properties": {"fidn": "8584574JQA", "expsou": null, "nobjnm": null, "objnam": null, "quasou": null, "souacc": null, "tecsou": null, "verdat": null, "status": null, "inform": null, "ninfom": null, "ntxtds": null, "scamin": 17999, "txtdsc": null, "sordat": null, "sorind": null, "depth": 9.9}}, {"type": "Feature", "id": "layer-50858.691000", "geometry": {"type": "Point", "coordinates": [176.1740291, -37.6015243, 10.7]}, "geometry_name": "shape", "properties": {"fidn": "8584574JRA", "expsou": null, "nobjnm": null, "objnam": null, "quasou": null, "souacc": null, "tecsou": null, "verdat": null, "status": null, "inform": null, "ninfom": null, "ntxtds": null, "scamin": 17999, "txtdsc": null, "sordat": null, "sorind": null, "depth": 10.7}}, {"type": "Feature", "id": "layer-50858.691001", "geometry": {"type": "Point", "coordinates": [176.1716901, -37.6059784, 12.3]}, "geometry_name": "shape", "properties": {"fidn": "8584574JSA", "expsou": null, "nobjnm": null, "objnam": null, "quasou": null, "souacc": null, "tecsou": null, "verdat": null, "status": null, "inform": null, "ninfom": null, "ntxtds": null, "scamin": 17999, "txtdsc": null, "sordat": null, "sorind": null, "depth": 12.3}}, {"type": "Feature", "id": "layer-50858.691002", "geometry": {"type": "Point", "coordinates": [176.1287973, -37.641858, 11.2]}, "geometry_name": "shape", "properties": {"fidn": "8584574JTA", "expsou": null, "nobjnm": null, "objnam": null, "quasou": null, "souacc": null, "tecsou": null, "verdat": null, "status": null, "inform": null, "ninfom": null, "ntxtds": null, "scamin": 17999, "txtdsc": null, "sordat": null, "sorind": null, "depth": 11.2}}, {"type": "Feature", "id": "layer-50858.691003", "geometry": {"type": "Point", "coordinates": [176.1595578, -37.6827495, -0.7]}, "geometry_name": "shape", "properties": {"fidn": "8584574JUA", "expsou": null, "nobjnm": null, "objnam": null, "quasou": null, "souacc": null, "tecsou": null, "verdat": null, "status": null, "inform": null, "ninfom": null, "ntxtds": null, "scamin": 17999, "txtdsc": null, "sordat": null, "sorind": null, "depth": -0.7}}, {"type": "Feature", "id": "layer-50858.691004", "geometry": {"type": "Point", "coordinates": [176.1703488, -37.6015151, 10.8]}, "geometry_name": "shape", "properties": {"fidn": "8584574JVA", "expsou": null, "nobjnm": null, "objnam": null, "quasou": null, "souacc": null, "tecsou": null, "verdat": null, "status": null, "inform": null, "ninfom": null, "ntxtds": null, "scamin": 17999, "txtdsc": null, "sordat": null, "sorind": null, "depth": 10.8}}, {"type": "Feature", "id": "layer-50858.691005", "geometry": {"type": "Point", "coordinates": [176.1712119, -37.65429, 1.5]}, "geometry_name": "shape", "properties": {"fidn": "8584574JWA", "expsou": null, "nobjnm": null, "objnam": null, "quasou": null, "souacc": null, "tecsou": null, "verdat": null, "status": null, "inform": null, "ninfom": null, "ntxtds": null, "scamin": 17999, "txtdsc": null, "sordat": null, "sorind": null, "depth": 1.5}}, {"type": "Feature", "id": "layer-50858.691006", "geometry": {"type": "Point", "coordinates": [176.1562121, -37.6571387, 1.6]}, "geometry_name": "shape", "properties": {"fidn": "8584574JXA", "expsou": null, "nobjnm": null, "objnam": null, "quasou": null, "souacc": null, "tecsou": null, "verdat": null, "status": null, "inform": null, "ninfom": null, "ntxtds": null, "scamin": 17999, "txtdsc": null, "sordat": null, "sorind": null, "depth": 1.6}}, {"type": "Feature", "id": "layer-50858.691007", "geometry": {"type": "Point", "coordinates": [176.161001, -37.6792079, -0.8]}, "geometry_name": "shape", "properties": {"fidn": "8584574JYA", "expsou": null, "nobjnm": null, "objnam": null, "quasou": null, "souacc": null, "tecsou": null, "verdat": null, "status": null, "inform": null, "ninfom": null, "ntxtds": null, "scamin": 17999, "txtdsc": null, "sordat": null, "sorind": null, "depth": -0.8}}, {"type": "Feature", "id": "layer-50858.691008", "geometry": {"type": "Point", "coordinates": [176.1284092, -37.6361662, 2.4]}, "geometry_name": "shape", "properties": {"fidn": "8584574JZA", "expsou": null, "nobjnm": null, "objnam": null, "quasou": null, "souacc": null, "tecsou": null, "verdat": null, "status": null, "inform": null, "ninfom": null, "ntxtds": null, "scamin": 17999, "txtdsc": null, "sordat": null, "sorind": null, "depth": 2.4}}, {"type": "Feature", "id": "layer-50858.691009", "geometry": {"type": "Point", "coordinates": [176.1400555, -37.6522902, 2.4]}, "geometry_name": "shape", "properties": {"fidn": "8584574KAA", "expsou": null, "nobjnm": null, "objnam": null, "quasou": null, "souacc": null, "tecsou": null, "verdat": null, "status": null, "inform": null, "ninfom": null, "ntxtds": null, "scamin": 17999, "txtdsc": null, "sordat": null, "sorind": null, "depth": 2.4}}, {"type": "Feature", "id": "layer-50858.691010", "geometry": {"type": "Point", "coordinates": [176.1553896, -37.6194247, 4.7]}, "geometry_name": "shape", "properties": {"fidn": "8584574KBA", "expsou": null, "nobjnm": null, "objnam": null, "quasou": null, "souacc": null, "tecsou": null, "verdat": null, "status": null, "inform": null, "ninfom": null, "ntxtds": null, "scamin": 17999, "txtdsc": null, "sordat": null, "sorind": null, "depth": 4.7}}, {"type": "Feature", "id": "layer-50858.691011", "geometry": {"type": "Point", "coordinates": [176.1636051, -37.6169049, 11.2]}, "geometry_name": "shape", "properties": {"fidn": "8584574KCA", "expsou": null, "nobjnm": null, "objnam": null, "quasou": null, "souacc": null, "tecsou": null, "verdat": null, "status": null, "inform": null, "ninfom": null, "ntxtds": null, "scamin": 17999, "txtdsc": null, "sordat": null, "sorind": null, "depth": 11.2}}, {"type": "Feature", "id": "layer-50858.691012", "geometry": {"type": "Point", "coordinates": [176.1503511, -37.5917646, 15.8]}, "geometry_name": "shape", "properties": {"fidn": "8584574KDA", "expsou": null, "nobjnm": null, "objnam": null, "quasou": null, "souacc": null, "tecsou": null, "verdat": null, "status": null, "inform": null, "ninfom": null, "ntxtds": null, "scamin": 17999, "txtdsc": null, "sordat": null, "sorind": null, "depth": 15.8}}, {"type": "Feature", "id": "layer-50858.691013", "geometry": {"type": "Point", "coordinates": [176.156042, -37.5970636, 12.5]}, "geometry_name": "shape", "properties": {"fidn": "8584574KEA", "expsou": null, "nobjnm": null, "objnam": null, "quasou": null, "souacc": null, "tecsou": null, "verdat": null, "status": null, "inform": null, "ninfom": null, "ntxtds": null, "scamin": 17999, "txtdsc": null, "sordat": null, "sorind": null, "depth": 12.5}}, {"type": "Feature", "id": "layer-50858.691014", "geometry": {"type": "Point", "coordinates": [176.1229508, -37.6158116, -0.5]}, "geometry_name": "shape", "properties": {"fidn": "8584574KFA", "expsou": null, "nobjnm": null, "objnam": null, "quasou": null, "souacc": null, "tecsou": null, "verdat": null, "status": null, "inform": null, "ninfom": null, "ntxtds": null, "scamin": 17999, "txtdsc": null, "sordat": null, "sorind": null, "depth": -0.5}}, {"type": "Feature", "id": "layer-50858.691015", "geometry": {"type": "Point", "coordinates": [176.16117, -37.6030234, 8.5]}, "geometry_name": "shape", "properties": {"fidn": "8584574KGA", "expsou": null, "nobjnm": null, "objnam": null, "quasou": null, "souacc": null, "tecsou": null, "verdat": null, "status": null, "inform": null, "ninfom": null, "ntxtds": null, "scamin": 17999, "txtdsc": null, "sordat": null, "sorind": null, "depth": 8.5}}, {"type": "Feature", "id": "layer-50858.691016", "geometry": {"type": "Point", "coordinates": [176.1343234, -37.5952177, 9.8]}, "geometry_name": "shape", "properties": {"fidn": "8584574KHA", "expsou": null, "nobjnm": null, "objnam": null, "quasou": null, "souacc": null, "tecsou": null, "verdat": null, "status": null, "inform": null, "ninfom": null, "ntxtds": null, "scamin": 17999, "txtdsc": null, "sordat": null, "sorind": null, "depth": 9.8}}, {"type": "Feature", "id": "layer-50858.691017", "geometry": {"type": "Point", "coordinates": [176.160885, -37.65845, 5.8]}, "geometry_name": "shape", "properties": {"fidn": "8584574KIA", "expsou": null, "nobjnm": null, "objnam": null, "quasou": null, "souacc": null, "tecsou": null, "verdat": null, "status": null, "inform": null, "ninfom": null, "ntxtds": null, "scamin": 17999, "txtdsc": null, "sordat": null, "sorind": null, "depth": 5.8}}, {"type": "Feature", "id": "layer-50858.691018", "geometry": {"type": "Point", "coordinates": [176.1711203, -37.6850417, 3.5]}, "geometry_name": "shape", "properties": {"fidn": "8584574KJA", "expsou": null, "nobjnm": null, "objnam": null, "quasou": null, "souacc": null, "tecsou": null, "verdat": null, "status": null, "inform": null, "ninfom": null, "ntxtds": null, "scamin": 17999, "txtdsc": null, "sordat": null, "sorind": null, "depth": 3.5}}, {"type": "Feature", "id": "layer-50858.691019", "geometry": {"type": "Point", "coordinates": [176.1530026, -37.6062907, 7.5]}, "geometry_name": "shape", "properties": {"fidn": "8584574KKA", "expsou": null, "nobjnm": null, "objnam": null, "quasou": null, "souacc": null, "tecsou": null, "verdat": null, "status": null, "inform": null, "ninfom": null, "ntxtds": null, "scamin": 17999, "txtdsc": null, "sordat": null, "sorind": null, "depth": 7.5}}, {"type": "Feature", "id": "layer-50858.691020", "geometry": {"type": "Point", "coordinates": [176.1411962, -37.5998167, 10.5]}, "geometry_name": "shape", "properties": {"fidn": "8584574KLA", "expsou": null, "nobjnm": null, "objnam": null, "quasou": null, "souacc": null, "tecsou": null, "verdat": null, "status": null, "inform": null, "ninfom": null, "ntxtds": null, "scamin": 17999, "txtdsc": null, "sordat": null, "sorind": null, "depth": 10.5}}, {"type": "Feature", "id": "layer-50858.691021", "geometry": {"type": "Point", "coordinates": [176.1562012, -37.6132817, 6]}, "geometry_name": "shape", "properties": {"fidn": "8584574KMA", "expsou": null, "nobjnm": null, "objnam": null, "quasou": null, "souacc": null, "tecsou": null, "verdat": null, "status": null, "inform": null, "ninfom": null, "ntxtds": null, "scamin": 17999, "txtdsc": null, "sordat": null, "sorind": null, "depth": 6}}, {"type": "Feature", "id": "layer-50858.691022", "geometry": {"type": "Point", "coordinates": [176.1913561, -37.629772, 6.6]}, "geometry_name": "shape", "properties": {"fidn": "8584574KNA", "expsou": null, "nobjnm": null, "objnam": null, "quasou": null, "souacc": null, "tecsou": null, "verdat": null, "status": null, "inform": null, "ninfom": null, "ntxtds": null, "scamin": 17999, "txtdsc": null, "sordat": null, "sorind": null, "depth": 6.6}}, {"type": "Feature", "id": "layer-50858.691023", "geometry": {"type": "Point", "coordinates": [176.171237, -37.620348, 10.6]}, "geometry_name": "shape", "properties": {"fidn": "8584574KOA", "expsou": null, "nobjnm": null, "objnam": null, "quasou": null, "souacc": null, "tecsou": null, "verdat": null, "status": null, "inform": null, "ninfom": null, "ntxtds": null, "scamin": 17999, "txtdsc": null, "sordat": null, "sorind": null, "depth": 10.6}}, {"type": "Feature", "id": "layer-50858.691024", "geometry": {"type": "Point", "coordinates": [176.1236615, -37.6413829, 7.3]}, "geometry_name": "shape", "properties": {"fidn": "8584574KPA", "expsou": null, "nobjnm": null, "objnam": null, "quasou": null, "souacc": null, "tecsou": null, "verdat": null, "status": null, "inform": null, "ninfom": null, "ntxtds": null, "scamin": 17999, "txtdsc": null, "sordat": null, "sorind": null, "depth": 7.3}}, {"type": "Feature", "id": "layer-50858.691025", "geometry": {"type": "Point", "coordinates": [176.125183, -37.6169316, -0.8]}, "geometry_name": "shape", "properties": {"fidn": "8584574KQA", "expsou": null, "nobjnm": null, "objnam": null, "quasou": null, "souacc": null, "tecsou": null, "verdat": null, "status": null, "inform": null, "ninfom": null, "ntxtds": null, "scamin": 17999, "txtdsc": null, "sordat": null, "sorind": null, "depth": -0.8}}, {"type": "Feature", "id": "layer-50858.691026", "geometry": {"type": "Point", "coordinates": [176.1426066, -37.6009918, 9.7]}, "geometry_name": "shape", "properties": {"fidn": "8584574KRA", "expsou": null, "nobjnm": null, "objnam": null, "quasou": null, "souacc": null, "tecsou": null, "verdat": null, "status": null, "inform": null, "ninfom": null, "ntxtds": null, "scamin": 17999, "txtdsc": null, "sordat": null, "sorind": null, "depth": 9.7}}, {"type": "Feature", "id": "layer-50858.691027", "geometry": {"type": "Point", "coordinates": [176.1733212, -37.6560579, 4.2]}, "geometry_name": "shape", "properties": {"fidn": "8584574KSA", "expsou": null, "nobjnm": null, "objnam": null, "quasou": null, "souacc": null, "tecsou": null, "verdat": null, "status": null, "inform": null, "ninfom": null, "ntxtds": null, "scamin": 17999, "txtdsc": null, "sordat": null, "sorind": null, "depth": 4.2}}, {"type": "Feature", "id": "layer-50858.691028", "geometry": {"type": "Point", "coordinates": [176.1563643, -37.6015323, 7.9]}, "geometry_name": "shape", "properties": {"fidn": "8584574KTA", "expsou": null, "nobjnm": null, "objnam": null, "quasou": null, "souacc": null, "tecsou": null, "verdat": null, "status": null, "inform": null, "ninfom": null, "ntxtds": null, "scamin": 17999, "txtdsc": null, "sordat": null, "sorind": null, "depth": 7.9}}, {"type": "Feature", "id": "layer-50858.691029", "geometry": {"type": "Point", "coordinates": [176.1701802, -37.6247088, 6.7]}, "geometry_name": "shape", "properties": {"fidn": "8584574KUA", "expsou": null, "nobjnm": null, "objnam": null, "quasou": null, "souacc": null, "tecsou": null, "verdat": null, "status": null, "inform": null, "ninfom": null, "ntxtds": null, "scamin": 17999, "txtdsc": null, "sordat": null, "sorind": null, "depth": 6.7}}, {"type": "Feature", "id": "layer-50858.691030", "geometry": {"type": "Point", "coordinates": [176.1591382, -37.6151815, 7.6]}, "geometry_name": "shape", "properties": {"fidn": "8584574KVA", "expsou": null, "nobjnm": null, "objnam": null, "quasou": null, "souacc": null, "tecsou": null, "verdat": null, "status": null, "inform": null, "ninfom": null, "ntxtds": null, "scamin": 17999, "txtdsc": null, "sordat": null, "sorind": null, "depth": 7.6}}, {"type": "Feature", "id": "layer-50858.691031", "geometry": {"type": "Point", "coordinates": [176.1845445, -37.6058295, 16.1]}, "geometry_name": "shape", "properties": {"fidn": "8584574KWA", "expsou": null, "nobjnm": null, "objnam": null, "quasou": null, "souacc": null, "tecsou": null, "verdat": null, "status": null, "inform": null, "ninfom": null, "ntxtds": null, "scamin": 17999, "txtdsc": null, "sordat": null, "sorind": null, "depth": 16.1}}, {"type": "Feature", "id": "layer-50858.691032", "geometry": {"type": "Point", "coordinates": [176.1645148, -37.6019959, 11.1]}, "geometry_name": "shape", "properties": {"fidn": "8584574KXA", "expsou": null, "nobjnm": null, "objnam": null, "quasou": null, "souacc": null, "tecsou": null, "verdat": null, "status": null, "inform": null, "ninfom": null, "ntxtds": null, "scamin": 17999, "txtdsc": null, "sordat": null, "sorind": null, "depth": 11.1}}, {"type": "Feature", "id": "layer-50858.691033", "geometry": {"type": "Point", "coordinates": [176.165375, -37.632595, 6.5]}, "geometry_name": "shape", "properties": {"fidn": "8584574KYA", "expsou": null, "nobjnm": null, "objnam": null, "quasou": null, "souacc": null, "tecsou": null, "verdat": null, "status": null, "inform": null, "ninfom": null, "ntxtds": null, "scamin": 17999, "txtdsc": null, "sordat": null, "sorind": null, "depth": 6.5}}, {"type": "Feature", "id": "layer-50858.691034", "geometry": {"type": "Point", "coordinates": [176.1428857, -37.6146379, 5.8]}, "geometry_name": "shape", "properties": {"fidn": "8584574KZA", "expsou": null, "nobjnm": null, "objnam": null, "quasou": null, "souacc": null, "tecsou": null, "verdat": null, "status": null, "inform": null, "ninfom": null, "ntxtds": null, "scamin": 17999, "txtdsc": null, "sordat": null, "sorind": null, "depth": 5.8}}, {"type": "Feature", "id": "layer-50858.691035", "geometry": {"type": "Point", "coordinates": [176.134123, -37.598851, 9.5]}, "geometry_name": "shape", "properties": {"fidn": "8584574LAA", "expsou": null, "nobjnm": null, "objnam": null, "quasou": null, "souacc": null, "tecsou": null, "verdat": null, "status": null, "inform": null, "ninfom": null, "ntxtds": null, "scamin": 17999, "txtdsc": null, "sordat": null, "sorind": null, "depth": 9.5}}, {"type": "Feature", "id": "layer-50858.691036", "geometry": {"type": "Point", "coordinates": [176.17445, -37.655485, 3.1]}, "geometry_name": "shape", "properties": {"fidn": "8584574LBA", "expsou": null, "nobjnm": null, "objnam": null, "quasou": null, "souacc": null, "tecsou": null, "verdat": null, "status": null, "inform": null, "ninfom": null, "ntxtds": null, "scamin": 17999, "txtdsc": null, "sordat": null, "sorind": null, "depth": 3.1}}, {"type": "Feature", "id": "layer-50858.691037", "geometry": {"type": "Point", "coordinates": [176.1765694, -37.6035127, 12.8]}, "geometry_name": "shape", "properties": {"fidn": "8584574LCA", "expsou": null, "nobjnm": null, "objnam": null, "quasou": null, "souacc": null, "tecsou": null, "verdat": null, "status": null, "inform": null, "ninfom": null, "ntxtds": null, "scamin": 17999, "txtdsc": null, "sordat": null, "sorind": null, "depth": 12.8}}, {"type": "Feature", "id": "layer-50858.691038", "geometry": {"type": "Point", "coordinates": [176.1537351, -37.616515, 5.4]}, "geometry_name": "shape", "properties": {"fidn": "8584574LDA", "expsou": null, "nobjnm": null, "objnam": null, "quasou": null, "souacc": null, "tecsou": null, "verdat": null, "status": null, "inform": null, "ninfom": null, "ntxtds": null, "scamin": 17999, "txtdsc": null, "sordat": null, "sorind": null, "depth": 5.4}}, {"type": "Feature", "id": "layer-50858.691039", "geometry": {"type": "Point", "coordinates": [176.16367, -37.64138, 3.6]}, "geometry_name": "shape", "properties": {"fidn": "8584574LEA", "expsou": null, "nobjnm": null, "objnam": null, "quasou": null, "souacc": null, "tecsou": null, "verdat": null, "status": null, "inform": null, "ninfom": null, "ntxtds": null, "scamin": 17999, "txtdsc": null, "sordat": null, "sorind": null, "depth": 3.6}}, {"type": "Feature", "id": "layer-50858.691040", "geometry": {"type": "Point", "coordinates": [176.1762023, -37.6350729, 0.7]}, "geometry_name": "shape", "properties": {"fidn": "8584574LFA", "expsou": null, "nobjnm": null, "objnam": null, "quasou": null, "souacc": null, "tecsou": null, "verdat": null, "status": null, "inform": null, "ninfom": null, "ntxtds": null, "scamin": 17999, "txtdsc": null, "sordat": null, "sorind": null, "depth": 0.7}}, {"type": "Feature", "id": "layer-50858.691041", "geometry": {"type": "Point", "coordinates": [176.15379, -37.651485, 1.3]}, "geometry_name": "shape", "properties": {"fidn": "8584574LGA", "expsou": null, "nobjnm": null, "objnam": null, "quasou": null, "souacc": null, "tecsou": null, "verdat": null, "status": null, "inform": null, "ninfom": null, "ntxtds": null, "scamin": 17999, "txtdsc": null, "sordat": null, "sorind": null, "depth": 1.3}}, {"type": "Feature", "id": "layer-50858.691042", "geometry": {"type": "Point", "coordinates": [176.1829022, -37.608835, 13.9]}, "geometry_name": "shape", "properties": {"fidn": "8584574LHA", "expsou": null, "nobjnm": null, "objnam": null, "quasou": null, "souacc": null, "tecsou": null, "verdat": null, "status": null, "inform": null, "ninfom": null, "ntxtds": null, "scamin": 17999, "txtdsc": null, "sordat": null, "sorind": null, "depth": 13.9}}, {"type": "Feature", "id": "layer-50858.691043", "geometry": {"type": "Point", "coordinates": [176.1838463, -37.6257577, 8.5]}, "geometry_name": "shape", "properties": {"fidn": "8584574LIA", "expsou": null, "nobjnm": null, "objnam": null, "quasou": null, "souacc": null, "tecsou": null, "verdat": null, "status": null, "inform": null, "ninfom": null, "ntxtds": null, "scamin": 17999, "txtdsc": null, "sordat": null, "sorind": null, "depth": 8.5}}, {"type": "Feature", "id": "layer-50858.691044", "geometry": {"type": "Point", "coordinates": [176.1455501, -37.6011801, 9.7]}, "geometry_name": "shape", "properties": {"fidn": "8584574LJA", "expsou": null, "nobjnm": null, "objnam": null, "quasou": null, "souacc": null, "tecsou": null, "verdat": null, "status": null, "inform": null, "ninfom": null, "ntxtds": null, "scamin": 17999, "txtdsc": null, "sordat": null, "sorind": null, "depth": 9.7}}, {"type": "Feature", "id": "layer-50858.691045", "geometry": {"type": "Point", "coordinates": [176.1730713, -37.6003056, 10.7]}, "geometry_name": "shape", "properties": {"fidn": "8584574LKA", "expsou": null, "nobjnm": null, "objnam": null, "quasou": null, "souacc": null, "tecsou": null, "verdat": null, "status": null, "inform": null, "ninfom": null, "ntxtds": null, "scamin": 17999, "txtdsc": null, "sordat": null, "sorind": null, "depth": 10.7}}, {"type": "Feature", "id": "layer-50858.691046", "geometry": {"type": "Point", "coordinates": [176.1645392, -37.6583062, 9.9]}, "geometry_name": "shape", "properties": {"fidn": "8584574LLA", "expsou": null, "nobjnm": null, "objnam": null, "quasou": null, "souacc": null, "tecsou": null, "verdat": null, "status": null, "inform": null, "ninfom": null, "ntxtds": null, "scamin": 17999, "txtdsc": null, "sordat": null, "sorind": null, "depth": 9.9}}, {"type": "Feature", "id": "layer-50858.691047", "geometry": {"type": "Point", "coordinates": [176.1801879, -37.6256047, 6.9]}, "geometry_name": "shape", "properties": {"fidn": "8584574LMA", "expsou": null, "nobjnm": null, "objnam": null, "quasou": null, "souacc": null, "tecsou": null, "verdat": null, "status": null, "inform": null, "ninfom": null, "ntxtds": null, "scamin": 17999, "txtdsc": null, "sordat": null, "sorind": null, "depth": 6.9}}, {"type": "Feature", "id": "layer-50858.691048", "geometry": {"type": "Point", "coordinates": [176.1804417, -37.5977558, 18.8]}, "geometry_name": "shape", "properties": {"fidn": "8584574LNA", "expsou": null, "nobjnm": null, "objnam": null, "quasou": null, "souacc": null, "tecsou": null, "verdat": null, "status": null, "inform": null, "ninfom": null, "ntxtds": null, "scamin": 17999, "txtdsc": null, "sordat": null, "sorind": null, "depth": 18.8}}, {"type": "Feature", "id": "layer-50858.691049", "geometry": {"type": "Point", "coordinates": [176.1557466, -37.600036, 8.3]}, "geometry_name": "shape", "properties": {"fidn": "8584574LOA", "expsou": null, "nobjnm": null, "objnam": null, "quasou": null, "souacc": null, "tecsou": null, "verdat": null, "status": null, "inform": null, "ninfom": null, "ntxtds": null, "scamin": 17999, "txtdsc": null, "sordat": null, "sorind": null, "depth": 8.3}}, {"type": "Feature", "id": "layer-50858.691050", "geometry": {"type": "Point", "coordinates": [176.1711924, -37.6029588, 11]}, "geometry_name": "shape", "properties": {"fidn": "8584574LPA", "expsou": null, "nobjnm": null, "objnam": null, "quasou": null, "souacc": null, "tecsou": null, "verdat": null, "status": null, "inform": null, "ninfom": null, "ntxtds": null, "scamin": 17999, "txtdsc": null, "sordat": null, "sorind": null, "depth": 11}}, {"type": "Feature", "id": "layer-50858.691051", "geometry": {"type": "Point", "coordinates": [176.1223737, -37.6576468, -0.2]}, "geometry_name": "shape", "properties": {"fidn": "8584574LQA", "expsou": null, "nobjnm": null, "objnam": null, "quasou": null, "souacc": null, "tecsou": null, "verdat": null, "status": null, "inform": null, "ninfom": null, "ntxtds": null, "scamin": 17999, "txtdsc": null, "sordat": null, "sorind": null, "depth": -0.2}}, {"type": "Feature", "id": "layer-50858.691052", "geometry": {"type": "Point", "coordinates": [176.1235614, -37.6437841, 7.6]}, "geometry_name": "shape", "properties": {"fidn": "8584574LRA", "expsou": null, "nobjnm": null, "objnam": null, "quasou": null, "souacc": null, "tecsou": null, "verdat": null, "status": null, "inform": null, "ninfom": null, "ntxtds": null, "scamin": 17999, "txtdsc": null, "sordat": null, "sorind": null, "depth": 7.6}}, {"type": "Feature", "id": "layer-50858.691053", "geometry": {"type": "Point", "coordinates": [176.1559372, -37.608686, 6]}, "geometry_name": "shape", "properties": {"fidn": "8584574LSA", "expsou": null, "nobjnm": null, "objnam": null, "quasou": null, "souacc": null, "tecsou": null, "verdat": null, "status": null, "inform": null, "ninfom": null, "ntxtds": null, "scamin": 17999, "txtdsc": null, "sordat": null, "sorind": null, "depth": 6}}, {"type": "Feature", "id": "layer-50858.691054", "geometry": {"type": "Point", "coordinates": [176.1950341, -37.6238017, 13.5]}, "geometry_name": "shape", "properties": {"fidn": "8584574LTA", "expsou": null, "nobjnm": null, "objnam": null, "quasou": null, "souacc": null, "tecsou": null, "verdat": null, "status": null, "inform": null, "ninfom": null, "ntxtds": null, "scamin": 17999, "txtdsc": null, "sordat": null, "sorind": null, "depth": 13.5}}, {"type": "Feature", "id": "layer-50858.691055", "geometry": {"type": "Point", "coordinates": [176.1862956, -37.6069599, 17]}, "geometry_name": "shape", "properties": {"fidn": "8584574LUA", "expsou": null, "nobjnm": null, "objnam": null, "quasou": null, "souacc": null, "tecsou": null, "verdat": null, "status": null, "inform": null, "ninfom": null, "ntxtds": null, "scamin": 17999, "txtdsc": null, "sordat": null, "sorind": null, "depth": 17}}, {"type": "Feature", "id": "layer-50858.691056", "geometry": {"type": "Point", "coordinates": [176.166134, -37.5935758, 16]}, "geometry_name": "shape", "properties": {"fidn": "8584574LVA", "expsou": null, "nobjnm": null, "objnam": null, "quasou": null, "souacc": null, "tecsou": null, "verdat": null, "status": null, "inform": null, "ninfom": null, "ntxtds": null, "scamin": 17999, "txtdsc": null, "sordat": null, "sorind": null, "depth": 16}}, {"type": "Feature", "id": "layer-50858.691057", "geometry": {"type": "Point", "coordinates": [176.1651387, -37.6157826, 10.6]}, "geometry_name": "shape", "properties": {"fidn": "8584574LWA", "expsou": null, "nobjnm": null, "objnam": null, "quasou": null, "souacc": null, "tecsou": null, "verdat": null, "status": null, "inform": null, "ninfom": null, "ntxtds": null, "scamin": 17999, "txtdsc": null, "sordat": null, "sorind": null, "depth": 10.6}}, {"type": "Feature", "id": "layer-50858.691058", "geometry": {"type": "Point", "coordinates": [176.150743, -37.6050233, 6.3]}, "geometry_name": "shape", "properties": {"fidn": "8584574LXA", "expsou": null, "nobjnm": null, "objnam": null, "quasou": null, "souacc": null, "tecsou": null, "verdat": null, "status": null, "inform": null, "ninfom": null, "ntxtds": null, "scamin": 17999, "txtdsc": null, "sordat": null, "sorind": null, "depth": 6.3}}, {"type": "Feature", "id": "layer-50858.691059", "geometry": {"type": "Point", "coordinates": [176.1640293, -37.5960481, 11.8]}, "geometry_name": "shape", "properties": {"fidn": "8584574LYA", "expsou": null, "nobjnm": null, "objnam": null, "quasou": null, "souacc": null, "tecsou": null, "verdat": null, "status": null, "inform": null, "ninfom": null, "ntxtds": null, "scamin": 17999, "txtdsc": null, "sordat": null, "sorind": null, "depth": 11.8}}, {"type": "Feature", "id": "layer-50858.691060", "geometry": {"type": "Point", "coordinates": [176.1480116, -37.5948798, 14]}, "geometry_name": "shape", "properties": {"fidn": "8584574LZA", "expsou": null, "nobjnm": null, "objnam": null, "quasou": null, "souacc": null, "tecsou": null, "verdat": null, "status": null, "inform": null, "ninfom": null, "ntxtds": null, "scamin": 17999, "txtdsc": null, "sordat": null, "sorind": null, "depth": 14}}, {"type": "Feature", "id": "layer-50858.691061", "geometry": {"type": "Point", "coordinates": [176.1820221, -37.6123112, 12.3]}, "geometry_name": "shape", "properties": {"fidn": "8584574MAA", "expsou": null, "nobjnm": null, "objnam": null, "quasou": null, "souacc": null, "tecsou": null, "verdat": null, "status": null, "inform": null, "ninfom": null, "ntxtds": null, "scamin": 17999, "txtdsc": null, "sordat": null, "sorind": null, "depth": 12.3}}, {"type": "Feature", "id": "layer-50858.691062", "geometry": {"type": "Point", "coordinates": [176.140578, -37.6116274, 5.7]}, "geometry_name": "shape", "properties": {"fidn": "8584574MBA", "expsou": null, "nobjnm": null, "objnam": null, "quasou": null, "souacc": null, "tecsou": null, "verdat": null, "status": null, "inform": null, "ninfom": null, "ntxtds": null, "scamin": 17999, "txtdsc": null, "sordat": null, "sorind": null, "depth": 5.7}}, {"type": "Feature", "id": "layer-50858.691063", "geometry": {"type": "Point", "coordinates": [176.1736963, -37.6677516, 2.9]}, "geometry_name": "shape", "properties": {"fidn": "8584574MCA", "expsou": null, "nobjnm": null, "objnam": null, "quasou": null, "souacc": null, "tecsou": null, "verdat": null, "status": null, "inform": null, "ninfom": null, "ntxtds": null, "scamin": 17999, "txtdsc": null, "sordat": null, "sorind": null, "depth": 2.9}}, {"type": "Feature", "id": "layer-50858.691064", "geometry": {"type": "Point", "coordinates": [176.1620894, -37.6136124, 9.2]}, "geometry_name": "shape", "properties": {"fidn": "8584574MDA", "expsou": null, "nobjnm": null, "objnam": null, "quasou": null, "souacc": null, "tecsou": null, "verdat": null, "status": null, "inform": null, "ninfom": null, "ntxtds": null, "scamin": 17999, "txtdsc": null, "sordat": null, "sorind": null, "depth": 9.2}}, {"type": "Feature", "id": "layer-50858.691065", "geometry": {"type": "Point", "coordinates": [176.1702116, -37.5932707, 17.4]}, "geometry_name": "shape", "properties": {"fidn": "8584574MEA", "expsou": null, "nobjnm": null, "objnam": null, "quasou": null, "souacc": null, "tecsou": null, "verdat": null, "status": null, "inform": null, "ninfom": null, "ntxtds": null, "scamin": 17999, "txtdsc": null, "sordat": null, "sorind": null, "depth": 17.4}}, {"type": "Feature", "id": "layer-50858.691066", "geometry": {"type": "Point", "coordinates": [176.176605, -37.654595, 2.8]}, "geometry_name": "shape", "properties": {"fidn": "8584574MFA", "expsou": null, "nobjnm": null, "objnam": null, "quasou": null, "souacc": null, "tecsou": null, "verdat": null, "status": null, "inform": null, "ninfom": null, "ntxtds": null, "scamin": 17999, "txtdsc": null, "sordat": null, "sorind": null, "depth": 2.8}}, {"type": "Feature", "id": "layer-50858.691067", "geometry": {"type": "Point", "coordinates": [176.1603518, -37.595408, 13.5]}, "geometry_name": "shape", "properties": {"fidn": "8584574MGA", "expsou": null, "nobjnm": null, "objnam": null, "quasou": null, "souacc": null, "tecsou": null, "verdat": null, "status": null, "inform": null, "ninfom": null, "ntxtds": null, "scamin": 17999, "txtdsc": null, "sordat": null, "sorind": null, "depth": 13.5}}, {"type": "Feature", "id": "layer-50858.691068", "geometry": {"type": "Point", "coordinates": [176.1618562, -37.6180778, 10.6]}, "geometry_name": "shape", "properties": {"fidn": "8584574MHA", "expsou": null, "nobjnm": null, "objnam": null, "quasou": null, "souacc": null, "tecsou": null, "verdat": null, "status": null, "inform": null, "ninfom": null, "ntxtds": null, "scamin": 17999, "txtdsc": null, "sordat": null, "sorind": null, "depth": 10.6}}, {"type": "Feature", "id": "layer-50858.691069", "geometry": {"type": "Point", "coordinates": [176.1273097, -37.6262759, -1]}, "geometry_name": "shape", "properties": {"fidn": "8584574MIA", "expsou": null, "nobjnm": null, "objnam": null, "quasou": null, "souacc": null, "tecsou": null, "verdat": null, "status": null, "inform": null, "ninfom": null, "ntxtds": null, "scamin": 17999, "txtdsc": null, "sordat": null, "sorind": null, "depth": -1}}, {"type": "Feature", "id": "layer-50858.691070", "geometry": {"type": "Point", "coordinates": [176.1752043, -37.6050861, 11.6]}, "geometry_name": "shape", "properties": {"fidn": "8584574MJA", "expsou": null, "nobjnm": null, "objnam": null, "quasou": null, "souacc": null, "tecsou": null, "verdat": null, "status": null, "inform": null, "ninfom": null, "ntxtds": null, "scamin": 17999, "txtdsc": null, "sordat": null, "sorind": null, "depth": 11.6}}, {"type": "Feature", "id": "layer-50858.691071", "geometry": {"type": "Point", "coordinates": [176.1638601, -37.6098779, 9.5]}, "geometry_name": "shape", "properties": {"fidn": "8584574MKA", "expsou": null, "nobjnm": null, "objnam": null, "quasou": null, "souacc": null, "tecsou": null, "verdat": null, "status": null, "inform": null, "ninfom": null, "ntxtds": null, "scamin": 17999, "txtdsc": null, "sordat": null, "sorind": null, "depth": 9.5}}, {"type": "Feature", "id": "layer-50858.691072", "geometry": {"type": "Point", "coordinates": [176.1441608, -37.5950946, 13.5]}, "geometry_name": "shape", "properties": {"fidn": "8584574MLA", "expsou": null, "nobjnm": null, "objnam": null, "quasou": null, "souacc": null, "tecsou": null, "verdat": null, "status": null, "inform": null, "ninfom": null, "ntxtds": null, "scamin": 17999, "txtdsc": null, "sordat": null, "sorind": null, "depth": 13.5}}, {"type": "Feature", "id": "layer-50858.691073", "geometry": {"type": "Point", "coordinates": [176.165915, -37.6347, 5.7]}, "geometry_name": "shape", "properties": {"fidn": "8584574MMA", "expsou": null, "nobjnm": null, "objnam": null, "quasou": null, "souacc": null, "tecsou": null, "verdat": null, "status": null, "inform": null, "ninfom": null, "ntxtds": null, "scamin": 17999, "txtdsc": null, "sordat": null, "sorind": null, "depth": 5.7}}, {"type": "Feature", "id": "layer-50858.691074", "geometry": {"type": "Point", "coordinates": [176.146915, -37.65263, 3.2]}, "geometry_name": "shape", "properties": {"fidn": "8584574MNA", "expsou": null, "nobjnm": null, "objnam": null, "quasou": null, "souacc": null, "tecsou": null, "verdat": null, "status": null, "inform": null, "ninfom": null, "ntxtds": null, "scamin": 17999, "txtdsc": null, "sordat": null, "sorind": null, "depth": 3.2}}, {"type": "Feature", "id": "layer-50858.691075", "geometry": {"type": "Point", "coordinates": [176.1943092, -37.5988698, 27]}, "geometry_name": "shape", "properties": {"fidn": "8584574MOA", "expsou": null, "nobjnm": null, "objnam": null, "quasou": null, "souacc": null, "tecsou": null, "verdat": null, "status": null, "inform": null, "ninfom": null, "ntxtds": null, "scamin": 17999, "txtdsc": null, "sordat": null, "sorind": null, "depth": 27}}, {"type": "Feature", "id": "layer-50858.691076", "geometry": {"type": "Point", "coordinates": [176.1765919, -37.6122974, 12.3]}, "geometry_name": "shape", "properties": {"fidn": "8584574MPA", "expsou": null, "nobjnm": null, "objnam": null, "quasou": null, "souacc": null, "tecsou": null, "verdat": null, "status": null, "inform": null, "ninfom": null, "ntxtds": null, "scamin": 17999, "txtdsc": null, "sordat": null, "sorind": null, "depth": 12.3}}, {"type": "Feature", "id": "layer-50858.691077", "geometry": {"type": "Point", "coordinates": [176.1538868, -37.5979589, 12.1]}, "geometry_name": "shape", "properties": {"fidn": "8584574MQA", "expsou": null, "nobjnm": null, "objnam": null, "quasou": null, "souacc": null, "tecsou": null, "verdat": null, "status": null, "inform": null, "ninfom": null, "ntxtds": null, "scamin": 17999, "txtdsc": null, "sordat": null, "sorind": null, "depth": 12.1}}, {"type": "Feature", "id": "layer-50858.691078", "geometry": {"type": "Point", "coordinates": [176.1626048, -37.6752689, -0.7]}, "geometry_name": "shape", "properties": {"fidn": "8584574MRA", "expsou": null, "nobjnm": null, "objnam": null, "quasou": null, "souacc": null, "tecsou": null, "verdat": null, "status": null, "inform": null, "ninfom": null, "ntxtds": null, "scamin": 17999, "txtdsc": null, "sordat": null, "sorind": null, "depth": -0.7}}, {"type": "Feature", "id": "layer-50858.691079", "geometry": {"type": "Point", "coordinates": [176.1933273, -37.6041833, 24]}, "geometry_name": "shape", "properties": {"fidn": "8584574MSA", "expsou": null, "nobjnm": null, "objnam": null, "quasou": null, "souacc": null, "tecsou": null, "verdat": null, "status": null, "inform": null, "ninfom": null, "ntxtds": null, "scamin": 17999, "txtdsc": null, "sordat": null, "sorind": null, "depth": 24}}, {"type": "Feature", "id": "layer-50858.691080", "geometry": {"type": "Point", "coordinates": [176.1631767, -37.6707987, 0.3]}, "geometry_name": "shape", "properties": {"fidn": "8584574MTA", "expsou": null, "nobjnm": null, "objnam": null, "quasou": null, "souacc": null, "tecsou": null, "verdat": null, "status": null, "inform": null, "ninfom": null, "ntxtds": null, "scamin": 17999, "txtdsc": null, "sordat": null, "sorind": null, "depth": 0.3}}, {"type": "Feature", "id": "layer-50858.691081", "geometry": {"type": "Point", "coordinates": [176.1251636, -37.6338632, 1.4]}, "geometry_name": "shape", "properties": {"fidn": "8584574MUA", "expsou": null, "nobjnm": null, "objnam": null, "quasou": null, "souacc": null, "tecsou": null, "verdat": null, "status": null, "inform": null, "ninfom": null, "ntxtds": null, "scamin": 17999, "txtdsc": null, "sordat": null, "sorind": null, "depth": 1.4}}, {"type": "Feature", "id": "layer-50858.691082", "geometry": {"type": "Point", "coordinates": [176.126675, -37.642725, 9]}, "geometry_name": "shape", "properties": {"fidn": "8584574MVA", "expsou": null, "nobjnm": null, "objnam": null, "quasou": null, "souacc": null, "tecsou": null, "verdat": null, "status": null, "inform": null, "ninfom": null, "ntxtds": null, "scamin": 17999, "txtdsc": null, "sordat": null, "sorind": null, "depth": 9}}, {"type": "Feature", "id": "layer-50858.691083", "geometry": {"type": "Point", "coordinates": [176.128, -37.6395, 2.7]}, "geometry_name": "shape", "properties": {"fidn": "8584574MWA", "expsou": null, "nobjnm": null, "objnam": null, "quasou": null, "souacc": null, "tecsou": null, "verdat": null, "status": null, "inform": null, "ninfom": null, "ntxtds": null, "scamin": 17999, "txtdsc": null, "sordat": null, "sorind": null, "depth": 2.7}}, {"type": "Feature", "id": "layer-50858.691084", "geometry": {"type": "Point", "coordinates": [176.1934458, -37.602742, 25.5]}, "geometry_name": "shape", "properties": {"fidn": "8584574MXA", "expsou": null, "nobjnm": null, "objnam": null, "quasou": null, "souacc": null, "tecsou": null, "verdat": null, "status": null, "inform": null, "ninfom": null, "ntxtds": null, "scamin": 17999, "txtdsc": null, "sordat": null, "sorind": null, "depth": 25.5}}, {"type": "Feature", "id": "layer-50858.691085", "geometry": {"type": "Point", "coordinates": [176.1555388, -37.6277681, 0.7]}, "geometry_name": "shape", "properties": {"fidn": "8584574MYA", "expsou": null, "nobjnm": null, "objnam": null, "quasou": null, "souacc": null, "tecsou": null, "verdat": null, "status": null, "inform": null, "ninfom": null, "ntxtds": null, "scamin": 17999, "txtdsc": null, "sordat": null, "sorind": null, "depth": 0.7}}, {"type": "Feature", "id": "layer-50858.691086", "geometry": {"type": "Point", "coordinates": [176.16722, -37.657915, 5.5]}, "geometry_name": "shape", "properties": {"fidn": "8584574MZA", "expsou": null, "nobjnm": null, "objnam": null, "quasou": null, "souacc": null, "tecsou": null, "verdat": null, "status": null, "inform": null, "ninfom": null, "ntxtds": null, "scamin": 17999, "txtdsc": null, "sordat": null, "sorind": null, "depth": 5.5}}, {"type": "Feature", "id": "layer-50858.691087", "geometry": {"type": "Point", "coordinates": [176.1910636, -37.6227959, 12.4]}, "geometry_name": "shape", "properties": {"fidn": "8584574NAA", "expsou": null, "nobjnm": null, "objnam": null, "quasou": null, "souacc": null, "tecsou": null, "verdat": null, "status": null, "inform": null, "ninfom": null, "ntxtds": null, "scamin": 17999, "txtdsc": null, "sordat": null, "sorind": null, "depth": 12.4}}, {"type": "Feature", "id": "layer-50858.691088", "geometry": {"type": "Point", "coordinates": [176.1418784, -37.646952, 7.2]}, "geometry_name": "shape", "properties": {"fidn": "8584574NBA", "expsou": null, "nobjnm": null, "objnam": null, "quasou": null, "souacc": null, "tecsou": null, "verdat": null, "status": null, "inform": null, "ninfom": null, "ntxtds": null, "scamin": 17999, "txtdsc": null, "sordat": null, "sorind": null, "depth": 7.2}}, {"type": "Feature", "id": "layer-50858.691089", "geometry": {"type": "Point", "coordinates": [176.1543689, -37.6045374, 7.4]}, "geometry_name": "shape", "properties": {"fidn": "8584574NCA", "expsou": null, "nobjnm": null, "objnam": null, "quasou": null, "souacc": null, "tecsou": null, "verdat": null, "status": null, "inform": null, "ninfom": null, "ntxtds": null, "scamin": 17999, "txtdsc": null, "sordat": null, "sorind": null, "depth": 7.4}}, {"type": "Feature", "id": "layer-50858.691090", "geometry": {"type": "Point", "coordinates": [176.1893099, -37.6104053, 18.2]}, "geometry_name": "shape", "properties": {"fidn": "8584574NDA", "expsou": null, "nobjnm": null, "objnam": null, "quasou": null, "souacc": null, "tecsou": null, "verdat": null, "status": null, "inform": null, "ninfom": null, "ntxtds": null, "scamin": 17999, "txtdsc": null, "sordat": null, "sorind": null, "depth": 18.2}}, {"type": "Feature", "id": "layer-50858.691091", "geometry": {"type": "Point", "coordinates": [176.15805, -37.6044119, 7.9]}, "geometry_name": "shape", "properties": {"fidn": "8584574NEA", "expsou": null, "nobjnm": null, "objnam": null, "quasou": null, "souacc": null, "tecsou": null, "verdat": null, "status": null, "inform": null, "ninfom": null, "ntxtds": null, "scamin": 17999, "txtdsc": null, "sordat": null, "sorind": null, "depth": 7.9}}, {"type": "Feature", "id": "layer-50858.691092", "geometry": {"type": "Point", "coordinates": [176.1948445, -37.5917982, 28]}, "geometry_name": "shape", "properties": {"fidn": "8584574NFA", "expsou": null, "nobjnm": null, "objnam": null, "quasou": null, "souacc": null, "tecsou": null, "verdat": null, "status": null, "inform": null, "ninfom": null, "ntxtds": null, "scamin": 17999, "txtdsc": null, "sordat": null, "sorind": null, "depth": 28}}, {"type": "Feature", "id": "layer-50858.691093", "geometry": {"type": "Point", "coordinates": [176.1249074, -37.6557685, 1.3]}, "geometry_name": "shape", "properties": {"fidn": "8584574NGA", "expsou": null, "nobjnm": null, "objnam": null, "quasou": null, "souacc": null, "tecsou": null, "verdat": null, "status": null, "inform": null, "ninfom": null, "ntxtds": null, "scamin": 17999, "txtdsc": null, "sordat": null, "sorind": null, "depth": 1.3}}, {"type": "Feature", "id": "layer-50858.691094", "geometry": {"type": "Point", "coordinates": [176.1572013, -37.6276147, 3.8]}, "geometry_name": "shape", "properties": {"fidn": "8584574NHA", "expsou": null, "nobjnm": null, "objnam": null, "quasou": null, "souacc": null, "tecsou": null, "verdat": null, "status": null, "inform": null, "ninfom": null, "ntxtds": null, "scamin": 17999, "txtdsc": null, "sordat": null, "sorind": null, "depth": 3.8}}, {"type": "Feature", "id": "layer-50858.691095", "geometry": {"type": "Point", "coordinates": [176.1609353, -37.5937263, 15.3]}, "geometry_name": "shape", "properties": {"fidn": "8584574NIA", "expsou": null, "nobjnm": null, "objnam": null, "quasou": null, "souacc": null, "tecsou": null, "verdat": null, "status": null, "inform": null, "ninfom": null, "ntxtds": null, "scamin": 17999, "txtdsc": null, "sordat": null, "sorind": null, "depth": 15.3}}, {"type": "Feature", "id": "layer-50858.691096", "geometry": {"type": "Point", "coordinates": [176.1940424, -37.5944093, 27.5]}, "geometry_name": "shape", "properties": {"fidn": "8584574NJA", "expsou": null, "nobjnm": null, "objnam": null, "quasou": null, "souacc": null, "tecsou": null, "verdat": null, "status": null, "inform": null, "ninfom": null, "ntxtds": null, "scamin": 17999, "txtdsc": null, "sordat": null, "sorind": null, "depth": 27.5}}, {"type": "Feature", "id": "layer-50858.691097", "geometry": {"type": "Point", "coordinates": [176.1586421, -37.6433131, 3.9]}, "geometry_name": "shape", "properties": {"fidn": "8584574NKA", "expsou": null, "nobjnm": null, "objnam": null, "quasou": null, "souacc": null, "tecsou": null, "verdat": null, "status": null, "inform": null, "ninfom": null, "ntxtds": null, "scamin": 17999, "txtdsc": null, "sordat": null, "sorind": null, "depth": 3.9}}, {"type": "Feature", "id": "layer-50858.691098", "geometry": {"type": "Point", "coordinates": [176.1592287, -37.6207228, 8.3]}, "geometry_name": "shape", "properties": {"fidn": "8584574NLA", "expsou": null, "nobjnm": null, "objnam": null, "quasou": null, "souacc": null, "tecsou": null, "verdat": null, "status": null, "inform": null, "ninfom": null, "ntxtds": null, "scamin": 17999, "txtdsc": null, "sordat": null, "sorind": null, "depth": 8.3}}, {"type": "Feature", "id": "layer-50858.691099", "geometry": {"type": "Point", "coordinates": [176.1796602, -37.6184766, 9.5]}, "geometry_name": "shape", "properties": {"fidn": "8584574NMA", "expsou": null, "nobjnm": null, "objnam": null, "quasou": null, "souacc": null, "tecsou": null, "verdat": null, "status": null, "inform": null, "ninfom": null, "ntxtds": null, "scamin": 17999, "txtdsc": null, "sordat": null, "sorind": null, "depth": 9.5}}, {"type": "Feature", "id": "layer-50858.691100", "geometry": {"type": "Point", "coordinates": [176.1923497, -37.6338182, 2.4]}, "geometry_name": "shape", "properties": {"fidn": "8584574NNA", "expsou": null, "nobjnm": null, "objnam": null, "quasou": null, "souacc": null, "tecsou": null, "verdat": null, "status": null, "inform": null, "ninfom": null, "ntxtds": null, "scamin": 17999, "txtdsc": null, "sordat": null, "sorind": null, "depth": 2.4}}, {"type": "Feature", "id": "layer-50858.691101", "geometry": {"type": "Point", "coordinates": [176.1604143, -37.6450682, 4.5]}, "geometry_name": "shape", "properties": {"fidn": "8584574NOA", "expsou": null, "nobjnm": null, "objnam": null, "quasou": null, "souacc": null, "tecsou": null, "verdat": null, "status": null, "inform": null, "ninfom": null, "ntxtds": null, "scamin": 17999, "txtdsc": null, "sordat": null, "sorind": null, "depth": 4.5}}, {"type": "Feature", "id": "layer-50858.691102", "geometry": {"type": "Point", "coordinates": [176.1457147, -37.6162514, 5.2]}, "geometry_name": "shape", "properties": {"fidn": "8584574NPA", "expsou": null, "nobjnm": null, "objnam": null, "quasou": null, "souacc": null, "tecsou": null, "verdat": null, "status": null, "inform": null, "ninfom": null, "ntxtds": null, "scamin": 17999, "txtdsc": null, "sordat": null, "sorind": null, "depth": 5.2}}, {"type": "Feature", "id": "layer-50858.691103", "geometry": {"type": "Point", "coordinates": [176.1815898, -37.6193885, 10.5]}, "geometry_name": "shape", "properties": {"fidn": "8584574NQA", "expsou": null, "nobjnm": null, "objnam": null, "quasou": null, "souacc": null, "tecsou": null, "verdat": null, "status": null, "inform": null, "ninfom": null, "ntxtds": null, "scamin": 17999, "txtdsc": null, "sordat": null, "sorind": null, "depth": 10.5}}, {"type": "Feature", "id": "layer-50858.691104", "geometry": {"type": "Point", "coordinates": [176.184003, -37.6832229, 0.7]}, "geometry_name": "shape", "properties": {"fidn": "8584574NRA", "expsou": null, "nobjnm": null, "objnam": null, "quasou": null, "souacc": null, "tecsou": null, "verdat": null, "status": null, "inform": null, "ninfom": null, "ntxtds": null, "scamin": 17999, "txtdsc": null, "sordat": null, "sorind": null, "depth": 0.7}}, {"type": "Feature", "id": "layer-50858.691105", "geometry": {"type": "Point", "coordinates": [176.1577488, -37.6221603, 6.2]}, "geometry_name": "shape", "properties": {"fidn": "8584574NSA", "expsou": null, "nobjnm": null, "objnam": null, "quasou": null, "souacc": null, "tecsou": null, "verdat": null, "status": null, "inform": null, "ninfom": null, "ntxtds": null, "scamin": 17999, "txtdsc": null, "sordat": null, "sorind": null, "depth": 6.2}}, {"type": "Feature", "id": "layer-50858.691106", "geometry": {"type": "Point", "coordinates": [176.1410171, -37.6019335, 8.8]}, "geometry_name": "shape", "properties": {"fidn": "8584574NTA", "expsou": null, "nobjnm": null, "objnam": null, "quasou": null, "souacc": null, "tecsou": null, "verdat": null, "status": null, "inform": null, "ninfom": null, "ntxtds": null, "scamin": 17999, "txtdsc": null, "sordat": null, "sorind": null, "depth": 8.8}}, {"type": "Feature", "id": "layer-50858.691107", "geometry": {"type": "Point", "coordinates": [176.1681059, -37.5960135, 12.9]}, "geometry_name": "shape", "properties": {"fidn": "8584574NUA", "expsou": null, "nobjnm": null, "objnam": null, "quasou": null, "souacc": null, "tecsou": null, "verdat": null, "status": null, "inform": null, "ninfom": null, "ntxtds": null, "scamin": 17999, "txtdsc": null, "sordat": null, "sorind": null, "depth": 12.9}}, {"type": "Feature", "id": "layer-50858.691108", "geometry": {"type": "Point", "coordinates": [176.1745906, -37.6724546, 3.8]}, "geometry_name": "shape", "properties": {"fidn": "8584574NVA", "expsou": null, "nobjnm": null, "objnam": null, "quasou": null, "souacc": null, "tecsou": null, "verdat": null, "status": null, "inform": null, "ninfom": null, "ntxtds": null, "scamin": 17999, "txtdsc": null, "sordat": null, "sorind": null, "depth": 3.8}}, {"type": "Feature", "id": "layer-50858.691109", "geometry": {"type": "Point", "coordinates": [176.131655, -37.646415, 0.3]}, "geometry_name": "shape", "properties": {"fidn": "8584574NWA", "expsou": null, "nobjnm": null, "objnam": null, "quasou": null, "souacc": null, "tecsou": null, "verdat": null, "status": null, "inform": null, "ninfom": null, "ntxtds": null, "scamin": 17999, "txtdsc": null, "sordat": null, "sorind": null, "depth": 0.3}}, {"type": "Feature", "id": "layer-50858.691110", "geometry": {"type": "Point", "coordinates": [176.1828254, -37.6787492, 0.1]}, "geometry_name": "shape", "properties": {"fidn": "8584574NXA", "expsou": null, "nobjnm": null, "objnam": null, "quasou": null, "souacc": null, "tecsou": null, "verdat": null, "status": null, "inform": null, "ninfom": null, "ntxtds": null, "scamin": 17999, "txtdsc": null, "sordat": null, "sorind": null, "depth": 0.1}}, {"type": "Feature", "id": "layer-50858.691111", "geometry": {"type": "Point", "coordinates": [176.1638219, -37.5913174, 17.5]}, "geometry_name": "shape", "properties": {"fidn": "8584574NYA", "expsou": null, "nobjnm": null, "objnam": null, "quasou": null, "souacc": null, "tecsou": null, "verdat": null, "status": null, "inform": null, "ninfom": null, "ntxtds": null, "scamin": 17999, "txtdsc": null, "sordat": null, "sorind": null, "depth": 17.5}}, {"type": "Feature", "id": "layer-50858.691112", "geometry": {"type": "Point", "coordinates": [176.1854655, -37.6136713, 14.7]}, "geometry_name": "shape", "properties": {"fidn": "8584574NZA", "expsou": null, "nobjnm": null, "objnam": null, "quasou": null, "souacc": null, "tecsou": null, "verdat": null, "status": null, "inform": null, "ninfom": null, "ntxtds": null, "scamin": 17999, "txtdsc": null, "sordat": null, "sorind": null, "depth": 14.7}}, {"type": "Feature", "id": "layer-50858.691113", "geometry": {"type": "Point", "coordinates": [176.1867065, -37.6297945, 6.6]}, "geometry_name": "shape", "properties": {"fidn": "8584574OAA", "expsou": null, "nobjnm": null, "objnam": null, "quasou": null, "souacc": null, "tecsou": null, "verdat": null, "status": null, "inform": null, "ninfom": null, "ntxtds": null, "scamin": 17999, "txtdsc": null, "sordat": null, "sorind": null, "depth": 6.6}}, {"type": "Feature", "id": "layer-50858.691114", "geometry": {"type": "Point", "coordinates": [176.1644349, -37.607762, 10.9]}, "geometry_name": "shape", "properties": {"fidn": "8584574OBA", "expsou": null, "nobjnm": null, "objnam": null, "quasou": null, "souacc": null, "tecsou": null, "verdat": null, "status": null, "inform": null, "ninfom": null, "ntxtds": null, "scamin": 17999, "txtdsc": null, "sordat": null, "sorind": null, "depth": 10.9}}, {"type": "Feature", "id": "layer-50858.691115", "geometry": {"type": "Point", "coordinates": [176.1846264, -37.5991174, 20.9]}, "geometry_name": "shape", "properties": {"fidn": "8584574OCA", "expsou": null, "nobjnm": null, "objnam": null, "quasou": null, "souacc": null, "tecsou": null, "verdat": null, "status": null, "inform": null, "ninfom": null, "ntxtds": null, "scamin": 17999, "txtdsc": null, "sordat": null, "sorind": null, "depth": 20.9}}, {"type": "Feature", "id": "layer-50858.691116", "geometry": {"type": "Point", "coordinates": [176.1884447, -37.6122843, 17.7]}, "geometry_name": "shape", "properties": {"fidn": "8584574ODA", "expsou": null, "nobjnm": null, "objnam": null, "quasou": null, "souacc": null, "tecsou": null, "verdat": null, "status": null, "inform": null, "ninfom": null, "ntxtds": null, "scamin": 17999, "txtdsc": null, "sordat": null, "sorind": null, "depth": 17.7}}, {"type": "Feature", "id": "layer-50858.691117", "geometry": {"type": "Point", "coordinates": [176.157695, -37.640235, 0.7]}, "geometry_name": "shape", "properties": {"fidn": "8584574OEA", "expsou": null, "nobjnm": null, "objnam": null, "quasou": null, "souacc": null, "tecsou": null, "verdat": null, "status": null, "inform": null, "ninfom": null, "ntxtds": null, "scamin": 17999, "txtdsc": null, "sordat": null, "sorind": null, "depth": 0.7}}, {"type": "Feature", "id": "layer-50858.691118", "geometry": {"type": "Point", "coordinates": [176.1711613, -37.68197, 3.1]}, "geometry_name": "shape", "properties": {"fidn": "8584574OFA", "expsou": null, "nobjnm": null, "objnam": null, "quasou": null, "souacc": null, "tecsou": null, "verdat": null, "status": null, "inform": null, "ninfom": null, "ntxtds": null, "scamin": 17999, "txtdsc": null, "sordat": null, "sorind": null, "depth": 3.1}}, {"type": "Feature", "id": "layer-50858.691119", "geometry": {"type": "Point", "coordinates": [176.1912912, -37.6035479, 23]}, "geometry_name": "shape", "properties": {"fidn": "8584574OGA", "expsou": null, "nobjnm": null, "objnam": null, "quasou": null, "souacc": null, "tecsou": null, "verdat": null, "status": null, "inform": null, "ninfom": null, "ntxtds": null, "scamin": 17999, "txtdsc": null, "sordat": null, "sorind": null, "depth": 23}}, {"type": "Feature", "id": "layer-50858.691120", "geometry": {"type": "Point", "coordinates": [176.179655, -37.5962222, 19.7]}, "geometry_name": "shape", "properties": {"fidn": "8584574OHA", "expsou": null, "nobjnm": null, "objnam": null, "quasou": null, "souacc": null, "tecsou": null, "verdat": null, "status": null, "inform": null, "ninfom": null, "ntxtds": null, "scamin": 17999, "txtdsc": null, "sordat": null, "sorind": null, "depth": 19.7}}, {"type": "Feature", "id": "layer-50858.691121", "geometry": {"type": "Point", "coordinates": [176.16524, -37.6592, 2.4]}, "geometry_name": "shape", "properties": {"fidn": "8584574OIA", "expsou": null, "nobjnm": null, "objnam": null, "quasou": null, "souacc": null, "tecsou": null, "verdat": null, "status": null, "inform": null, "ninfom": null, "ntxtds": null, "scamin": 17999, "txtdsc": null, "sordat": null, "sorind": null, "depth": 2.4}}, {"type": "Feature", "id": "layer-50858.691122", "geometry": {"type": "Point", "coordinates": [176.1648952, -37.6655169, -0.5]}, "geometry_name": "shape", "properties": {"fidn": "8584574OJA", "expsou": null, "nobjnm": null, "objnam": null, "quasou": null, "souacc": null, "tecsou": null, "verdat": null, "status": null, "inform": null, "ninfom": null, "ntxtds": null, "scamin": 17999, "txtdsc": null, "sordat": null, "sorind": null, "depth": -0.5}}, {"type": "Feature", "id": "layer-50858.691123", "geometry": {"type": "Point", "coordinates": [176.1717496, -37.6763774, 3.7]}, "geometry_name": "shape", "properties": {"fidn": "8584574OKA", "expsou": null, "nobjnm": null, "objnam": null, "quasou": null, "souacc": null, "tecsou": null, "verdat": null, "status": null, "inform": null, "ninfom": null, "ntxtds": null, "scamin": 17999, "txtdsc": null, "sordat": null, "sorind": null, "depth": 3.7}}, {"type": "Feature", "id": "layer-50858.691124", "geometry": {"type": "Point", "coordinates": [176.1668298, -37.6036236, 12]}, "geometry_name": "shape", "properties": {"fidn": "8584574OLA", "expsou": null, "nobjnm": null, "objnam": null, "quasou": null, "souacc": null, "tecsou": null, "verdat": null, "status": null, "inform": null, "ninfom": null, "ntxtds": null, "scamin": 17999, "txtdsc": null, "sordat": null, "sorind": null, "depth": 12}}, {"type": "Feature", "id": "layer-50858.691125", "geometry": {"type": "Point", "coordinates": [176.1390723, -37.6064331, 6.7]}, "geometry_name": "shape", "properties": {"fidn": "8584574OMA", "expsou": null, "nobjnm": null, "objnam": null, "quasou": null, "souacc": null, "tecsou": null, "verdat": null, "status": null, "inform": null, "ninfom": null, "ntxtds": null, "scamin": 17999, "txtdsc": null, "sordat": null, "sorind": null, "depth": 6.7}}, {"type": "Feature", "id": "layer-50858.691126", "geometry": {"type": "Point", "coordinates": [176.1889855, -37.6149292, 15.7]}, "geometry_name": "shape", "properties": {"fidn": "8584574ONA", "expsou": null, "nobjnm": null, "objnam": null, "quasou": null, "souacc": null, "tecsou": null, "verdat": null, "status": null, "inform": null, "ninfom": null, "ntxtds": null, "scamin": 17999, "txtdsc": null, "sordat": null, "sorind": null, "depth": 15.7}}, {"type": "Feature", "id": "layer-50858.691127", "geometry": {"type": "Point", "coordinates": [176.1522977, -37.5988556, 11.6]}, "geometry_name": "shape", "properties": {"fidn": "8584574OOA", "expsou": null, "nobjnm": null, "objnam": null, "quasou": null, "souacc": null, "tecsou": null, "verdat": null, "status": null, "inform": null, "ninfom": null, "ntxtds": null, "scamin": 17999, "txtdsc": null, "sordat": null, "sorind": null, "depth": 11.6}}, {"type": "Feature", "id": "layer-50858.691128", "geometry": {"type": "Point", "coordinates": [176.1822424, -37.6006884, 18.1]}, "geometry_name": "shape", "properties": {"fidn": "8584574OPA", "expsou": null, "nobjnm": null, "objnam": null, "quasou": null, "souacc": null, "tecsou": null, "verdat": null, "status": null, "inform": null, "ninfom": null, "ntxtds": null, "scamin": 17999, "txtdsc": null, "sordat": null, "sorind": null, "depth": 18.1}}, {"type": "Feature", "id": "layer-50858.691129", "geometry": {"type": "Point", "coordinates": [176.1778213, -37.601894, 13.7]}, "geometry_name": "shape", "properties": {"fidn": "8584574OQA", "expsou": null, "nobjnm": null, "objnam": null, "quasou": null, "souacc": null, "tecsou": null, "verdat": null, "status": null, "inform": null, "ninfom": null, "ntxtds": null, "scamin": 17999, "txtdsc": null, "sordat": null, "sorind": null, "depth": 13.7}}, {"type": "Feature", "id": "layer-50858.691130", "geometry": {"type": "Point", "coordinates": [176.1498816, -37.6078591, 6]}, "geometry_name": "shape", "properties": {"fidn": "8584574ORA", "expsou": null, "nobjnm": null, "objnam": null, "quasou": null, "souacc": null, "tecsou": null, "verdat": null, "status": null, "inform": null, "ninfom": null, "ntxtds": null, "scamin": 17999, "txtdsc": null, "sordat": null, "sorind": null, "depth": 6}}, {"type": "Feature", "id": "layer-50858.691131", "geometry": {"type": "Point", "coordinates": [176.1366272, -37.6047277, 3.8]}, "geometry_name": "shape", "properties": {"fidn": "8584574OSA", "expsou": null, "nobjnm": null, "objnam": null, "quasou": null, "souacc": null, "tecsou": null, "verdat": null, "status": null, "inform": null, "ninfom": null, "ntxtds": null, "scamin": 17999, "txtdsc": null, "sordat": null, "sorind": null, "depth": 3.8}}, {"type": "Feature", "id": "layer-50858.691132", "geometry": {"type": "Point", "coordinates": [176.1647489, -37.6141598, 10.6]}, "geometry_name": "shape", "properties": {"fidn": "8584574OTA", "expsou": null, "nobjnm": null, "objnam": null, "quasou": null, "souacc": null, "tecsou": null, "verdat": null, "status": null, "inform": null, "ninfom": null, "ntxtds": null, "scamin": 17999, "txtdsc": null, "sordat": null, "sorind": null, "depth": 10.6}}, {"type": "Feature", "id": "layer-50858.691133", "geometry": {"type": "Point", "coordinates": [176.1288519, -37.6382087, -0.6]}, "geometry_name": "shape", "properties": {"fidn": "8584574OUA", "expsou": null, "nobjnm": null, "objnam": null, "quasou": null, "souacc": null, "tecsou": null, "verdat": null, "status": null, "inform": null, "ninfom": null, "ntxtds": null, "scamin": 17999, "txtdsc": null, "sordat": null, "sorind": null, "depth": -0.6}}, {"type": "Feature", "id": "layer-50858.691134", "geometry": {"type": "Point", "coordinates": [176.189297, -37.6326612, 1.5]}, "geometry_name": "shape", "properties": {"fidn": "8584574OVA", "expsou": null, "nobjnm": null, "objnam": null, "quasou": null, "souacc": null, "tecsou": null, "verdat": null, "status": null, "inform": null, "ninfom": null, "ntxtds": null, "scamin": 17999, "txtdsc": null, "sordat": null, "sorind": null, "depth": 1.5}}, {"type": "Feature", "id": "layer-50858.691135", "geometry": {"type": "Point", "coordinates": [176.1399865, -37.5915693, 14.2]}, "geometry_name": "shape", "properties": {"fidn": "8584574OWA", "expsou": null, "nobjnm": null, "objnam": null, "quasou": null, "souacc": null, "tecsou": null, "verdat": null, "status": null, "inform": null, "ninfom": null, "ntxtds": null, "scamin": 17999, "txtdsc": null, "sordat": null, "sorind": null, "depth": 14.2}}, {"type": "Feature", "id": "layer-50858.691136", "geometry": {"type": "Point", "coordinates": [176.1651413, -37.6694704, 1]}, "geometry_name": "shape", "properties": {"fidn": "8584574OXA", "expsou": null, "nobjnm": null, "objnam": null, "quasou": null, "souacc": null, "tecsou": null, "verdat": null, "status": null, "inform": null, "ninfom": null, "ntxtds": null, "scamin": 17999, "txtdsc": null, "sordat": null, "sorind": null, "depth": 1}}, {"type": "Feature", "id": "layer-50858.691137", "geometry": {"type": "Point", "coordinates": [176.1474032, -37.6183415, 4.8]}, "geometry_name": "shape", "properties": {"fidn": "8584574OYA", "expsou": null, "nobjnm": null, "objnam": null, "quasou": null, "souacc": null, "tecsou": null, "verdat": null, "status": null, "inform": null, "ninfom": null, "ntxtds": null, "scamin": 17999, "txtdsc": null, "sordat": null, "sorind": null, "depth": 4.8}}, {"type": "Feature", "id": "layer-50858.691138", "geometry": {"type": "Point", "coordinates": [176.1307002, -37.6394528, 1.4]}, "geometry_name": "shape", "properties": {"fidn": "8584574OZA", "expsou": null, "nobjnm": null, "objnam": null, "quasou": null, "souacc": null, "tecsou": null, "verdat": null, "status": null, "inform": null, "ninfom": null, "ntxtds": null, "scamin": 17999, "txtdsc": null, "sordat": null, "sorind": null, "depth": 1.4}}, {"type": "Feature", "id": "layer-50858.691139", "geometry": {"type": "Point", "coordinates": [176.1667872, -37.6142551, 11]}, "geometry_name": "shape", "properties": {"fidn": "8584574PAA", "expsou": null, "nobjnm": null, "objnam": null, "quasou": null, "souacc": null, "tecsou": null, "verdat": null, "status": null, "inform": null, "ninfom": null, "ntxtds": null, "scamin": 17999, "txtdsc": null, "sordat": null, "sorind": null, "depth": 11}}, {"type": "Feature", "id": "layer-50858.691140", "geometry": {"type": "Point", "coordinates": [176.1596351, -37.6319075, 3.5]}, "geometry_name": "shape", "properties": {"fidn": "8584574PBA", "expsou": null, "nobjnm": null, "objnam": null, "quasou": null, "souacc": null, "tecsou": null, "verdat": null, "status": null, "inform": null, "ninfom": null, "ntxtds": null, "scamin": 17999, "txtdsc": null, "sordat": null, "sorind": null, "depth": 3.5}}, {"type": "Feature", "id": "layer-50858.691141", "geometry": {"type": "Point", "coordinates": [176.1264898, -37.654454, 0.6]}, "geometry_name": "shape", "properties": {"fidn": "8584574PCA", "expsou": null, "nobjnm": null, "objnam": null, "quasou": null, "souacc": null, "tecsou": null, "verdat": null, "status": null, "inform": null, "ninfom": null, "ntxtds": null, "scamin": 17999, "txtdsc": null, "sordat": null, "sorind": null, "depth": 0.6}}, {"type": "Feature", "id": "layer-50858.691142", "geometry": {"type": "Point", "coordinates": [176.1637346, -37.6128958, 9.7]}, "geometry_name": "shape", "properties": {"fidn": "8584574PDA", "expsou": null, "nobjnm": null, "objnam": null, "quasou": null, "souacc": null, "tecsou": null, "verdat": null, "status": null, "inform": null, "ninfom": null, "ntxtds": null, "scamin": 17999, "txtdsc": null, "sordat": null, "sorind": null, "depth": 9.7}}, {"type": "Feature", "id": "layer-50858.691143", "geometry": {"type": "Point", "coordinates": [176.1640677, -37.6005532, 10.8]}, "geometry_name": "shape", "properties": {"fidn": "8584574PEA", "expsou": null, "nobjnm": null, "objnam": null, "quasou": null, "souacc": null, "tecsou": null, "verdat": null, "status": null, "inform": null, "ninfom": null, "ntxtds": null, "scamin": 17999, "txtdsc": null, "sordat": null, "sorind": null, "depth": 10.8}}, {"type": "Feature", "id": "layer-50858.691144", "geometry": {"type": "Point", "coordinates": [176.1460232, -37.6112253, 5.4]}, "geometry_name": "shape", "properties": {"fidn": "8584574PFA", "expsou": null, "nobjnm": null, "objnam": null, "quasou": null, "souacc": null, "tecsou": null, "verdat": null, "status": null, "inform": null, "ninfom": null, "ntxtds": null, "scamin": 17999, "txtdsc": null, "sordat": null, "sorind": null, "depth": 5.4}}, {"type": "Feature", "id": "layer-50858.691145", "geometry": {"type": "Point", "coordinates": [176.1799013, -37.6277583, 4.7]}, "geometry_name": "shape", "properties": {"fidn": "8584574PGA", "expsou": null, "nobjnm": null, "objnam": null, "quasou": null, "souacc": null, "tecsou": null, "verdat": null, "status": null, "inform": null, "ninfom": null, "ntxtds": null, "scamin": 17999, "txtdsc": null, "sordat": null, "sorind": null, "depth": 4.7}}, {"type": "Feature", "id": "layer-50858.691146", "geometry": {"type": "Point", "coordinates": [176.1608274, -37.6377207, 0.5]}, "geometry_name": "shape", "properties": {"fidn": "8584574PHA", "expsou": null, "nobjnm": null, "objnam": null, "quasou": null, "souacc": null, "tecsou": null, "verdat": null, "status": null, "inform": null, "ninfom": null, "ntxtds": null, "scamin": 17999, "txtdsc": null, "sordat": null, "sorind": null, "depth": 0.5}}, {"type": "Feature", "id": "layer-50858.691147", "geometry": {"type": "Point", "coordinates": [176.1649294, -37.6408492, 6.9]}, "geometry_name": "shape", "properties": {"fidn": "8584574PIA", "expsou": null, "nobjnm": null, "objnam": null, "quasou": null, "souacc": null, "tecsou": null, "verdat": null, "status": null, "inform": null, "ninfom": null, "ntxtds": null, "scamin": 17999, "txtdsc": null, "sordat": null, "sorind": null, "depth": 6.9}}, {"type": "Feature", "id": "layer-50858.691148", "geometry": {"type": "Point", "coordinates": [176.1716056, -37.5986802, 11.2]}, "geometry_name": "shape", "properties": {"fidn": "8584574PJA", "expsou": null, "nobjnm": null, "objnam": null, "quasou": null, "souacc": null, "tecsou": null, "verdat": null, "status": null, "inform": null, "ninfom": null, "ntxtds": null, "scamin": 17999, "txtdsc": null, "sordat": null, "sorind": null, "depth": 11.2}}, {"type": "Feature", "id": "layer-50858.691149", "geometry": {"type": "Point", "coordinates": [176.1897674, -37.6021929, 23]}, "geometry_name": "shape", "properties": {"fidn": "8584574PKA", "expsou": null, "nobjnm": null, "objnam": null, "quasou": null, "souacc": null, "tecsou": null, "verdat": null, "status": null, "inform": null, "ninfom": null, "ntxtds": null, "scamin": 17999, "txtdsc": null, "sordat": null, "sorind": null, "depth": 23}}, {"type": "Feature", "id": "layer-50858.691150", "geometry": {"type": "Point", "coordinates": [176.1657482, -37.6050624, 11.3]}, "geometry_name": "shape", "properties": {"fidn": "8584574PLA", "expsou": null, "nobjnm": null, "objnam": null, "quasou": null, "souacc": null, "tecsou": null, "verdat": null, "status": null, "inform": null, "ninfom": null, "ntxtds": null, "scamin": 17999, "txtdsc": null, "sordat": null, "sorind": null, "depth": 11.3}}, {"type": "Feature", "id": "layer-50858.691151", "geometry": {"type": "Point", "coordinates": [176.1872124, -37.6040789, 19.6]}, "geometry_name": "shape", "properties": {"fidn": "8584574PMA", "expsou": null, "nobjnm": null, "objnam": null, "quasou": null, "souacc": null, "tecsou": null, "verdat": null, "status": null, "inform": null, "ninfom": null, "ntxtds": null, "scamin": 17999, "txtdsc": null, "sordat": null, "sorind": null, "depth": 19.6}}, {"type": "Feature", "id": "layer-50858.691152", "geometry": {"type": "Point", "coordinates": [176.1640892, -37.6754888, -0.1]}, "geometry_name": "shape", "properties": {"fidn": "8584574PNA", "expsou": null, "nobjnm": null, "objnam": null, "quasou": null, "souacc": null, "tecsou": null, "verdat": null, "status": null, "inform": null, "ninfom": null, "ntxtds": null, "scamin": 17999, "txtdsc": null, "sordat": null, "sorind": null, "depth": -0.1}}, {"type": "Feature", "id": "layer-50858.691153", "geometry": {"type": "Point", "coordinates": [176.1247032, -37.6315525, 1.4]}, "geometry_name": "shape", "properties": {"fidn": "8584574POA", "expsou": null, "nobjnm": null, "objnam": null, "quasou": null, "souacc": null, "tecsou": null, "verdat": null, "status": null, "inform": null, "ninfom": null, "ntxtds": null, "scamin": 17999, "txtdsc": null, "sordat": null, "sorind": null, "depth": 1.4}}, {"type": "Feature", "id": "layer-50858.691154", "geometry": {"type": "Point", "coordinates": [176.1557047, -37.610127, 6.6]}, "geometry_name": "shape", "properties": {"fidn": "8584574PPA", "expsou": null, "nobjnm": null, "objnam": null, "quasou": null, "souacc": null, "tecsou": null, "verdat": null, "status": null, "inform": null, "ninfom": null, "ntxtds": null, "scamin": 17999, "txtdsc": null, "sordat": null, "sorind": null, "depth": 6.6}}, {"type": "Feature", "id": "layer-50858.691155", "geometry": {"type": "Point", "coordinates": [176.1828197, -37.6283255, 5.6]}, "geometry_name": "shape", "properties": {"fidn": "8584574PQA", "expsou": null, "nobjnm": null, "objnam": null, "quasou": null, "souacc": null, "tecsou": null, "verdat": null, "status": null, "inform": null, "ninfom": null, "ntxtds": null, "scamin": 17999, "txtdsc": null, "sordat": null, "sorind": null, "depth": 5.6}}, {"type": "Feature", "id": "layer-50858.691156", "geometry": {"type": "Point", "coordinates": [176.180362, -37.6296656, 3.7]}, "geometry_name": "shape", "properties": {"fidn": "8584574PRA", "expsou": null, "nobjnm": null, "objnam": null, "quasou": null, "souacc": null, "tecsou": null, "verdat": null, "status": null, "inform": null, "ninfom": null, "ntxtds": null, "scamin": 17999, "txtdsc": null, "sordat": null, "sorind": null, "depth": 3.7}}, {"type": "Feature", "id": "layer-50858.691157", "geometry": {"type": "Point", "coordinates": [176.15509, -37.647415, 6.4]}, "geometry_name": "shape", "properties": {"fidn": "8584574PSA", "expsou": null, "nobjnm": null, "objnam": null, "quasou": null, "souacc": null, "tecsou": null, "verdat": null, "status": null, "inform": null, "ninfom": null, "ntxtds": null, "scamin": 17999, "txtdsc": null, "sordat": null, "sorind": null, "depth": 6.4}}, {"type": "Feature", "id": "layer-50858.691158", "geometry": {"type": "Point", "coordinates": [176.1604394, -37.6016701, 9.2]}, "geometry_name": "shape", "properties": {"fidn": "8584574PTA", "expsou": null, "nobjnm": null, "objnam": null, "quasou": null, "souacc": null, "tecsou": null, "verdat": null, "status": null, "inform": null, "ninfom": null, "ntxtds": null, "scamin": 17999, "txtdsc": null, "sordat": null, "sorind": null, "depth": 9.2}}, {"type": "Feature", "id": "layer-50858.691159", "geometry": {"type": "Point", "coordinates": [176.1585934, -37.6587934, 5.9]}, "geometry_name": "shape", "properties": {"fidn": "8584574PUA", "expsou": null, "nobjnm": null, "objnam": null, "quasou": null, "souacc": null, "tecsou": null, "verdat": null, "status": null, "inform": null, "ninfom": null, "ntxtds": null, "scamin": 17999, "txtdsc": null, "sordat": null, "sorind": null, "depth": 5.9}}, {"type": "Feature", "id": "layer-50858.691160", "geometry": {"type": "Point", "coordinates": [176.1573141, -37.6180599, 6.1]}, "geometry_name": "shape", "properties": {"fidn": "8584574PVA", "expsou": null, "nobjnm": null, "objnam": null, "quasou": null, "souacc": null, "tecsou": null, "verdat": null, "status": null, "inform": null, "ninfom": null, "ntxtds": null, "scamin": 17999, "txtdsc": null, "sordat": null, "sorind": null, "depth": 6.1}}, {"type": "Feature", "id": "layer-50858.691161", "geometry": {"type": "Point", "coordinates": [176.1796799, -37.6755548, -0.6]}, "geometry_name": "shape", "properties": {"fidn": "8584574PWA", "expsou": null, "nobjnm": null, "objnam": null, "quasou": null, "souacc": null, "tecsou": null, "verdat": null, "status": null, "inform": null, "ninfom": null, "ntxtds": null, "scamin": 17999, "txtdsc": null, "sordat": null, "sorind": null, "depth": -0.6}}, {"type": "Feature", "id": "layer-50858.691162", "geometry": {"type": "Point", "coordinates": [176.1237814, -37.657742, 0.2]}, "geometry_name": "shape", "properties": {"fidn": "8584574PXA", "expsou": null, "nobjnm": null, "objnam": null, "quasou": null, "souacc": null, "tecsou": null, "verdat": null, "status": null, "inform": null, "ninfom": null, "ntxtds": null, "scamin": 17999, "txtdsc": null, "sordat": null, "sorind": null, "depth": 0.2}}, {"type": "Feature", "id": "layer-50858.691163", "geometry": {"type": "Point", "coordinates": [176.1703652, -37.6570984, 7.2]}, "geometry_name": "shape", "properties": {"fidn": "8584574PYA", "expsou": null, "nobjnm": null, "objnam": null, "quasou": null, "souacc": null, "tecsou": null, "verdat": null, "status": null, "inform": null, "ninfom": null, "ntxtds": null, "scamin": 17999, "txtdsc": null, "sordat": null, "sorind": null, "depth": 7.2}}, {"type": "Feature", "id": "layer-50858.691164", "geometry": {"type": "Point", "coordinates": [176.1765067, -37.6752976, 1.6]}, "geometry_name": "shape", "properties": {"fidn": "8584574PZA", "expsou": null, "nobjnm": null, "objnam": null, "quasou": null, "souacc": null, "tecsou": null, "verdat": null, "status": null, "inform": null, "ninfom": null, "ntxtds": null, "scamin": 17999, "txtdsc": null, "sordat": null, "sorind": null, "depth": 1.6}}, {"type": "Feature", "id": "layer-50858.691165", "geometry": {"type": "Point", "coordinates": [176.1768177, -37.5978822, 15.9]}, "geometry_name": "shape", "properties": {"fidn": "8584574QAA", "expsou": null, "nobjnm": null, "objnam": null, "quasou": null, "souacc": null, "tecsou": null, "verdat": null, "status": null, "inform": null, "ninfom": null, "ntxtds": null, "scamin": 17999, "txtdsc": null, "sordat": null, "sorind": null, "depth": 15.9}}, {"type": "Feature", "id": "layer-50858.691166", "geometry": {"type": "Point", "coordinates": [176.1303734, -37.6016785, 7.4]}, "geometry_name": "shape", "properties": {"fidn": "8584574QBA", "expsou": null, "nobjnm": null, "objnam": null, "quasou": null, "souacc": null, "tecsou": null, "verdat": null, "status": null, "inform": null, "ninfom": null, "ntxtds": null, "scamin": 17999, "txtdsc": null, "sordat": null, "sorind": null, "depth": 7.4}}, {"type": "Feature", "id": "layer-50858.691167", "geometry": {"type": "Point", "coordinates": [176.1919007, -37.5917464, 28]}, "geometry_name": "shape", "properties": {"fidn": "8584574QCA", "expsou": null, "nobjnm": null, "objnam": null, "quasou": null, "souacc": null, "tecsou": null, "verdat": null, "status": null, "inform": null, "ninfom": null, "ntxtds": null, "scamin": 17999, "txtdsc": null, "sordat": null, "sorind": null, "depth": 28}}, {"type": "Feature", "id": "layer-50858.691168", "geometry": {"type": "Point", "coordinates": [176.1922777, -37.6212779, 13.7]}, "geometry_name": "shape", "properties": {"fidn": "8584574QDA", "expsou": null, "nobjnm": null, "objnam": null, "quasou": null, "souacc": null, "tecsou": null, "verdat": null, "status": null, "inform": null, "ninfom": null, "ntxtds": null, "scamin": 17999, "txtdsc": null, "sordat": null, "sorind": null, "depth": 13.7}}, {"type": "Feature", "id": "layer-50858.691169", "geometry": {"type": "Point", "coordinates": [176.1803171, -37.61555, 10.7]}, "geometry_name": "shape", "properties": {"fidn": "8584574QEA", "expsou": null, "nobjnm": null, "objnam": null, "quasou": null, "souacc": null, "tecsou": null, "verdat": null, "status": null, "inform": null, "ninfom": null, "ntxtds": null, "scamin": 17999, "txtdsc": null, "sordat": null, "sorind": null, "depth": 10.7}}, {"type": "Feature", "id": "layer-50858.691170", "geometry": {"type": "Point", "coordinates": [176.1958921, -37.5995491, 27.5]}, "geometry_name": "shape", "properties": {"fidn": "8584574QFA", "expsou": null, "nobjnm": null, "objnam": null, "quasou": null, "souacc": null, "tecsou": null, "verdat": null, "status": null, "inform": null, "ninfom": null, "ntxtds": null, "scamin": 17999, "txtdsc": null, "sordat": null, "sorind": null, "depth": 27.5}}, {"type": "Feature", "id": "layer-50858.691171", "geometry": {"type": "Point", "coordinates": [176.1624124, -37.67381, -0.2]}, "geometry_name": "shape", "properties": {"fidn": "8584574QGA", "expsou": null, "nobjnm": null, "objnam": null, "quasou": null, "souacc": null, "tecsou": null, "verdat": null, "status": null, "inform": null, "ninfom": null, "ntxtds": null, "scamin": 17999, "txtdsc": null, "sordat": null, "sorind": null, "depth": -0.2}}, {"type": "Feature", "id": "layer-50858.691172", "geometry": {"type": "Point", "coordinates": [176.1767399, -37.679342, -0.4]}, "geometry_name": "shape", "properties": {"fidn": "8584574QHA", "expsou": null, "nobjnm": null, "objnam": null, "quasou": null, "souacc": null, "tecsou": null, "verdat": null, "status": null, "inform": null, "ninfom": null, "ntxtds": null, "scamin": 17999, "txtdsc": null, "sordat": null, "sorind": null, "depth": -0.4}}, {"type": "Feature", "id": "layer-50858.691173", "geometry": {"type": "Point", "coordinates": [176.1544603, -37.5962035, 13.8]}, "geometry_name": "shape", "properties": {"fidn": "8584574QIA", "expsou": null, "nobjnm": null, "objnam": null, "quasou": null, "souacc": null, "tecsou": null, "verdat": null, "status": null, "inform": null, "ninfom": null, "ntxtds": null, "scamin": 17999, "txtdsc": null, "sordat": null, "sorind": null, "depth": 13.8}}, {"type": "Feature", "id": "layer-50858.691174", "geometry": {"type": "Point", "coordinates": [176.1770563, -37.5947293, 19.4]}, "geometry_name": "shape", "properties": {"fidn": "8584574QJA", "expsou": null, "nobjnm": null, "objnam": null, "quasou": null, "souacc": null, "tecsou": null, "verdat": null, "status": null, "inform": null, "ninfom": null, "ntxtds": null, "scamin": 17999, "txtdsc": null, "sordat": null, "sorind": null, "depth": 19.4}}, {"type": "Feature", "id": "layer-50858.691175", "geometry": {"type": "Point", "coordinates": [176.1448778, -37.6553234, 3.2]}, "geometry_name": "shape", "properties": {"fidn": "8584574QKA", "expsou": null, "nobjnm": null, "objnam": null, "quasou": null, "souacc": null, "tecsou": null, "verdat": null, "status": null, "inform": null, "ninfom": null, "ntxtds": null, "scamin": 17999, "txtdsc": null, "sordat": null, "sorind": null, "depth": 3.2}}, {"type": "Feature", "id": "layer-50858.691176", "geometry": {"type": "Point", "coordinates": [176.1295799, -37.6532804, 0.6]}, "geometry_name": "shape", "properties": {"fidn": "8584574QLA", "expsou": null, "nobjnm": null, "objnam": null, "quasou": null, "souacc": null, "tecsou": null, "verdat": null, "status": null, "inform": null, "ninfom": null, "ntxtds": null, "scamin": 17999, "txtdsc": null, "sordat": null, "sorind": null, "depth": 0.6}}, {"type": "Feature", "id": "layer-50858.691177", "geometry": {"type": "Point", "coordinates": [176.1644859, -37.6621959, 1.2]}, "geometry_name": "shape", "properties": {"fidn": "8584574QMA", "expsou": null, "nobjnm": null, "objnam": null, "quasou": null, "souacc": null, "tecsou": null, "verdat": null, "status": null, "inform": null, "ninfom": null, "ntxtds": null, "scamin": 17999, "txtdsc": null, "sordat": null, "sorind": null, "depth": 1.2}}, {"type": "Feature", "id": "layer-50858.691178", "geometry": {"type": "Point", "coordinates": [176.1806693, -37.6715484, -0.7]}, "geometry_name": "shape", "properties": {"fidn": "8584574QNA", "expsou": null, "nobjnm": null, "objnam": null, "quasou": null, "souacc": null, "tecsou": null, "verdat": null, "status": null, "inform": null, "ninfom": null, "ntxtds": null, "scamin": 17999, "txtdsc": null, "sordat": null, "sorind": null, "depth": -0.7}}, {"type": "Feature", "id": "layer-50858.691179", "geometry": {"type": "Point", "coordinates": [176.1626062, -37.5988358, 9.5]}, "geometry_name": "shape", "properties": {"fidn": "8584574QOA", "expsou": null, "nobjnm": null, "objnam": null, "quasou": null, "souacc": null, "tecsou": null, "verdat": null, "status": null, "inform": null, "ninfom": null, "ntxtds": null, "scamin": 17999, "txtdsc": null, "sordat": null, "sorind": null, "depth": 9.5}}, {"type": "Feature", "id": "layer-50858.691180", "geometry": {"type": "Point", "coordinates": [176.1616491, -37.6200495, 11.1]}, "geometry_name": "shape", "properties": {"fidn": "8584574QPA", "expsou": null, "nobjnm": null, "objnam": null, "quasou": null, "souacc": null, "tecsou": null, "verdat": null, "status": null, "inform": null, "ninfom": null, "ntxtds": null, "scamin": 17999, "txtdsc": null, "sordat": null, "sorind": null, "depth": 11.1}}, {"type": "Feature", "id": "layer-50858.691181", "geometry": {"type": "Point", "coordinates": [176.158505, -37.649915, 2.8]}, "geometry_name": "shape", "properties": {"fidn": "8584574QQA", "expsou": null, "nobjnm": null, "objnam": null, "quasou": null, "souacc": null, "tecsou": null, "verdat": null, "status": null, "inform": null, "ninfom": null, "ntxtds": null, "scamin": 17999, "txtdsc": null, "sordat": null, "sorind": null, "depth": 2.8}}, {"type": "Feature", "id": "layer-50858.691182", "geometry": {"type": "Point", "coordinates": [176.1561784, -37.6605167, 0.8]}, "geometry_name": "shape", "properties": {"fidn": "8584574QRA", "expsou": null, "nobjnm": null, "objnam": null, "quasou": null, "souacc": null, "tecsou": null, "verdat": null, "status": null, "inform": null, "ninfom": null, "ntxtds": null, "scamin": 17999, "txtdsc": null, "sordat": null, "sorind": null, "depth": 0.8}}, {"type": "Feature", "id": "layer-50858.691183", "geometry": {"type": "Point", "coordinates": [176.1663258, -37.6022258, 11.6]}, "geometry_name": "shape", "properties": {"fidn": "8584574QSA", "expsou": null, "nobjnm": null, "objnam": null, "quasou": null, "souacc": null, "tecsou": null, "verdat": null, "status": null, "inform": null, "ninfom": null, "ntxtds": null, "scamin": 17999, "txtdsc": null, "sordat": null, "sorind": null, "depth": 11.6}}, {"type": "Feature", "id": "layer-50858.691184", "geometry": {"type": "Point", "coordinates": [176.1566308, -37.5916141, 16.9]}, "geometry_name": "shape", "properties": {"fidn": "8584574QTA", "expsou": null, "nobjnm": null, "objnam": null, "quasou": null, "souacc": null, "tecsou": null, "verdat": null, "status": null, "inform": null, "ninfom": null, "ntxtds": null, "scamin": 17999, "txtdsc": null, "sordat": null, "sorind": null, "depth": 16.9}}, {"type": "Feature", "id": "layer-50858.691185", "geometry": {"type": "Point", "coordinates": [176.1656384, -37.6450012, 1.7]}, "geometry_name": "shape", "properties": {"fidn": "8584574QUA", "expsou": null, "nobjnm": null, "objnam": null, "quasou": null, "souacc": null, "tecsou": null, "verdat": null, "status": null, "inform": null, "ninfom": null, "ntxtds": null, "scamin": 17999, "txtdsc": null, "sordat": null, "sorind": null, "depth": 1.7}}, {"type": "Feature", "id": "layer-50858.691186", "geometry": {"type": "Point", "coordinates": [176.1666533, -37.6431724, 2.5]}, "geometry_name": "shape", "properties": {"fidn": "8584574QVA", "expsou": null, "nobjnm": null, "objnam": null, "quasou": null, "souacc": null, "tecsou": null, "verdat": null, "status": null, "inform": null, "ninfom": null, "ntxtds": null, "scamin": 17999, "txtdsc": null, "sordat": null, "sorind": null, "depth": 2.5}}, {"type": "Feature", "id": "layer-50858.691187", "geometry": {"type": "Point", "coordinates": [176.1650077, -37.6204335, 13]}, "geometry_name": "shape", "properties": {"fidn": "8584574QWA", "expsou": null, "nobjnm": null, "objnam": null, "quasou": null, "souacc": null, "tecsou": null, "verdat": null, "status": null, "inform": null, "ninfom": null, "ntxtds": null, "scamin": 17999, "txtdsc": null, "sordat": null, "sorind": null, "depth": 13}}, {"type": "Feature", "id": "layer-50858.691188", "geometry": {"type": "Point", "coordinates": [176.178045, -37.646275, 3.5]}, "geometry_name": "shape", "properties": {"fidn": "8584574QXA", "expsou": null, "nobjnm": null, "objnam": null, "quasou": null, "souacc": null, "tecsou": null, "verdat": null, "status": null, "inform": null, "ninfom": null, "ntxtds": null, "scamin": 17999, "txtdsc": null, "sordat": null, "sorind": null, "depth": 3.5}}, {"type": "Feature", "id": "layer-50858.691189", "geometry": {"type": "Point", "coordinates": [176.1375096, -37.6012481, 9.2]}, "geometry_name": "shape", "properties": {"fidn": "8584574QYA", "expsou": null, "nobjnm": null, "objnam": null, "quasou": null, "souacc": null, "tecsou": null, "verdat": null, "status": null, "inform": null, "ninfom": null, "ntxtds": null, "scamin": 17999, "txtdsc": null, "sordat": null, "sorind": null, "depth": 9.2}}, {"type": "Feature", "id": "layer-50858.691190", "geometry": {"type": "Point", "coordinates": [176.1398514, -37.6579529, -0.2]}, "geometry_name": "shape", "properties": {"fidn": "8584575AAA", "expsou": null, "nobjnm": null, "objnam": null, "quasou": null, "souacc": null, "tecsou": null, "verdat": null, "status": null, "inform": null, "ninfom": null, "ntxtds": null, "scamin": 29999, "txtdsc": null, "sordat": null, "sorind": null, "depth": -0.2}}, {"type": "Feature", "id": "layer-50858.691191", "geometry": {"type": "Point", "coordinates": [176.173685, -37.6487, 0.3]}, "geometry_name": "shape", "properties": {"fidn": "8584575ABA", "expsou": null, "nobjnm": null, "objnam": null, "quasou": null, "souacc": null, "tecsou": null, "verdat": null, "status": null, "inform": null, "ninfom": null, "ntxtds": null, "scamin": 29999, "txtdsc": null, "sordat": null, "sorind": null, "depth": 0.3}}, {"type": "Feature", "id": "layer-50858.691192", "geometry": {"type": "Point", "coordinates": [176.1944347, -37.6386402, 2.6]}, "geometry_name": "shape", "properties": {"fidn": "8584575ACA", "expsou": null, "nobjnm": null, "objnam": null, "quasou": null, "souacc": null, "tecsou": null, "verdat": null, "status": null, "inform": null, "ninfom": null, "ntxtds": null, "scamin": 29999, "txtdsc": null, "sordat": null, "sorind": null, "depth": 2.6}}, {"type": "Feature", "id": "layer-50858.691193", "geometry": {"type": "Point", "coordinates": [176.17227, -37.685775, 5.2]}, "geometry_name": "shape", "properties": {"fidn": "8584575ADA", "expsou": null, "nobjnm": null, "objnam": null, "quasou": null, "souacc": null, "tecsou": null, "verdat": null, "status": null, "inform": null, "ninfom": null, "ntxtds": null, "scamin": 29999, "txtdsc": null, "sordat": null, "sorind": null, "depth": 5.2}}, {"type": "Feature", "id": "layer-50858.691194", "geometry": {"type": "Point", "coordinates": [176.1732113, -37.6546485, 1]}, "geometry_name": "shape", "properties": {"fidn": "8584575AEA", "expsou": null, "nobjnm": null, "objnam": null, "quasou": null, "souacc": null, "tecsou": null, "verdat": null, "status": null, "inform": null, "ninfom": null, "ntxtds": null, "scamin": 29999, "txtdsc": null, "sordat": null, "sorind": null, "depth": 1}}, {"type": "Feature", "id": "layer-50858.691195", "geometry": {"type": "Point", "coordinates": [176.1221492, -37.6260854, -1]}, "geometry_name": "shape", "properties": {"fidn": "8584575AFA", "expsou": null, "nobjnm": null, "objnam": null, "quasou": null, "souacc": null, "tecsou": null, "verdat": null, "status": null, "inform": null, "ninfom": null, "ntxtds": null, "scamin": 29999, "txtdsc": null, "sordat": null, "sorind": null, "depth": -1}}, {"type": "Feature", "id": "layer-50858.691196", "geometry": {"type": "Point", "coordinates": [176.1549756, -37.6573718, 1.4]}, "geometry_name": "shape", "properties": {"fidn": "8584575AGA", "expsou": null, "nobjnm": null, "objnam": null, "quasou": null, "souacc": null, "tecsou": null, "verdat": null, "status": null, "inform": null, "ninfom": null, "ntxtds": null, "scamin": 29999, "txtdsc": null, "sordat": null, "sorind": null, "depth": 1.4}}, {"type": "Feature", "id": "layer-50858.691197", "geometry": {"type": "Point", "coordinates": [176.1795755, -37.6169448, 10.2]}, "geometry_name": "shape", "properties": {"fidn": "8584575AHA", "expsou": null, "nobjnm": null, "objnam": null, "quasou": null, "souacc": null, "tecsou": null, "verdat": null, "status": null, "inform": null, "ninfom": null, "ntxtds": null, "scamin": 29999, "txtdsc": null, "sordat": null, "sorind": null, "depth": 10.2}}, {"type": "Feature", "id": "layer-50858.691198", "geometry": {"type": "Point", "coordinates": [176.1345325, -37.592945, 11.3]}, "geometry_name": "shape", "properties": {"fidn": "8584575AIA", "expsou": null, "nobjnm": null, "objnam": null, "quasou": null, "souacc": null, "tecsou": null, "verdat": null, "status": null, "inform": null, "ninfom": null, "ntxtds": null, "scamin": 29999, "txtdsc": null, "sordat": null, "sorind": null, "depth": 11.3}}, {"type": "Feature", "id": "layer-50858.691199", "geometry": {"type": "Point", "coordinates": [176.1579166, -37.6390314, -0.4]}, "geometry_name": "shape", "properties": {"fidn": "8584575AJA", "expsou": null, "nobjnm": null, "objnam": null, "quasou": null, "souacc": null, "tecsou": null, "verdat": null, "status": null, "inform": null, "ninfom": null, "ntxtds": null, "scamin": 29999, "txtdsc": null, "sordat": null, "sorind": null, "depth": -0.4}}, {"type": "Feature", "id": "layer-50858.691200", "geometry": {"type": "Point", "coordinates": [176.1495309, -37.6594773, 0.3]}, "geometry_name": "shape", "properties": {"fidn": "8584575AKA", "expsou": null, "nobjnm": null, "objnam": null, "quasou": null, "souacc": null, "tecsou": null, "verdat": null, "status": null, "inform": null, "ninfom": null, "ntxtds": null, "scamin": 29999, "txtdsc": null, "sordat": null, "sorind": null, "depth": 0.3}}, {"type": "Feature", "id": "layer-50858.691201", "geometry": {"type": "Point", "coordinates": [176.1868101, -37.6257565, 9.5]}, "geometry_name": "shape", "properties": {"fidn": "8584575ALA", "expsou": null, "nobjnm": null, "objnam": null, "quasou": null, "souacc": null, "tecsou": null, "verdat": null, "status": null, "inform": null, "ninfom": null, "ntxtds": null, "scamin": 29999, "txtdsc": null, "sordat": null, "sorind": null, "depth": 9.5}}, {"type": "Feature", "id": "layer-50858.691202", "geometry": {"type": "Point", "coordinates": [176.1899951, -37.6188931, 12.1]}, "geometry_name": "shape", "properties": {"fidn": "8584575AMA", "expsou": null, "nobjnm": null, "objnam": null, "quasou": null, "souacc": null, "tecsou": null, "verdat": null, "status": null, "inform": null, "ninfom": null, "ntxtds": null, "scamin": 29999, "txtdsc": null, "sordat": null, "sorind": null, "depth": 12.1}}, {"type": "Feature", "id": "layer-50858.691203", "geometry": {"type": "Point", "coordinates": [176.1517789, -37.6137696, 5]}, "geometry_name": "shape", "properties": {"fidn": "8584575ANA", "expsou": null, "nobjnm": null, "objnam": null, "quasou": null, "souacc": null, "tecsou": null, "verdat": null, "status": null, "inform": null, "ninfom": null, "ntxtds": null, "scamin": 29999, "txtdsc": null, "sordat": null, "sorind": null, "depth": 5}}, {"type": "Feature", "id": "layer-50858.691204", "geometry": {"type": "Point", "coordinates": [176.1409856, -37.6455681, 5.4]}, "geometry_name": "shape", "properties": {"fidn": "8584575AOA", "expsou": null, "nobjnm": null, "objnam": null, "quasou": null, "souacc": null, "tecsou": null, "verdat": null, "status": null, "inform": null, "ninfom": null, "ntxtds": null, "scamin": 29999, "txtdsc": null, "sordat": null, "sorind": null, "depth": 5.4}}, {"type": "Feature", "id": "layer-50858.691205", "geometry": {"type": "Point", "coordinates": [176.1930671, -37.6257884, 2.6]}, "geometry_name": "shape", "properties": {"fidn": "8584575APA", "expsou": null, "nobjnm": null, "objnam": null, "quasou": null, "souacc": null, "tecsou": null, "verdat": null, "status": null, "inform": null, "ninfom": null, "ntxtds": null, "scamin": 29999, "txtdsc": null, "sordat": null, "sorind": null, "depth": 2.6}}, {"type": "Feature", "id": "layer-50858.691206", "geometry": {"type": "Point", "coordinates": [176.1844292, -37.6236058, 9.8]}, "geometry_name": "shape", "properties": {"fidn": "8584575AQA", "expsou": null, "nobjnm": null, "objnam": null, "quasou": null, "souacc": null, "tecsou": null, "verdat": null, "status": null, "inform": null, "ninfom": null, "ntxtds": null, "scamin": 29999, "txtdsc": null, "sordat": null, "sorind": null, "depth": 9.8}}, {"type": "Feature", "id": "layer-50858.691207", "geometry": {"type": "Point", "coordinates": [176.1496382, -37.5984881, 12.2]}, "geometry_name": "shape", "properties": {"fidn": "8584575ARA", "expsou": null, "nobjnm": null, "objnam": null, "quasou": null, "souacc": null, "tecsou": null, "verdat": null, "status": null, "inform": null, "ninfom": null, "ntxtds": null, "scamin": 29999, "txtdsc": null, "sordat": null, "sorind": null, "depth": 12.2}}, {"type": "Feature", "id": "layer-50858.691208", "geometry": {"type": "Point", "coordinates": [176.178, -37.63981, 8.3]}, "geometry_name": "shape", "properties": {"fidn": "8584575ASA", "expsou": null, "nobjnm": null, "objnam": null, "quasou": null, "souacc": null, "tecsou": null, "verdat": null, "status": null, "inform": null, "ninfom": null, "ntxtds": null, "scamin": 29999, "txtdsc": null, "sordat": null, "sorind": null, "depth": 8.3}}, {"type": "Feature", "id": "layer-50858.691209", "geometry": {"type": "Point", "coordinates": [176.18336, -37.6046104, 15.8]}, "geometry_name": "shape", "properties": {"fidn": "8584575ATA", "expsou": null, "nobjnm": null, "objnam": null, "quasou": null, "souacc": null, "tecsou": null, "verdat": null, "status": null, "inform": null, "ninfom": null, "ntxtds": null, "scamin": 29999, "txtdsc": null, "sordat": null, "sorind": null, "depth": 15.8}}, {"type": "Feature", "id": "layer-50858.691210", "geometry": {"type": "Point", "coordinates": [176.1315513, -37.6476636, -0.3]}, "geometry_name": "shape", "properties": {"fidn": "8584575AUA", "expsou": null, "nobjnm": null, "objnam": null, "quasou": null, "souacc": null, "tecsou": null, "verdat": null, "status": null, "inform": null, "ninfom": null, "ntxtds": null, "scamin": 29999, "txtdsc": null, "sordat": null, "sorind": null, "depth": -0.3}}, {"type": "Feature", "id": "layer-50858.691211", "geometry": {"type": "Point", "coordinates": [176.1560696, -37.6618234, -0.4]}, "geometry_name": "shape", "properties": {"fidn": "8584575AVA", "expsou": null, "nobjnm": null, "objnam": null, "quasou": null, "souacc": null, "tecsou": null, "verdat": null, "status": null, "inform": null, "ninfom": null, "ntxtds": null, "scamin": 29999, "txtdsc": null, "sordat": null, "sorind": null, "depth": -0.4}}, {"type": "Feature", "id": "layer-50858.691212", "geometry": {"type": "Point", "coordinates": [176.142841, -37.5991455, 11.1]}, "geometry_name": "shape", "properties": {"fidn": "8584575AWA", "expsou": null, "nobjnm": null, "objnam": null, "quasou": null, "souacc": null, "tecsou": null, "verdat": null, "status": null, "inform": null, "ninfom": null, "ntxtds": null, "scamin": 29999, "txtdsc": null, "sordat": null, "sorind": null, "depth": 11.1}}, {"type": "Feature", "id": "layer-50858.691213", "geometry": {"type": "Point", "coordinates": [176.1429757, -37.6528575, 1.2]}, "geometry_name": "shape", "properties": {"fidn": "8584575AXA", "expsou": null, "nobjnm": null, "objnam": null, "quasou": null, "souacc": null, "tecsou": null, "verdat": null, "status": null, "inform": null, "ninfom": null, "ntxtds": null, "scamin": 29999, "txtdsc": null, "sordat": null, "sorind": null, "depth": 1.2}}, {"type": "Feature", "id": "layer-50858.691214", "geometry": {"type": "Point", "coordinates": [176.1289676, -37.6480159, 0.2]}, "geometry_name": "shape", "properties": {"fidn": "8584575AYA", "expsou": null, "nobjnm": null, "objnam": null, "quasou": null, "souacc": null, "tecsou": null, "verdat": null, "status": null, "inform": null, "ninfom": null, "ntxtds": null, "scamin": 29999, "txtdsc": null, "sordat": null, "sorind": null, "depth": 0.2}}, {"type": "Feature", "id": "layer-50858.691215", "geometry": {"type": "Point", "coordinates": [176.1721231, -37.6730122, 2.6]}, "geometry_name": "shape", "properties": {"fidn": "8584575AZA", "expsou": null, "nobjnm": null, "objnam": null, "quasou": null, "souacc": null, "tecsou": null, "verdat": null, "status": null, "inform": null, "ninfom": null, "ntxtds": null, "scamin": 29999, "txtdsc": null, "sordat": null, "sorind": null, "depth": 2.6}}, {"type": "Feature", "id": "layer-50858.691216", "geometry": {"type": "Point", "coordinates": [176.1764393, -37.5932411, 20.6]}, "geometry_name": "shape", "properties": {"fidn": "8584575BAA", "expsou": null, "nobjnm": null, "objnam": null, "quasou": null, "souacc": null, "tecsou": null, "verdat": null, "status": null, "inform": null, "ninfom": null, "ntxtds": null, "scamin": 29999, "txtdsc": null, "sordat": null, "sorind": null, "depth": 20.6}}, {"type": "Feature", "id": "layer-50858.691217", "geometry": {"type": "Point", "coordinates": [176.1533778, -37.6228057, 4.7]}, "geometry_name": "shape", "properties": {"fidn": "8584575BBA", "expsou": null, "nobjnm": null, "objnam": null, "quasou": null, "souacc": null, "tecsou": null, "verdat": null, "status": null, "inform": null, "ninfom": null, "ntxtds": null, "scamin": 29999, "txtdsc": null, "sordat": null, "sorind": null, "depth": 4.7}}, {"type": "Feature", "id": "layer-50858.691218", "geometry": {"type": "Point", "coordinates": [176.1412518, -37.6130613, 5.8]}, "geometry_name": "shape", "properties": {"fidn": "8584575BCA", "expsou": null, "nobjnm": null, "objnam": null, "quasou": null, "souacc": null, "tecsou": null, "verdat": null, "status": null, "inform": null, "ninfom": null, "ntxtds": null, "scamin": 29999, "txtdsc": null, "sordat": null, "sorind": null, "depth": 5.8}}, {"type": "Feature", "id": "layer-50858.691219", "geometry": {"type": "Point", "coordinates": [176.1361558, -37.6344961, -0.4]}, "geometry_name": "shape", "properties": {"fidn": "8584575BDA", "expsou": null, "nobjnm": null, "objnam": null, "quasou": null, "souacc": null, "tecsou": null, "verdat": null, "status": null, "inform": null, "ninfom": null, "ntxtds": null, "scamin": 29999, "txtdsc": null, "sordat": null, "sorind": null, "depth": -0.4}}, {"type": "Feature", "id": "layer-50858.691220", "geometry": {"type": "Point", "coordinates": [176.1625175, -37.6568911, 1.9]}, "geometry_name": "shape", "properties": {"fidn": "8584575BEA", "expsou": null, "nobjnm": null, "objnam": null, "quasou": null, "souacc": null, "tecsou": null, "verdat": null, "status": null, "inform": null, "ninfom": null, "ntxtds": null, "scamin": 29999, "txtdsc": null, "sordat": null, "sorind": null, "depth": 1.9}}, {"type": "Feature", "id": "layer-50858.691221", "geometry": {"type": "Point", "coordinates": [176.1847525, -37.6151518, 13]}, "geometry_name": "shape", "properties": {"fidn": "8584575BFA", "expsou": null, "nobjnm": null, "objnam": null, "quasou": null, "souacc": null, "tecsou": null, "verdat": null, "status": null, "inform": null, "ninfom": null, "ntxtds": null, "scamin": 29999, "txtdsc": null, "sordat": null, "sorind": null, "depth": 13}}, {"type": "Feature", "id": "layer-50858.691222", "geometry": {"type": "Point", "coordinates": [176.1297212, -37.6351395, -0.9]}, "geometry_name": "shape", "properties": {"fidn": "8584575BGA", "expsou": null, "nobjnm": null, "objnam": null, "quasou": null, "souacc": null, "tecsou": null, "verdat": null, "status": null, "inform": null, "ninfom": null, "ntxtds": null, "scamin": 29999, "txtdsc": null, "sordat": null, "sorind": null, "depth": -0.9}}, {"type": "Feature", "id": "layer-50858.691223", "geometry": {"type": "Point", "coordinates": [176.1779446, -37.6474546, 1]}, "geometry_name": "shape", "properties": {"fidn": "8584575BHA", "expsou": null, "nobjnm": null, "objnam": null, "quasou": null, "souacc": null, "tecsou": null, "verdat": null, "status": null, "inform": null, "ninfom": null, "ntxtds": null, "scamin": 29999, "txtdsc": null, "sordat": null, "sorind": null, "depth": 1}}, {"type": "Feature", "id": "layer-50858.691224", "geometry": {"type": "Point", "coordinates": [176.1246897, -37.6199596, 0.9]}, "geometry_name": "shape", "properties": {"fidn": "8584575BIA", "expsou": null, "nobjnm": null, "objnam": null, "quasou": null, "souacc": null, "tecsou": null, "verdat": null, "status": null, "inform": null, "ninfom": null, "ntxtds": null, "scamin": 29999, "txtdsc": null, "sordat": null, "sorind": null, "depth": 0.9}}, {"type": "Feature", "id": "layer-50858.691225", "geometry": {"type": "Point", "coordinates": [176.16569, -37.631235, 3.4]}, "geometry_name": "shape", "properties": {"fidn": "8584575BJA", "expsou": null, "nobjnm": null, "objnam": null, "quasou": null, "souacc": null, "tecsou": null, "verdat": null, "status": null, "inform": null, "ninfom": null, "ntxtds": null, "scamin": 29999, "txtdsc": null, "sordat": null, "sorind": null, "depth": 3.4}}, {"type": "Feature", "id": "layer-50858.691226", "geometry": {"type": "Point", "coordinates": [176.1236046, -37.6175083, -0.9]}, "geometry_name": "shape", "properties": {"fidn": "8584575BKA", "expsou": null, "nobjnm": null, "objnam": null, "quasou": null, "souacc": null, "tecsou": null, "verdat": null, "status": null, "inform": null, "ninfom": null, "ntxtds": null, "scamin": 29999, "txtdsc": null, "sordat": null, "sorind": null, "depth": -0.9}}, {"type": "Feature", "id": "layer-50858.691227", "geometry": {"type": "Point", "coordinates": [176.1805487, -37.6727396, -0.8]}, "geometry_name": "shape", "properties": {"fidn": "8584575BLA", "expsou": null, "nobjnm": null, "objnam": null, "quasou": null, "souacc": null, "tecsou": null, "verdat": null, "status": null, "inform": null, "ninfom": null, "ntxtds": null, "scamin": 29999, "txtdsc": null, "sordat": null, "sorind": null, "depth": -0.8}}, {"type": "Feature", "id": "layer-50858.691228", "geometry": {"type": "Point", "coordinates": [176.159225, -37.64613, 4.6]}, "geometry_name": "shape", "properties": {"fidn": "8584575BMA", "expsou": null, "nobjnm": null, "objnam": null, "quasou": null, "souacc": null, "tecsou": null, "verdat": null, "status": null, "inform": null, "ninfom": null, "ntxtds": null, "scamin": 29999, "txtdsc": null, "sordat": null, "sorind": null, "depth": 4.6}}, {"type": "Feature", "id": "layer-50858.691229", "geometry": {"type": "Point", "coordinates": [176.1607212, -37.6292769, 11.9]}, "geometry_name": "shape", "properties": {"fidn": "8584575BNA", "expsou": null, "nobjnm": null, "objnam": null, "quasou": null, "souacc": null, "tecsou": null, "verdat": null, "status": null, "inform": null, "ninfom": null, "ntxtds": null, "scamin": 29999, "txtdsc": null, "sordat": null, "sorind": null, "depth": 11.9}}, {"type": "Feature", "id": "layer-50858.691230", "geometry": {"type": "Point", "coordinates": [176.1458184, -37.5916137, 15.3]}, "geometry_name": "shape", "properties": {"fidn": "8584575BOA", "expsou": null, "nobjnm": null, "objnam": null, "quasou": null, "souacc": null, "tecsou": null, "verdat": null, "status": null, "inform": null, "ninfom": null, "ntxtds": null, "scamin": 29999, "txtdsc": null, "sordat": null, "sorind": null, "depth": 15.3}}, {"type": "Feature", "id": "layer-50858.691231", "geometry": {"type": "Point", "coordinates": [176.1697288, -37.6531456, 2.3]}, "geometry_name": "shape", "properties": {"fidn": "8584575BPA", "expsou": null, "nobjnm": null, "objnam": null, "quasou": null, "souacc": null, "tecsou": null, "verdat": null, "status": null, "inform": null, "ninfom": null, "ntxtds": null, "scamin": 29999, "txtdsc": null, "sordat": null, "sorind": null, "depth": 2.3}}, {"type": "Feature", "id": "layer-50858.691232", "geometry": {"type": "Point", "coordinates": [176.1611272, -37.6349668, 1.1]}, "geometry_name": "shape", "properties": {"fidn": "8584575BQA", "expsou": null, "nobjnm": null, "objnam": null, "quasou": null, "souacc": null, "tecsou": null, "verdat": null, "status": null, "inform": null, "ninfom": null, "ntxtds": null, "scamin": 29999, "txtdsc": null, "sordat": null, "sorind": null, "depth": 1.1}}, {"type": "Feature", "id": "layer-50858.691233", "geometry": {"type": "Point", "coordinates": [176.1266005, -37.6187149, -1.1]}, "geometry_name": "shape", "properties": {"fidn": "8584575BRA", "expsou": null, "nobjnm": null, "objnam": null, "quasou": null, "souacc": null, "tecsou": null, "verdat": null, "status": null, "inform": null, "ninfom": null, "ntxtds": null, "scamin": 29999, "txtdsc": null, "sordat": null, "sorind": null, "depth": -1.1}}, {"type": "Feature", "id": "layer-50858.691234", "geometry": {"type": "Point", "coordinates": [176.182, -37.6257082, 7.6]}, "geometry_name": "shape", "properties": {"fidn": "8584575BSA", "expsou": null, "nobjnm": null, "objnam": null, "quasou": null, "souacc": null, "tecsou": null, "verdat": null, "status": null, "inform": null, "ninfom": null, "ntxtds": null, "scamin": 29999, "txtdsc": null, "sordat": null, "sorind": null, "depth": 7.6}}, {"type": "Feature", "id": "layer-50858.691235", "geometry": {"type": "Point", "coordinates": [176.167237, -37.6009216, 11.1]}, "geometry_name": "shape", "properties": {"fidn": "8584575BTA", "expsou": null, "nobjnm": null, "objnam": null, "quasou": null, "souacc": null, "tecsou": null, "verdat": null, "status": null, "inform": null, "ninfom": null, "ntxtds": null, "scamin": 29999, "txtdsc": null, "sordat": null, "sorind": null, "depth": 11.1}}, {"type": "Feature", "id": "layer-50858.691236", "geometry": {"type": "Point", "coordinates": [176.132005, -37.6082549, 0.4]}, "geometry_name": "shape", "properties": {"fidn": "8584575BUA", "expsou": null, "nobjnm": null, "objnam": null, "quasou": null, "souacc": null, "tecsou": null, "verdat": null, "status": null, "inform": null, "ninfom": null, "ntxtds": null, "scamin": 29999, "txtdsc": null, "sordat": null, "sorind": null, "depth": 0.4}}, {"type": "Feature", "id": "layer-50858.691237", "geometry": {"type": "Point", "coordinates": [176.17575, -37.6397, 2.7]}, "geometry_name": "shape", "properties": {"fidn": "8584575BVA", "expsou": null, "nobjnm": null, "objnam": null, "quasou": null, "souacc": null, "tecsou": null, "verdat": null, "status": null, "inform": null, "ninfom": null, "ntxtds": null, "scamin": 29999, "txtdsc": null, "sordat": null, "sorind": null, "depth": 2.7}}, {"type": "Feature", "id": "layer-50858.691238", "geometry": {"type": "Point", "coordinates": [176.1971847, -37.6199052, 15.3]}, "geometry_name": "shape", "properties": {"fidn": "8584575BWA", "expsou": null, "nobjnm": null, "objnam": null, "quasou": null, "souacc": null, "tecsou": null, "verdat": null, "status": null, "inform": null, "ninfom": null, "ntxtds": null, "scamin": 29999, "txtdsc": null, "sordat": null, "sorind": null, "depth": 15.3}}, {"type": "Feature", "id": "layer-50858.691239", "geometry": {"type": "Point", "coordinates": [176.1651371, -37.6669458, 0.7]}, "geometry_name": "shape", "properties": {"fidn": "8584575BXA", "expsou": null, "nobjnm": null, "objnam": null, "quasou": null, "souacc": null, "tecsou": null, "verdat": null, "status": null, "inform": null, "ninfom": null, "ntxtds": null, "scamin": 29999, "txtdsc": null, "sordat": null, "sorind": null, "depth": 0.7}}, {"type": "Feature", "id": "layer-50858.691240", "geometry": {"type": "Point", "coordinates": [176.1864453, -37.6184911, 11.9]}, "geometry_name": "shape", "properties": {"fidn": "8584575BYA", "expsou": null, "nobjnm": null, "objnam": null, "quasou": null, "souacc": null, "tecsou": null, "verdat": null, "status": null, "inform": null, "ninfom": null, "ntxtds": null, "scamin": 29999, "txtdsc": null, "sordat": null, "sorind": null, "depth": 11.9}}, {"type": "Feature", "id": "layer-50858.691241", "geometry": {"type": "Point", "coordinates": [176.1253149, -37.6582305, -0.6]}, "geometry_name": "shape", "properties": {"fidn": "8584575BZA", "expsou": null, "nobjnm": null, "objnam": null, "quasou": null, "souacc": null, "tecsou": null, "verdat": null, "status": null, "inform": null, "ninfom": null, "ntxtds": null, "scamin": 29999, "txtdsc": null, "sordat": null, "sorind": null, "depth": -0.6}}, {"type": "Feature", "id": "layer-50858.691242", "geometry": {"type": "Point", "coordinates": [176.1701524, -37.62282, 8.5]}, "geometry_name": "shape", "properties": {"fidn": "8584575CAA", "expsou": null, "nobjnm": null, "objnam": null, "quasou": null, "souacc": null, "tecsou": null, "verdat": null, "status": null, "inform": null, "ninfom": null, "ntxtds": null, "scamin": 29999, "txtdsc": null, "sordat": null, "sorind": null, "depth": 8.5}}, {"type": "Feature", "id": "layer-50858.691243", "geometry": {"type": "Point", "coordinates": [176.1883974, -37.6827386, -1]}, "geometry_name": "shape", "properties": {"fidn": "8584575CBA", "expsou": null, "nobjnm": null, "objnam": null, "quasou": null, "souacc": null, "tecsou": null, "verdat": null, "status": null, "inform": null, "ninfom": null, "ntxtds": null, "scamin": 29999, "txtdsc": null, "sordat": null, "sorind": null, "depth": -1}}, {"type": "Feature", "id": "layer-50858.691244", "geometry": {"type": "Point", "coordinates": [176.13313, -37.652635, -0.7]}, "geometry_name": "shape", "properties": {"fidn": "8584575CCA", "expsou": null, "nobjnm": null, "objnam": null, "quasou": null, "souacc": null, "tecsou": null, "verdat": null, "status": null, "inform": null, "ninfom": null, "ntxtds": null, "scamin": 29999, "txtdsc": null, "sordat": null, "sorind": null, "depth": -0.7}}, {"type": "Feature", "id": "layer-50858.691245", "geometry": {"type": "Point", "coordinates": [176.1831873, -37.6726027, 0.6]}, "geometry_name": "shape", "properties": {"fidn": "8584575CDA", "expsou": null, "nobjnm": null, "objnam": null, "quasou": null, "souacc": null, "tecsou": null, "verdat": null, "status": null, "inform": null, "ninfom": null, "ntxtds": null, "scamin": 29999, "txtdsc": null, "sordat": null, "sorind": null, "depth": 0.6}}, {"type": "Feature", "id": "layer-50858.691246", "geometry": {"type": "Point", "coordinates": [176.1769223, -37.6838486, -0.7]}, "geometry_name": "shape", "properties": {"fidn": "8584575CEA", "expsou": null, "nobjnm": null, "objnam": null, "quasou": null, "souacc": null, "tecsou": null, "verdat": null, "status": null, "inform": null, "ninfom": null, "ntxtds": null, "scamin": 29999, "txtdsc": null, "sordat": null, "sorind": null, "depth": -0.7}}, {"type": "Feature", "id": "layer-50858.691247", "geometry": {"type": "Point", "coordinates": [176.1903198, -37.6059333, 20.4]}, "geometry_name": "shape", "properties": {"fidn": "8584575CFA", "expsou": null, "nobjnm": null, "objnam": null, "quasou": null, "souacc": null, "tecsou": null, "verdat": null, "status": null, "inform": null, "ninfom": null, "ntxtds": null, "scamin": 29999, "txtdsc": null, "sordat": null, "sorind": null, "depth": 20.4}}, {"type": "Feature", "id": "layer-50858.691248", "geometry": {"type": "Point", "coordinates": [176.17584, -37.656095, 6.6]}, "geometry_name": "shape", "properties": {"fidn": "8584575CGA", "expsou": null, "nobjnm": null, "objnam": null, "quasou": null, "souacc": null, "tecsou": null, "verdat": null, "status": null, "inform": null, "ninfom": null, "ntxtds": null, "scamin": 29999, "txtdsc": null, "sordat": null, "sorind": null, "depth": 6.6}}, {"type": "Feature", "id": "layer-50858.691249", "geometry": {"type": "Point", "coordinates": [176.1781503, -37.6769215, -0.4]}, "geometry_name": "shape", "properties": {"fidn": "8584575CHA", "expsou": null, "nobjnm": null, "objnam": null, "quasou": null, "souacc": null, "tecsou": null, "verdat": null, "status": null, "inform": null, "ninfom": null, "ntxtds": null, "scamin": 29999, "txtdsc": null, "sordat": null, "sorind": null, "depth": -0.4}}, {"type": "Feature", "id": "layer-50858.691250", "geometry": {"type": "Point", "coordinates": [176.1441482, -37.6452884, 9.5]}, "geometry_name": "shape", "properties": {"fidn": "8584575CIA", "expsou": null, "nobjnm": null, "objnam": null, "quasou": null, "souacc": null, "tecsou": null, "verdat": null, "status": null, "inform": null, "ninfom": null, "ntxtds": null, "scamin": 29999, "txtdsc": null, "sordat": null, "sorind": null, "depth": 9.5}}, {"type": "Feature", "id": "layer-50858.691251", "geometry": {"type": "Point", "coordinates": [176.1329559, -37.6451183, 2.9]}, "geometry_name": "shape", "properties": {"fidn": "8584575CJA", "expsou": null, "nobjnm": null, "objnam": null, "quasou": null, "souacc": null, "tecsou": null, "verdat": null, "status": null, "inform": null, "ninfom": null, "ntxtds": null, "scamin": 29999, "txtdsc": null, "sordat": null, "sorind": null, "depth": 2.9}}, {"type": "Feature", "id": "layer-50858.691252", "geometry": {"type": "Point", "coordinates": [176.1907997, -37.6262877, 2.6]}, "geometry_name": "shape", "properties": {"fidn": "8584575CKA", "expsou": null, "nobjnm": null, "objnam": null, "quasou": null, "souacc": null, "tecsou": null, "verdat": null, "status": null, "inform": null, "ninfom": null, "ntxtds": null, "scamin": 29999, "txtdsc": null, "sordat": null, "sorind": null, "depth": 2.6}}, {"type": "Feature", "id": "layer-50858.691253", "geometry": {"type": "Point", "coordinates": [176.176425, -37.653485, 0.6]}, "geometry_name": "shape", "properties": {"fidn": "8584575CLA", "expsou": null, "nobjnm": null, "objnam": null, "quasou": null, "souacc": null, "tecsou": null, "verdat": null, "status": null, "inform": null, "ninfom": null, "ntxtds": null, "scamin": 29999, "txtdsc": null, "sordat": null, "sorind": null, "depth": 0.6}}, {"type": "Feature", "id": "layer-50858.691254", "geometry": {"type": "Point", "coordinates": [176.1935777, -37.6224559, 10.7]}, "geometry_name": "shape", "properties": {"fidn": "8584575CMA", "expsou": null, "nobjnm": null, "objnam": null, "quasou": null, "souacc": null, "tecsou": null, "verdat": null, "status": null, "inform": null, "ninfom": null, "ntxtds": null, "scamin": 29999, "txtdsc": null, "sordat": null, "sorind": null, "depth": 10.7}}, {"type": "Feature", "id": "layer-50858.691255", "geometry": {"type": "Point", "coordinates": [176.1396652, -37.6539739, 1.2]}, "geometry_name": "shape", "properties": {"fidn": "8584575CNA", "expsou": null, "nobjnm": null, "objnam": null, "quasou": null, "souacc": null, "tecsou": null, "verdat": null, "status": null, "inform": null, "ninfom": null, "ntxtds": null, "scamin": 29999, "txtdsc": null, "sordat": null, "sorind": null, "depth": 1.2}}, {"type": "Feature", "id": "layer-50858.691256", "geometry": {"type": "Point", "coordinates": [176.1666278, -37.6447045, 2.2]}, "geometry_name": "shape", "properties": {"fidn": "8584575COA", "expsou": null, "nobjnm": null, "objnam": null, "quasou": null, "souacc": null, "tecsou": null, "verdat": null, "status": null, "inform": null, "ninfom": null, "ntxtds": null, "scamin": 29999, "txtdsc": null, "sordat": null, "sorind": null, "depth": 2.2}}, {"type": "Feature", "id": "layer-50858.691257", "geometry": {"type": "Point", "coordinates": [176.1383408, -37.5924657, 13.5]}, "geometry_name": "shape", "properties": {"fidn": "8584575CPA", "expsou": null, "nobjnm": null, "objnam": null, "quasou": null, "souacc": null, "tecsou": null, "verdat": null, "status": null, "inform": null, "ninfom": null, "ntxtds": null, "scamin": 29999, "txtdsc": null, "sordat": null, "sorind": null, "depth": 13.5}}, {"type": "Feature", "id": "layer-50858.691258", "geometry": {"type": "Point", "coordinates": [176.1739588, -37.6660154, 0.7]}, "geometry_name": "shape", "properties": {"fidn": "8584575CQA", "expsou": null, "nobjnm": null, "objnam": null, "quasou": null, "souacc": null, "tecsou": null, "verdat": null, "status": null, "inform": null, "ninfom": null, "ntxtds": null, "scamin": 29999, "txtdsc": null, "sordat": null, "sorind": null, "depth": 0.7}}, {"type": "Feature", "id": "layer-50858.691259", "geometry": {"type": "Point", "coordinates": [176.1727, -37.642915, -0.7]}, "geometry_name": "shape", "properties": {"fidn": "8584575CRA", "expsou": null, "nobjnm": null, "objnam": null, "quasou": null, "souacc": null, "tecsou": null, "verdat": null, "status": null, "inform": null, "ninfom": null, "ntxtds": null, "scamin": 29999, "txtdsc": null, "sordat": null, "sorind": null, "depth": -0.7}}, {"type": "Feature", "id": "layer-50858.691260", "geometry": {"type": "Point", "coordinates": [176.1801179, -37.5936105, 22.5]}, "geometry_name": "shape", "properties": {"fidn": "8584575CSA", "expsou": null, "nobjnm": null, "objnam": null, "quasou": null, "souacc": null, "tecsou": null, "verdat": null, "status": null, "inform": null, "ninfom": null, "ntxtds": null, "scamin": 29999, "txtdsc": null, "sordat": null, "sorind": null, "depth": 22.5}}, {"type": "Feature", "id": "layer-50858.691261", "geometry": {"type": "Point", "coordinates": [176.1666268, -37.6260125, 10.7]}, "geometry_name": "shape", "properties": {"fidn": "8584575CTA", "expsou": null, "nobjnm": null, "objnam": null, "quasou": null, "souacc": null, "tecsou": null, "verdat": null, "status": null, "inform": null, "ninfom": null, "ntxtds": null, "scamin": 29999, "txtdsc": null, "sordat": null, "sorind": null, "depth": 10.7}}, {"type": "Feature", "id": "layer-50858.691262", "geometry": {"type": "Point", "coordinates": [176.1619903, -37.5962231, 11.4]}, "geometry_name": "shape", "properties": {"fidn": "8584575CUA", "expsou": null, "nobjnm": null, "objnam": null, "quasou": null, "souacc": null, "tecsou": null, "verdat": null, "status": null, "inform": null, "ninfom": null, "ntxtds": null, "scamin": 29999, "txtdsc": null, "sordat": null, "sorind": null, "depth": 11.4}}, {"type": "Feature", "id": "layer-50858.691263", "geometry": {"type": "Point", "coordinates": [176.1620953, -37.6121708, 8.9]}, "geometry_name": "shape", "properties": {"fidn": "8584575CVA", "expsou": null, "nobjnm": null, "objnam": null, "quasou": null, "souacc": null, "tecsou": null, "verdat": null, "status": null, "inform": null, "ninfom": null, "ntxtds": null, "scamin": 29999, "txtdsc": null, "sordat": null, "sorind": null, "depth": 8.9}}, {"type": "Feature", "id": "layer-50858.691264", "geometry": {"type": "Point", "coordinates": [176.156215, -37.64788, 4.5]}, "geometry_name": "shape", "properties": {"fidn": "8584575CWA", "expsou": null, "nobjnm": null, "objnam": null, "quasou": null, "souacc": null, "tecsou": null, "verdat": null, "status": null, "inform": null, "ninfom": null, "ntxtds": null, "scamin": 29999, "txtdsc": null, "sordat": null, "sorind": null, "depth": 4.5}}, {"type": "Feature", "id": "layer-50858.691265", "geometry": {"type": "Point", "coordinates": [176.16201, -37.64581, 0.7]}, "geometry_name": "shape", "properties": {"fidn": "8584575CXA", "expsou": null, "nobjnm": null, "objnam": null, "quasou": null, "souacc": null, "tecsou": null, "verdat": null, "status": null, "inform": null, "ninfom": null, "ntxtds": null, "scamin": 29999, "txtdsc": null, "sordat": null, "sorind": null, "depth": 0.7}}, {"type": "Feature", "id": "layer-50858.691266", "geometry": {"type": "Point", "coordinates": [176.1789687, -37.6245116, 6.7]}, "geometry_name": "shape", "properties": {"fidn": "8584575CYA", "expsou": null, "nobjnm": null, "objnam": null, "quasou": null, "souacc": null, "tecsou": null, "verdat": null, "status": null, "inform": null, "ninfom": null, "ntxtds": null, "scamin": 29999, "txtdsc": null, "sordat": null, "sorind": null, "depth": 6.7}}, {"type": "Feature", "id": "layer-50858.691267", "geometry": {"type": "Point", "coordinates": [176.1808324, -37.5992434, 17.9]}, "geometry_name": "shape", "properties": {"fidn": "8584575CZA", "expsou": null, "nobjnm": null, "objnam": null, "quasou": null, "souacc": null, "tecsou": null, "verdat": null, "status": null, "inform": null, "ninfom": null, "ntxtds": null, "scamin": 29999, "txtdsc": null, "sordat": null, "sorind": null, "depth": 17.9}}, {"type": "Feature", "id": "layer-50858.691268", "geometry": {"type": "Point", "coordinates": [176.1688366, -37.6256822, 3.2]}, "geometry_name": "shape", "properties": {"fidn": "8584575DAA", "expsou": null, "nobjnm": null, "objnam": null, "quasou": null, "souacc": null, "tecsou": null, "verdat": null, "status": null, "inform": null, "ninfom": null, "ntxtds": null, "scamin": 29999, "txtdsc": null, "sordat": null, "sorind": null, "depth": 3.2}}, {"type": "Feature", "id": "layer-50858.691269", "geometry": {"type": "Point", "coordinates": [176.1875148, -37.6142785, 15.2]}, "geometry_name": "shape", "properties": {"fidn": "8584575DBA", "expsou": null, "nobjnm": null, "objnam": null, "quasou": null, "souacc": null, "tecsou": null, "verdat": null, "status": null, "inform": null, "ninfom": null, "ntxtds": null, "scamin": 29999, "txtdsc": null, "sordat": null, "sorind": null, "depth": 15.2}}, {"type": "Feature", "id": "layer-50858.691270", "geometry": {"type": "Point", "coordinates": [176.1597329, -37.5942675, 14.8]}, "geometry_name": "shape", "properties": {"fidn": "8584575DCA", "expsou": null, "nobjnm": null, "objnam": null, "quasou": null, "souacc": null, "tecsou": null, "verdat": null, "status": null, "inform": null, "ninfom": null, "ntxtds": null, "scamin": 29999, "txtdsc": null, "sordat": null, "sorind": null, "depth": 14.8}}, {"type": "Feature", "id": "layer-50858.691271", "geometry": {"type": "Point", "coordinates": [176.1747884, -37.6858437, 1.6]}, "geometry_name": "shape", "properties": {"fidn": "8584575DDA", "expsou": null, "nobjnm": null, "objnam": null, "quasou": null, "souacc": null, "tecsou": null, "verdat": null, "status": null, "inform": null, "ninfom": null, "ntxtds": null, "scamin": 29999, "txtdsc": null, "sordat": null, "sorind": null, "depth": 1.6}}, {"type": "Feature", "id": "layer-50858.691272", "geometry": {"type": "Point", "coordinates": [176.191983, -37.6376491, 1.3]}, "geometry_name": "shape", "properties": {"fidn": "8584575DEA", "expsou": null, "nobjnm": null, "objnam": null, "quasou": null, "souacc": null, "tecsou": null, "verdat": null, "status": null, "inform": null, "ninfom": null, "ntxtds": null, "scamin": 29999, "txtdsc": null, "sordat": null, "sorind": null, "depth": 1.3}}, {"type": "Feature", "id": "layer-50858.691273", "geometry": {"type": "Point", "coordinates": [176.1812374, -37.6601442, 7]}, "geometry_name": "shape", "properties": {"fidn": "8584575DFA", "expsou": null, "nobjnm": null, "objnam": null, "quasou": null, "souacc": null, "tecsou": null, "verdat": null, "status": null, "inform": null, "ninfom": null, "ntxtds": null, "scamin": 29999, "txtdsc": null, "sordat": null, "sorind": null, "depth": 7}}, {"type": "Feature", "id": "layer-50858.691274", "geometry": {"type": "Point", "coordinates": [176.1461885, -37.6584925, 0.1]}, "geometry_name": "shape", "properties": {"fidn": "8584575DGA", "expsou": null, "nobjnm": null, "objnam": null, "quasou": null, "souacc": null, "tecsou": null, "verdat": null, "status": null, "inform": null, "ninfom": null, "ntxtds": null, "scamin": 29999, "txtdsc": null, "sordat": null, "sorind": null, "depth": 0.1}}, {"type": "Feature", "id": "layer-50858.691275", "geometry": {"type": "Point", "coordinates": [176.1469343, -37.6546402, 1.3]}, "geometry_name": "shape", "properties": {"fidn": "8584575DHA", "expsou": null, "nobjnm": null, "objnam": null, "quasou": null, "souacc": null, "tecsou": null, "verdat": null, "status": null, "inform": null, "ninfom": null, "ntxtds": null, "scamin": 29999, "txtdsc": null, "sordat": null, "sorind": null, "depth": 1.3}}, {"type": "Feature", "id": "layer-50858.691276", "geometry": {"type": "Point", "coordinates": [176.1527671, -37.6603984, -0.3]}, "geometry_name": "shape", "properties": {"fidn": "8584575DIA", "expsou": null, "nobjnm": null, "objnam": null, "quasou": null, "souacc": null, "tecsou": null, "verdat": null, "status": null, "inform": null, "ninfom": null, "ntxtds": null, "scamin": 29999, "txtdsc": null, "sordat": null, "sorind": null, "depth": -0.3}}, {"type": "Feature", "id": "layer-50858.691277", "geometry": {"type": "Point", "coordinates": [176.1968819, -37.5919831, 28.5]}, "geometry_name": "shape", "properties": {"fidn": "8584575DJA", "expsou": null, "nobjnm": null, "objnam": null, "quasou": null, "souacc": null, "tecsou": null, "verdat": null, "status": null, "inform": null, "ninfom": null, "ntxtds": null, "scamin": 29999, "txtdsc": null, "sordat": null, "sorind": null, "depth": 28.5}}, {"type": "Feature", "id": "layer-50858.691278", "geometry": {"type": "Point", "coordinates": [176.145247, -37.6041528, 2.9]}, "geometry_name": "shape", "properties": {"fidn": "8584575DKA", "expsou": null, "nobjnm": null, "objnam": null, "quasou": null, "souacc": null, "tecsou": null, "verdat": null, "status": null, "inform": null, "ninfom": null, "ntxtds": null, "scamin": 29999, "txtdsc": null, "sordat": null, "sorind": null, "depth": 2.9}}, {"type": "Feature", "id": "layer-50858.691279", "geometry": {"type": "Point", "coordinates": [176.1774355, -37.6138311, 10.7]}, "geometry_name": "shape", "properties": {"fidn": "8584575DLA", "expsou": null, "nobjnm": null, "objnam": null, "quasou": null, "souacc": null, "tecsou": null, "verdat": null, "status": null, "inform": null, "ninfom": null, "ntxtds": null, "scamin": 29999, "txtdsc": null, "sordat": null, "sorind": null, "depth": 10.7}}, {"type": "Feature", "id": "layer-50858.691280", "geometry": {"type": "Point", "coordinates": [176.17162, -37.65095, 0.7]}, "geometry_name": "shape", "properties": {"fidn": "8584575DMA", "expsou": null, "nobjnm": null, "objnam": null, "quasou": null, "souacc": null, "tecsou": null, "verdat": null, "status": null, "inform": null, "ninfom": null, "ntxtds": null, "scamin": 29999, "txtdsc": null, "sordat": null, "sorind": null, "depth": 0.7}}, {"type": "Feature", "id": "layer-50858.691281", "geometry": {"type": "Point", "coordinates": [176.1809742, -37.6312808, 0.7]}, "geometry_name": "shape", "properties": {"fidn": "8584575DNA", "expsou": null, "nobjnm": null, "objnam": null, "quasou": null, "souacc": null, "tecsou": null, "verdat": null, "status": null, "inform": null, "ninfom": null, "ntxtds": null, "scamin": 29999, "txtdsc": null, "sordat": null, "sorind": null, "depth": 0.7}}, {"type": "Feature", "id": "layer-50858.691282", "geometry": {"type": "Point", "coordinates": [176.1882394, -37.6319489, 1.2]}, "geometry_name": "shape", "properties": {"fidn": "8584575DOA", "expsou": null, "nobjnm": null, "objnam": null, "quasou": null, "souacc": null, "tecsou": null, "verdat": null, "status": null, "inform": null, "ninfom": null, "ntxtds": null, "scamin": 29999, "txtdsc": null, "sordat": null, "sorind": null, "depth": 1.2}}, {"type": "Feature", "id": "layer-50858.691283", "geometry": {"type": "Point", "coordinates": [176.1584215, -37.6104494, 7.4]}, "geometry_name": "shape", "properties": {"fidn": "8584575DPA", "expsou": null, "nobjnm": null, "objnam": null, "quasou": null, "souacc": null, "tecsou": null, "verdat": null, "status": null, "inform": null, "ninfom": null, "ntxtds": null, "scamin": 29999, "txtdsc": null, "sordat": null, "sorind": null, "depth": 7.4}}, {"type": "Feature", "id": "layer-50858.691284", "geometry": {"type": "Point", "coordinates": [176.1658807, -37.6649026, -0.6]}, "geometry_name": "shape", "properties": {"fidn": "8584575DQA", "expsou": null, "nobjnm": null, "objnam": null, "quasou": null, "souacc": null, "tecsou": null, "verdat": null, "status": null, "inform": null, "ninfom": null, "ntxtds": null, "scamin": 29999, "txtdsc": null, "sordat": null, "sorind": null, "depth": -0.6}}, {"type": "Feature", "id": "layer-50858.691285", "geometry": {"type": "Point", "coordinates": [176.1532541, -37.6800983, -1.2]}, "geometry_name": "shape", "properties": {"fidn": "8584575DRA", "expsou": null, "nobjnm": null, "objnam": null, "quasou": null, "souacc": null, "tecsou": null, "verdat": null, "status": null, "inform": null, "ninfom": null, "ntxtds": null, "scamin": 29999, "txtdsc": null, "sordat": null, "sorind": null, "depth": -1.2}}, {"type": "Feature", "id": "layer-50858.691286", "geometry": {"type": "Point", "coordinates": [176.1374227, -37.6127998, 0.7]}, "geometry_name": "shape", "properties": {"fidn": "8584575DSA", "expsou": null, "nobjnm": null, "objnam": null, "quasou": null, "souacc": null, "tecsou": null, "verdat": null, "status": null, "inform": null, "ninfom": null, "ntxtds": null, "scamin": 29999, "txtdsc": null, "sordat": null, "sorind": null, "depth": 0.7}}, {"type": "Feature", "id": "layer-50858.691287", "geometry": {"type": "Point", "coordinates": [176.1599925, -37.6780079, -0.9]}, "geometry_name": "shape", "properties": {"fidn": "8584575DTA", "expsou": null, "nobjnm": null, "objnam": null, "quasou": null, "souacc": null, "tecsou": null, "verdat": null, "status": null, "inform": null, "ninfom": null, "ntxtds": null, "scamin": 29999, "txtdsc": null, "sordat": null, "sorind": null, "depth": -0.9}}, {"type": "Feature", "id": "layer-50858.691288", "geometry": {"type": "Point", "coordinates": [176.1242139, -37.6020713, 0.5]}, "geometry_name": "shape", "properties": {"fidn": "8584575DUA", "expsou": null, "nobjnm": null, "objnam": null, "quasou": null, "souacc": null, "tecsou": null, "verdat": null, "status": null, "inform": null, "ninfom": null, "ntxtds": null, "scamin": 29999, "txtdsc": null, "sordat": null, "sorind": null, "depth": 0.5}}, {"type": "Feature", "id": "layer-50858.691289", "geometry": {"type": "Point", "coordinates": [176.136815, -37.65164, -0.4]}, "geometry_name": "shape", "properties": {"fidn": "8584575DVA", "expsou": null, "nobjnm": null, "objnam": null, "quasou": null, "souacc": null, "tecsou": null, "verdat": null, "status": null, "inform": null, "ninfom": null, "ntxtds": null, "scamin": 29999, "txtdsc": null, "sordat": null, "sorind": null, "depth": -0.4}}, {"type": "Feature", "id": "layer-50858.691290", "geometry": {"type": "Point", "coordinates": [176.1849529, -37.6284859, 6.5]}, "geometry_name": "shape", "properties": {"fidn": "8584575DWA", "expsou": null, "nobjnm": null, "objnam": null, "quasou": null, "souacc": null, "tecsou": null, "verdat": null, "status": null, "inform": null, "ninfom": null, "ntxtds": null, "scamin": 29999, "txtdsc": null, "sordat": null, "sorind": null, "depth": 6.5}}, {"type": "Feature", "id": "layer-50858.691291", "geometry": {"type": "Point", "coordinates": [176.16789, -37.64263, 1.6]}, "geometry_name": "shape", "properties": {"fidn": "8584575DXA", "expsou": null, "nobjnm": null, "objnam": null, "quasou": null, "souacc": null, "tecsou": null, "verdat": null, "status": null, "inform": null, "ninfom": null, "ntxtds": null, "scamin": 29999, "txtdsc": null, "sordat": null, "sorind": null, "depth": 1.6}}, {"type": "Feature", "id": "layer-50858.691292", "geometry": {"type": "Point", "coordinates": [176.1759485, -37.6175666, 9.8]}, "geometry_name": "shape", "properties": {"fidn": "8584575DYA", "expsou": null, "nobjnm": null, "objnam": null, "quasou": null, "souacc": null, "tecsou": null, "verdat": null, "status": null, "inform": null, "ninfom": null, "ntxtds": null, "scamin": 29999, "txtdsc": null, "sordat": null, "sorind": null, "depth": 9.8}}, {"type": "Feature", "id": "layer-50858.691293", "geometry": {"type": "Point", "coordinates": [176.1658742, -37.6067293, 10.9]}, "geometry_name": "shape", "properties": {"fidn": "8584575DZA", "expsou": null, "nobjnm": null, "objnam": null, "quasou": null, "souacc": null, "tecsou": null, "verdat": null, "status": null, "inform": null, "ninfom": null, "ntxtds": null, "scamin": 29999, "txtdsc": null, "sordat": null, "sorind": null, "depth": 10.9}}, {"type": "Feature", "id": "layer-50858.691294", "geometry": {"type": "Point", "coordinates": [176.1430903, -37.5938754, 13.8]}, "geometry_name": "shape", "properties": {"fidn": "8584575EAA", "expsou": null, "nobjnm": null, "objnam": null, "quasou": null, "souacc": null, "tecsou": null, "verdat": null, "status": null, "inform": null, "ninfom": null, "ntxtds": null, "scamin": 29999, "txtdsc": null, "sordat": null, "sorind": null, "depth": 13.8}}, {"type": "Feature", "id": "layer-50858.691295", "geometry": {"type": "Point", "coordinates": [176.15419, -37.649095, 4.2]}, "geometry_name": "shape", "properties": {"fidn": "8584575EBA", "expsou": null, "nobjnm": null, "objnam": null, "quasou": null, "souacc": null, "tecsou": null, "verdat": null, "status": null, "inform": null, "ninfom": null, "ntxtds": null, "scamin": 29999, "txtdsc": null, "sordat": null, "sorind": null, "depth": 4.2}}, {"type": "Feature", "id": "layer-50858.691296", "geometry": {"type": "Point", "coordinates": [176.1862896, -37.6802096, -0.2]}, "geometry_name": "shape", "properties": {"fidn": "8584575ECA", "expsou": null, "nobjnm": null, "objnam": null, "quasou": null, "souacc": null, "tecsou": null, "verdat": null, "status": null, "inform": null, "ninfom": null, "ntxtds": null, "scamin": 29999, "txtdsc": null, "sordat": null, "sorind": null, "depth": -0.2}}, {"type": "Feature", "id": "layer-50858.691297", "geometry": {"type": "Point", "coordinates": [176.1374247, -37.6436751, 12]}, "geometry_name": "shape", "properties": {"fidn": "8584575EDA", "expsou": null, "nobjnm": null, "objnam": null, "quasou": null, "souacc": null, "tecsou": null, "verdat": null, "status": null, "inform": null, "ninfom": null, "ntxtds": null, "scamin": 29999, "txtdsc": null, "sordat": null, "sorind": null, "depth": 12}}, {"type": "Feature", "id": "layer-50858.691298", "geometry": {"type": "Point", "coordinates": [176.1832505, -37.6203892, 10.4]}, "geometry_name": "shape", "properties": {"fidn": "8584575EEA", "expsou": null, "nobjnm": null, "objnam": null, "quasou": null, "souacc": null, "tecsou": null, "verdat": null, "status": null, "inform": null, "ninfom": null, "ntxtds": null, "scamin": 29999, "txtdsc": null, "sordat": null, "sorind": null, "depth": 10.4}}, {"type": "Feature", "id": "layer-50858.691299", "geometry": {"type": "Point", "coordinates": [176.1830401, -37.6798313, -0.4]}, "geometry_name": "shape", "properties": {"fidn": "8584575EFA", "expsou": null, "nobjnm": null, "objnam": null, "quasou": null, "souacc": null, "tecsou": null, "verdat": null, "status": null, "inform": null, "ninfom": null, "ntxtds": null, "scamin": 29999, "txtdsc": null, "sordat": null, "sorind": null, "depth": -0.4}}, {"type": "Feature", "id": "layer-50858.691300", "geometry": {"type": "Point", "coordinates": [176.1597077, -37.6593913, 3.9]}, "geometry_name": "shape", "properties": {"fidn": "8584575EGA", "expsou": null, "nobjnm": null, "objnam": null, "quasou": null, "souacc": null, "tecsou": null, "verdat": null, "status": null, "inform": null, "ninfom": null, "ntxtds": null, "scamin": 29999, "txtdsc": null, "sordat": null, "sorind": null, "depth": 3.9}}, {"type": "Feature", "id": "layer-50858.691301", "geometry": {"type": "Point", "coordinates": [176.1823344, -37.5913634, 25.5]}, "geometry_name": "shape", "properties": {"fidn": "8584575EHA", "expsou": null, "nobjnm": null, "objnam": null, "quasou": null, "souacc": null, "tecsou": null, "verdat": null, "status": null, "inform": null, "ninfom": null, "ntxtds": null, "scamin": 29999, "txtdsc": null, "sordat": null, "sorind": null, "depth": 25.5}}, {"type": "Feature", "id": "layer-50858.691302", "geometry": {"type": "Point", "coordinates": [176.1541438, -37.6115511, 5]}, "geometry_name": "shape", "properties": {"fidn": "8584575EIA", "expsou": null, "nobjnm": null, "objnam": null, "quasou": null, "souacc": null, "tecsou": null, "verdat": null, "status": null, "inform": null, "ninfom": null, "ntxtds": null, "scamin": 29999, "txtdsc": null, "sordat": null, "sorind": null, "depth": 5}}, {"type": "Feature", "id": "layer-50858.691303", "geometry": {"type": "Point", "coordinates": [176.1517742, -37.603311, 4.4]}, "geometry_name": "shape", "properties": {"fidn": "8584575EJA", "expsou": null, "nobjnm": null, "objnam": null, "quasou": null, "souacc": null, "tecsou": null, "verdat": null, "status": null, "inform": null, "ninfom": null, "ntxtds": null, "scamin": 29999, "txtdsc": null, "sordat": null, "sorind": null, "depth": 4.4}}, {"type": "Feature", "id": "layer-50858.691304", "geometry": {"type": "Point", "coordinates": [176.1812269, -37.6288889, 4.4]}, "geometry_name": "shape", "properties": {"fidn": "8584575EKA", "expsou": null, "nobjnm": null, "objnam": null, "quasou": null, "souacc": null, "tecsou": null, "verdat": null, "status": null, "inform": null, "ninfom": null, "ntxtds": null, "scamin": 29999, "txtdsc": null, "sordat": null, "sorind": null, "depth": 4.4}}, {"type": "Feature", "id": "layer-50858.691305", "geometry": {"type": "Point", "coordinates": [176.1722452, -37.6088179, 12.9]}, "geometry_name": "shape", "properties": {"fidn": "8584575ELA", "expsou": null, "nobjnm": null, "objnam": null, "quasou": null, "souacc": null, "tecsou": null, "verdat": null, "status": null, "inform": null, "ninfom": null, "ntxtds": null, "scamin": 29999, "txtdsc": null, "sordat": null, "sorind": null, "depth": 12.9}}, {"type": "Feature", "id": "layer-50858.691306", "geometry": {"type": "Point", "coordinates": [176.125755, -37.651375, -0.8]}, "geometry_name": "shape", "properties": {"fidn": "8584575EMA", "expsou": null, "nobjnm": null, "objnam": null, "quasou": null, "souacc": null, "tecsou": null, "verdat": null, "status": null, "inform": null, "ninfom": null, "ntxtds": null, "scamin": 29999, "txtdsc": null, "sordat": null, "sorind": null, "depth": -0.8}}, {"type": "Feature", "id": "layer-50858.691307", "geometry": {"type": "Point", "coordinates": [176.180907, -37.6809661, -1.1]}, "geometry_name": "shape", "properties": {"fidn": "8584575ENA", "expsou": null, "nobjnm": null, "objnam": null, "quasou": null, "souacc": null, "tecsou": null, "verdat": null, "status": null, "inform": null, "ninfom": null, "ntxtds": null, "scamin": 29999, "txtdsc": null, "sordat": null, "sorind": null, "depth": -1.1}}, {"type": "Feature", "id": "layer-50858.691308", "geometry": {"type": "Point", "coordinates": [176.1928199, -37.6860771, -0.9]}, "geometry_name": "shape", "properties": {"fidn": "8584575EOA", "expsou": null, "nobjnm": null, "objnam": null, "quasou": null, "souacc": null, "tecsou": null, "verdat": null, "status": null, "inform": null, "ninfom": null, "ntxtds": null, "scamin": 29999, "txtdsc": null, "sordat": null, "sorind": null, "depth": -0.9}}, {"type": "Feature", "id": "layer-50858.691309", "geometry": {"type": "Point", "coordinates": [176.1868714, -37.6111092, 16.7]}, "geometry_name": "shape", "properties": {"fidn": "8584575EPA", "expsou": null, "nobjnm": null, "objnam": null, "quasou": null, "souacc": null, "tecsou": null, "verdat": null, "status": null, "inform": null, "ninfom": null, "ntxtds": null, "scamin": 29999, "txtdsc": null, "sordat": null, "sorind": null, "depth": 16.7}}, {"type": "Feature", "id": "layer-50858.691310", "geometry": {"type": "Point", "coordinates": [176.1521555, -37.5922781, 15.7]}, "geometry_name": "shape", "properties": {"fidn": "8584575EQA", "expsou": null, "nobjnm": null, "objnam": null, "quasou": null, "souacc": null, "tecsou": null, "verdat": null, "status": null, "inform": null, "ninfom": null, "ntxtds": null, "scamin": 29999, "txtdsc": null, "sordat": null, "sorind": null, "depth": 15.7}}, {"type": "Feature", "id": "layer-50858.691311", "geometry": {"type": "Point", "coordinates": [176.13631, -37.6539, -0.4]}, "geometry_name": "shape", "properties": {"fidn": "8584575ERA", "expsou": null, "nobjnm": null, "objnam": null, "quasou": null, "souacc": null, "tecsou": null, "verdat": null, "status": null, "inform": null, "ninfom": null, "ntxtds": null, "scamin": 29999, "txtdsc": null, "sordat": null, "sorind": null, "depth": -0.4}}, {"type": "Feature", "id": "layer-50858.691312", "geometry": {"type": "Point", "coordinates": [176.1851292, -37.6823548, -0.5]}, "geometry_name": "shape", "properties": {"fidn": "8584575ESA", "expsou": null, "nobjnm": null, "objnam": null, "quasou": null, "souacc": null, "tecsou": null, "verdat": null, "status": null, "inform": null, "ninfom": null, "ntxtds": null, "scamin": 29999, "txtdsc": null, "sordat": null, "sorind": null, "depth": -0.5}}, {"type": "Feature", "id": "layer-50858.691313", "geometry": {"type": "Point", "coordinates": [176.1602236, -37.6567637, 1.6]}, "geometry_name": "shape", "properties": {"fidn": "8584575ETA", "expsou": null, "nobjnm": null, "objnam": null, "quasou": null, "souacc": null, "tecsou": null, "verdat": null, "status": null, "inform": null, "ninfom": null, "ntxtds": null, "scamin": 29999, "txtdsc": null, "sordat": null, "sorind": null, "depth": 1.6}}, {"type": "Feature", "id": "layer-50858.691314", "geometry": {"type": "Point", "coordinates": [176.1719728, -37.6776762, 4]}, "geometry_name": "shape", "properties": {"fidn": "8584575EUA", "expsou": null, "nobjnm": null, "objnam": null, "quasou": null, "souacc": null, "tecsou": null, "verdat": null, "status": null, "inform": null, "ninfom": null, "ntxtds": null, "scamin": 29999, "txtdsc": null, "sordat": null, "sorind": null, "depth": 4}}, {"type": "Feature", "id": "layer-50858.691315", "geometry": {"type": "Point", "coordinates": [176.1962863, -37.637229, 5.7]}, "geometry_name": "shape", "properties": {"fidn": "8584575EVA", "expsou": null, "nobjnm": null, "objnam": null, "quasou": null, "souacc": null, "tecsou": null, "verdat": null, "status": null, "inform": null, "ninfom": null, "ntxtds": null, "scamin": 29999, "txtdsc": null, "sordat": null, "sorind": null, "depth": 5.7}}, {"type": "Feature", "id": "layer-50858.691316", "geometry": {"type": "Point", "coordinates": [176.1458399, -37.5996041, 11]}, "geometry_name": "shape", "properties": {"fidn": "8584575EWA", "expsou": null, "nobjnm": null, "objnam": null, "quasou": null, "souacc": null, "tecsou": null, "verdat": null, "status": null, "inform": null, "ninfom": null, "ntxtds": null, "scamin": 29999, "txtdsc": null, "sordat": null, "sorind": null, "depth": 11}}, {"type": "Feature", "id": "layer-50858.691317", "geometry": {"type": "Point", "coordinates": [176.1779693, -37.627405, 2.4]}, "geometry_name": "shape", "properties": {"fidn": "8584575EXA", "expsou": null, "nobjnm": null, "objnam": null, "quasou": null, "souacc": null, "tecsou": null, "verdat": null, "status": null, "inform": null, "ninfom": null, "ntxtds": null, "scamin": 29999, "txtdsc": null, "sordat": null, "sorind": null, "depth": 2.4}}, {"type": "Feature", "id": "layer-50858.691318", "geometry": {"type": "Point", "coordinates": [176.166725, -37.651345, 0.1]}, "geometry_name": "shape", "properties": {"fidn": "8584575EYA", "expsou": null, "nobjnm": null, "objnam": null, "quasou": null, "souacc": null, "tecsou": null, "verdat": null, "status": null, "inform": null, "ninfom": null, "ntxtds": null, "scamin": 29999, "txtdsc": null, "sordat": null, "sorind": null, "depth": 0.1}}, {"type": "Feature", "id": "layer-50858.691319", "geometry": {"type": "Point", "coordinates": [176.1735583, -37.6060731, 11.2]}, "geometry_name": "shape", "properties": {"fidn": "8584575EZA", "expsou": null, "nobjnm": null, "objnam": null, "quasou": null, "souacc": null, "tecsou": null, "verdat": null, "status": null, "inform": null, "ninfom": null, "ntxtds": null, "scamin": 29999, "txtdsc": null, "sordat": null, "sorind": null, "depth": 11.2}}, {"type": "Feature", "id": "layer-50858.691320", "geometry": {"type": "Point", "coordinates": [176.1970326, -37.6093154, 25.5]}, "geometry_name": "shape", "properties": {"fidn": "8584575FAA", "expsou": null, "nobjnm": null, "objnam": null, "quasou": null, "souacc": null, "tecsou": null, "verdat": null, "status": null, "inform": null, "ninfom": null, "ntxtds": null, "scamin": 29999, "txtdsc": null, "sordat": null, "sorind": null, "depth": 25.5}}, {"type": "Feature", "id": "layer-50858.691321", "geometry": {"type": "Point", "coordinates": [176.1557286, -37.6507843, 1.7]}, "geometry_name": "shape", "properties": {"fidn": "8584575FBA", "expsou": null, "nobjnm": null, "objnam": null, "quasou": null, "souacc": null, "tecsou": null, "verdat": null, "status": null, "inform": null, "ninfom": null, "ntxtds": null, "scamin": 29999, "txtdsc": null, "sordat": null, "sorind": null, "depth": 1.7}}, {"type": "Feature", "id": "layer-50858.691322", "geometry": {"type": "Point", "coordinates": [176.12368, -37.6464345, 1.2]}, "geometry_name": "shape", "properties": {"fidn": "8584575FCA", "expsou": null, "nobjnm": null, "objnam": null, "quasou": null, "souacc": null, "tecsou": null, "verdat": null, "status": null, "inform": null, "ninfom": null, "ntxtds": null, "scamin": 29999, "txtdsc": null, "sordat": null, "sorind": null, "depth": 1.2}}, {"type": "Feature", "id": "layer-50858.691323", "geometry": {"type": "Point", "coordinates": [176.1245189, -37.6492245, 0.1]}, "geometry_name": "shape", "properties": {"fidn": "8584575FDA", "expsou": null, "nobjnm": null, "objnam": null, "quasou": null, "souacc": null, "tecsou": null, "verdat": null, "status": null, "inform": null, "ninfom": null, "ntxtds": null, "scamin": 29999, "txtdsc": null, "sordat": null, "sorind": null, "depth": 0.1}}, {"type": "Feature", "id": "layer-50858.691324", "geometry": {"type": "Point", "coordinates": [176.1711056, -37.6832494, 2.3]}, "geometry_name": "shape", "properties": {"fidn": "8584575FEA", "expsou": null, "nobjnm": null, "objnam": null, "quasou": null, "souacc": null, "tecsou": null, "verdat": null, "status": null, "inform": null, "ninfom": null, "ntxtds": null, "scamin": 29999, "txtdsc": null, "sordat": null, "sorind": null, "depth": 2.3}}, {"type": "Feature", "id": "layer-50858.691325", "geometry": {"type": "Point", "coordinates": [176.1221, -37.656305, -0.5]}, "geometry_name": "shape", "properties": {"fidn": "8584575FFA", "expsou": null, "nobjnm": null, "objnam": null, "quasou": null, "souacc": null, "tecsou": null, "verdat": null, "status": null, "inform": null, "ninfom": null, "ntxtds": null, "scamin": 29999, "txtdsc": null, "sordat": null, "sorind": null, "depth": -0.5}}, {"type": "Feature", "id": "layer-50858.691326", "geometry": {"type": "Point", "coordinates": [176.1766866, -37.6224589, 7.4]}, "geometry_name": "shape", "properties": {"fidn": "8584575FGA", "expsou": null, "nobjnm": null, "objnam": null, "quasou": null, "souacc": null, "tecsou": null, "verdat": null, "status": null, "inform": null, "ninfom": null, "ntxtds": null, "scamin": 29999, "txtdsc": null, "sordat": null, "sorind": null, "depth": 7.4}}, {"type": "Feature", "id": "layer-50858.691327", "geometry": {"type": "Point", "coordinates": [176.1730467, -37.6210282, 8.6]}, "geometry_name": "shape", "properties": {"fidn": "8584575FHA", "expsou": null, "nobjnm": null, "objnam": null, "quasou": null, "souacc": null, "tecsou": null, "verdat": null, "status": null, "inform": null, "ninfom": null, "ntxtds": null, "scamin": 29999, "txtdsc": null, "sordat": null, "sorind": null, "depth": 8.6}}, {"type": "Feature", "id": "layer-50858.691328", "geometry": {"type": "Point", "coordinates": [176.194522, -37.6129302, 21]}, "geometry_name": "shape", "properties": {"fidn": "8584575FIA", "expsou": null, "nobjnm": null, "objnam": null, "quasou": null, "souacc": null, "tecsou": null, "verdat": null, "status": null, "inform": null, "ninfom": null, "ntxtds": null, "scamin": 29999, "txtdsc": null, "sordat": null, "sorind": null, "depth": 21}}, {"type": "Feature", "id": "layer-50858.691329", "geometry": {"type": "Point", "coordinates": [176.1428669, -37.6048735, 3.4]}, "geometry_name": "shape", "properties": {"fidn": "8584575FJA", "expsou": null, "nobjnm": null, "objnam": null, "quasou": null, "souacc": null, "tecsou": null, "verdat": null, "status": null, "inform": null, "ninfom": null, "ntxtds": null, "scamin": 29999, "txtdsc": null, "sordat": null, "sorind": null, "depth": 3.4}}, {"type": "Feature", "id": "layer-50858.691330", "geometry": {"type": "Point", "coordinates": [176.1876518, -37.6761153, -1.2]}, "geometry_name": "shape", "properties": {"fidn": "8584575FKA", "expsou": null, "nobjnm": null, "objnam": null, "quasou": null, "souacc": null, "tecsou": null, "verdat": null, "status": null, "inform": null, "ninfom": null, "ntxtds": null, "scamin": 29999, "txtdsc": null, "sordat": null, "sorind": null, "depth": -1.2}}, {"type": "Feature", "id": "layer-50858.691331", "geometry": {"type": "Point", "coordinates": [176.1613952, -37.6322628, 7.9]}, "geometry_name": "shape", "properties": {"fidn": "8584575FLA", "expsou": null, "nobjnm": null, "objnam": null, "quasou": null, "souacc": null, "tecsou": null, "verdat": null, "status": null, "inform": null, "ninfom": null, "ntxtds": null, "scamin": 29999, "txtdsc": null, "sordat": null, "sorind": null, "depth": 7.9}}, {"type": "Feature", "id": "layer-50858.691332", "geometry": {"type": "Point", "coordinates": [176.1606239, -37.5988354, 8.8]}, "geometry_name": "shape", "properties": {"fidn": "8584575FMA", "expsou": null, "nobjnm": null, "objnam": null, "quasou": null, "souacc": null, "tecsou": null, "verdat": null, "status": null, "inform": null, "ninfom": null, "ntxtds": null, "scamin": 29999, "txtdsc": null, "sordat": null, "sorind": null, "depth": 8.8}}, {"type": "Feature", "id": "layer-50858.691333", "geometry": {"type": "Point", "coordinates": [176.1448261, -37.6149545, 5.1]}, "geometry_name": "shape", "properties": {"fidn": "8584575FNA", "expsou": null, "nobjnm": null, "objnam": null, "quasou": null, "souacc": null, "tecsou": null, "verdat": null, "status": null, "inform": null, "ninfom": null, "ntxtds": null, "scamin": 29999, "txtdsc": null, "sordat": null, "sorind": null, "depth": 5.1}}, {"type": "Feature", "id": "layer-50858.691334", "geometry": {"type": "Point", "coordinates": [176.1757817, -37.6022044, 11.8]}, "geometry_name": "shape", "properties": {"fidn": "8584575FOA", "expsou": null, "nobjnm": null, "objnam": null, "quasou": null, "souacc": null, "tecsou": null, "verdat": null, "status": null, "inform": null, "ninfom": null, "ntxtds": null, "scamin": 29999, "txtdsc": null, "sordat": null, "sorind": null, "depth": 11.8}}, {"type": "Feature", "id": "layer-50858.691335", "geometry": {"type": "Point", "coordinates": [176.1636667, -37.6744231, -0.9]}, "geometry_name": "shape", "properties": {"fidn": "8584575FPA", "expsou": null, "nobjnm": null, "objnam": null, "quasou": null, "souacc": null, "tecsou": null, "verdat": null, "status": null, "inform": null, "ninfom": null, "ntxtds": null, "scamin": 29999, "txtdsc": null, "sordat": null, "sorind": null, "depth": -0.9}}, {"type": "Feature", "id": "layer-50858.691336", "geometry": {"type": "Point", "coordinates": [176.1377491, -37.5982755, 10.6]}, "geometry_name": "shape", "properties": {"fidn": "8584575FQA", "expsou": null, "nobjnm": null, "objnam": null, "quasou": null, "souacc": null, "tecsou": null, "verdat": null, "status": null, "inform": null, "ninfom": null, "ntxtds": null, "scamin": 29999, "txtdsc": null, "sordat": null, "sorind": null, "depth": 10.6}}, {"type": "Feature", "id": "layer-50858.691337", "geometry": {"type": "Point", "coordinates": [176.1317959, -37.6001058, 8.4]}, "geometry_name": "shape", "properties": {"fidn": "8584575FRA", "expsou": null, "nobjnm": null, "objnam": null, "quasou": null, "souacc": null, "tecsou": null, "verdat": null, "status": null, "inform": null, "ninfom": null, "ntxtds": null, "scamin": 29999, "txtdsc": null, "sordat": null, "sorind": null, "depth": 8.4}}, {"type": "Feature", "id": "layer-50858.691338", "geometry": {"type": "Point", "coordinates": [176.1764388, -37.6898196, -0.3]}, "geometry_name": "shape", "properties": {"fidn": "8584575FSA", "expsou": null, "nobjnm": null, "objnam": null, "quasou": null, "souacc": null, "tecsou": null, "verdat": null, "status": null, "inform": null, "ninfom": null, "ntxtds": null, "scamin": 29999, "txtdsc": null, "sordat": null, "sorind": null, "depth": -0.3}}, {"type": "Feature", "id": "layer-50858.691339", "geometry": {"type": "Point", "coordinates": [176.1854969, -37.6085348, 16.2]}, "geometry_name": "shape", "properties": {"fidn": "8584575FTA", "expsou": null, "nobjnm": null, "objnam": null, "quasou": null, "souacc": null, "tecsou": null, "verdat": null, "status": null, "inform": null, "ninfom": null, "ntxtds": null, "scamin": 29999, "txtdsc": null, "sordat": null, "sorind": null, "depth": 16.2}}, {"type": "Feature", "id": "layer-50858.691340", "geometry": {"type": "Point", "coordinates": [176.1556049, -37.6289748, -0.4]}, "geometry_name": "shape", "properties": {"fidn": "8584575FUA", "expsou": null, "nobjnm": null, "objnam": null, "quasou": null, "souacc": null, "tecsou": null, "verdat": null, "status": null, "inform": null, "ninfom": null, "ntxtds": null, "scamin": 29999, "txtdsc": null, "sordat": null, "sorind": null, "depth": -0.4}}, {"type": "Feature", "id": "layer-50858.691341", "geometry": {"type": "Point", "coordinates": [176.1682322, -37.6592213, -0.1]}, "geometry_name": "shape", "properties": {"fidn": "8584575FVA", "expsou": null, "nobjnm": null, "objnam": null, "quasou": null, "souacc": null, "tecsou": null, "verdat": null, "status": null, "inform": null, "ninfom": null, "ntxtds": null, "scamin": 29999, "txtdsc": null, "sordat": null, "sorind": null, "depth": -0.1}}, {"type": "Feature", "id": "layer-50858.691342", "geometry": {"type": "Point", "coordinates": [176.1845858, -37.6865808, -1.2]}, "geometry_name": "shape", "properties": {"fidn": "8584575FWA", "expsou": null, "nobjnm": null, "objnam": null, "quasou": null, "souacc": null, "tecsou": null, "verdat": null, "status": null, "inform": null, "ninfom": null, "ntxtds": null, "scamin": 29999, "txtdsc": null, "sordat": null, "sorind": null, "depth": -1.2}}, {"type": "Feature", "id": "layer-50858.691343", "geometry": {"type": "Point", "coordinates": [176.1815792, -37.5964071, 21]}, "geometry_name": "shape", "properties": {"fidn": "8584575FXA", "expsou": null, "nobjnm": null, "objnam": null, "quasou": null, "souacc": null, "tecsou": null, "verdat": null, "status": null, "inform": null, "ninfom": null, "ntxtds": null, "scamin": 29999, "txtdsc": null, "sordat": null, "sorind": null, "depth": 21}}, {"type": "Feature", "id": "layer-50858.691344", "geometry": {"type": "Point", "coordinates": [176.130615, -37.645645, 3.1]}, "geometry_name": "shape", "properties": {"fidn": "8584575FYA", "expsou": null, "nobjnm": null, "objnam": null, "quasou": null, "souacc": null, "tecsou": null, "verdat": null, "status": null, "inform": null, "ninfom": null, "ntxtds": null, "scamin": 29999, "txtdsc": null, "sordat": null, "sorind": null, "depth": 3.1}}, {"type": "Feature", "id": "layer-50858.691345", "geometry": {"type": "Point", "coordinates": [176.1498466, -37.6127957, 4.9]}, "geometry_name": "shape", "properties": {"fidn": "8584575FZA", "expsou": null, "nobjnm": null, "objnam": null, "quasou": null, "souacc": null, "tecsou": null, "verdat": null, "status": null, "inform": null, "ninfom": null, "ntxtds": null, "scamin": 29999, "txtdsc": null, "sordat": null, "sorind": null, "depth": 4.9}}, {"type": "Feature", "id": "layer-50858.691346", "geometry": {"type": "Point", "coordinates": [176.1781471, -37.6739876, -0.3]}, "geometry_name": "shape", "properties": {"fidn": "8584575GAA", "expsou": null, "nobjnm": null, "objnam": null, "quasou": null, "souacc": null, "tecsou": null, "verdat": null, "status": null, "inform": null, "ninfom": null, "ntxtds": null, "scamin": 29999, "txtdsc": null, "sordat": null, "sorind": null, "depth": -0.3}}, {"type": "Feature", "id": "layer-50858.691347", "geometry": {"type": "Point", "coordinates": [176.1808137, -37.6399755, 0.5]}, "geometry_name": "shape", "properties": {"fidn": "8584575GBA", "expsou": null, "nobjnm": null, "objnam": null, "quasou": null, "souacc": null, "tecsou": null, "verdat": null, "status": null, "inform": null, "ninfom": null, "ntxtds": null, "scamin": 29999, "txtdsc": null, "sordat": null, "sorind": null, "depth": 0.5}}, {"type": "Feature", "id": "layer-50858.691348", "geometry": {"type": "Point", "coordinates": [176.1301658, -37.6500527, -0.2]}, "geometry_name": "shape", "properties": {"fidn": "8584575GCA", "expsou": null, "nobjnm": null, "objnam": null, "quasou": null, "souacc": null, "tecsou": null, "verdat": null, "status": null, "inform": null, "ninfom": null, "ntxtds": null, "scamin": 29999, "txtdsc": null, "sordat": null, "sorind": null, "depth": -0.2}}, {"type": "Feature", "id": "layer-50858.691349", "geometry": {"type": "Point", "coordinates": [176.174315, -37.657985, 4.1]}, "geometry_name": "shape", "properties": {"fidn": "8584575GDA", "expsou": null, "nobjnm": null, "objnam": null, "quasou": null, "souacc": null, "tecsou": null, "verdat": null, "status": null, "inform": null, "ninfom": null, "ntxtds": null, "scamin": 29999, "txtdsc": null, "sordat": null, "sorind": null, "depth": 4.1}}, {"type": "Feature", "id": "layer-50858.691350", "geometry": {"type": "Point", "coordinates": [176.1419014, -37.6421026, 0.3]}, "geometry_name": "shape", "properties": {"fidn": "8584575GEA", "expsou": null, "nobjnm": null, "objnam": null, "quasou": null, "souacc": null, "tecsou": null, "verdat": null, "status": null, "inform": null, "ninfom": null, "ntxtds": null, "scamin": 29999, "txtdsc": null, "sordat": null, "sorind": null, "depth": 0.3}}, {"type": "Feature", "id": "layer-50858.691351", "geometry": {"type": "Point", "coordinates": [176.156395, -37.644415, 6.3]}, "geometry_name": "shape", "properties": {"fidn": "8584575GFA", "expsou": null, "nobjnm": null, "objnam": null, "quasou": null, "souacc": null, "tecsou": null, "verdat": null, "status": null, "inform": null, "ninfom": null, "ntxtds": null, "scamin": 29999, "txtdsc": null, "sordat": null, "sorind": null, "depth": 6.3}}, {"type": "Feature", "id": "layer-50858.691352", "geometry": {"type": "Point", "coordinates": [176.15015, -37.649415, 3.9]}, "geometry_name": "shape", "properties": {"fidn": "8584575GGA", "expsou": null, "nobjnm": null, "objnam": null, "quasou": null, "souacc": null, "tecsou": null, "verdat": null, "status": null, "inform": null, "ninfom": null, "ntxtds": null, "scamin": 29999, "txtdsc": null, "sordat": null, "sorind": null, "depth": 3.9}}, {"type": "Feature", "id": "layer-50858.691353", "geometry": {"type": "Point", "coordinates": [176.17602, -37.64431, 0.1]}, "geometry_name": "shape", "properties": {"fidn": "8584575GHA", "expsou": null, "nobjnm": null, "objnam": null, "quasou": null, "souacc": null, "tecsou": null, "verdat": null, "status": null, "inform": null, "ninfom": null, "ntxtds": null, "scamin": 29999, "txtdsc": null, "sordat": null, "sorind": null, "depth": 0.1}}, {"type": "Feature", "id": "layer-50858.691354", "geometry": {"type": "Point", "coordinates": [176.1595451, -37.6503133, 1.2]}, "geometry_name": "shape", "properties": {"fidn": "8584575GIA", "expsou": null, "nobjnm": null, "objnam": null, "quasou": null, "souacc": null, "tecsou": null, "verdat": null, "status": null, "inform": null, "ninfom": null, "ntxtds": null, "scamin": 29999, "txtdsc": null, "sordat": null, "sorind": null, "depth": 1.2}}, {"type": "Feature", "id": "layer-50858.691355", "geometry": {"type": "Point", "coordinates": [176.1934963, -37.6815268, -0.3]}, "geometry_name": "shape", "properties": {"fidn": "8584575GJA", "expsou": null, "nobjnm": null, "objnam": null, "quasou": null, "souacc": null, "tecsou": null, "verdat": null, "status": null, "inform": null, "ninfom": null, "ntxtds": null, "scamin": 29999, "txtdsc": null, "sordat": null, "sorind": null, "depth": -0.3}}, {"type": "Feature", "id": "layer-50858.691356", "geometry": {"type": "Point", "coordinates": [176.1592257, -37.6076585, 5.8]}, "geometry_name": "shape", "properties": {"fidn": "8584575GKA", "expsou": null, "nobjnm": null, "objnam": null, "quasou": null, "souacc": null, "tecsou": null, "verdat": null, "status": null, "inform": null, "ninfom": null, "ntxtds": null, "scamin": 29999, "txtdsc": null, "sordat": null, "sorind": null, "depth": 5.8}}, {"type": "Feature", "id": "layer-50858.691357", "geometry": {"type": "Point", "coordinates": [176.17018, -37.64363, 0.2]}, "geometry_name": "shape", "properties": {"fidn": "8584575GLA", "expsou": null, "nobjnm": null, "objnam": null, "quasou": null, "souacc": null, "tecsou": null, "verdat": null, "status": null, "inform": null, "ninfom": null, "ntxtds": null, "scamin": 29999, "txtdsc": null, "sordat": null, "sorind": null, "depth": 0.2}}, {"type": "Feature", "id": "layer-50858.691358", "geometry": {"type": "Point", "coordinates": [176.1792607, -37.6879121, -0.4]}, "geometry_name": "shape", "properties": {"fidn": "8584575GMA", "expsou": null, "nobjnm": null, "objnam": null, "quasou": null, "souacc": null, "tecsou": null, "verdat": null, "status": null, "inform": null, "ninfom": null, "ntxtds": null, "scamin": 29999, "txtdsc": null, "sordat": null, "sorind": null, "depth": -0.4}}, {"type": "Feature", "id": "layer-50858.691359", "geometry": {"type": "Point", "coordinates": [176.1318434, -37.6395986, -0.3]}, "geometry_name": "shape", "properties": {"fidn": "8584575GNA", "expsou": null, "nobjnm": null, "objnam": null, "quasou": null, "souacc": null, "tecsou": null, "verdat": null, "status": null, "inform": null, "ninfom": null, "ntxtds": null, "scamin": 29999, "txtdsc": null, "sordat": null, "sorind": null, "depth": -0.3}}, {"type": "Feature", "id": "layer-50858.691360", "geometry": {"type": "Point", "coordinates": [176.1250253, -37.6378911, -0.4]}, "geometry_name": "shape", "properties": {"fidn": "8584575GOA", "expsou": null, "nobjnm": null, "objnam": null, "quasou": null, "souacc": null, "tecsou": null, "verdat": null, "status": null, "inform": null, "ninfom": null, "ntxtds": null, "scamin": 29999, "txtdsc": null, "sordat": null, "sorind": null, "depth": -0.4}}, {"type": "Feature", "id": "layer-50858.691361", "geometry": {"type": "Point", "coordinates": [176.1631451, -37.6772331, -1]}, "geometry_name": "shape", "properties": {"fidn": "8584575GPA", "expsou": null, "nobjnm": null, "objnam": null, "quasou": null, "souacc": null, "tecsou": null, "verdat": null, "status": null, "inform": null, "ninfom": null, "ntxtds": null, "scamin": 29999, "txtdsc": null, "sordat": null, "sorind": null, "depth": -1}}, {"type": "Feature", "id": "layer-50858.691362", "geometry": {"type": "Point", "coordinates": [176.1553063, -37.6238207, 3.9]}, "geometry_name": "shape", "properties": {"fidn": "8584575GQA", "expsou": null, "nobjnm": null, "objnam": null, "quasou": null, "souacc": null, "tecsou": null, "verdat": null, "status": null, "inform": null, "ninfom": null, "ntxtds": null, "scamin": 29999, "txtdsc": null, "sordat": null, "sorind": null, "depth": 3.9}}, {"type": "Feature", "id": "layer-50858.691363", "geometry": {"type": "Point", "coordinates": [176.1334087, -37.636092, -0.5]}, "geometry_name": "shape", "properties": {"fidn": "8584575GRA", "expsou": null, "nobjnm": null, "objnam": null, "quasou": null, "souacc": null, "tecsou": null, "verdat": null, "status": null, "inform": null, "ninfom": null, "ntxtds": null, "scamin": 29999, "txtdsc": null, "sordat": null, "sorind": null, "depth": -0.5}}, {"type": "Feature", "id": "layer-50858.691364", "geometry": {"type": "Point", "coordinates": [176.16686, -37.65552, 1.7]}, "geometry_name": "shape", "properties": {"fidn": "8584575GSA", "expsou": null, "nobjnm": null, "objnam": null, "quasou": null, "souacc": null, "tecsou": null, "verdat": null, "status": null, "inform": null, "ninfom": null, "ntxtds": null, "scamin": 29999, "txtdsc": null, "sordat": null, "sorind": null, "depth": 1.7}}, {"type": "Feature", "id": "layer-50858.691365", "geometry": {"type": "Point", "coordinates": [176.1309639, -37.6062372, 2.5]}, "geometry_name": "shape", "properties": {"fidn": "8584575GTA", "expsou": null, "nobjnm": null, "objnam": null, "quasou": null, "souacc": null, "tecsou": null, "verdat": null, "status": null, "inform": null, "ninfom": null, "ntxtds": null, "scamin": 29999, "txtdsc": null, "sordat": null, "sorind": null, "depth": 2.5}}, {"type": "Feature", "id": "layer-50858.691366", "geometry": {"type": "Point", "coordinates": [176.1335951, -37.602949, 7.6]}, "geometry_name": "shape", "properties": {"fidn": "8584575GUA", "expsou": null, "nobjnm": null, "objnam": null, "quasou": null, "souacc": null, "tecsou": null, "verdat": null, "status": null, "inform": null, "ninfom": null, "ntxtds": null, "scamin": 29999, "txtdsc": null, "sordat": null, "sorind": null, "depth": 7.6}}, {"type": "Feature", "id": "layer-50858.691367", "geometry": {"type": "Point", "coordinates": [176.162705, -37.6014957, 10.4]}, "geometry_name": "shape", "properties": {"fidn": "8584575GVA", "expsou": null, "nobjnm": null, "objnam": null, "quasou": null, "souacc": null, "tecsou": null, "verdat": null, "status": null, "inform": null, "ninfom": null, "ntxtds": null, "scamin": 29999, "txtdsc": null, "sordat": null, "sorind": null, "depth": 10.4}}, {"type": "Feature", "id": "layer-50858.691368", "geometry": {"type": "Point", "coordinates": [176.1865841, -37.605519, 17.9]}, "geometry_name": "shape", "properties": {"fidn": "8584575GWA", "expsou": null, "nobjnm": null, "objnam": null, "quasou": null, "souacc": null, "tecsou": null, "verdat": null, "status": null, "inform": null, "ninfom": null, "ntxtds": null, "scamin": 29999, "txtdsc": null, "sordat": null, "sorind": null, "depth": 17.9}}, {"type": "Feature", "id": "layer-50858.691369", "geometry": {"type": "Point", "coordinates": [176.1805372, -37.67631, -0.7]}, "geometry_name": "shape", "properties": {"fidn": "8584575GXA", "expsou": null, "nobjnm": null, "objnam": null, "quasou": null, "souacc": null, "tecsou": null, "verdat": null, "status": null, "inform": null, "ninfom": null, "ntxtds": null, "scamin": 29999, "txtdsc": null, "sordat": null, "sorind": null, "depth": -0.7}}, {"type": "Feature", "id": "layer-50858.691370", "geometry": {"type": "Point", "coordinates": [176.1613925, -37.6709372, -0.9]}, "geometry_name": "shape", "properties": {"fidn": "8584575GYA", "expsou": null, "nobjnm": null, "objnam": null, "quasou": null, "souacc": null, "tecsou": null, "verdat": null, "status": null, "inform": null, "ninfom": null, "ntxtds": null, "scamin": 29999, "txtdsc": null, "sordat": null, "sorind": null, "depth": -0.9}}, {"type": "Feature", "id": "layer-50858.691371", "geometry": {"type": "Point", "coordinates": [176.1808517, -37.6623688, 3.1]}, "geometry_name": "shape", "properties": {"fidn": "8584575GZA", "expsou": null, "nobjnm": null, "objnam": null, "quasou": null, "souacc": null, "tecsou": null, "verdat": null, "status": null, "inform": null, "ninfom": null, "ntxtds": null, "scamin": 29999, "txtdsc": null, "sordat": null, "sorind": null, "depth": 3.1}}, {"type": "Feature", "id": "layer-50858.691372", "geometry": {"type": "Point", "coordinates": [176.17355, -37.652275, 1.2]}, "geometry_name": "shape", "properties": {"fidn": "8584575HAA", "expsou": null, "nobjnm": null, "objnam": null, "quasou": null, "souacc": null, "tecsou": null, "verdat": null, "status": null, "inform": null, "ninfom": null, "ntxtds": null, "scamin": 29999, "txtdsc": null, "sordat": null, "sorind": null, "depth": 1.2}}, {"type": "Feature", "id": "layer-50858.691373", "geometry": {"type": "Point", "coordinates": [176.187897, -37.602684, 21]}, "geometry_name": "shape", "properties": {"fidn": "8584575HBA", "expsou": null, "nobjnm": null, "objnam": null, "quasou": null, "souacc": null, "tecsou": null, "verdat": null, "status": null, "inform": null, "ninfom": null, "ntxtds": null, "scamin": 29999, "txtdsc": null, "sordat": null, "sorind": null, "depth": 21}}, {"type": "Feature", "id": "layer-50858.691374", "geometry": {"type": "Point", "coordinates": [176.151455, -37.646915, 8.4]}, "geometry_name": "shape", "properties": {"fidn": "8584575HCA", "expsou": null, "nobjnm": null, "objnam": null, "quasou": null, "souacc": null, "tecsou": null, "verdat": null, "status": null, "inform": null, "ninfom": null, "ntxtds": null, "scamin": 29999, "txtdsc": null, "sordat": null, "sorind": null, "depth": 8.4}}, {"type": "Feature", "id": "layer-50858.691375", "geometry": {"type": "Point", "coordinates": [176.1784273, -37.6821996, -1.2]}, "geometry_name": "shape", "properties": {"fidn": "8584575HDA", "expsou": null, "nobjnm": null, "objnam": null, "quasou": null, "souacc": null, "tecsou": null, "verdat": null, "status": null, "inform": null, "ninfom": null, "ntxtds": null, "scamin": 29999, "txtdsc": null, "sordat": null, "sorind": null, "depth": -1.2}}, {"type": "Feature", "id": "layer-50858.691376", "geometry": {"type": "Point", "coordinates": [176.1356875, -37.6455735, 4.4]}, "geometry_name": "shape", "properties": {"fidn": "8584575HEA", "expsou": null, "nobjnm": null, "objnam": null, "quasou": null, "souacc": null, "tecsou": null, "verdat": null, "status": null, "inform": null, "ninfom": null, "ntxtds": null, "scamin": 29999, "txtdsc": null, "sordat": null, "sorind": null, "depth": 4.4}}, {"type": "Feature", "id": "layer-50858.691377", "geometry": {"type": "Point", "coordinates": [176.1933357, -37.635755, 4.5]}, "geometry_name": "shape", "properties": {"fidn": "8584575HFA", "expsou": null, "nobjnm": null, "objnam": null, "quasou": null, "souacc": null, "tecsou": null, "verdat": null, "status": null, "inform": null, "ninfom": null, "ntxtds": null, "scamin": 29999, "txtdsc": null, "sordat": null, "sorind": null, "depth": 4.5}}, {"type": "Feature", "id": "layer-50858.691378", "geometry": {"type": "Point", "coordinates": [176.175345, -37.624665, 1.5]}, "geometry_name": "shape", "properties": {"fidn": "8584575HGA", "expsou": null, "nobjnm": null, "objnam": null, "quasou": null, "souacc": null, "tecsou": null, "verdat": null, "status": null, "inform": null, "ninfom": null, "ntxtds": null, "scamin": 29999, "txtdsc": null, "sordat": null, "sorind": null, "depth": 1.5}}, {"type": "Feature", "id": "layer-50858.691379", "geometry": {"type": "Point", "coordinates": [176.1740028, -37.6822191, 2.2]}, "geometry_name": "shape", "properties": {"fidn": "8584575HHA", "expsou": null, "nobjnm": null, "objnam": null, "quasou": null, "souacc": null, "tecsou": null, "verdat": null, "status": null, "inform": null, "ninfom": null, "ntxtds": null, "scamin": 29999, "txtdsc": null, "sordat": null, "sorind": null, "depth": 2.2}}, {"type": "Feature", "id": "layer-50858.691380", "geometry": {"type": "Point", "coordinates": [176.136216, -37.6487438, 2.4]}, "geometry_name": "shape", "properties": {"fidn": "8584575HIA", "expsou": null, "nobjnm": null, "objnam": null, "quasou": null, "souacc": null, "tecsou": null, "verdat": null, "status": null, "inform": null, "ninfom": null, "ntxtds": null, "scamin": 29999, "txtdsc": null, "sordat": null, "sorind": null, "depth": 2.4}}, {"type": "Feature", "id": "layer-50858.691381", "geometry": {"type": "Point", "coordinates": [176.1700419, -37.5957911, 14.2]}, "geometry_name": "shape", "properties": {"fidn": "8584575HJA", "expsou": null, "nobjnm": null, "objnam": null, "quasou": null, "souacc": null, "tecsou": null, "verdat": null, "status": null, "inform": null, "ninfom": null, "ntxtds": null, "scamin": 29999, "txtdsc": null, "sordat": null, "sorind": null, "depth": 14.2}}, {"type": "Feature", "id": "layer-50858.691382", "geometry": {"type": "Point", "coordinates": [176.1308639, -37.6570387, -0.8]}, "geometry_name": "shape", "properties": {"fidn": "8584575HKA", "expsou": null, "nobjnm": null, "objnam": null, "quasou": null, "souacc": null, "tecsou": null, "verdat": null, "status": null, "inform": null, "ninfom": null, "ntxtds": null, "scamin": 29999, "txtdsc": null, "sordat": null, "sorind": null, "depth": -0.8}}, {"type": "Feature", "id": "layer-50858.691383", "geometry": {"type": "Point", "coordinates": [176.171615, -37.62472, 1.5]}, "geometry_name": "shape", "properties": {"fidn": "8584575HLA", "expsou": null, "nobjnm": null, "objnam": null, "quasou": null, "souacc": null, "tecsou": null, "verdat": null, "status": null, "inform": null, "ninfom": null, "ntxtds": null, "scamin": 29999, "txtdsc": null, "sordat": null, "sorind": null, "depth": 1.5}}, {"type": "Feature", "id": "layer-50858.691384", "geometry": {"type": "Point", "coordinates": [176.1526778, -37.6570843, 1.2]}, "geometry_name": "shape", "properties": {"fidn": "8584575HMA", "expsou": null, "nobjnm": null, "objnam": null, "quasou": null, "souacc": null, "tecsou": null, "verdat": null, "status": null, "inform": null, "ninfom": null, "ntxtds": null, "scamin": 29999, "txtdsc": null, "sordat": null, "sorind": null, "depth": 1.2}}, {"type": "Feature", "id": "layer-50858.691385", "geometry": {"type": "Point", "coordinates": [176.1938615, -37.6066029, 22.5]}, "geometry_name": "shape", "properties": {"fidn": "8584575HNA", "expsou": null, "nobjnm": null, "objnam": null, "quasou": null, "souacc": null, "tecsou": null, "verdat": null, "status": null, "inform": null, "ninfom": null, "ntxtds": null, "scamin": 29999, "txtdsc": null, "sordat": null, "sorind": null, "depth": 22.5}}, {"type": "Feature", "id": "layer-50858.691386", "geometry": {"type": "Point", "coordinates": [176.1609517, -37.6148708, 9]}, "geometry_name": "shape", "properties": {"fidn": "8584575HOA", "expsou": null, "nobjnm": null, "objnam": null, "quasou": null, "souacc": null, "tecsou": null, "verdat": null, "status": null, "inform": null, "ninfom": null, "ntxtds": null, "scamin": 29999, "txtdsc": null, "sordat": null, "sorind": null, "depth": 9}}, {"type": "Feature", "id": "layer-50858.691387", "geometry": {"type": "Point", "coordinates": [176.1309754, -37.5933481, 9.5]}, "geometry_name": "shape", "properties": {"fidn": "8584575HPA", "expsou": null, "nobjnm": null, "objnam": null, "quasou": null, "souacc": null, "tecsou": null, "verdat": null, "status": null, "inform": null, "ninfom": null, "ntxtds": null, "scamin": 29999, "txtdsc": null, "sordat": null, "sorind": null, "depth": 9.5}}, {"type": "Feature", "id": "layer-50858.691388", "geometry": {"type": "Point", "coordinates": [176.1797792, -37.6840688, -0.9]}, "geometry_name": "shape", "properties": {"fidn": "8584575HQA", "expsou": null, "nobjnm": null, "objnam": null, "quasou": null, "souacc": null, "tecsou": null, "verdat": null, "status": null, "inform": null, "ninfom": null, "ntxtds": null, "scamin": 29999, "txtdsc": null, "sordat": null, "sorind": null, "depth": -0.9}}, {"type": "Feature", "id": "layer-50858.691389", "geometry": {"type": "Point", "coordinates": [176.1475292, -37.605563, 4.9]}, "geometry_name": "shape", "properties": {"fidn": "8584575HRA", "expsou": null, "nobjnm": null, "objnam": null, "quasou": null, "souacc": null, "tecsou": null, "verdat": null, "status": null, "inform": null, "ninfom": null, "ntxtds": null, "scamin": 29999, "txtdsc": null, "sordat": null, "sorind": null, "depth": 4.9}}, {"type": "Feature", "id": "layer-50858.691390", "geometry": {"type": "Point", "coordinates": [176.1796044, -37.668798, 1.5]}, "geometry_name": "shape", "properties": {"fidn": "8584575HSA", "expsou": null, "nobjnm": null, "objnam": null, "quasou": null, "souacc": null, "tecsou": null, "verdat": null, "status": null, "inform": null, "ninfom": null, "ntxtds": null, "scamin": 29999, "txtdsc": null, "sordat": null, "sorind": null, "depth": 1.5}}, {"type": "Feature", "id": "layer-50858.691391", "geometry": {"type": "Point", "coordinates": [176.1494405, -37.6039949, 2.6]}, "geometry_name": "shape", "properties": {"fidn": "8584575HTA", "expsou": null, "nobjnm": null, "objnam": null, "quasou": null, "souacc": null, "tecsou": null, "verdat": null, "status": null, "inform": null, "ninfom": null, "ntxtds": null, "scamin": 29999, "txtdsc": null, "sordat": null, "sorind": null, "depth": 2.6}}, {"type": "Feature", "id": "layer-50858.691392", "geometry": {"type": "Point", "coordinates": [176.157635, -37.6239106, 5.8]}, "geometry_name": "shape", "properties": {"fidn": "8584575HUA", "expsou": null, "nobjnm": null, "objnam": null, "quasou": null, "souacc": null, "tecsou": null, "verdat": null, "status": null, "inform": null, "ninfom": null, "ntxtds": null, "scamin": 29999, "txtdsc": null, "sordat": null, "sorind": null, "depth": 5.8}}, {"type": "Feature", "id": "layer-50858.691393", "geometry": {"type": "Point", "coordinates": [176.1783874, -37.6195727, 8.9]}, "geometry_name": "shape", "properties": {"fidn": "8584575HVA", "expsou": null, "nobjnm": null, "objnam": null, "quasou": null, "souacc": null, "tecsou": null, "verdat": null, "status": null, "inform": null, "ninfom": null, "ntxtds": null, "scamin": 29999, "txtdsc": null, "sordat": null, "sorind": null, "depth": 8.9}}, {"type": "Feature", "id": "layer-50858.691394", "geometry": {"type": "Point", "coordinates": [176.1721363, -37.5933206, 18]}, "geometry_name": "shape", "properties": {"fidn": "8584575HWA", "expsou": null, "nobjnm": null, "objnam": null, "quasou": null, "souacc": null, "tecsou": null, "verdat": null, "status": null, "inform": null, "ninfom": null, "ntxtds": null, "scamin": 29999, "txtdsc": null, "sordat": null, "sorind": null, "depth": 18}}, {"type": "Feature", "id": "layer-50858.691395", "geometry": {"type": "Point", "coordinates": [176.1672251, -37.6361212, 3]}, "geometry_name": "shape", "properties": {"fidn": "8584575HXA", "expsou": null, "nobjnm": null, "objnam": null, "quasou": null, "souacc": null, "tecsou": null, "verdat": null, "status": null, "inform": null, "ninfom": null, "ntxtds": null, "scamin": 29999, "txtdsc": null, "sordat": null, "sorind": null, "depth": 3}}, {"type": "Feature", "id": "layer-50858.691396", "geometry": {"type": "Point", "coordinates": [176.1385492, -37.6457187, 4.9]}, "geometry_name": "shape", "properties": {"fidn": "8584575HYA", "expsou": null, "nobjnm": null, "objnam": null, "quasou": null, "souacc": null, "tecsou": null, "verdat": null, "status": null, "inform": null, "ninfom": null, "ntxtds": null, "scamin": 29999, "txtdsc": null, "sordat": null, "sorind": null, "depth": 4.9}}, {"type": "Feature", "id": "layer-50858.691397", "geometry": {"type": "Point", "coordinates": [176.1831751, -37.6109197, 13.6]}, "geometry_name": "shape", "properties": {"fidn": "8584575HZA", "expsou": null, "nobjnm": null, "objnam": null, "quasou": null, "souacc": null, "tecsou": null, "verdat": null, "status": null, "inform": null, "ninfom": null, "ntxtds": null, "scamin": 29999, "txtdsc": null, "sordat": null, "sorind": null, "depth": 13.6}}, {"type": "Feature", "id": "layer-50858.691398", "geometry": {"type": "Point", "coordinates": [176.1475016, -37.6129136, 5.1]}, "geometry_name": "shape", "properties": {"fidn": "8584575IAA", "expsou": null, "nobjnm": null, "objnam": null, "quasou": null, "souacc": null, "tecsou": null, "verdat": null, "status": null, "inform": null, "ninfom": null, "ntxtds": null, "scamin": 29999, "txtdsc": null, "sordat": null, "sorind": null, "depth": 5.1}}, {"type": "Feature", "id": "layer-50858.691399", "geometry": {"type": "Point", "coordinates": [176.160611, -37.6730297, -1.1]}, "geometry_name": "shape", "properties": {"fidn": "8584575IBA", "expsou": null, "nobjnm": null, "objnam": null, "quasou": null, "souacc": null, "tecsou": null, "verdat": null, "status": null, "inform": null, "ninfom": null, "ntxtds": null, "scamin": 29999, "txtdsc": null, "sordat": null, "sorind": null, "depth": -1.1}}, {"type": "Feature", "id": "layer-50858.691400", "geometry": {"type": "Point", "coordinates": [176.1852406, -37.6778919, -0.4]}, "geometry_name": "shape", "properties": {"fidn": "8584575ICA", "expsou": null, "nobjnm": null, "objnam": null, "quasou": null, "souacc": null, "tecsou": null, "verdat": null, "status": null, "inform": null, "ninfom": null, "ntxtds": null, "scamin": 29999, "txtdsc": null, "sordat": null, "sorind": null, "depth": -0.4}}, {"type": "Feature", "id": "layer-50858.691401", "geometry": {"type": "Point", "coordinates": [176.181286, -37.6139306, 11.6]}, "geometry_name": "shape", "properties": {"fidn": "8584575IDA", "expsou": null, "nobjnm": null, "objnam": null, "quasou": null, "souacc": null, "tecsou": null, "verdat": null, "status": null, "inform": null, "ninfom": null, "ntxtds": null, "scamin": 29999, "txtdsc": null, "sordat": null, "sorind": null, "depth": 11.6}}, {"type": "Feature", "id": "layer-50858.691402", "geometry": {"type": "Point", "coordinates": [176.1339958, -37.6479779, -0.1]}, "geometry_name": "shape", "properties": {"fidn": "8584575IEA", "expsou": null, "nobjnm": null, "objnam": null, "quasou": null, "souacc": null, "tecsou": null, "verdat": null, "status": null, "inform": null, "ninfom": null, "ntxtds": null, "scamin": 29999, "txtdsc": null, "sordat": null, "sorind": null, "depth": -0.1}}, {"type": "Feature", "id": "layer-50858.691403", "geometry": {"type": "Point", "coordinates": [176.1787985, -37.6363793, -0.2]}, "geometry_name": "shape", "properties": {"fidn": "8584575IFA", "expsou": null, "nobjnm": null, "objnam": null, "quasou": null, "souacc": null, "tecsou": null, "verdat": null, "status": null, "inform": null, "ninfom": null, "ntxtds": null, "scamin": 29999, "txtdsc": null, "sordat": null, "sorind": null, "depth": -0.2}}, {"type": "Feature", "id": "layer-50858.691404", "geometry": {"type": "Point", "coordinates": [176.1627891, -37.6086588, 7.9]}, "geometry_name": "shape", "properties": {"fidn": "8584575IGA", "expsou": null, "nobjnm": null, "objnam": null, "quasou": null, "souacc": null, "tecsou": null, "verdat": null, "status": null, "inform": null, "ninfom": null, "ntxtds": null, "scamin": 29999, "txtdsc": null, "sordat": null, "sorind": null, "depth": 7.9}}, {"type": "Feature", "id": "layer-50858.691405", "geometry": {"type": "Point", "coordinates": [176.132739, -37.6290178, -0.6]}, "geometry_name": "shape", "properties": {"fidn": "8584575IHA", "expsou": null, "nobjnm": null, "objnam": null, "quasou": null, "souacc": null, "tecsou": null, "verdat": null, "status": null, "inform": null, "ninfom": null, "ntxtds": null, "scamin": 29999, "txtdsc": null, "sordat": null, "sorind": null, "depth": -0.6}}, {"type": "Feature", "id": "layer-50858.691406", "geometry": {"type": "Point", "coordinates": [176.1442676, -37.5965816, 12.7]}, "geometry_name": "shape", "properties": {"fidn": "8584575IIA", "expsou": null, "nobjnm": null, "objnam": null, "quasou": null, "souacc": null, "tecsou": null, "verdat": null, "status": null, "inform": null, "ninfom": null, "ntxtds": null, "scamin": 29999, "txtdsc": null, "sordat": null, "sorind": null, "depth": 12.7}}, {"type": "Feature", "id": "layer-50858.691407", "geometry": {"type": "Point", "coordinates": [176.1697359, -37.5989908, 10.2]}, "geometry_name": "shape", "properties": {"fidn": "8584575IJA", "expsou": null, "nobjnm": null, "objnam": null, "quasou": null, "souacc": null, "tecsou": null, "verdat": null, "status": null, "inform": null, "ninfom": null, "ntxtds": null, "scamin": 29999, "txtdsc": null, "sordat": null, "sorind": null, "depth": 10.2}}, {"type": "Feature", "id": "layer-50858.691408", "geometry": {"type": "Point", "coordinates": [176.147825, -37.6224032, -0.4]}, "geometry_name": "shape", "properties": {"fidn": "8584575IKA", "expsou": null, "nobjnm": null, "objnam": null, "quasou": null, "souacc": null, "tecsou": null, "verdat": null, "status": null, "inform": null, "ninfom": null, "ntxtds": null, "scamin": 29999, "txtdsc": null, "sordat": null, "sorind": null, "depth": -0.4}}, {"type": "Feature", "id": "layer-50858.691409", "geometry": {"type": "Point", "coordinates": [176.1926568, -37.6152992, 17.5]}, "geometry_name": "shape", "properties": {"fidn": "8584575ILA", "expsou": null, "nobjnm": null, "objnam": null, "quasou": null, "souacc": null, "tecsou": null, "verdat": null, "status": null, "inform": null, "ninfom": null, "ntxtds": null, "scamin": 29999, "txtdsc": null, "sordat": null, "sorind": null, "depth": 17.5}}, {"type": "Feature", "id": "layer-50858.691410", "geometry": {"type": "Point", "coordinates": [176.1916927, -37.6021523, 24.5]}, "geometry_name": "shape", "properties": {"fidn": "8584575IMA", "expsou": null, "nobjnm": null, "objnam": null, "quasou": null, "souacc": null, "tecsou": null, "verdat": null, "status": null, "inform": null, "ninfom": null, "ntxtds": null, "scamin": 29999, "txtdsc": null, "sordat": null, "sorind": null, "depth": 24.5}}, {"type": "Feature", "id": "layer-50858.691411", "geometry": {"type": "Point", "coordinates": [176.1852998, -37.673102, -1]}, "geometry_name": "shape", "properties": {"fidn": "8584575INA", "expsou": null, "nobjnm": null, "objnam": null, "quasou": null, "souacc": null, "tecsou": null, "verdat": null, "status": null, "inform": null, "ninfom": null, "ntxtds": null, "scamin": 29999, "txtdsc": null, "sordat": null, "sorind": null, "depth": -1}}, {"type": "Feature", "id": "layer-50858.691412", "geometry": {"type": "Point", "coordinates": [176.166151, -37.6333515, 1.4]}, "geometry_name": "shape", "properties": {"fidn": "8584575IOA", "expsou": null, "nobjnm": null, "objnam": null, "quasou": null, "souacc": null, "tecsou": null, "verdat": null, "status": null, "inform": null, "ninfom": null, "ntxtds": null, "scamin": 29999, "txtdsc": null, "sordat": null, "sorind": null, "depth": 1.4}}, {"type": "Feature", "id": "layer-50858.691413", "geometry": {"type": "Point", "coordinates": [176.16385, -37.640275, 3.2]}, "geometry_name": "shape", "properties": {"fidn": "8584575IPA", "expsou": null, "nobjnm": null, "objnam": null, "quasou": null, "souacc": null, "tecsou": null, "verdat": null, "status": null, "inform": null, "ninfom": null, "ntxtds": null, "scamin": 29999, "txtdsc": null, "sordat": null, "sorind": null, "depth": 3.2}}, {"type": "Feature", "id": "layer-50858.691414", "geometry": {"type": "Point", "coordinates": [176.1474063, -37.6173128, 4.9]}, "geometry_name": "shape", "properties": {"fidn": "8584575IQA", "expsou": null, "nobjnm": null, "objnam": null, "quasou": null, "souacc": null, "tecsou": null, "verdat": null, "status": null, "inform": null, "ninfom": null, "ntxtds": null, "scamin": 29999, "txtdsc": null, "sordat": null, "sorind": null, "depth": 4.9}}, {"type": "Feature", "id": "layer-50858.691415", "geometry": {"type": "Point", "coordinates": [176.126189, -37.6468469, 0.8]}, "geometry_name": "shape", "properties": {"fidn": "8584575IRA", "expsou": null, "nobjnm": null, "objnam": null, "quasou": null, "souacc": null, "tecsou": null, "verdat": null, "status": null, "inform": null, "ninfom": null, "ntxtds": null, "scamin": 29999, "txtdsc": null, "sordat": null, "sorind": null, "depth": 0.8}}, {"type": "Feature", "id": "layer-50858.691416", "geometry": {"type": "Point", "coordinates": [176.1338593, -37.6055695, 3]}, "geometry_name": "shape", "properties": {"fidn": "8584575ISA", "expsou": null, "nobjnm": null, "objnam": null, "quasou": null, "souacc": null, "tecsou": null, "verdat": null, "status": null, "inform": null, "ninfom": null, "ntxtds": null, "scamin": 29999, "txtdsc": null, "sordat": null, "sorind": null, "depth": 3}}, {"type": "Feature", "id": "layer-50858.691417", "geometry": {"type": "Point", "coordinates": [176.1873458, -37.5986733, 22]}, "geometry_name": "shape", "properties": {"fidn": "8584575ITA", "expsou": null, "nobjnm": null, "objnam": null, "quasou": null, "souacc": null, "tecsou": null, "verdat": null, "status": null, "inform": null, "ninfom": null, "ntxtds": null, "scamin": 29999, "txtdsc": null, "sordat": null, "sorind": null, "depth": 22}}, {"type": "Feature", "id": "layer-50858.691418", "geometry": {"type": "Point", "coordinates": [176.17939, -37.66645, 5.4]}, "geometry_name": "shape", "properties": {"fidn": "8584575IUA", "expsou": null, "nobjnm": null, "objnam": null, "quasou": null, "souacc": null, "tecsou": null, "verdat": null, "status": null, "inform": null, "ninfom": null, "ntxtds": null, "scamin": 29999, "txtdsc": null, "sordat": null, "sorind": null, "depth": 5.4}}, {"type": "Feature", "id": "layer-50858.691419", "geometry": {"type": "Point", "coordinates": [176.1901964, -37.6091512, 19]}, "geometry_name": "shape", "properties": {"fidn": "8584575IVA", "expsou": null, "nobjnm": null, "objnam": null, "quasou": null, "souacc": null, "tecsou": null, "verdat": null, "status": null, "inform": null, "ninfom": null, "ntxtds": null, "scamin": 29999, "txtdsc": null, "sordat": null, "sorind": null, "depth": 19}}, {"type": "Feature", "id": "layer-50858.691420", "geometry": {"type": "Point", "coordinates": [176.15437, -37.642845, 0.6]}, "geometry_name": "shape", "properties": {"fidn": "8584575IWA", "expsou": null, "nobjnm": null, "objnam": null, "quasou": null, "souacc": null, "tecsou": null, "verdat": null, "status": null, "inform": null, "ninfom": null, "ntxtds": null, "scamin": 29999, "txtdsc": null, "sordat": null, "sorind": null, "depth": 0.6}}, {"type": "Feature", "id": "layer-50858.691421", "geometry": {"type": "Point", "coordinates": [176.1272834, -37.6343112, 0.2]}, "geometry_name": "shape", "properties": {"fidn": "8584575IXA", "expsou": null, "nobjnm": null, "objnam": null, "quasou": null, "souacc": null, "tecsou": null, "verdat": null, "status": null, "inform": null, "ninfom": null, "ntxtds": null, "scamin": 29999, "txtdsc": null, "sordat": null, "sorind": null, "depth": 0.2}}, {"type": "Feature", "id": "layer-50858.691422", "geometry": {"type": "Point", "coordinates": [176.1406909, -37.6103922, 4.6]}, "geometry_name": "shape", "properties": {"fidn": "8584575IYA", "expsou": null, "nobjnm": null, "objnam": null, "quasou": null, "souacc": null, "tecsou": null, "verdat": null, "status": null, "inform": null, "ninfom": null, "ntxtds": null, "scamin": 29999, "txtdsc": null, "sordat": null, "sorind": null, "depth": 4.6}}, {"type": "Feature", "id": "layer-50858.691423", "geometry": {"type": "Point", "coordinates": [176.12803, -37.6439, 7.7]}, "geometry_name": "shape", "properties": {"fidn": "8584575IZA", "expsou": null, "nobjnm": null, "objnam": null, "quasou": null, "souacc": null, "tecsou": null, "verdat": null, "status": null, "inform": null, "ninfom": null, "ntxtds": null, "scamin": 29999, "txtdsc": null, "sordat": null, "sorind": null, "depth": 7.7}}, {"type": "Feature", "id": "layer-50858.691424", "geometry": {"type": "Point", "coordinates": [176.16655, -37.6400965, 4.4]}, "geometry_name": "shape", "properties": {"fidn": "8584575JAA", "expsou": null, "nobjnm": null, "objnam": null, "quasou": null, "souacc": null, "tecsou": null, "verdat": null, "status": null, "inform": null, "ninfom": null, "ntxtds": null, "scamin": 29999, "txtdsc": null, "sordat": null, "sorind": null, "depth": 4.4}}, {"type": "Feature", "id": "layer-50858.691425", "geometry": {"type": "Point", "coordinates": [176.16241, -37.654665, 0.3]}, "geometry_name": "shape", "properties": {"fidn": "8584575JBA", "expsou": null, "nobjnm": null, "objnam": null, "quasou": null, "souacc": null, "tecsou": null, "verdat": null, "status": null, "inform": null, "ninfom": null, "ntxtds": null, "scamin": 29999, "txtdsc": null, "sordat": null, "sorind": null, "depth": 0.3}}, {"type": "Feature", "id": "layer-50858.691426", "geometry": {"type": "Point", "coordinates": [176.1277724, -37.637424, -0.7]}, "geometry_name": "shape", "properties": {"fidn": "8584575JCA", "expsou": null, "nobjnm": null, "objnam": null, "quasou": null, "souacc": null, "tecsou": null, "verdat": null, "status": null, "inform": null, "ninfom": null, "ntxtds": null, "scamin": 29999, "txtdsc": null, "sordat": null, "sorind": null, "depth": -0.7}}, {"type": "Feature", "id": "layer-50858.691427", "geometry": {"type": "Point", "coordinates": [176.1600152, -37.6222649, 9.7]}, "geometry_name": "shape", "properties": {"fidn": "8584575JDA", "expsou": null, "nobjnm": null, "objnam": null, "quasou": null, "souacc": null, "tecsou": null, "verdat": null, "status": null, "inform": null, "ninfom": null, "ntxtds": null, "scamin": 29999, "txtdsc": null, "sordat": null, "sorind": null, "depth": 9.7}}, {"type": "Feature", "id": "layer-50858.691428", "geometry": {"type": "Point", "coordinates": [176.159034, -37.6267589, 8.5]}, "geometry_name": "shape", "properties": {"fidn": "8584575JEA", "expsou": null, "nobjnm": null, "objnam": null, "quasou": null, "souacc": null, "tecsou": null, "verdat": null, "status": null, "inform": null, "ninfom": null, "ntxtds": null, "scamin": 29999, "txtdsc": null, "sordat": null, "sorind": null, "depth": 8.5}}, {"type": "Feature", "id": "layer-50858.691429", "geometry": {"type": "Point", "coordinates": [176.17337, -37.638595, 1.3]}, "geometry_name": "shape", "properties": {"fidn": "8584575JFA", "expsou": null, "nobjnm": null, "objnam": null, "quasou": null, "souacc": null, "tecsou": null, "verdat": null, "status": null, "inform": null, "ninfom": null, "ntxtds": null, "scamin": 29999, "txtdsc": null, "sordat": null, "sorind": null, "depth": 1.3}}, {"type": "Feature", "id": "layer-50858.691430", "geometry": {"type": "Point", "coordinates": [176.1810722, -37.6223464, 8.8]}, "geometry_name": "shape", "properties": {"fidn": "8584575JGA", "expsou": null, "nobjnm": null, "objnam": null, "quasou": null, "souacc": null, "tecsou": null, "verdat": null, "status": null, "inform": null, "ninfom": null, "ntxtds": null, "scamin": 29999, "txtdsc": null, "sordat": null, "sorind": null, "depth": 8.8}}, {"type": "Feature", "id": "layer-50858.691431", "geometry": {"type": "Point", "coordinates": [176.1511909, -37.6170935, 5.3]}, "geometry_name": "shape", "properties": {"fidn": "8584575JHA", "expsou": null, "nobjnm": null, "objnam": null, "quasou": null, "souacc": null, "tecsou": null, "verdat": null, "status": null, "inform": null, "ninfom": null, "ntxtds": null, "scamin": 29999, "txtdsc": null, "sordat": null, "sorind": null, "depth": 5.3}}, {"type": "Feature", "id": "layer-50858.691432", "geometry": {"type": "Point", "coordinates": [176.141784, -37.6078821, 5.8]}, "geometry_name": "shape", "properties": {"fidn": "8584575JIA", "expsou": null, "nobjnm": null, "objnam": null, "quasou": null, "souacc": null, "tecsou": null, "verdat": null, "status": null, "inform": null, "ninfom": null, "ntxtds": null, "scamin": 29999, "txtdsc": null, "sordat": null, "sorind": null, "depth": 5.8}}, {"type": "Feature", "id": "layer-50858.691433", "geometry": {"type": "Point", "coordinates": [176.1246731, -37.6226779, -1.3]}, "geometry_name": "shape", "properties": {"fidn": "8584575JJA", "expsou": null, "nobjnm": null, "objnam": null, "quasou": null, "souacc": null, "tecsou": null, "verdat": null, "status": null, "inform": null, "ninfom": null, "ntxtds": null, "scamin": 29999, "txtdsc": null, "sordat": null, "sorind": null, "depth": -1.3}}, {"type": "Feature", "id": "layer-50858.691434", "geometry": {"type": "Point", "coordinates": [176.1424002, -37.6554537, 3.2]}, "geometry_name": "shape", "properties": {"fidn": "8584575JKA", "expsou": null, "nobjnm": null, "objnam": null, "quasou": null, "souacc": null, "tecsou": null, "verdat": null, "status": null, "inform": null, "ninfom": null, "ntxtds": null, "scamin": 29999, "txtdsc": null, "sordat": null, "sorind": null, "depth": 3.2}}, {"type": "Feature", "id": "layer-50858.691435", "geometry": {"type": "Point", "coordinates": [176.1731301, -37.6687292, 1.1]}, "geometry_name": "shape", "properties": {"fidn": "8584575JLA", "expsou": null, "nobjnm": null, "objnam": null, "quasou": null, "souacc": null, "tecsou": null, "verdat": null, "status": null, "inform": null, "ninfom": null, "ntxtds": null, "scamin": 29999, "txtdsc": null, "sordat": null, "sorind": null, "depth": 1.1}}, {"type": "Feature", "id": "layer-50858.691436", "geometry": {"type": "Point", "coordinates": [176.1278497, -37.5995962, 6]}, "geometry_name": "shape", "properties": {"fidn": "8584575JMA", "expsou": null, "nobjnm": null, "objnam": null, "quasou": null, "souacc": null, "tecsou": null, "verdat": null, "status": null, "inform": null, "ninfom": null, "ntxtds": null, "scamin": 29999, "txtdsc": null, "sordat": null, "sorind": null, "depth": 6}}, {"type": "Feature", "id": "layer-50858.691437", "geometry": {"type": "Point", "coordinates": [176.1750834, -37.6341603, 0.5]}, "geometry_name": "shape", "properties": {"fidn": "8584575JNA", "expsou": null, "nobjnm": null, "objnam": null, "quasou": null, "souacc": null, "tecsou": null, "verdat": null, "status": null, "inform": null, "ninfom": null, "ntxtds": null, "scamin": 29999, "txtdsc": null, "sordat": null, "sorind": null, "depth": 0.5}}, {"type": "Feature", "id": "layer-50858.691438", "geometry": {"type": "Point", "coordinates": [176.1558114, -37.6261259, 3.9]}, "geometry_name": "shape", "properties": {"fidn": "8584575JOA", "expsou": null, "nobjnm": null, "objnam": null, "quasou": null, "souacc": null, "tecsou": null, "verdat": null, "status": null, "inform": null, "ninfom": null, "ntxtds": null, "scamin": 29999, "txtdsc": null, "sordat": null, "sorind": null, "depth": 3.9}}, {"type": "Feature", "id": "layer-50858.691439", "geometry": {"type": "Point", "coordinates": [176.14858, -37.6477, 7.7]}, "geometry_name": "shape", "properties": {"fidn": "8584575JPA", "expsou": null, "nobjnm": null, "objnam": null, "quasou": null, "souacc": null, "tecsou": null, "verdat": null, "status": null, "inform": null, "ninfom": null, "ntxtds": null, "scamin": 29999, "txtdsc": null, "sordat": null, "sorind": null, "depth": 7.7}}, {"type": "Feature", "id": "layer-50858.691440", "geometry": {"type": "Point", "coordinates": [176.147171, -37.6513201, 1.8]}, "geometry_name": "shape", "properties": {"fidn": "8584575JQA", "expsou": null, "nobjnm": null, "objnam": null, "quasou": null, "souacc": null, "tecsou": null, "verdat": null, "status": null, "inform": null, "ninfom": null, "ntxtds": null, "scamin": 29999, "txtdsc": null, "sordat": null, "sorind": null, "depth": 1.8}}, {"type": "Feature", "id": "layer-50858.691441", "geometry": {"type": "Point", "coordinates": [176.138679, -37.6049837, 2.7]}, "geometry_name": "shape", "properties": {"fidn": "8584575JRA", "expsou": null, "nobjnm": null, "objnam": null, "quasou": null, "souacc": null, "tecsou": null, "verdat": null, "status": null, "inform": null, "ninfom": null, "ntxtds": null, "scamin": 29999, "txtdsc": null, "sordat": null, "sorind": null, "depth": 2.7}}, {"type": "Feature", "id": "layer-50858.691442", "geometry": {"type": "Point", "coordinates": [176.1656907, -37.6287333, 4.5]}, "geometry_name": "shape", "properties": {"fidn": "8584575JSA", "expsou": null, "nobjnm": null, "objnam": null, "quasou": null, "souacc": null, "tecsou": null, "verdat": null, "status": null, "inform": null, "ninfom": null, "ntxtds": null, "scamin": 29999, "txtdsc": null, "sordat": null, "sorind": null, "depth": 4.5}}, {"type": "Feature", "id": "layer-50858.691443", "geometry": {"type": "Point", "coordinates": [176.1552168, -37.5940706, 15.3]}, "geometry_name": "shape", "properties": {"fidn": "8584575JTA", "expsou": null, "nobjnm": null, "objnam": null, "quasou": null, "souacc": null, "tecsou": null, "verdat": null, "status": null, "inform": null, "ninfom": null, "ntxtds": null, "scamin": 29999, "txtdsc": null, "sordat": null, "sorind": null, "depth": 15.3}}, {"type": "Feature", "id": "layer-50858.691444", "geometry": {"type": "Point", "coordinates": [176.1381664, -37.60913, 5.5]}, "geometry_name": "shape", "properties": {"fidn": "8584575JUA", "expsou": null, "nobjnm": null, "objnam": null, "quasou": null, "souacc": null, "tecsou": null, "verdat": null, "status": null, "inform": null, "ninfom": null, "ntxtds": null, "scamin": 29999, "txtdsc": null, "sordat": null, "sorind": null, "depth": 5.5}}, {"type": "Feature", "id": "layer-50858.691445", "geometry": {"type": "Point", "coordinates": [176.1629633, -37.6215433, 10.3]}, "geometry_name": "shape", "properties": {"fidn": "8584575JVA", "expsou": null, "nobjnm": null, "objnam": null, "quasou": null, "souacc": null, "tecsou": null, "verdat": null, "status": null, "inform": null, "ninfom": null, "ntxtds": null, "scamin": 29999, "txtdsc": null, "sordat": null, "sorind": null, "depth": 10.3}}, {"type": "Feature", "id": "layer-50858.691446", "geometry": {"type": "Point", "coordinates": [176.1750962, -37.6711207, 3.4]}, "geometry_name": "shape", "properties": {"fidn": "8584575JWA", "expsou": null, "nobjnm": null, "objnam": null, "quasou": null, "souacc": null, "tecsou": null, "verdat": null, "status": null, "inform": null, "ninfom": null, "ntxtds": null, "scamin": 29999, "txtdsc": null, "sordat": null, "sorind": null, "depth": 3.4}}, {"type": "Feature", "id": "layer-50858.691447", "geometry": {"type": "Point", "coordinates": [176.1824119, -37.6749894, -0.4]}, "geometry_name": "shape", "properties": {"fidn": "8584575JXA", "expsou": null, "nobjnm": null, "objnam": null, "quasou": null, "souacc": null, "tecsou": null, "verdat": null, "status": null, "inform": null, "ninfom": null, "ntxtds": null, "scamin": 29999, "txtdsc": null, "sordat": null, "sorind": null, "depth": -0.4}}, {"type": "Feature", "id": "layer-50858.691448", "geometry": {"type": "Point", "coordinates": [176.1556173, -37.6175148, 5.2]}, "geometry_name": "shape", "properties": {"fidn": "8584575JYA", "expsou": null, "nobjnm": null, "objnam": null, "quasou": null, "souacc": null, "tecsou": null, "verdat": null, "status": null, "inform": null, "ninfom": null, "ntxtds": null, "scamin": 29999, "txtdsc": null, "sordat": null, "sorind": null, "depth": 5.2}}, {"type": "Feature", "id": "layer-50858.691449", "geometry": {"type": "Point", "coordinates": [176.1217161, -37.6501325, 0.3]}, "geometry_name": "shape", "properties": {"fidn": "8584575JZA", "expsou": null, "nobjnm": null, "objnam": null, "quasou": null, "souacc": null, "tecsou": null, "verdat": null, "status": null, "inform": null, "ninfom": null, "ntxtds": null, "scamin": 29999, "txtdsc": null, "sordat": null, "sorind": null, "depth": 0.3}}, {"type": "Feature", "id": "layer-50858.691450", "geometry": {"type": "Point", "coordinates": [176.123595, -37.5935708, 6.4]}, "geometry_name": "shape", "properties": {"fidn": "8584575KAA", "expsou": null, "nobjnm": null, "objnam": null, "quasou": null, "souacc": null, "tecsou": null, "verdat": null, "status": null, "inform": null, "ninfom": null, "ntxtds": null, "scamin": 29999, "txtdsc": null, "sordat": null, "sorind": null, "depth": 6.4}}, {"type": "Feature", "id": "layer-50858.691451", "geometry": {"type": "Point", "coordinates": [176.1907677, -37.6124995, 19.2]}, "geometry_name": "shape", "properties": {"fidn": "8584575KBA", "expsou": null, "nobjnm": null, "objnam": null, "quasou": null, "souacc": null, "tecsou": null, "verdat": null, "status": null, "inform": null, "ninfom": null, "ntxtds": null, "scamin": 29999, "txtdsc": null, "sordat": null, "sorind": null, "depth": 19.2}}, {"type": "Feature", "id": "layer-50858.691452", "geometry": {"type": "Point", "coordinates": [176.1714462, -37.6798419, 5.3]}, "geometry_name": "shape", "properties": {"fidn": "8584575KCA", "expsou": null, "nobjnm": null, "objnam": null, "quasou": null, "souacc": null, "tecsou": null, "verdat": null, "status": null, "inform": null, "ninfom": null, "ntxtds": null, "scamin": 29999, "txtdsc": null, "sordat": null, "sorind": null, "depth": 5.3}}, {"type": "Feature", "id": "layer-50858.691453", "geometry": {"type": "Point", "coordinates": [176.1783478, -37.6858854, -0.7]}, "geometry_name": "shape", "properties": {"fidn": "8584575KDA", "expsou": null, "nobjnm": null, "objnam": null, "quasou": null, "souacc": null, "tecsou": null, "verdat": null, "status": null, "inform": null, "ninfom": null, "ntxtds": null, "scamin": 29999, "txtdsc": null, "sordat": null, "sorind": null, "depth": -0.7}}, {"type": "Feature", "id": "layer-50858.691454", "geometry": {"type": "Point", "coordinates": [176.193312, -37.5928759, 27.5]}, "geometry_name": "shape", "properties": {"fidn": "8584575KEA", "expsou": null, "nobjnm": null, "objnam": null, "quasou": null, "souacc": null, "tecsou": null, "verdat": null, "status": null, "inform": null, "ninfom": null, "ntxtds": null, "scamin": 29999, "txtdsc": null, "sordat": null, "sorind": null, "depth": 27.5}}, {"type": "Feature", "id": "layer-50858.691455", "geometry": {"type": "Point", "coordinates": [176.1592499, -37.6757218, -0.9]}, "geometry_name": "shape", "properties": {"fidn": "8584575KFA", "expsou": null, "nobjnm": null, "objnam": null, "quasou": null, "souacc": null, "tecsou": null, "verdat": null, "status": null, "inform": null, "ninfom": null, "ntxtds": null, "scamin": 29999, "txtdsc": null, "sordat": null, "sorind": null, "depth": -0.9}}, {"type": "Feature", "id": "layer-50858.691456", "geometry": {"type": "Point", "coordinates": [176.1576164, -37.6326543, -0.8]}, "geometry_name": "shape", "properties": {"fidn": "8584575KGA", "expsou": null, "nobjnm": null, "objnam": null, "quasou": null, "souacc": null, "tecsou": null, "verdat": null, "status": null, "inform": null, "ninfom": null, "ntxtds": null, "scamin": 29999, "txtdsc": null, "sordat": null, "sorind": null, "depth": -0.8}}, {"type": "Feature", "id": "layer-50858.691457", "geometry": {"type": "Point", "coordinates": [176.1450064, -37.6485187, 5.2]}, "geometry_name": "shape", "properties": {"fidn": "8584575KHA", "expsou": null, "nobjnm": null, "objnam": null, "quasou": null, "souacc": null, "tecsou": null, "verdat": null, "status": null, "inform": null, "ninfom": null, "ntxtds": null, "scamin": 29999, "txtdsc": null, "sordat": null, "sorind": null, "depth": 5.2}}, {"type": "Feature", "id": "layer-50858.691458", "geometry": {"type": "Point", "coordinates": [176.15141, -37.65456, 2.5]}, "geometry_name": "shape", "properties": {"fidn": "8584575KIA", "expsou": null, "nobjnm": null, "objnam": null, "quasou": null, "souacc": null, "tecsou": null, "verdat": null, "status": null, "inform": null, "ninfom": null, "ntxtds": null, "scamin": 29999, "txtdsc": null, "sordat": null, "sorind": null, "depth": 2.5}}, {"type": "Feature", "id": "layer-50858.691459", "geometry": {"type": "Point", "coordinates": [176.1725087, -37.6019275, 9.9]}, "geometry_name": "shape", "properties": {"fidn": "8584575KJA", "expsou": null, "nobjnm": null, "objnam": null, "quasou": null, "souacc": null, "tecsou": null, "verdat": null, "status": null, "inform": null, "ninfom": null, "ntxtds": null, "scamin": 29999, "txtdsc": null, "sordat": null, "sorind": null, "depth": 9.9}}, {"type": "Feature", "id": "layer-50858.691460", "geometry": {"type": "Point", "coordinates": [176.1428825, -37.6587981, -0.3]}, "geometry_name": "shape", "properties": {"fidn": "8584575KKA", "expsou": null, "nobjnm": null, "objnam": null, "quasou": null, "souacc": null, "tecsou": null, "verdat": null, "status": null, "inform": null, "ninfom": null, "ntxtds": null, "scamin": 29999, "txtdsc": null, "sordat": null, "sorind": null, "depth": -0.3}}, {"type": "Feature", "id": "layer-50858.691461", "geometry": {"type": "Point", "coordinates": [176.17674, -37.63706, 8]}, "geometry_name": "shape", "properties": {"fidn": "8584575KLA", "expsou": null, "nobjnm": null, "objnam": null, "quasou": null, "souacc": null, "tecsou": null, "verdat": null, "status": null, "inform": null, "ninfom": null, "ntxtds": null, "scamin": 29999, "txtdsc": null, "sordat": null, "sorind": null, "depth": 8}}, {"type": "Feature", "id": "layer-50858.691462", "geometry": {"type": "Point", "coordinates": [176.1721533, -37.6177824, 12]}, "geometry_name": "shape", "properties": {"fidn": "8584575KMA", "expsou": null, "nobjnm": null, "objnam": null, "quasou": null, "souacc": null, "tecsou": null, "verdat": null, "status": null, "inform": null, "ninfom": null, "ntxtds": null, "scamin": 29999, "txtdsc": null, "sordat": null, "sorind": null, "depth": 12}}, {"type": "Feature", "id": "layer-50858.691463", "geometry": {"type": "Point", "coordinates": [176.1577987, -37.5967078, 12.1]}, "geometry_name": "shape", "properties": {"fidn": "8584575KNA", "expsou": null, "nobjnm": null, "objnam": null, "quasou": null, "souacc": null, "tecsou": null, "verdat": null, "status": null, "inform": null, "ninfom": null, "ntxtds": null, "scamin": 29999, "txtdsc": null, "sordat": null, "sorind": null, "depth": 12.1}}, {"type": "Feature", "id": "layer-50858.691464", "geometry": {"type": "Point", "coordinates": [176.15747, -37.65713, 1.8]}, "geometry_name": "shape", "properties": {"fidn": "8584575KOA", "expsou": null, "nobjnm": null, "objnam": null, "quasou": null, "souacc": null, "tecsou": null, "verdat": null, "status": null, "inform": null, "ninfom": null, "ntxtds": null, "scamin": 29999, "txtdsc": null, "sordat": null, "sorind": null, "depth": 1.8}}, {"type": "Feature", "id": "layer-50858.691465", "geometry": {"type": "Point", "coordinates": [176.1219744, -37.6589259, -0.5]}, "geometry_name": "shape", "properties": {"fidn": "8584575KPA", "expsou": null, "nobjnm": null, "objnam": null, "quasou": null, "souacc": null, "tecsou": null, "verdat": null, "status": null, "inform": null, "ninfom": null, "ntxtds": null, "scamin": 29999, "txtdsc": null, "sordat": null, "sorind": null, "depth": -0.5}}, {"type": "Feature", "id": "layer-50858.691466", "geometry": {"type": "Point", "coordinates": [176.1485862, -37.6562841, 0.8]}, "geometry_name": "shape", "properties": {"fidn": "8584575KQA", "expsou": null, "nobjnm": null, "objnam": null, "quasou": null, "souacc": null, "tecsou": null, "verdat": null, "status": null, "inform": null, "ninfom": null, "ntxtds": null, "scamin": 29999, "txtdsc": null, "sordat": null, "sorind": null, "depth": 0.8}}, {"type": "Feature", "id": "layer-50858.691467", "geometry": {"type": "Point", "coordinates": [176.1768287, -37.6874209, -0.9]}, "geometry_name": "shape", "properties": {"fidn": "8584575KRA", "expsou": null, "nobjnm": null, "objnam": null, "quasou": null, "souacc": null, "tecsou": null, "verdat": null, "status": null, "inform": null, "ninfom": null, "ntxtds": null, "scamin": 29999, "txtdsc": null, "sordat": null, "sorind": null, "depth": -0.9}}, {"type": "Feature", "id": "layer-50858.691468", "geometry": {"type": "Point", "coordinates": [176.1836911, -37.6312789, 0.8]}, "geometry_name": "shape", "properties": {"fidn": "8584575KSA", "expsou": null, "nobjnm": null, "objnam": null, "quasou": null, "souacc": null, "tecsou": null, "verdat": null, "status": null, "inform": null, "ninfom": null, "ntxtds": null, "scamin": 29999, "txtdsc": null, "sordat": null, "sorind": null, "depth": 0.8}}, {"type": "Feature", "id": "layer-50858.691469", "geometry": {"type": "Point", "coordinates": [176.1817859, -37.6882897, -0.7]}, "geometry_name": "shape", "properties": {"fidn": "8584575KTA", "expsou": null, "nobjnm": null, "objnam": null, "quasou": null, "souacc": null, "tecsou": null, "verdat": null, "status": null, "inform": null, "ninfom": null, "ntxtds": null, "scamin": 29999, "txtdsc": null, "sordat": null, "sorind": null, "depth": -0.7}}, {"type": "Feature", "id": "layer-50858.691470", "geometry": {"type": "Point", "coordinates": [176.1633149, -37.6489088, 1.1]}, "geometry_name": "shape", "properties": {"fidn": "8584575KUA", "expsou": null, "nobjnm": null, "objnam": null, "quasou": null, "souacc": null, "tecsou": null, "verdat": null, "status": null, "inform": null, "ninfom": null, "ntxtds": null, "scamin": 29999, "txtdsc": null, "sordat": null, "sorind": null, "depth": 1.1}}, {"type": "Feature", "id": "layer-50858.691471", "geometry": {"type": "Point", "coordinates": [176.1904027, -37.6797343, -0.6]}, "geometry_name": "shape", "properties": {"fidn": "8584575KVA", "expsou": null, "nobjnm": null, "objnam": null, "quasou": null, "souacc": null, "tecsou": null, "verdat": null, "status": null, "inform": null, "ninfom": null, "ntxtds": null, "scamin": 29999, "txtdsc": null, "sordat": null, "sorind": null, "depth": -0.6}}, {"type": "Feature", "id": "layer-50858.691472", "geometry": {"type": "Point", "coordinates": [176.1771515, -37.5994147, 14.6]}, "geometry_name": "shape", "properties": {"fidn": "8584575KWA", "expsou": null, "nobjnm": null, "objnam": null, "quasou": null, "souacc": null, "tecsou": null, "verdat": null, "status": null, "inform": null, "ninfom": null, "ntxtds": null, "scamin": 29999, "txtdsc": null, "sordat": null, "sorind": null, "depth": 14.6}}, {"type": "Feature", "id": "layer-50858.691473", "geometry": {"type": "Point", "coordinates": [176.1513686, -37.6195661, 4.9]}, "geometry_name": "shape", "properties": {"fidn": "8584575KXA", "expsou": null, "nobjnm": null, "objnam": null, "quasou": null, "souacc": null, "tecsou": null, "verdat": null, "status": null, "inform": null, "ninfom": null, "ntxtds": null, "scamin": 29999, "txtdsc": null, "sordat": null, "sorind": null, "depth": 4.9}}, {"type": "Feature", "id": "layer-50858.691474", "geometry": {"type": "Point", "coordinates": [176.1221249, -37.642978, 6.8]}, "geometry_name": "shape", "properties": {"fidn": "8584575KYA", "expsou": null, "nobjnm": null, "objnam": null, "quasou": null, "souacc": null, "tecsou": null, "verdat": null, "status": null, "inform": null, "ninfom": null, "ntxtds": null, "scamin": 29999, "txtdsc": null, "sordat": null, "sorind": null, "depth": 6.8}}, {"type": "Feature", "id": "layer-50858.691475", "geometry": {"type": "Point", "coordinates": [176.1969442, -37.6041699, 25]}, "geometry_name": "shape", "properties": {"fidn": "8584575KZA", "expsou": null, "nobjnm": null, "objnam": null, "quasou": null, "souacc": null, "tecsou": null, "verdat": null, "status": null, "inform": null, "ninfom": null, "ntxtds": null, "scamin": 29999, "txtdsc": null, "sordat": null, "sorind": null, "depth": 25}}, {"type": "Feature", "id": "layer-50858.691476", "geometry": {"type": "Point", "coordinates": [176.1562224, -37.6032439, 5.4]}, "geometry_name": "shape", "properties": {"fidn": "8584575LAA", "expsou": null, "nobjnm": null, "objnam": null, "quasou": null, "souacc": null, "tecsou": null, "verdat": null, "status": null, "inform": null, "ninfom": null, "ntxtds": null, "scamin": 29999, "txtdsc": null, "sordat": null, "sorind": null, "depth": 5.4}}, {"type": "Feature", "id": "layer-50858.691477", "geometry": {"type": "Point", "coordinates": [176.1670624, -37.616238, 11]}, "geometry_name": "shape", "properties": {"fidn": "8584575LBA", "expsou": null, "nobjnm": null, "objnam": null, "quasou": null, "souacc": null, "tecsou": null, "verdat": null, "status": null, "inform": null, "ninfom": null, "ntxtds": null, "scamin": 29999, "txtdsc": null, "sordat": null, "sorind": null, "depth": 11}}, {"type": "Feature", "id": "layer-50858.691478", "geometry": {"type": "Point", "coordinates": [176.1563032, -37.685226, -0.9]}, "geometry_name": "shape", "properties": {"fidn": "8584575LCA", "expsou": null, "nobjnm": null, "objnam": null, "quasou": null, "souacc": null, "tecsou": null, "verdat": null, "status": null, "inform": null, "ninfom": null, "ntxtds": null, "scamin": 29999, "txtdsc": null, "sordat": null, "sorind": null, "depth": -0.9}}, {"type": "Feature", "id": "layer-50858.691479", "geometry": {"type": "Point", "coordinates": [176.170315, -37.655485, 1.3]}, "geometry_name": "shape", "properties": {"fidn": "8584575LDA", "expsou": null, "nobjnm": null, "objnam": null, "quasou": null, "souacc": null, "tecsou": null, "verdat": null, "status": null, "inform": null, "ninfom": null, "ntxtds": null, "scamin": 29999, "txtdsc": null, "sordat": null, "sorind": null, "depth": 1.3}}, {"type": "Feature", "id": "layer-50858.691480", "geometry": {"type": "Point", "coordinates": [176.1248731, -37.6253203, -1.2]}, "geometry_name": "shape", "properties": {"fidn": "8584575LEA", "expsou": null, "nobjnm": null, "objnam": null, "quasou": null, "souacc": null, "tecsou": null, "verdat": null, "status": null, "inform": null, "ninfom": null, "ntxtds": null, "scamin": 29999, "txtdsc": null, "sordat": null, "sorind": null, "depth": -1.2}}, {"type": "Feature", "id": "layer-50858.691481", "geometry": {"type": "Point", "coordinates": [176.1264664, -37.6560447, -0.2]}, "geometry_name": "shape", "properties": {"fidn": "8584575LFA", "expsou": null, "nobjnm": null, "objnam": null, "quasou": null, "souacc": null, "tecsou": null, "verdat": null, "status": null, "inform": null, "ninfom": null, "ntxtds": null, "scamin": 29999, "txtdsc": null, "sordat": null, "sorind": null, "depth": -0.2}}, {"type": "Feature", "id": "layer-50858.691482", "geometry": {"type": "Point", "coordinates": [176.1709524, -37.6879637, -0.3]}, "geometry_name": "shape", "properties": {"fidn": "8584575LGA", "expsou": null, "nobjnm": null, "objnam": null, "quasou": null, "souacc": null, "tecsou": null, "verdat": null, "status": null, "inform": null, "ninfom": null, "ntxtds": null, "scamin": 29999, "txtdsc": null, "sordat": null, "sorind": null, "depth": -0.3}}, {"type": "Feature", "id": "layer-50858.691483", "geometry": {"type": "Point", "coordinates": [176.184168, -37.6005579, 19.7]}, "geometry_name": "shape", "properties": {"fidn": "8584575LHA", "expsou": null, "nobjnm": null, "objnam": null, "quasou": null, "souacc": null, "tecsou": null, "verdat": null, "status": null, "inform": null, "ninfom": null, "ntxtds": null, "scamin": 29999, "txtdsc": null, "sordat": null, "sorind": null, "depth": 19.7}}, {"type": "Feature", "id": "layer-50858.691484", "geometry": {"type": "Point", "coordinates": [176.165105, -37.657345, 3.4]}, "geometry_name": "shape", "properties": {"fidn": "8584575LIA", "expsou": null, "nobjnm": null, "objnam": null, "quasou": null, "souacc": null, "tecsou": null, "verdat": null, "status": null, "inform": null, "ninfom": null, "ntxtds": null, "scamin": 29999, "txtdsc": null, "sordat": null, "sorind": null, "depth": 3.4}}, {"type": "Feature", "id": "layer-50858.691485", "geometry": {"type": "Point", "coordinates": [176.1621142, -37.6616715, -0.5]}, "geometry_name": "shape", "properties": {"fidn": "8584575LJA", "expsou": null, "nobjnm": null, "objnam": null, "quasou": null, "souacc": null, "tecsou": null, "verdat": null, "status": null, "inform": null, "ninfom": null, "ntxtds": null, "scamin": 29999, "txtdsc": null, "sordat": null, "sorind": null, "depth": -0.5}}, {"type": "Feature", "id": "layer-50858.691486", "geometry": {"type": "Point", "coordinates": [176.1645611, -37.6185742, 10.4]}, "geometry_name": "shape", "properties": {"fidn": "8584575LKA", "expsou": null, "nobjnm": null, "objnam": null, "quasou": null, "souacc": null, "tecsou": null, "verdat": null, "status": null, "inform": null, "ninfom": null, "ntxtds": null, "scamin": 29999, "txtdsc": null, "sordat": null, "sorind": null, "depth": 10.4}}, {"type": "Feature", "id": "layer-50858.691487", "geometry": {"type": "Point", "coordinates": [176.1511901, -37.606421, 6.6]}, "geometry_name": "shape", "properties": {"fidn": "8584575LLA", "expsou": null, "nobjnm": null, "objnam": null, "quasou": null, "souacc": null, "tecsou": null, "verdat": null, "status": null, "inform": null, "ninfom": null, "ntxtds": null, "scamin": 29999, "txtdsc": null, "sordat": null, "sorind": null, "depth": 6.6}}, {"type": "Feature", "id": "layer-50858.691488", "geometry": {"type": "Point", "coordinates": [176.16403, -37.644595, 0.8]}, "geometry_name": "shape", "properties": {"fidn": "8584575LMA", "expsou": null, "nobjnm": null, "objnam": null, "quasou": null, "souacc": null, "tecsou": null, "verdat": null, "status": null, "inform": null, "ninfom": null, "ntxtds": null, "scamin": 29999, "txtdsc": null, "sordat": null, "sorind": null, "depth": 0.8}}, {"type": "Feature", "id": "layer-50858.691489", "geometry": {"type": "Point", "coordinates": [176.1861398, -37.6307422, 3.7]}, "geometry_name": "shape", "properties": {"fidn": "8584575LNA", "expsou": null, "nobjnm": null, "objnam": null, "quasou": null, "souacc": null, "tecsou": null, "verdat": null, "status": null, "inform": null, "ninfom": null, "ntxtds": null, "scamin": 29999, "txtdsc": null, "sordat": null, "sorind": null, "depth": 3.7}}, {"type": "Feature", "id": "layer-50858.691490", "geometry": {"type": "Point", "coordinates": [176.158145, -37.64206, 2.2]}, "geometry_name": "shape", "properties": {"fidn": "8584575LOA", "expsou": null, "nobjnm": null, "objnam": null, "quasou": null, "souacc": null, "tecsou": null, "verdat": null, "status": null, "inform": null, "ninfom": null, "ntxtds": null, "scamin": 29999, "txtdsc": null, "sordat": null, "sorind": null, "depth": 2.2}}, {"type": "Feature", "id": "layer-50858.691491", "geometry": {"type": "Point", "coordinates": [176.1807613, -37.6784714, -0.7]}, "geometry_name": "shape", "properties": {"fidn": "8584575LPA", "expsou": null, "nobjnm": null, "objnam": null, "quasou": null, "souacc": null, "tecsou": null, "verdat": null, "status": null, "inform": null, "ninfom": null, "ntxtds": null, "scamin": 29999, "txtdsc": null, "sordat": null, "sorind": null, "depth": -0.7}}, {"type": "Feature", "id": "layer-50858.691492", "geometry": {"type": "Point", "coordinates": [176.1297536, -37.6388581, -0.4]}, "geometry_name": "shape", "properties": {"fidn": "8584575LQA", "expsou": null, "nobjnm": null, "objnam": null, "quasou": null, "souacc": null, "tecsou": null, "verdat": null, "status": null, "inform": null, "ninfom": null, "ntxtds": null, "scamin": 29999, "txtdsc": null, "sordat": null, "sorind": null, "depth": -0.4}}, {"type": "Feature", "id": "layer-50858.691493", "geometry": {"type": "Point", "coordinates": [176.1640589, -37.6692841, -0.6]}, "geometry_name": "shape", "properties": {"fidn": "8584575LRA", "expsou": null, "nobjnm": null, "objnam": null, "quasou": null, "souacc": null, "tecsou": null, "verdat": null, "status": null, "inform": null, "ninfom": null, "ntxtds": null, "scamin": 29999, "txtdsc": null, "sordat": null, "sorind": null, "depth": -0.6}}, {"type": "Feature", "id": "layer-50858.691494", "geometry": {"type": "Point", "coordinates": [176.17683, -37.65056, 0.9]}, "geometry_name": "shape", "properties": {"fidn": "8584575LSA", "expsou": null, "nobjnm": null, "objnam": null, "quasou": null, "souacc": null, "tecsou": null, "verdat": null, "status": null, "inform": null, "ninfom": null, "ntxtds": null, "scamin": 29999, "txtdsc": null, "sordat": null, "sorind": null, "depth": 0.9}}, {"type": "Feature", "id": "layer-50858.691495", "geometry": {"type": "Point", "coordinates": [176.125269, -37.6353331, -1.2]}, "geometry_name": "shape", "properties": {"fidn": "8584575LTA", "expsou": null, "nobjnm": null, "objnam": null, "quasou": null, "souacc": null, "tecsou": null, "verdat": null, "status": null, "inform": null, "ninfom": null, "ntxtds": null, "scamin": 29999, "txtdsc": null, "sordat": null, "sorind": null, "depth": -1.2}}, {"type": "Feature", "id": "layer-50858.691496", "geometry": {"type": "Point", "coordinates": [176.19396, -37.63287, 2.7]}, "geometry_name": "shape", "properties": {"fidn": "8584575LUA", "expsou": null, "nobjnm": null, "objnam": null, "quasou": null, "souacc": null, "tecsou": null, "verdat": null, "status": null, "inform": null, "ninfom": null, "ntxtds": null, "scamin": 29999, "txtdsc": null, "sordat": null, "sorind": null, "depth": 2.7}}, {"type": "Feature", "id": "layer-50858.691497", "geometry": {"type": "Point", "coordinates": [176.1454052, -37.6204907, -0.3]}, "geometry_name": "shape", "properties": {"fidn": "8584575LVA", "expsou": null, "nobjnm": null, "objnam": null, "quasou": null, "souacc": null, "tecsou": null, "verdat": null, "status": null, "inform": null, "ninfom": null, "ntxtds": null, "scamin": 29999, "txtdsc": null, "sordat": null, "sorind": null, "depth": -0.3}}, {"type": "Feature", "id": "layer-50858.691498", "geometry": {"type": "Point", "coordinates": [176.1971895, -37.6144886, 20.5]}, "geometry_name": "shape", "properties": {"fidn": "8584575LWA", "expsou": null, "nobjnm": null, "objnam": null, "quasou": null, "souacc": null, "tecsou": null, "verdat": null, "status": null, "inform": null, "ninfom": null, "ntxtds": null, "scamin": 29999, "txtdsc": null, "sordat": null, "sorind": null, "depth": 20.5}}, {"type": "Feature", "id": "layer-50858.691499", "geometry": {"type": "Point", "coordinates": [176.1394938, -37.6006679, 9.7]}, "geometry_name": "shape", "properties": {"fidn": "8584575LXA", "expsou": null, "nobjnm": null, "objnam": null, "quasou": null, "souacc": null, "tecsou": null, "verdat": null, "status": null, "inform": null, "ninfom": null, "ntxtds": null, "scamin": 29999, "txtdsc": null, "sordat": null, "sorind": null, "depth": 9.7}}, {"type": "Feature", "id": "layer-50858.691500", "geometry": {"type": "Point", "coordinates": [176.1881989, -37.6787645, -0.9]}, "geometry_name": "shape", "properties": {"fidn": "8584575LYA", "expsou": null, "nobjnm": null, "objnam": null, "quasou": null, "souacc": null, "tecsou": null, "verdat": null, "status": null, "inform": null, "ninfom": null, "ntxtds": null, "scamin": 29999, "txtdsc": null, "sordat": null, "sorind": null, "depth": -0.9}}, {"type": "Feature", "id": "layer-50858.691501", "geometry": {"type": "Point", "coordinates": [176.1574898, -37.6784289, -1.1]}, "geometry_name": "shape", "properties": {"fidn": "8584575LZA", "expsou": null, "nobjnm": null, "objnam": null, "quasou": null, "souacc": null, "tecsou": null, "verdat": null, "status": null, "inform": null, "ninfom": null, "ntxtds": null, "scamin": 29999, "txtdsc": null, "sordat": null, "sorind": null, "depth": -1.1}}, {"type": "Feature", "id": "layer-50858.691502", "geometry": {"type": "Point", "coordinates": [176.1945947, -37.6180912, 16.4]}, "geometry_name": "shape", "properties": {"fidn": "8584575MAA", "expsou": null, "nobjnm": null, "objnam": null, "quasou": null, "souacc": null, "tecsou": null, "verdat": null, "status": null, "inform": null, "ninfom": null, "ntxtds": null, "scamin": 29999, "txtdsc": null, "sordat": null, "sorind": null, "depth": 16.4}}, {"type": "Feature", "id": "layer-50858.691503", "geometry": {"type": "Point", "coordinates": [176.1505609, -37.6516396, 0.8]}, "geometry_name": "shape", "properties": {"fidn": "8584575MBA", "expsou": null, "nobjnm": null, "objnam": null, "quasou": null, "souacc": null, "tecsou": null, "verdat": null, "status": null, "inform": null, "ninfom": null, "ntxtds": null, "scamin": 29999, "txtdsc": null, "sordat": null, "sorind": null, "depth": 0.8}}, {"type": "Feature", "id": "layer-50858.691504", "geometry": {"type": "Point", "coordinates": [176.1650181, -37.6035739, 11.2]}, "geometry_name": "shape", "properties": {"fidn": "8584575MCA", "expsou": null, "nobjnm": null, "objnam": null, "quasou": null, "souacc": null, "tecsou": null, "verdat": null, "status": null, "inform": null, "ninfom": null, "ntxtds": null, "scamin": 29999, "txtdsc": null, "sordat": null, "sorind": null, "depth": 11.2}}, {"type": "Feature", "id": "layer-50858.691505", "geometry": {"type": "Point", "coordinates": [176.1244649, -37.6546485, -0.7]}, "geometry_name": "shape", "properties": {"fidn": "8584575MDA", "expsou": null, "nobjnm": null, "objnam": null, "quasou": null, "souacc": null, "tecsou": null, "verdat": null, "status": null, "inform": null, "ninfom": null, "ntxtds": null, "scamin": 29999, "txtdsc": null, "sordat": null, "sorind": null, "depth": -0.7}}, {"type": "Feature", "id": "layer-50858.691506", "geometry": {"type": "Point", "coordinates": [176.1666271, -37.5976765, 10.2]}, "geometry_name": "shape", "properties": {"fidn": "8584575MEA", "expsou": null, "nobjnm": null, "objnam": null, "quasou": null, "souacc": null, "tecsou": null, "verdat": null, "status": null, "inform": null, "ninfom": null, "ntxtds": null, "scamin": 29999, "txtdsc": null, "sordat": null, "sorind": null, "depth": 10.2}}, {"type": "Feature", "id": "layer-50858.691507", "geometry": {"type": "Point", "coordinates": [176.1552662, -37.6207173, 4.5]}, "geometry_name": "shape", "properties": {"fidn": "8584575MFA", "expsou": null, "nobjnm": null, "objnam": null, "quasou": null, "souacc": null, "tecsou": null, "verdat": null, "status": null, "inform": null, "ninfom": null, "ntxtds": null, "scamin": 29999, "txtdsc": null, "sordat": null, "sorind": null, "depth": 4.5}}, {"type": "Feature", "id": "layer-50858.691508", "geometry": {"type": "Point", "coordinates": [176.1438402, -37.6408323, -0.6]}, "geometry_name": "shape", "properties": {"fidn": "8584575MGA", "expsou": null, "nobjnm": null, "objnam": null, "quasou": null, "souacc": null, "tecsou": null, "verdat": null, "status": null, "inform": null, "ninfom": null, "ntxtds": null, "scamin": 29999, "txtdsc": null, "sordat": null, "sorind": null, "depth": -0.6}}, {"type": "Feature", "id": "layer-50858.691509", "geometry": {"type": "Point", "coordinates": [176.1842355, -37.5976749, 22]}, "geometry_name": "shape", "properties": {"fidn": "8584575MHA", "expsou": null, "nobjnm": null, "objnam": null, "quasou": null, "souacc": null, "tecsou": null, "verdat": null, "status": null, "inform": null, "ninfom": null, "ntxtds": null, "scamin": 29999, "txtdsc": null, "sordat": null, "sorind": null, "depth": 22}}, {"type": "Feature", "id": "layer-50858.691510", "geometry": {"type": "Point", "coordinates": [176.1637665, -37.66309, -0.7]}, "geometry_name": "shape", "properties": {"fidn": "8584575MIA", "expsou": null, "nobjnm": null, "objnam": null, "quasou": null, "souacc": null, "tecsou": null, "verdat": null, "status": null, "inform": null, "ninfom": null, "ntxtds": null, "scamin": 29999, "txtdsc": null, "sordat": null, "sorind": null, "depth": -0.7}}, {"type": "Feature", "id": "layer-50858.691511", "geometry": {"type": "Point", "coordinates": [176.150915, -37.64463, 3.2]}, "geometry_name": "shape", "properties": {"fidn": "8584575MJA", "expsou": null, "nobjnm": null, "objnam": null, "quasou": null, "souacc": null, "tecsou": null, "verdat": null, "status": null, "inform": null, "ninfom": null, "ntxtds": null, "scamin": 29999, "txtdsc": null, "sordat": null, "sorind": null, "depth": 3.2}}, {"type": "Feature", "id": "layer-50858.691512", "geometry": {"type": "Point", "coordinates": [176.1863787, -37.6843933, -1]}, "geometry_name": "shape", "properties": {"fidn": "8584575MKA", "expsou": null, "nobjnm": null, "objnam": null, "quasou": null, "souacc": null, "tecsou": null, "verdat": null, "status": null, "inform": null, "ninfom": null, "ntxtds": null, "scamin": 29999, "txtdsc": null, "sordat": null, "sorind": null, "depth": -1}}, {"type": "Feature", "id": "layer-50858.691513", "geometry": {"type": "Point", "coordinates": [176.1613372, -37.6404124, 3.9]}, "geometry_name": "shape", "properties": {"fidn": "8584575MLA", "expsou": null, "nobjnm": null, "objnam": null, "quasou": null, "souacc": null, "tecsou": null, "verdat": null, "status": null, "inform": null, "ninfom": null, "ntxtds": null, "scamin": 29999, "txtdsc": null, "sordat": null, "sorind": null, "depth": 3.9}}, {"type": "Feature", "id": "layer-50858.691514", "geometry": {"type": "Point", "coordinates": [176.1368236, -37.6027328, 7.9]}, "geometry_name": "shape", "properties": {"fidn": "8584575MMA", "expsou": null, "nobjnm": null, "objnam": null, "quasou": null, "souacc": null, "tecsou": null, "verdat": null, "status": null, "inform": null, "ninfom": null, "ntxtds": null, "scamin": 29999, "txtdsc": null, "sordat": null, "sorind": null, "depth": 7.9}}, {"type": "Feature", "id": "layer-50858.691515", "geometry": {"type": "Point", "coordinates": [176.1309652, -37.632132, -0.6]}, "geometry_name": "shape", "properties": {"fidn": "8584575MNA", "expsou": null, "nobjnm": null, "objnam": null, "quasou": null, "souacc": null, "tecsou": null, "verdat": null, "status": null, "inform": null, "ninfom": null, "ntxtds": null, "scamin": 29999, "txtdsc": null, "sordat": null, "sorind": null, "depth": -0.6}}, {"type": "Feature", "id": "layer-50858.691516", "geometry": {"type": "Point", "coordinates": [176.1277803, -37.6318937, -0.9]}, "geometry_name": "shape", "properties": {"fidn": "8584575MOA", "expsou": null, "nobjnm": null, "objnam": null, "quasou": null, "souacc": null, "tecsou": null, "verdat": null, "status": null, "inform": null, "ninfom": null, "ntxtds": null, "scamin": 29999, "txtdsc": null, "sordat": null, "sorind": null, "depth": -0.9}}, {"type": "Feature", "id": "layer-50858.691517", "geometry": {"type": "Point", "coordinates": [176.1625697, -37.592981, 16.2]}, "geometry_name": "shape", "properties": {"fidn": "8584575MPA", "expsou": null, "nobjnm": null, "objnam": null, "quasou": null, "souacc": null, "tecsou": null, "verdat": null, "status": null, "inform": null, "ninfom": null, "ntxtds": null, "scamin": 29999, "txtdsc": null, "sordat": null, "sorind": null, "depth": 16.2}}, {"type": "Feature", "id": "layer-50858.691518", "geometry": {"type": "Point", "coordinates": [176.1758636, -37.6786761, 0.8]}, "geometry_name": "shape", "properties": {"fidn": "8584575MQA", "expsou": null, "nobjnm": null, "objnam": null, "quasou": null, "souacc": null, "tecsou": null, "verdat": null, "status": null, "inform": null, "ninfom": null, "ntxtds": null, "scamin": 29999, "txtdsc": null, "sordat": null, "sorind": null, "depth": 0.8}}, {"type": "Feature", "id": "layer-50858.691519", "geometry": {"type": "Point", "coordinates": [176.1503596, -37.6244374, -0.4]}, "geometry_name": "shape", "properties": {"fidn": "8584575MRA", "expsou": null, "nobjnm": null, "objnam": null, "quasou": null, "souacc": null, "tecsou": null, "verdat": null, "status": null, "inform": null, "ninfom": null, "ntxtds": null, "scamin": 29999, "txtdsc": null, "sordat": null, "sorind": null, "depth": -0.4}}, {"type": "Feature", "id": "layer-50858.691520", "geometry": {"type": "Point", "coordinates": [176.1708, -37.63615, 0.5]}, "geometry_name": "shape", "properties": {"fidn": "8584575MSA", "expsou": null, "nobjnm": null, "objnam": null, "quasou": null, "souacc": null, "tecsou": null, "verdat": null, "status": null, "inform": null, "ninfom": null, "ntxtds": null, "scamin": 29999, "txtdsc": null, "sordat": null, "sorind": null, "depth": 0.5}}, {"type": "Feature", "id": "layer-50858.691521", "geometry": {"type": "Point", "coordinates": [176.147925, -37.6019073, 8.3]}, "geometry_name": "shape", "properties": {"fidn": "8584575MTA", "expsou": null, "nobjnm": null, "objnam": null, "quasou": null, "souacc": null, "tecsou": null, "verdat": null, "status": null, "inform": null, "ninfom": null, "ntxtds": null, "scamin": 29999, "txtdsc": null, "sordat": null, "sorind": null, "depth": 8.3}}, {"type": "Feature", "id": "layer-50858.691522", "geometry": {"type": "Point", "coordinates": [176.1268358, -37.6233535, -1]}, "geometry_name": "shape", "properties": {"fidn": "8584575MUA", "expsou": null, "nobjnm": null, "objnam": null, "quasou": null, "souacc": null, "tecsou": null, "verdat": null, "status": null, "inform": null, "ninfom": null, "ntxtds": null, "scamin": 29999, "txtdsc": null, "sordat": null, "sorind": null, "depth": -1}}, {"type": "Feature", "id": "layer-50858.691523", "geometry": {"type": "Point", "coordinates": [176.189112, -37.5957042, 25.5]}, "geometry_name": "shape", "properties": {"fidn": "8584575MVA", "expsou": null, "nobjnm": null, "objnam": null, "quasou": null, "souacc": null, "tecsou": null, "verdat": null, "status": null, "inform": null, "ninfom": null, "ntxtds": null, "scamin": 29999, "txtdsc": null, "sordat": null, "sorind": null, "depth": 25.5}}, {"type": "Feature", "id": "layer-50858.691524", "geometry": {"type": "Point", "coordinates": [176.196387, -37.6318506, 2.4]}, "geometry_name": "shape", "properties": {"fidn": "8584575MWA", "expsou": null, "nobjnm": null, "objnam": null, "quasou": null, "souacc": null, "tecsou": null, "verdat": null, "status": null, "inform": null, "ninfom": null, "ntxtds": null, "scamin": 29999, "txtdsc": null, "sordat": null, "sorind": null, "depth": 2.4}}, {"type": "Feature", "id": "layer-50858.691525", "geometry": {"type": "Point", "coordinates": [176.12177, -37.6382736, -0.1]}, "geometry_name": "shape", "properties": {"fidn": "8584575MXA", "expsou": null, "nobjnm": null, "objnam": null, "quasou": null, "souacc": null, "tecsou": null, "verdat": null, "status": null, "inform": null, "ninfom": null, "ntxtds": null, "scamin": 29999, "txtdsc": null, "sordat": null, "sorind": null, "depth": -0.1}}, {"type": "Feature", "id": "layer-50858.691526", "geometry": {"type": "Point", "coordinates": [176.1787227, -37.6794715, -0.9]}, "geometry_name": "shape", "properties": {"fidn": "8584575MYA", "expsou": null, "nobjnm": null, "objnam": null, "quasou": null, "souacc": null, "tecsou": null, "verdat": null, "status": null, "inform": null, "ninfom": null, "ntxtds": null, "scamin": 29999, "txtdsc": null, "sordat": null, "sorind": null, "depth": -0.9}}, {"type": "Feature", "id": "layer-50858.691527", "geometry": {"type": "Point", "coordinates": [176.1593584, -37.6029286, 7.5]}, "geometry_name": "shape", "properties": {"fidn": "8584575MZA", "expsou": null, "nobjnm": null, "objnam": null, "quasou": null, "souacc": null, "tecsou": null, "verdat": null, "status": null, "inform": null, "ninfom": null, "ntxtds": null, "scamin": 29999, "txtdsc": null, "sordat": null, "sorind": null, "depth": 7.5}}, {"type": "Feature", "id": "layer-50858.691528", "geometry": {"type": "Point", "coordinates": [176.1949779, -37.6018446, 26.5]}, "geometry_name": "shape", "properties": {"fidn": "8584575NAA", "expsou": null, "nobjnm": null, "objnam": null, "quasou": null, "souacc": null, "tecsou": null, "verdat": null, "status": null, "inform": null, "ninfom": null, "ntxtds": null, "scamin": 29999, "txtdsc": null, "sordat": null, "sorind": null, "depth": 26.5}}, {"type": "Feature", "id": "layer-50858.691529", "geometry": {"type": "Point", "coordinates": [176.1288115, -37.652209, -0.4]}, "geometry_name": "shape", "properties": {"fidn": "8584575NBA", "expsou": null, "nobjnm": null, "objnam": null, "quasou": null, "souacc": null, "tecsou": null, "verdat": null, "status": null, "inform": null, "ninfom": null, "ntxtds": null, "scamin": 29999, "txtdsc": null, "sordat": null, "sorind": null, "depth": -0.4}}, {"type": "Feature", "id": "layer-50858.691530", "geometry": {"type": "Point", "coordinates": [176.1973723, -37.6273398, 2.9]}, "geometry_name": "shape", "properties": {"fidn": "8584575NCA", "expsou": null, "nobjnm": null, "objnam": null, "quasou": null, "souacc": null, "tecsou": null, "verdat": null, "status": null, "inform": null, "ninfom": null, "ntxtds": null, "scamin": 29999, "txtdsc": null, "sordat": null, "sorind": null, "depth": 2.9}}, {"type": "Feature", "id": "layer-50858.691531", "geometry": {"type": "Point", "coordinates": [176.1878655, -37.6217052, 11.2]}, "geometry_name": "shape", "properties": {"fidn": "8584575NDA", "expsou": null, "nobjnm": null, "objnam": null, "quasou": null, "souacc": null, "tecsou": null, "verdat": null, "status": null, "inform": null, "ninfom": null, "ntxtds": null, "scamin": 29999, "txtdsc": null, "sordat": null, "sorind": null, "depth": 11.2}}, {"type": "Feature", "id": "layer-50858.691532", "geometry": {"type": "Point", "coordinates": [176.1238404, -37.6323567, -1.5]}, "geometry_name": "shape", "properties": {"fidn": "8584575NEA", "expsou": null, "nobjnm": null, "objnam": null, "quasou": null, "souacc": null, "tecsou": null, "verdat": null, "status": null, "inform": null, "ninfom": null, "ntxtds": null, "scamin": 29999, "txtdsc": null, "sordat": null, "sorind": null, "depth": -1.5}}, {"type": "Feature", "id": "layer-50858.691533", "geometry": {"type": "Point", "coordinates": [176.195057, -37.5956279, 25]}, "geometry_name": "shape", "properties": {"fidn": "8584575NFA", "expsou": null, "nobjnm": null, "objnam": null, "quasou": null, "souacc": null, "tecsou": null, "verdat": null, "status": null, "inform": null, "ninfom": null, "ntxtds": null, "scamin": 29999, "txtdsc": null, "sordat": null, "sorind": null, "depth": 25}}, {"type": "Feature", "id": "layer-50858.691534", "geometry": {"type": "Point", "coordinates": [176.1916405, -37.6837438, -0.9]}, "geometry_name": "shape", "properties": {"fidn": "8584575NGA", "expsou": null, "nobjnm": null, "objnam": null, "quasou": null, "souacc": null, "tecsou": null, "verdat": null, "status": null, "inform": null, "ninfom": null, "ntxtds": null, "scamin": 29999, "txtdsc": null, "sordat": null, "sorind": null, "depth": -0.9}}, {"type": "Feature", "id": "layer-50858.691535", "geometry": {"type": "Point", "coordinates": [176.162014, -37.6043321, 8.7]}, "geometry_name": "shape", "properties": {"fidn": "8584575NHA", "expsou": null, "nobjnm": null, "objnam": null, "quasou": null, "souacc": null, "tecsou": null, "verdat": null, "status": null, "inform": null, "ninfom": null, "ntxtds": null, "scamin": 29999, "txtdsc": null, "sordat": null, "sorind": null, "depth": 8.7}}, {"type": "Feature", "id": "layer-50858.691536", "geometry": {"type": "Point", "coordinates": [176.1479902, -37.6439833, 1.3]}, "geometry_name": "shape", "properties": {"fidn": "8584575NIA", "expsou": null, "nobjnm": null, "objnam": null, "quasou": null, "souacc": null, "tecsou": null, "verdat": null, "status": null, "inform": null, "ninfom": null, "ntxtds": null, "scamin": 29999, "txtdsc": null, "sordat": null, "sorind": null, "depth": 1.3}}, {"type": "Feature", "id": "layer-50858.691537", "geometry": {"type": "Point", "coordinates": [176.1482964, -37.6195295, 4.4]}, "geometry_name": "shape", "properties": {"fidn": "8584575NJA", "expsou": null, "nobjnm": null, "objnam": null, "quasou": null, "souacc": null, "tecsou": null, "verdat": null, "status": null, "inform": null, "ninfom": null, "ntxtds": null, "scamin": 29999, "txtdsc": null, "sordat": null, "sorind": null, "depth": 4.4}}, {"type": "Feature", "id": "layer-50858.691538", "geometry": {"type": "Point", "coordinates": [176.169735, -37.6412, 7.2]}, "geometry_name": "shape", "properties": {"fidn": "8584575NKA", "expsou": null, "nobjnm": null, "objnam": null, "quasou": null, "souacc": null, "tecsou": null, "verdat": null, "status": null, "inform": null, "ninfom": null, "ntxtds": null, "scamin": 29999, "txtdsc": null, "sordat": null, "sorind": null, "depth": 7.2}}, {"type": "Feature", "id": "layer-50858.691539", "geometry": {"type": "Point", "coordinates": [176.164705, -37.653595, 0.9]}, "geometry_name": "shape", "properties": {"fidn": "8584575NLA", "expsou": null, "nobjnm": null, "objnam": null, "quasou": null, "souacc": null, "tecsou": null, "verdat": null, "status": null, "inform": null, "ninfom": null, "ntxtds": null, "scamin": 29999, "txtdsc": null, "sordat": null, "sorind": null, "depth": 0.9}}, {"type": "Feature", "id": "layer-50858.691540", "geometry": {"type": "Point", "coordinates": [176.1391383, -37.6503596, 2.1]}, "geometry_name": "shape", "properties": {"fidn": "8584575NMA", "expsou": null, "nobjnm": null, "objnam": null, "quasou": null, "souacc": null, "tecsou": null, "verdat": null, "status": null, "inform": null, "ninfom": null, "ntxtds": null, "scamin": 29999, "txtdsc": null, "sordat": null, "sorind": null, "depth": 2.1}}, {"type": "Feature", "id": "layer-50858.691541", "geometry": {"type": "Point", "coordinates": [176.1692656, -37.6033594, 12.1]}, "geometry_name": "shape", "properties": {"fidn": "8584575NNA", "expsou": null, "nobjnm": null, "objnam": null, "quasou": null, "souacc": null, "tecsou": null, "verdat": null, "status": null, "inform": null, "ninfom": null, "ntxtds": null, "scamin": 29999, "txtdsc": null, "sordat": null, "sorind": null, "depth": 12.1}}, {"type": "Feature", "id": "layer-50858.691542", "geometry": {"type": "Point", "coordinates": [176.1824634, -37.6846488, -0.8]}, "geometry_name": "shape", "properties": {"fidn": "8584575NOA", "expsou": null, "nobjnm": null, "objnam": null, "quasou": null, "souacc": null, "tecsou": null, "verdat": null, "status": null, "inform": null, "ninfom": null, "ntxtds": null, "scamin": 29999, "txtdsc": null, "sordat": null, "sorind": null, "depth": -0.8}}, {"type": "Feature", "id": "layer-50858.691543", "geometry": {"type": "Point", "coordinates": [176.1779902, -37.6298015, 0.6]}, "geometry_name": "shape", "properties": {"fidn": "8584575NPA", "expsou": null, "nobjnm": null, "objnam": null, "quasou": null, "souacc": null, "tecsou": null, "verdat": null, "status": null, "inform": null, "ninfom": null, "ntxtds": null, "scamin": 29999, "txtdsc": null, "sordat": null, "sorind": null, "depth": 0.6}}, {"type": "Feature", "id": "layer-50858.691544", "geometry": {"type": "Point", "coordinates": [176.152404, -37.6005228, 6.6]}, "geometry_name": "shape", "properties": {"fidn": "8584575NQA", "expsou": null, "nobjnm": null, "objnam": null, "quasou": null, "souacc": null, "tecsou": null, "verdat": null, "status": null, "inform": null, "ninfom": null, "ntxtds": null, "scamin": 29999, "txtdsc": null, "sordat": null, "sorind": null, "depth": 6.6}}, {"type": "Feature", "id": "layer-50858.691545", "geometry": {"type": "Point", "coordinates": [176.1713527, -37.6586885, 0.9]}, "geometry_name": "shape", "properties": {"fidn": "8584575NRA", "expsou": null, "nobjnm": null, "objnam": null, "quasou": null, "souacc": null, "tecsou": null, "verdat": null, "status": null, "inform": null, "ninfom": null, "ntxtds": null, "scamin": 29999, "txtdsc": null, "sordat": null, "sorind": null, "depth": 0.9}}, {"type": "Feature", "id": "layer-50858.691546", "geometry": {"type": "Point", "coordinates": [176.121866, -37.6155528, -0.8]}, "geometry_name": "shape", "properties": {"fidn": "8584575NSA", "expsou": null, "nobjnm": null, "objnam": null, "quasou": null, "souacc": null, "tecsou": null, "verdat": null, "status": null, "inform": null, "ninfom": null, "ntxtds": null, "scamin": 29999, "txtdsc": null, "sordat": null, "sorind": null, "depth": -0.8}}, {"type": "Feature", "id": "layer-50858.691547", "geometry": {"type": "Point", "coordinates": [176.1343234, -37.5971381, 9.1]}, "geometry_name": "shape", "properties": {"fidn": "8584575NTA", "expsou": null, "nobjnm": null, "objnam": null, "quasou": null, "souacc": null, "tecsou": null, "verdat": null, "status": null, "inform": null, "ninfom": null, "ntxtds": null, "scamin": 29999, "txtdsc": null, "sordat": null, "sorind": null, "depth": 9.1}}, {"type": "Feature", "id": "layer-50858.691548", "geometry": {"type": "Point", "coordinates": [176.1623923, -37.6797224, -0.7]}, "geometry_name": "shape", "properties": {"fidn": "8584575NUA", "expsou": null, "nobjnm": null, "objnam": null, "quasou": null, "souacc": null, "tecsou": null, "verdat": null, "status": null, "inform": null, "ninfom": null, "ntxtds": null, "scamin": 29999, "txtdsc": null, "sordat": null, "sorind": null, "depth": -0.7}}, {"type": "Feature", "id": "layer-50858.691549", "geometry": {"type": "Point", "coordinates": [176.1734167, -37.5988649, 12.3]}, "geometry_name": "shape", "properties": {"fidn": "8584575NVA", "expsou": null, "nobjnm": null, "objnam": null, "quasou": null, "souacc": null, "tecsou": null, "verdat": null, "status": null, "inform": null, "ninfom": null, "ntxtds": null, "scamin": 29999, "txtdsc": null, "sordat": null, "sorind": null, "depth": 12.3}}, {"type": "Feature", "id": "layer-50858.691550", "geometry": {"type": "Point", "coordinates": [176.1237666, -37.6606622, -1]}, "geometry_name": "shape", "properties": {"fidn": "8584575NWA", "expsou": null, "nobjnm": null, "objnam": null, "quasou": null, "souacc": null, "tecsou": null, "verdat": null, "status": null, "inform": null, "ninfom": null, "ntxtds": null, "scamin": 29999, "txtdsc": null, "sordat": null, "sorind": null, "depth": -1}}, {"type": "Feature", "id": "layer-50858.691551", "geometry": {"type": "Point", "coordinates": [176.1584811, -37.6303681, 2.8]}, "geometry_name": "shape", "properties": {"fidn": "8584575NXA", "expsou": null, "nobjnm": null, "objnam": null, "quasou": null, "souacc": null, "tecsou": null, "verdat": null, "status": null, "inform": null, "ninfom": null, "ntxtds": null, "scamin": 29999, "txtdsc": null, "sordat": null, "sorind": null, "depth": 2.8}}, {"type": "Feature", "id": "layer-50858.691552", "geometry": {"type": "Point", "coordinates": [176.173537, -37.6758503, 2.8]}, "geometry_name": "shape", "properties": {"fidn": "8584575NYA", "expsou": null, "nobjnm": null, "objnam": null, "quasou": null, "souacc": null, "tecsou": null, "verdat": null, "status": null, "inform": null, "ninfom": null, "ntxtds": null, "scamin": 29999, "txtdsc": null, "sordat": null, "sorind": null, "depth": 2.8}}, {"type": "Feature", "id": "layer-50858.691553", "geometry": {"type": "Point", "coordinates": [176.1655488, -37.6124049, 10.2]}, "geometry_name": "shape", "properties": {"fidn": "8584575NZA", "expsou": null, "nobjnm": null, "objnam": null, "quasou": null, "souacc": null, "tecsou": null, "verdat": null, "status": null, "inform": null, "ninfom": null, "ntxtds": null, "scamin": 29999, "txtdsc": null, "sordat": null, "sorind": null, "depth": 10.2}}, {"type": "Feature", "id": "layer-50858.691554", "geometry": {"type": "Point", "coordinates": [176.1288423, -37.6056284, 1]}, "geometry_name": "shape", "properties": {"fidn": "8584575OAA", "expsou": null, "nobjnm": null, "objnam": null, "quasou": null, "souacc": null, "tecsou": null, "verdat": null, "status": null, "inform": null, "ninfom": null, "ntxtds": null, "scamin": 29999, "txtdsc": null, "sordat": null, "sorind": null, "depth": 1}}, {"type": "Feature", "id": "layer-50858.691555", "geometry": {"type": "Point", "coordinates": [176.1667951, -37.647806, 0.8]}, "geometry_name": "shape", "properties": {"fidn": "8584575OBA", "expsou": null, "nobjnm": null, "objnam": null, "quasou": null, "souacc": null, "tecsou": null, "verdat": null, "status": null, "inform": null, "ninfom": null, "ntxtds": null, "scamin": 29999, "txtdsc": null, "sordat": null, "sorind": null, "depth": 0.8}}, {"type": "Feature", "id": "layer-50858.691556", "geometry": {"type": "Point", "coordinates": [176.1844755, -37.5940715, 24]}, "geometry_name": "shape", "properties": {"fidn": "8584575OCA", "expsou": null, "nobjnm": null, "objnam": null, "quasou": null, "souacc": null, "tecsou": null, "verdat": null, "status": null, "inform": null, "ninfom": null, "ntxtds": null, "scamin": 29999, "txtdsc": null, "sordat": null, "sorind": null, "depth": 24}}, {"type": "Feature", "id": "layer-50858.691557", "geometry": {"type": "Point", "coordinates": [176.1238919, -37.6300899, -0.9]}, "geometry_name": "shape", "properties": {"fidn": "8584575ODA", "expsou": null, "nobjnm": null, "objnam": null, "quasou": null, "souacc": null, "tecsou": null, "verdat": null, "status": null, "inform": null, "ninfom": null, "ntxtds": null, "scamin": 29999, "txtdsc": null, "sordat": null, "sorind": null, "depth": -0.9}}, {"type": "Feature", "id": "layer-50858.691558", "geometry": {"type": "Point", "coordinates": [176.1563398, -37.6815037, -0.8]}, "geometry_name": "shape", "properties": {"fidn": "8584575OEA", "expsou": null, "nobjnm": null, "objnam": null, "quasou": null, "souacc": null, "tecsou": null, "verdat": null, "status": null, "inform": null, "ninfom": null, "ntxtds": null, "scamin": 29999, "txtdsc": null, "sordat": null, "sorind": null, "depth": -0.8}}, {"type": "Feature", "id": "layer-50858.691559", "geometry": {"type": "Point", "coordinates": [176.175935, -37.6759364, 3.1]}, "geometry_name": "shape", "properties": {"fidn": "8584575OFA", "expsou": null, "nobjnm": null, "objnam": null, "quasou": null, "souacc": null, "tecsou": null, "verdat": null, "status": null, "inform": null, "ninfom": null, "ntxtds": null, "scamin": 29999, "txtdsc": null, "sordat": null, "sorind": null, "depth": 3.1}}, {"type": "Feature", "id": "layer-50858.691560", "geometry": {"type": "Point", "coordinates": [176.13343, -37.65649, -0.2]}, "geometry_name": "shape", "properties": {"fidn": "8584575OGA", "expsou": null, "nobjnm": null, "objnam": null, "quasou": null, "souacc": null, "tecsou": null, "verdat": null, "status": null, "inform": null, "ninfom": null, "ntxtds": null, "scamin": 29999, "txtdsc": null, "sordat": null, "sorind": null, "depth": -0.2}}, {"type": "Feature", "id": "layer-50858.691561", "geometry": {"type": "Point", "coordinates": [176.1904255, -37.5926439, 26.5]}, "geometry_name": "shape", "properties": {"fidn": "8584575OHA", "expsou": null, "nobjnm": null, "objnam": null, "quasou": null, "souacc": null, "tecsou": null, "verdat": null, "status": null, "inform": null, "ninfom": null, "ntxtds": null, "scamin": 29999, "txtdsc": null, "sordat": null, "sorind": null, "depth": 26.5}}, {"type": "Feature", "id": "layer-50858.691562", "geometry": {"type": "Point", "coordinates": [176.1504418, -37.6093021, 5.5]}, "geometry_name": "shape", "properties": {"fidn": "8584575OIA", "expsou": null, "nobjnm": null, "objnam": null, "quasou": null, "souacc": null, "tecsou": null, "verdat": null, "status": null, "inform": null, "ninfom": null, "ntxtds": null, "scamin": 29999, "txtdsc": null, "sordat": null, "sorind": null, "depth": 5.5}}, {"type": "Feature", "id": "layer-50858.691563", "geometry": {"type": "Point", "coordinates": [176.1297986, -37.6035689, 5.4]}, "geometry_name": "shape", "properties": {"fidn": "8584575OJA", "expsou": null, "nobjnm": null, "objnam": null, "quasou": null, "souacc": null, "tecsou": null, "verdat": null, "status": null, "inform": null, "ninfom": null, "ntxtds": null, "scamin": 29999, "txtdsc": null, "sordat": null, "sorind": null, "depth": 5.4}}, {"type": "Feature", "id": "layer-50858.691564", "geometry": {"type": "Point", "coordinates": [176.153614, -37.6279273, -0.7]}, "geometry_name": "shape", "properties": {"fidn": "8584575OKA", "expsou": null, "nobjnm": null, "objnam": null, "quasou": null, "souacc": null, "tecsou": null, "verdat": null, "status": null, "inform": null, "ninfom": null, "ntxtds": null, "scamin": 29999, "txtdsc": null, "sordat": null, "sorind": null, "depth": -0.7}}, {"type": "Feature", "id": "layer-50858.691565", "geometry": {"type": "Point", "coordinates": [176.1919336, -37.5982336, 25]}, "geometry_name": "shape", "properties": {"fidn": "8584575OLA", "expsou": null, "nobjnm": null, "objnam": null, "quasou": null, "souacc": null, "tecsou": null, "verdat": null, "status": null, "inform": null, "ninfom": null, "ntxtds": null, "scamin": 29999, "txtdsc": null, "sordat": null, "sorind": null, "depth": 25}}, {"type": "Feature", "id": "layer-50858.691566", "geometry": {"type": "Point", "coordinates": [176.12899, -37.65585, -0.5]}, "geometry_name": "shape", "properties": {"fidn": "8584575OMA", "expsou": null, "nobjnm": null, "objnam": null, "quasou": null, "souacc": null, "tecsou": null, "verdat": null, "status": null, "inform": null, "ninfom": null, "ntxtds": null, "scamin": 29999, "txtdsc": null, "sordat": null, "sorind": null, "depth": -0.5}}, {"type": "Feature", "id": "layer-50858.691567", "geometry": {"type": "Point", "coordinates": [176.1254662, -37.6412947, 7.8]}, "geometry_name": "shape", "properties": {"fidn": "8584575ONA", "expsou": null, "nobjnm": null, "objnam": null, "quasou": null, "souacc": null, "tecsou": null, "verdat": null, "status": null, "inform": null, "ninfom": null, "ntxtds": null, "scamin": 29999, "txtdsc": null, "sordat": null, "sorind": null, "depth": 7.8}}, {"type": "Feature", "id": "layer-50858.691568", "geometry": {"type": "Point", "coordinates": [176.1381017, -37.5953482, 12]}, "geometry_name": "shape", "properties": {"fidn": "8584575OOA", "expsou": null, "nobjnm": null, "objnam": null, "quasou": null, "souacc": null, "tecsou": null, "verdat": null, "status": null, "inform": null, "ninfom": null, "ntxtds": null, "scamin": 29999, "txtdsc": null, "sordat": null, "sorind": null, "depth": 12}}, {"type": "Feature", "id": "layer-50858.691569", "geometry": {"type": "Point", "coordinates": [176.1396185, -37.6416282, 0.3]}, "geometry_name": "shape", "properties": {"fidn": "8584575OPA", "expsou": null, "nobjnm": null, "objnam": null, "quasou": null, "souacc": null, "tecsou": null, "verdat": null, "status": null, "inform": null, "ninfom": null, "ntxtds": null, "scamin": 29999, "txtdsc": null, "sordat": null, "sorind": null, "depth": 0.3}}, {"type": "Feature", "id": "layer-50858.691570", "geometry": {"type": "Point", "coordinates": [176.196746, -37.5982897, 26.5]}, "geometry_name": "shape", "properties": {"fidn": "8584575OQA", "expsou": null, "nobjnm": null, "objnam": null, "quasou": null, "souacc": null, "tecsou": null, "verdat": null, "status": null, "inform": null, "ninfom": null, "ntxtds": null, "scamin": 29999, "txtdsc": null, "sordat": null, "sorind": null, "depth": 26.5}}, {"type": "Feature", "id": "layer-50858.691571", "geometry": {"type": "Point", "coordinates": [176.1759276, -37.6811534, -0.9]}, "geometry_name": "shape", "properties": {"fidn": "8584575ORA", "expsou": null, "nobjnm": null, "objnam": null, "quasou": null, "souacc": null, "tecsou": null, "verdat": null, "status": null, "inform": null, "ninfom": null, "ntxtds": null, "scamin": 29999, "txtdsc": null, "sordat": null, "sorind": null, "depth": -0.9}}, {"type": "Feature", "id": "layer-50858.691572", "geometry": {"type": "Point", "coordinates": [176.1295978, -37.5962496, 8.2]}, "geometry_name": "shape", "properties": {"fidn": "8584575OSA", "expsou": null, "nobjnm": null, "objnam": null, "quasou": null, "souacc": null, "tecsou": null, "verdat": null, "status": null, "inform": null, "ninfom": null, "ntxtds": null, "scamin": 29999, "txtdsc": null, "sordat": null, "sorind": null, "depth": 8.2}}, {"type": "Feature", "id": "layer-50858.691573", "geometry": {"type": "Point", "coordinates": [176.1791624, -37.6905827, -1]}, "geometry_name": "shape", "properties": {"fidn": "8584575OTA", "expsou": null, "nobjnm": null, "objnam": null, "quasou": null, "souacc": null, "tecsou": null, "verdat": null, "status": null, "inform": null, "ninfom": null, "ntxtds": null, "scamin": 29999, "txtdsc": null, "sordat": null, "sorind": null, "depth": -1}}, {"type": "Feature", "id": "layer-50858.691574", "geometry": {"type": "Point", "coordinates": [176.1955273, -37.6252264, 9.1]}, "geometry_name": "shape", "properties": {"fidn": "8584575OUA", "expsou": null, "nobjnm": null, "objnam": null, "quasou": null, "souacc": null, "tecsou": null, "verdat": null, "status": null, "inform": null, "ninfom": null, "ntxtds": null, "scamin": 29999, "txtdsc": null, "sordat": null, "sorind": null, "depth": 9.1}}, {"type": "Feature", "id": "layer-50858.691575", "geometry": {"type": "Point", "coordinates": [176.1449492, -37.608477, 4.6]}, "geometry_name": "shape", "properties": {"fidn": "8584575OVA", "expsou": null, "nobjnm": null, "objnam": null, "quasou": null, "souacc": null, "tecsou": null, "verdat": null, "status": null, "inform": null, "ninfom": null, "ntxtds": null, "scamin": 29999, "txtdsc": null, "sordat": null, "sorind": null, "depth": 4.6}}, {"type": "Feature", "id": "layer-50858.691576", "geometry": {"type": "Point", "coordinates": [176.1773811, -37.6676591, 2]}, "geometry_name": "shape", "properties": {"fidn": "8584575OWA", "expsou": null, "nobjnm": null, "objnam": null, "quasou": null, "souacc": null, "tecsou": null, "verdat": null, "status": null, "inform": null, "ninfom": null, "ntxtds": null, "scamin": 29999, "txtdsc": null, "sordat": null, "sorind": null, "depth": 2}}, {"type": "Feature", "id": "layer-50858.691577", "geometry": {"type": "Point", "coordinates": [176.1409268, -37.5966625, 12.1]}, "geometry_name": "shape", "properties": {"fidn": "8584575OXA", "expsou": null, "nobjnm": null, "objnam": null, "quasou": null, "souacc": null, "tecsou": null, "verdat": null, "status": null, "inform": null, "ninfom": null, "ntxtds": null, "scamin": 29999, "txtdsc": null, "sordat": null, "sorind": null, "depth": 12.1}}, {"type": "Feature", "id": "layer-50858.691578", "geometry": {"type": "Point", "coordinates": [176.126458, -37.5939364, 7.6]}, "geometry_name": "shape", "properties": {"fidn": "8584575OYA", "expsou": null, "nobjnm": null, "objnam": null, "quasou": null, "souacc": null, "tecsou": null, "verdat": null, "status": null, "inform": null, "ninfom": null, "ntxtds": null, "scamin": 29999, "txtdsc": null, "sordat": null, "sorind": null, "depth": 7.6}}, {"type": "Feature", "id": "layer-50858.691579", "geometry": {"type": "Point", "coordinates": [176.1586118, -37.6192345, 7.5]}, "geometry_name": "shape", "properties": {"fidn": "8584575OZA", "expsou": null, "nobjnm": null, "objnam": null, "quasou": null, "souacc": null, "tecsou": null, "verdat": null, "status": null, "inform": null, "ninfom": null, "ntxtds": null, "scamin": 29999, "txtdsc": null, "sordat": null, "sorind": null, "depth": 7.5}}, {"type": "Feature", "id": "layer-50858.691580", "geometry": {"type": "Point", "coordinates": [176.1555261, -37.5985939, 7.1]}, "geometry_name": "shape", "properties": {"fidn": "8584575PAA", "expsou": null, "nobjnm": null, "objnam": null, "quasou": null, "souacc": null, "tecsou": null, "verdat": null, "status": null, "inform": null, "ninfom": null, "ntxtds": null, "scamin": 29999, "txtdsc": null, "sordat": null, "sorind": null, "depth": 7.1}}, {"type": "Feature", "id": "layer-50858.691581", "geometry": {"type": "Point", "coordinates": [176.1221521, -37.5966725, 3.8]}, "geometry_name": "shape", "properties": {"fidn": "8584575PBA", "expsou": null, "nobjnm": null, "objnam": null, "quasou": null, "souacc": null, "tecsou": null, "verdat": null, "status": null, "inform": null, "ninfom": null, "ntxtds": null, "scamin": 29999, "txtdsc": null, "sordat": null, "sorind": null, "depth": 3.8}}, {"type": "Feature", "id": "layer-50858.691582", "geometry": {"type": "Point", "coordinates": [176.1799407, -37.6103234, 11.9]}, "geometry_name": "shape", "properties": {"fidn": "8584575PCA", "expsou": null, "nobjnm": null, "objnam": null, "quasou": null, "souacc": null, "tecsou": null, "verdat": null, "status": null, "inform": null, "ninfom": null, "ntxtds": null, "scamin": 29999, "txtdsc": null, "sordat": null, "sorind": null, "depth": 11.9}}, {"type": "Feature", "id": "layer-50858.691583", "geometry": {"type": "Point", "coordinates": [176.170005, -37.647665, -0.4]}, "geometry_name": "shape", "properties": {"fidn": "8584575PDA", "expsou": null, "nobjnm": null, "objnam": null, "quasou": null, "souacc": null, "tecsou": null, "verdat": null, "status": null, "inform": null, "ninfom": null, "ntxtds": null, "scamin": 29999, "txtdsc": null, "sordat": null, "sorind": null, "depth": -0.4}}, {"type": "Feature", "id": "layer-50858.691584", "geometry": {"type": "Point", "coordinates": [176.1354594, -37.6382396, 0]}, "geometry_name": "shape", "properties": {"fidn": "8584575PEA", "expsou": null, "nobjnm": null, "objnam": null, "quasou": null, "souacc": null, "tecsou": null, "verdat": null, "status": null, "inform": null, "ninfom": null, "ntxtds": null, "scamin": 29999, "txtdsc": null, "sordat": null, "sorind": null, "depth": 0.0}}, {"type": "Feature", "id": "layer-50858.691585", "geometry": {"type": "Point", "coordinates": [176.142805, -37.6174708, 1.4]}, "geometry_name": "shape", "properties": {"fidn": "8584575PFA", "expsou": null, "nobjnm": null, "objnam": null, "quasou": null, "souacc": null, "tecsou": null, "verdat": null, "status": null, "inform": null, "ninfom": null, "ntxtds": null, "scamin": 29999, "txtdsc": null, "sordat": null, "sorind": null, "depth": 1.4}}, {"type": "Feature", "id": "layer-50858.691586", "geometry": {"type": "Point", "coordinates": [176.1366959, -37.6572523, -0.3]}, "geometry_name": "shape", "properties": {"fidn": "8584575PGA", "expsou": null, "nobjnm": null, "objnam": null, "quasou": null, "souacc": null, "tecsou": null, "verdat": null, "status": null, "inform": null, "ninfom": null, "ntxtds": null, "scamin": 29999, "txtdsc": null, "sordat": null, "sorind": null, "depth": -0.3}}, {"type": "Feature", "id": "layer-50858.691587", "geometry": {"type": "Point", "coordinates": [176.1576125, -37.6143666, 6.5]}, "geometry_name": "shape", "properties": {"fidn": "8584575PHA", "expsou": null, "nobjnm": null, "objnam": null, "quasou": null, "souacc": null, "tecsou": null, "verdat": null, "status": null, "inform": null, "ninfom": null, "ntxtds": null, "scamin": 29999, "txtdsc": null, "sordat": null, "sorind": null, "depth": 6.5}}, {"type": "Feature", "id": "layer-50858.691588", "geometry": {"type": "Point", "coordinates": [176.1527594, -37.5967846, 13.4]}, "geometry_name": "shape", "properties": {"fidn": "8584575PIA", "expsou": null, "nobjnm": null, "objnam": null, "quasou": null, "souacc": null, "tecsou": null, "verdat": null, "status": null, "inform": null, "ninfom": null, "ntxtds": null, "scamin": 29999, "txtdsc": null, "sordat": null, "sorind": null, "depth": 13.4}}, {"type": "Feature", "id": "layer-50858.691589", "geometry": {"type": "Point", "coordinates": [176.137221, -37.6409601, 0.7]}, "geometry_name": "shape", "properties": {"fidn": "8584575PJA", "expsou": null, "nobjnm": null, "objnam": null, "quasou": null, "souacc": null, "tecsou": null, "verdat": null, "status": null, "inform": null, "ninfom": null, "ntxtds": null, "scamin": 29999, "txtdsc": null, "sordat": null, "sorind": null, "depth": 0.7}}, {"type": "Feature", "id": "layer-50858.691590", "geometry": {"type": "Point", "coordinates": [176.1447368, -37.654127, 0.9]}, "geometry_name": "shape", "properties": {"fidn": "8584575PKA", "expsou": null, "nobjnm": null, "objnam": null, "quasou": null, "souacc": null, "tecsou": null, "verdat": null, "status": null, "inform": null, "ninfom": null, "ntxtds": null, "scamin": 29999, "txtdsc": null, "sordat": null, "sorind": null, "depth": 0.9}}, {"type": "Feature", "id": "layer-50858.691591", "geometry": {"type": "Point", "coordinates": [176.1596354, -37.6813198, -1]}, "geometry_name": "shape", "properties": {"fidn": "8584575PLA", "expsou": null, "nobjnm": null, "objnam": null, "quasou": null, "souacc": null, "tecsou": null, "verdat": null, "status": null, "inform": null, "ninfom": null, "ntxtds": null, "scamin": 29999, "txtdsc": null, "sordat": null, "sorind": null, "depth": -1}}, {"type": "Feature", "id": "layer-50858.691592", "geometry": {"type": "Point", "coordinates": [176.1705231, -37.6902305, 1.2]}, "geometry_name": "shape", "properties": {"fidn": "8584575PMA", "expsou": null, "nobjnm": null, "objnam": null, "quasou": null, "souacc": null, "tecsou": null, "verdat": null, "status": null, "inform": null, "ninfom": null, "ntxtds": null, "scamin": 29999, "txtdsc": null, "sordat": null, "sorind": null, "depth": 1.2}}, {"type": "Feature", "id": "layer-50858.691593", "geometry": {"type": "Point", "coordinates": [176.1884518, -37.6287343, 1]}, "geometry_name": "shape", "properties": {"fidn": "8584575PNA", "expsou": null, "nobjnm": null, "objnam": null, "quasou": null, "souacc": null, "tecsou": null, "verdat": null, "status": null, "inform": null, "ninfom": null, "ntxtds": null, "scamin": 29999, "txtdsc": null, "sordat": null, "sorind": null, "depth": 1}}, {"type": "Feature", "id": "layer-50858.691594", "geometry": {"type": "Point", "coordinates": [176.1225675, -37.6205614, -0.6]}, "geometry_name": "shape", "properties": {"fidn": "8584575POA", "expsou": null, "nobjnm": null, "objnam": null, "quasou": null, "souacc": null, "tecsou": null, "verdat": null, "status": null, "inform": null, "ninfom": null, "ntxtds": null, "scamin": 29999, "txtdsc": null, "sordat": null, "sorind": null, "depth": -0.6}}, {"type": "Feature", "id": "layer-50858.691595", "geometry": {"type": "Point", "coordinates": [176.1395396, -37.6153924, -1]}, "geometry_name": "shape", "properties": {"fidn": "8584575PPA", "expsou": null, "nobjnm": null, "objnam": null, "quasou": null, "souacc": null, "tecsou": null, "verdat": null, "status": null, "inform": null, "ninfom": null, "ntxtds": null, "scamin": 29999, "txtdsc": null, "sordat": null, "sorind": null, "depth": -1}}, {"type": "Feature", "id": "layer-50858.691596", "geometry": {"type": "Point", "coordinates": [176.1573692, -37.6595716, 4]}, "geometry_name": "shape", "properties": {"fidn": "8584575PQA", "expsou": null, "nobjnm": null, "objnam": null, "quasou": null, "souacc": null, "tecsou": null, "verdat": null, "status": null, "inform": null, "ninfom": null, "ntxtds": null, "scamin": 29999, "txtdsc": null, "sordat": null, "sorind": null, "depth": 4}}, {"type": "Feature", "id": "layer-50858.691597", "geometry": {"type": "Point", "coordinates": [176.1682865, -37.5933109, 16.8]}, "geometry_name": "shape", "properties": {"fidn": "8584575PRA", "expsou": null, "nobjnm": null, "objnam": null, "quasou": null, "souacc": null, "tecsou": null, "verdat": null, "status": null, "inform": null, "ninfom": null, "ntxtds": null, "scamin": 29999, "txtdsc": null, "sordat": null, "sorind": null, "depth": 16.8}}, {"type": "Feature", "id": "layer-50858.691598", "geometry": {"type": "Point", "coordinates": [176.1469399, -37.681908, -1.2]}, "geometry_name": "shape", "properties": {"fidn": "8584575PSA", "expsou": null, "nobjnm": null, "objnam": null, "quasou": null, "souacc": null, "tecsou": null, "verdat": null, "status": null, "inform": null, "ninfom": null, "ntxtds": null, "scamin": 29999, "txtdsc": null, "sordat": null, "sorind": null, "depth": -1.2}}, {"type": "Feature", "id": "layer-50858.691599", "geometry": {"type": "Point", "coordinates": [176.1912533, -37.6327104, 1.4]}, "geometry_name": "shape", "properties": {"fidn": "8584575PTA", "expsou": null, "nobjnm": null, "objnam": null, "quasou": null, "souacc": null, "tecsou": null, "verdat": null, "status": null, "inform": null, "ninfom": null, "ntxtds": null, "scamin": 29999, "txtdsc": null, "sordat": null, "sorind": null, "depth": 1.4}}, {"type": "Feature", "id": "layer-50858.691600", "geometry": {"type": "Point", "coordinates": [176.1338105, -37.6410702, 13.3]}, "geometry_name": "shape", "properties": {"fidn": "8584575PUA", "expsou": null, "nobjnm": null, "objnam": null, "quasou": null, "souacc": null, "tecsou": null, "verdat": null, "status": null, "inform": null, "ninfom": null, "ntxtds": null, "scamin": 29999, "txtdsc": null, "sordat": null, "sorind": null, "depth": 13.3}}, {"type": "Feature", "id": "layer-50858.691601", "geometry": {"type": "Point", "coordinates": [176.124882, -37.5969245, 6]}, "geometry_name": "shape", "properties": {"fidn": "8584575PVA", "expsou": null, "nobjnm": null, "objnam": null, "quasou": null, "souacc": null, "tecsou": null, "verdat": null, "status": null, "inform": null, "ninfom": null, "ntxtds": null, "scamin": 29999, "txtdsc": null, "sordat": null, "sorind": null, "depth": 6}}, {"type": "Feature", "id": "layer-50858.691602", "geometry": {"type": "Point", "coordinates": [176.16376, -37.651595, 0.1]}, "geometry_name": "shape", "properties": {"fidn": "8584575PWA", "expsou": null, "nobjnm": null, "objnam": null, "quasou": null, "souacc": null, "tecsou": null, "verdat": null, "status": null, "inform": null, "ninfom": null, "ntxtds": null, "scamin": 29999, "txtdsc": null, "sordat": null, "sorind": null, "depth": 0.1}}, {"type": "Feature", "id": "layer-50858.691603", "geometry": {"type": "Point", "coordinates": [176.1438478, -37.6020314, 8.5]}, "geometry_name": "shape", "properties": {"fidn": "8584575PXA", "expsou": null, "nobjnm": null, "objnam": null, "quasou": null, "souacc": null, "tecsou": null, "verdat": null, "status": null, "inform": null, "ninfom": null, "ntxtds": null, "scamin": 29999, "txtdsc": null, "sordat": null, "sorind": null, "depth": 8.5}}, {"type": "Feature", "id": "layer-50858.691604", "geometry": {"type": "Point", "coordinates": [176.1541298, -37.6077848, 4.5]}, "geometry_name": "shape", "properties": {"fidn": "8584575PYA", "expsou": null, "nobjnm": null, "objnam": null, "quasou": null, "souacc": null, "tecsou": null, "verdat": null, "status": null, "inform": null, "ninfom": null, "ntxtds": null, "scamin": 29999, "txtdsc": null, "sordat": null, "sorind": null, "depth": 4.5}}, {"type": "Feature", "id": "layer-50858.691605", "geometry": {"type": "Point", "coordinates": [176.1827064, -37.6704733, -0.8]}, "geometry_name": "shape", "properties": {"fidn": "8584575PZA", "expsou": null, "nobjnm": null, "objnam": null, "quasou": null, "souacc": null, "tecsou": null, "verdat": null, "status": null, "inform": null, "ninfom": null, "ntxtds": null, "scamin": 29999, "txtdsc": null, "sordat": null, "sorind": null, "depth": -0.8}}, {"type": "Feature", "id": "layer-50858.691606", "geometry": {"type": "Point", "coordinates": [176.1777871, -37.5960826, 18.4]}, "geometry_name": "shape", "properties": {"fidn": "8584575QAA", "expsou": null, "nobjnm": null, "objnam": null, "quasou": null, "souacc": null, "tecsou": null, "verdat": null, "status": null, "inform": null, "ninfom": null, "ntxtds": null, "scamin": 29999, "txtdsc": null, "sordat": null, "sorind": null, "depth": 18.4}}, {"type": "Feature", "id": "layer-50858.691607", "geometry": {"type": "Point", "coordinates": [176.15343, -37.652845, 0.1]}, "geometry_name": "shape", "properties": {"fidn": "8584575QBA", "expsou": null, "nobjnm": null, "objnam": null, "quasou": null, "souacc": null, "tecsou": null, "verdat": null, "status": null, "inform": null, "ninfom": null, "ntxtds": null, "scamin": 29999, "txtdsc": null, "sordat": null, "sorind": null, "depth": 0.1}}, {"type": "Feature", "id": "layer-50858.691608", "geometry": {"type": "Point", "coordinates": [176.155945, -37.65395, 0.4]}, "geometry_name": "shape", "properties": {"fidn": "8584575QCA", "expsou": null, "nobjnm": null, "objnam": null, "quasou": null, "souacc": null, "tecsou": null, "verdat": null, "status": null, "inform": null, "ninfom": null, "ntxtds": null, "scamin": 29999, "txtdsc": null, "sordat": null, "sorind": null, "depth": 0.4}}, {"type": "Feature", "id": "layer-50858.691609", "geometry": {"type": "Point", "coordinates": [176.1478423, -37.6080338, 5.7]}, "geometry_name": "shape", "properties": {"fidn": "8584575QDA", "expsou": null, "nobjnm": null, "objnam": null, "quasou": null, "souacc": null, "tecsou": null, "verdat": null, "status": null, "inform": null, "ninfom": null, "ntxtds": null, "scamin": 29999, "txtdsc": null, "sordat": null, "sorind": null, "depth": 5.7}}, {"type": "Feature", "id": "layer-50858.691610", "geometry": {"type": "Point", "coordinates": [176.1729861, -37.6898008, 2.7]}, "geometry_name": "shape", "properties": {"fidn": "8584575QEA", "expsou": null, "nobjnm": null, "objnam": null, "quasou": null, "souacc": null, "tecsou": null, "verdat": null, "status": null, "inform": null, "ninfom": null, "ntxtds": null, "scamin": 29999, "txtdsc": null, "sordat": null, "sorind": null, "depth": 2.7}}, {"type": "Feature", "id": "layer-50858.691611", "geometry": {"type": "Point", "coordinates": [176.192195, -37.628185, 5.9]}, "geometry_name": "shape", "properties": {"fidn": "8584575QFA", "expsou": null, "nobjnm": null, "objnam": null, "quasou": null, "souacc": null, "tecsou": null, "verdat": null, "status": null, "inform": null, "ninfom": null, "ntxtds": null, "scamin": 29999, "txtdsc": null, "sordat": null, "sorind": null, "depth": 5.9}}, {"type": "Feature", "id": "layer-50858.691612", "geometry": {"type": "Point", "coordinates": [176.1821016, -37.607941, 13.5]}, "geometry_name": "shape", "properties": {"fidn": "8584575QGA", "expsou": null, "nobjnm": null, "objnam": null, "quasou": null, "souacc": null, "tecsou": null, "verdat": null, "status": null, "inform": null, "ninfom": null, "ntxtds": null, "scamin": 29999, "txtdsc": null, "sordat": null, "sorind": null, "depth": 13.5}}, {"type": "Feature", "id": "layer-50858.691613", "geometry": {"type": "Point", "coordinates": [176.1274915, -37.6276911, -1.1]}, "geometry_name": "shape", "properties": {"fidn": "8584575QHA", "expsou": null, "nobjnm": null, "objnam": null, "quasou": null, "souacc": null, "tecsou": null, "verdat": null, "status": null, "inform": null, "ninfom": null, "ntxtds": null, "scamin": 29999, "txtdsc": null, "sordat": null, "sorind": null, "depth": -1.1}}, {"type": "Feature", "id": "layer-50858.691614", "geometry": {"type": "Point", "coordinates": [176.1593401, -37.6858152, -0.9]}, "geometry_name": "shape", "properties": {"fidn": "8584575QIA", "expsou": null, "nobjnm": null, "objnam": null, "quasou": null, "souacc": null, "tecsou": null, "verdat": null, "status": null, "inform": null, "ninfom": null, "ntxtds": null, "scamin": 29999, "txtdsc": null, "sordat": null, "sorind": null, "depth": -0.9}}, {"type": "Feature", "id": "layer-50858.691615", "geometry": {"type": "Point", "coordinates": [176.1620357, -37.637304, -0.6]}, "geometry_name": "shape", "properties": {"fidn": "8584575QJA", "expsou": null, "nobjnm": null, "objnam": null, "quasou": null, "souacc": null, "tecsou": null, "verdat": null, "status": null, "inform": null, "ninfom": null, "ntxtds": null, "scamin": 29999, "txtdsc": null, "sordat": null, "sorind": null, "depth": -0.6}}, {"type": "Feature", "id": "layer-50858.691616", "geometry": {"type": "Point", "coordinates": [176.1674989, -37.6091134, 12.1]}, "geometry_name": "shape", "properties": {"fidn": "8584575QKA", "expsou": null, "nobjnm": null, "objnam": null, "quasou": null, "souacc": null, "tecsou": null, "verdat": null, "status": null, "inform": null, "ninfom": null, "ntxtds": null, "scamin": 29999, "txtdsc": null, "sordat": null, "sorind": null, "depth": 12.1}}, {"type": "Feature", "id": "layer-50858.691617", "geometry": {"type": "Point", "coordinates": [176.1971104, -37.6417377, 0.7]}, "geometry_name": "shape", "properties": {"fidn": "8584575QLA", "expsou": null, "nobjnm": null, "objnam": null, "quasou": null, "souacc": null, "tecsou": null, "verdat": null, "status": null, "inform": null, "ninfom": null, "ntxtds": null, "scamin": 29999, "txtdsc": null, "sordat": null, "sorind": null, "depth": 0.7}}, {"type": "Feature", "id": "layer-50858.691618", "geometry": {"type": "Point", "coordinates": [176.1499631, -37.6860137, -1.2]}, "geometry_name": "shape", "properties": {"fidn": "8584575QMA", "expsou": null, "nobjnm": null, "objnam": null, "quasou": null, "souacc": null, "tecsou": null, "verdat": null, "status": null, "inform": null, "ninfom": null, "ntxtds": null, "scamin": 29999, "txtdsc": null, "sordat": null, "sorind": null, "depth": -1.2}}, {"type": "Feature", "id": "layer-50858.691619", "geometry": {"type": "Point", "coordinates": [176.1470167, -37.6607576, -0.3]}, "geometry_name": "shape", "properties": {"fidn": "8584575QNA", "expsou": null, "nobjnm": null, "objnam": null, "quasou": null, "souacc": null, "tecsou": null, "verdat": null, "status": null, "inform": null, "ninfom": null, "ntxtds": null, "scamin": 29999, "txtdsc": null, "sordat": null, "sorind": null, "depth": -0.3}}, {"type": "Feature", "id": "layer-50858.691620", "geometry": {"type": "Point", "coordinates": [176.1261222, -37.6295788, 0.2]}, "geometry_name": "shape", "properties": {"fidn": "8584575QOA", "expsou": null, "nobjnm": null, "objnam": null, "quasou": null, "souacc": null, "tecsou": null, "verdat": null, "status": null, "inform": null, "ninfom": null, "ntxtds": null, "scamin": 29999, "txtdsc": null, "sordat": null, "sorind": null, "depth": 0.2}}, {"type": "Feature", "id": "layer-50858.691621", "geometry": {"type": "Point", "coordinates": [176.1737113, -37.5959374, 15.9]}, "geometry_name": "shape", "properties": {"fidn": "8584575QPA", "expsou": null, "nobjnm": null, "objnam": null, "quasou": null, "souacc": null, "tecsou": null, "verdat": null, "status": null, "inform": null, "ninfom": null, "ntxtds": null, "scamin": 29999, "txtdsc": null, "sordat": null, "sorind": null, "depth": 15.9}}, {"type": "Feature", "id": "layer-50858.691622", "geometry": {"type": "Point", "coordinates": [176.1431394, -37.6106231, 4.5]}, "geometry_name": "shape", "properties": {"fidn": "8584575QQA", "expsou": null, "nobjnm": null, "objnam": null, "quasou": null, "souacc": null, "tecsou": null, "verdat": null, "status": null, "inform": null, "ninfom": null, "ntxtds": null, "scamin": 29999, "txtdsc": null, "sordat": null, "sorind": null, "depth": 4.5}}, {"type": "Feature", "id": "layer-50858.691623", "geometry": {"type": "Point", "coordinates": [176.134986, -37.6090277, 3.3]}, "geometry_name": "shape", "properties": {"fidn": "8584575QRA", "expsou": null, "nobjnm": null, "objnam": null, "quasou": null, "souacc": null, "tecsou": null, "verdat": null, "status": null, "inform": null, "ninfom": null, "ntxtds": null, "scamin": 29999, "txtdsc": null, "sordat": null, "sorind": null, "depth": 3.3}}, {"type": "Feature", "id": "layer-50858.691624", "geometry": {"type": "Point", "coordinates": [176.147157, -37.5961389, 13.3]}, "geometry_name": "shape", "properties": {"fidn": "8584575QSA", "expsou": null, "nobjnm": null, "objnam": null, "quasou": null, "souacc": null, "tecsou": null, "verdat": null, "status": null, "inform": null, "ninfom": null, "ntxtds": null, "scamin": 29999, "txtdsc": null, "sordat": null, "sorind": null, "depth": 13.3}}, {"type": "Feature", "id": "layer-50858.691625", "geometry": {"type": "Point", "coordinates": [176.1266599, -37.6051105, -1.2]}, "geometry_name": "shape", "properties": {"fidn": "8584575QTA", "expsou": null, "nobjnm": null, "objnam": null, "quasou": null, "souacc": null, "tecsou": null, "verdat": null, "status": null, "inform": null, "ninfom": null, "ntxtds": null, "scamin": 29999, "txtdsc": null, "sordat": null, "sorind": null, "depth": -1.2}}, {"type": "Feature", "id": "layer-50858.691626", "geometry": {"type": "Point", "coordinates": [176.1401563, -37.636908, -0.4]}, "geometry_name": "shape", "properties": {"fidn": "8584575QUA", "expsou": null, "nobjnm": null, "objnam": null, "quasou": null, "souacc": null, "tecsou": null, "verdat": null, "status": null, "inform": null, "ninfom": null, "ntxtds": null, "scamin": 29999, "txtdsc": null, "sordat": null, "sorind": null, "depth": -0.4}}, {"type": "Feature", "id": "layer-50858.691627", "geometry": {"type": "Point", "coordinates": [176.1583964, -37.6615831, -0.4]}, "geometry_name": "shape", "properties": {"fidn": "8584575QVA", "expsou": null, "nobjnm": null, "objnam": null, "quasou": null, "souacc": null, "tecsou": null, "verdat": null, "status": null, "inform": null, "ninfom": null, "ntxtds": null, "scamin": 29999, "txtdsc": null, "sordat": null, "sorind": null, "depth": -0.4}}, {"type": "Feature", "id": "layer-50858.691628", "geometry": {"type": "Point", "coordinates": [176.1620834, -37.624795, 13.1]}, "geometry_name": "shape", "properties": {"fidn": "8584575QWA", "expsou": null, "nobjnm": null, "objnam": null, "quasou": null, "souacc": null, "tecsou": null, "verdat": null, "status": null, "inform": null, "ninfom": null, "ntxtds": null, "scamin": 29999, "txtdsc": null, "sordat": null, "sorind": null, "depth": 13.1}}, {"type": "Feature", "id": "layer-50858.691629", "geometry": {"type": "Point", "coordinates": [176.124684, -37.5996608, 4.2]}, "geometry_name": "shape", "properties": {"fidn": "8584575QXA", "expsou": null, "nobjnm": null, "objnam": null, "quasou": null, "souacc": null, "tecsou": null, "verdat": null, "status": null, "inform": null, "ninfom": null, "ntxtds": null, "scamin": 29999, "txtdsc": null, "sordat": null, "sorind": null, "depth": 4.2}}, {"type": "Feature", "id": "layer-50858.691630", "geometry": {"type": "Point", "coordinates": [176.14281, -37.64972, 3.7]}, "geometry_name": "shape", "properties": {"fidn": "8584575QYA", "expsou": null, "nobjnm": null, "objnam": null, "quasou": null, "souacc": null, "tecsou": null, "verdat": null, "status": null, "inform": null, "ninfom": null, "ntxtds": null, "scamin": 29999, "txtdsc": null, "sordat": null, "sorind": null, "depth": 3.7}}, {"type": "Feature", "id": "layer-50858.691631", "geometry": {"type": "Point", "coordinates": [176.1222509, -37.6231477, -1]}, "geometry_name": "shape", "properties": {"fidn": "8584575QZA", "expsou": null, "nobjnm": null, "objnam": null, "quasou": null, "souacc": null, "tecsou": null, "verdat": null, "status": null, "inform": null, "ninfom": null, "ntxtds": null, "scamin": 29999, "txtdsc": null, "sordat": null, "sorind": null, "depth": -1}}, {"type": "Feature", "id": "layer-50858.691632", "geometry": {"type": "Point", "coordinates": [176.1652796, -37.5948801, 14.2]}, "geometry_name": "shape", "properties": {"fidn": "8584575RAA", "expsou": null, "nobjnm": null, "objnam": null, "quasou": null, "souacc": null, "tecsou": null, "verdat": null, "status": null, "inform": null, "ninfom": null, "ntxtds": null, "scamin": 29999, "txtdsc": null, "sordat": null, "sorind": null, "depth": 14.2}}, {"type": "Feature", "id": "layer-50858.691633", "geometry": {"type": "Point", "coordinates": [176.17382, -37.646235, -0.4]}, "geometry_name": "shape", "properties": {"fidn": "8584575RBA", "expsou": null, "nobjnm": null, "objnam": null, "quasou": null, "souacc": null, "tecsou": null, "verdat": null, "status": null, "inform": null, "ninfom": null, "ntxtds": null, "scamin": 29999, "txtdsc": null, "sordat": null, "sorind": null, "depth": -0.4}}, {"type": "Feature", "id": "layer-50858.691634", "geometry": {"type": "Point", "coordinates": [176.1498793, -37.59502, 14.6]}, "geometry_name": "shape", "properties": {"fidn": "8584575RCA", "expsou": null, "nobjnm": null, "objnam": null, "quasou": null, "souacc": null, "tecsou": null, "verdat": null, "status": null, "inform": null, "ninfom": null, "ntxtds": null, "scamin": 29999, "txtdsc": null, "sordat": null, "sorind": null, "depth": 14.6}}, {"type": "Feature", "id": "layer-50858.691635", "geometry": {"type": "Point", "coordinates": [176.1348151, -37.6112126, -0.4]}, "geometry_name": "shape", "properties": {"fidn": "8584575RDA", "expsou": null, "nobjnm": null, "objnam": null, "quasou": null, "souacc": null, "tecsou": null, "verdat": null, "status": null, "inform": null, "ninfom": null, "ntxtds": null, "scamin": 29999, "txtdsc": null, "sordat": null, "sorind": null, "depth": -0.4}}, {"type": "Feature", "id": "layer-50858.691636", "geometry": {"type": "Point", "coordinates": [176.1377758, -37.6377535, 0.2]}, "geometry_name": "shape", "properties": {"fidn": "8584575REA", "expsou": null, "nobjnm": null, "objnam": null, "quasou": null, "souacc": null, "tecsou": null, "verdat": null, "status": null, "inform": null, "ninfom": null, "ntxtds": null, "scamin": 29999, "txtdsc": null, "sordat": null, "sorind": null, "depth": 0.2}}, {"type": "Feature", "id": "layer-50858.691637", "geometry": {"type": "Point", "coordinates": [176.1638571, -37.6595914, 1.3]}, "geometry_name": "shape", "properties": {"fidn": "8584575RFA", "expsou": null, "nobjnm": null, "objnam": null, "quasou": null, "souacc": null, "tecsou": null, "verdat": null, "status": null, "inform": null, "ninfom": null, "ntxtds": null, "scamin": 29999, "txtdsc": null, "sordat": null, "sorind": null, "depth": 1.3}}, {"type": "Feature", "id": "layer-50858.691638", "geometry": {"type": "Point", "coordinates": [176.16084, -37.652485, 0.1]}, "geometry_name": "shape", "properties": {"fidn": "8584575RGA", "expsou": null, "nobjnm": null, "objnam": null, "quasou": null, "souacc": null, "tecsou": null, "verdat": null, "status": null, "inform": null, "ninfom": null, "ntxtds": null, "scamin": 29999, "txtdsc": null, "sordat": null, "sorind": null, "depth": 0.1}}, {"type": "Feature", "id": "layer-50858.691639", "geometry": {"type": "Point", "coordinates": [176.1692304, -37.6122341, 11.3]}, "geometry_name": "shape", "properties": {"fidn": "8584575RHA", "expsou": null, "nobjnm": null, "objnam": null, "quasou": null, "souacc": null, "tecsou": null, "verdat": null, "status": null, "inform": null, "ninfom": null, "ntxtds": null, "scamin": 29999, "txtdsc": null, "sordat": null, "sorind": null, "depth": 11.3}}, {"type": "Feature", "id": "layer-50858.691640", "geometry": {"type": "Point", "coordinates": [176.1326765, -37.6503146, -0.5]}, "geometry_name": "shape", "properties": {"fidn": "8584575RIA", "expsou": null, "nobjnm": null, "objnam": null, "quasou": null, "souacc": null, "tecsou": null, "verdat": null, "status": null, "inform": null, "ninfom": null, "ntxtds": null, "scamin": 29999, "txtdsc": null, "sordat": null, "sorind": null, "depth": -0.5}}, {"type": "Feature", "id": "layer-50858.691641", "geometry": {"type": "Point", "coordinates": [176.1260331, -37.6287694, 0.4]}, "geometry_name": "shape", "properties": {"fidn": "8584576AAA", "expsou": null, "nobjnm": null, "objnam": null, "quasou": null, "souacc": null, "tecsou": null, "verdat": null, "status": null, "inform": null, "ninfom": null, "ntxtds": null, "scamin": 11999, "txtdsc": null, "sordat": null, "sorind": null, "depth": 0.4}}, {"type": "Feature", "id": "layer-50858.691642", "geometry": {"type": "Point", "coordinates": [176.1685557, -37.6575242, 6.8]}, "geometry_name": "shape", "properties": {"fidn": "8584576ABA", "expsou": null, "nobjnm": null, "objnam": null, "quasou": null, "souacc": null, "tecsou": null, "verdat": null, "status": null, "inform": null, "ninfom": null, "ntxtds": null, "scamin": 11999, "txtdsc": null, "sordat": null, "sorind": null, "depth": 6.8}}, {"type": "Feature", "id": "layer-50858.691643", "geometry": {"type": "Point", "coordinates": [176.180825, -37.640665, 6.5]}, "geometry_name": "shape", "properties": {"fidn": "8584576ACA", "expsou": null, "nobjnm": null, "objnam": null, "quasou": null, "souacc": null, "tecsou": null, "verdat": null, "status": null, "inform": null, "ninfom": null, "ntxtds": null, "scamin": 11999, "txtdsc": null, "sordat": null, "sorind": null, "depth": 6.5}}, {"type": "Feature", "id": "layer-50858.691644", "geometry": {"type": "Point", "coordinates": [176.165685, -37.6576303, 6.4]}, "geometry_name": "shape", "properties": {"fidn": "8584576ADA", "expsou": null, "nobjnm": null, "objnam": null, "quasou": null, "souacc": null, "tecsou": null, "verdat": null, "status": null, "inform": null, "ninfom": null, "ntxtds": null, "scamin": 11999, "txtdsc": null, "sordat": null, "sorind": null, "depth": 6.4}}, {"type": "Feature", "id": "layer-50858.691645", "geometry": {"type": "Point", "coordinates": [176.1716231, -37.6563514, 3.7]}, "geometry_name": "shape", "properties": {"fidn": "8584576AEA", "expsou": null, "nobjnm": null, "objnam": null, "quasou": null, "souacc": null, "tecsou": null, "verdat": null, "status": null, "inform": null, "ninfom": null, "ntxtds": null, "scamin": 11999, "txtdsc": null, "sordat": null, "sorind": null, "depth": 3.7}}, {"type": "Feature", "id": "layer-50858.691646", "geometry": {"type": "Point", "coordinates": [176.17602, -37.63881, 4.4]}, "geometry_name": "shape", "properties": {"fidn": "8584576AFA", "expsou": null, "nobjnm": null, "objnam": null, "quasou": null, "souacc": null, "tecsou": null, "verdat": null, "status": null, "inform": null, "ninfom": null, "ntxtds": null, "scamin": 11999, "txtdsc": null, "sordat": null, "sorind": null, "depth": 4.4}}, {"type": "Feature", "id": "layer-50858.691647", "geometry": {"type": "Point", "coordinates": [176.124822, -37.619198, 1]}, "geometry_name": "shape", "properties": {"fidn": "8584576AGA", "expsou": null, "nobjnm": null, "objnam": null, "quasou": null, "souacc": null, "tecsou": null, "verdat": null, "status": null, "inform": null, "ninfom": null, "ntxtds": null, "scamin": 11999, "txtdsc": null, "sordat": null, "sorind": null, "depth": 1}}, {"type": "Feature", "id": "layer-50858.691648", "geometry": {"type": "Point", "coordinates": [176.1259315, -37.6223703, 1.3]}, "geometry_name": "shape", "properties": {"fidn": "8584576AHA", "expsou": null, "nobjnm": null, "objnam": null, "quasou": null, "souacc": null, "tecsou": null, "verdat": null, "status": null, "inform": null, "ninfom": null, "ntxtds": null, "scamin": 11999, "txtdsc": null, "sordat": null, "sorind": null, "depth": 1.3}}, {"type": "Feature", "id": "layer-50858.691649", "geometry": {"type": "Point", "coordinates": [176.171665, -37.636095, 6.4]}, "geometry_name": "shape", "properties": {"fidn": "8584576AIA", "expsou": null, "nobjnm": null, "objnam": null, "quasou": null, "souacc": null, "tecsou": null, "verdat": null, "status": null, "inform": null, "ninfom": null, "ntxtds": null, "scamin": 11999, "txtdsc": null, "sordat": null, "sorind": null, "depth": 6.4}}, {"type": "Feature", "id": "layer-50858.691650", "geometry": {"type": "Point", "coordinates": [176.1930449, -37.6346156, 4.9]}, "geometry_name": "shape", "properties": {"fidn": "8584576AJA", "expsou": null, "nobjnm": null, "objnam": null, "quasou": null, "souacc": null, "tecsou": null, "verdat": null, "status": null, "inform": null, "ninfom": null, "ntxtds": null, "scamin": 11999, "txtdsc": null, "sordat": null, "sorind": null, "depth": 4.9}}, {"type": "Feature", "id": "layer-50858.691651", "geometry": {"type": "Point", "coordinates": [176.1826123, -37.6306767, 2.8]}, "geometry_name": "shape", "properties": {"fidn": "8584576AKA", "expsou": null, "nobjnm": null, "objnam": null, "quasou": null, "souacc": null, "tecsou": null, "verdat": null, "status": null, "inform": null, "ninfom": null, "ntxtds": null, "scamin": 11999, "txtdsc": null, "sordat": null, "sorind": null, "depth": 2.8}}, {"type": "Feature", "id": "layer-50858.691652", "geometry": {"type": "Point", "coordinates": [176.1447232, -37.609401, 4.8]}, "geometry_name": "shape", "properties": {"fidn": "8584576ALA", "expsou": null, "nobjnm": null, "objnam": null, "quasou": null, "souacc": null, "tecsou": null, "verdat": null, "status": null, "inform": null, "ninfom": null, "ntxtds": null, "scamin": 11999, "txtdsc": null, "sordat": null, "sorind": null, "depth": 4.8}}, {"type": "Feature", "id": "layer-50858.691653", "geometry": {"type": "Point", "coordinates": [176.1339297, -37.6503825, 0.1]}, "geometry_name": "shape", "properties": {"fidn": "8584576AMA", "expsou": null, "nobjnm": null, "objnam": null, "quasou": null, "souacc": null, "tecsou": null, "verdat": null, "status": null, "inform": null, "ninfom": null, "ntxtds": null, "scamin": 11999, "txtdsc": null, "sordat": null, "sorind": null, "depth": 0.1}}, {"type": "Feature", "id": "layer-50858.691654", "geometry": {"type": "Point", "coordinates": [176.1755476, -37.6804167, 1.4]}, "geometry_name": "shape", "properties": {"fidn": "8584576ANA", "expsou": null, "nobjnm": null, "objnam": null, "quasou": null, "souacc": null, "tecsou": null, "verdat": null, "status": null, "inform": null, "ninfom": null, "ntxtds": null, "scamin": 11999, "txtdsc": null, "sordat": null, "sorind": null, "depth": 1.4}}, {"type": "Feature", "id": "layer-50858.691655", "geometry": {"type": "Point", "coordinates": [176.1736891, -37.6576533, 5.8]}, "geometry_name": "shape", "properties": {"fidn": "8584576AOA", "expsou": null, "nobjnm": null, "objnam": null, "quasou": null, "souacc": null, "tecsou": null, "verdat": null, "status": null, "inform": null, "ninfom": null, "ntxtds": null, "scamin": 11999, "txtdsc": null, "sordat": null, "sorind": null, "depth": 5.8}}, {"type": "Feature", "id": "layer-50858.691656", "geometry": {"type": "Point", "coordinates": [176.171468, -37.6192223, 11.2]}, "geometry_name": "shape", "properties": {"fidn": "8584576APA", "expsou": null, "nobjnm": null, "objnam": null, "quasou": null, "souacc": null, "tecsou": null, "verdat": null, "status": null, "inform": null, "ninfom": null, "ntxtds": null, "scamin": 11999, "txtdsc": null, "sordat": null, "sorind": null, "depth": 11.2}}, {"type": "Feature", "id": "layer-50858.691657", "geometry": {"type": "Point", "coordinates": [176.161339, -37.6726557, 0.8]}, "geometry_name": "shape", "properties": {"fidn": "8584576AQA", "expsou": null, "nobjnm": null, "objnam": null, "quasou": null, "souacc": null, "tecsou": null, "verdat": null, "status": null, "inform": null, "ninfom": null, "ntxtds": null, "scamin": 11999, "txtdsc": null, "sordat": null, "sorind": null, "depth": 0.8}}, {"type": "Feature", "id": "layer-50858.691658", "geometry": {"type": "Point", "coordinates": [176.1708276, -37.6584315, 4.6]}, "geometry_name": "shape", "properties": {"fidn": "8584576ARA", "expsou": null, "nobjnm": null, "objnam": null, "quasou": null, "souacc": null, "tecsou": null, "verdat": null, "status": null, "inform": null, "ninfom": null, "ntxtds": null, "scamin": 11999, "txtdsc": null, "sordat": null, "sorind": null, "depth": 4.6}}, {"type": "Feature", "id": "layer-50858.691659", "geometry": {"type": "Point", "coordinates": [176.1539458, -37.6109332, 5.8]}, "geometry_name": "shape", "properties": {"fidn": "8584576ASA", "expsou": null, "nobjnm": null, "objnam": null, "quasou": null, "souacc": null, "tecsou": null, "verdat": null, "status": null, "inform": null, "ninfom": null, "ntxtds": null, "scamin": 11999, "txtdsc": null, "sordat": null, "sorind": null, "depth": 5.8}}, {"type": "Feature", "id": "layer-50858.691660", "geometry": {"type": "Point", "coordinates": [176.148433, -37.656834, 3.1]}, "geometry_name": "shape", "properties": {"fidn": "8584576ATA", "expsou": null, "nobjnm": null, "objnam": null, "quasou": null, "souacc": null, "tecsou": null, "verdat": null, "status": null, "inform": null, "ninfom": null, "ntxtds": null, "scamin": 11999, "txtdsc": null, "sordat": null, "sorind": null, "depth": 3.1}}, {"type": "Feature", "id": "layer-50858.691661", "geometry": {"type": "Point", "coordinates": [176.178805, -37.647735, 7.2]}, "geometry_name": "shape", "properties": {"fidn": "8584576AUA", "expsou": null, "nobjnm": null, "objnam": null, "quasou": null, "souacc": null, "tecsou": null, "verdat": null, "status": null, "inform": null, "ninfom": null, "ntxtds": null, "scamin": 11999, "txtdsc": null, "sordat": null, "sorind": null, "depth": 7.2}}, {"type": "Feature", "id": "layer-50858.691662", "geometry": {"type": "Point", "coordinates": [176.1652804, -37.6440977, 3]}, "geometry_name": "shape", "properties": {"fidn": "8584576AVA", "expsou": null, "nobjnm": null, "objnam": null, "quasou": null, "souacc": null, "tecsou": null, "verdat": null, "status": null, "inform": null, "ninfom": null, "ntxtds": null, "scamin": 11999, "txtdsc": null, "sordat": null, "sorind": null, "depth": 3}}, {"type": "Feature", "id": "layer-50858.691663", "geometry": {"type": "Point", "coordinates": [176.1583946, -37.6625907, -0.2]}, "geometry_name": "shape", "properties": {"fidn": "8584576AWA", "expsou": null, "nobjnm": null, "objnam": null, "quasou": null, "souacc": null, "tecsou": null, "verdat": null, "status": null, "inform": null, "ninfom": null, "ntxtds": null, "scamin": 11999, "txtdsc": null, "sordat": null, "sorind": null, "depth": -0.2}}, {"type": "Feature", "id": "layer-50858.691664", "geometry": {"type": "Point", "coordinates": [176.126504, -37.6447177, 8.2]}, "geometry_name": "shape", "properties": {"fidn": "8584576AXA", "expsou": null, "nobjnm": null, "objnam": null, "quasou": null, "souacc": null, "tecsou": null, "verdat": null, "status": null, "inform": null, "ninfom": null, "ntxtds": null, "scamin": 11999, "txtdsc": null, "sordat": null, "sorind": null, "depth": 8.2}}, {"type": "Feature", "id": "layer-50858.691665", "geometry": {"type": "Point", "coordinates": [176.1753498, -37.6659194, 5.3]}, "geometry_name": "shape", "properties": {"fidn": "8584576AYA", "expsou": null, "nobjnm": null, "objnam": null, "quasou": null, "souacc": null, "tecsou": null, "verdat": null, "status": null, "inform": null, "ninfom": null, "ntxtds": null, "scamin": 11999, "txtdsc": null, "sordat": null, "sorind": null, "depth": 5.3}}, {"type": "Feature", "id": "layer-50858.691666", "geometry": {"type": "Point", "coordinates": [176.1445423, -37.6458661, 10.3]}, "geometry_name": "shape", "properties": {"fidn": "8584576AZA", "expsou": null, "nobjnm": null, "objnam": null, "quasou": null, "souacc": null, "tecsou": null, "verdat": null, "status": null, "inform": null, "ninfom": null, "ntxtds": null, "scamin": 11999, "txtdsc": null, "sordat": null, "sorind": null, "depth": 10.3}}, {"type": "Feature", "id": "layer-50858.691667", "geometry": {"type": "Point", "coordinates": [176.1508601, -37.6238702, 0.8]}, "geometry_name": "shape", "properties": {"fidn": "8584576BAA", "expsou": null, "nobjnm": null, "objnam": null, "quasou": null, "souacc": null, "tecsou": null, "verdat": null, "status": null, "inform": null, "ninfom": null, "ntxtds": null, "scamin": 11999, "txtdsc": null, "sordat": null, "sorind": null, "depth": 0.8}}, {"type": "Feature", "id": "layer-50858.691668", "geometry": {"type": "Point", "coordinates": [176.1453105, -37.6448881, 10.9]}, "geometry_name": "shape", "properties": {"fidn": "8584576BBA", "expsou": null, "nobjnm": null, "objnam": null, "quasou": null, "souacc": null, "tecsou": null, "verdat": null, "status": null, "inform": null, "ninfom": null, "ntxtds": null, "scamin": 11999, "txtdsc": null, "sordat": null, "sorind": null, "depth": 10.9}}, {"type": "Feature", "id": "layer-50858.691669", "geometry": {"type": "Point", "coordinates": [176.1836708, -37.6302081, 2.1]}, "geometry_name": "shape", "properties": {"fidn": "8584576BCA", "expsou": null, "nobjnm": null, "objnam": null, "quasou": null, "souacc": null, "tecsou": null, "verdat": null, "status": null, "inform": null, "ninfom": null, "ntxtds": null, "scamin": 11999, "txtdsc": null, "sordat": null, "sorind": null, "depth": 2.1}}, {"type": "Feature", "id": "layer-50858.691670", "geometry": {"type": "Point", "coordinates": [176.1246488, -37.6170414, 2.8]}, "geometry_name": "shape", "properties": {"fidn": "8584576BDA", "expsou": null, "nobjnm": null, "objnam": null, "quasou": null, "souacc": null, "tecsou": null, "verdat": null, "status": null, "inform": null, "ninfom": null, "ntxtds": null, "scamin": 11999, "txtdsc": null, "sordat": null, "sorind": null, "depth": 2.8}}, {"type": "Feature", "id": "layer-50858.691671", "geometry": {"type": "Point", "coordinates": [176.1962265, -37.6264605, 13.5]}, "geometry_name": "shape", "properties": {"fidn": "8584576BEA", "expsou": null, "nobjnm": null, "objnam": null, "quasou": null, "souacc": null, "tecsou": null, "verdat": null, "status": null, "inform": null, "ninfom": null, "ntxtds": null, "scamin": 11999, "txtdsc": null, "sordat": null, "sorind": null, "depth": 13.5}}, {"type": "Feature", "id": "layer-50858.691672", "geometry": {"type": "Point", "coordinates": [176.1688419, -37.6242446, 8.2]}, "geometry_name": "shape", "properties": {"fidn": "8584576BFA", "expsou": null, "nobjnm": null, "objnam": null, "quasou": null, "souacc": null, "tecsou": null, "verdat": null, "status": null, "inform": null, "ninfom": null, "ntxtds": null, "scamin": 11999, "txtdsc": null, "sordat": null, "sorind": null, "depth": 8.2}}, {"type": "Feature", "id": "layer-50858.691673", "geometry": {"type": "Point", "coordinates": [176.1257932, -37.617664, 1.4]}, "geometry_name": "shape", "properties": {"fidn": "8584576BGA", "expsou": null, "nobjnm": null, "objnam": null, "quasou": null, "souacc": null, "tecsou": null, "verdat": null, "status": null, "inform": null, "ninfom": null, "ntxtds": null, "scamin": 11999, "txtdsc": null, "sordat": null, "sorind": null, "depth": 1.4}}, {"type": "Feature", "id": "layer-50858.691674", "geometry": {"type": "Point", "coordinates": [176.1582525, -37.6790899, 0.7]}, "geometry_name": "shape", "properties": {"fidn": "8584576BHA", "expsou": null, "nobjnm": null, "objnam": null, "quasou": null, "souacc": null, "tecsou": null, "verdat": null, "status": null, "inform": null, "ninfom": null, "ntxtds": null, "scamin": 11999, "txtdsc": null, "sordat": null, "sorind": null, "depth": 0.7}}, {"type": "Feature", "id": "layer-50858.691675", "geometry": {"type": "Point", "coordinates": [176.1784, -37.666305, 7.8]}, "geometry_name": "shape", "properties": {"fidn": "8584576BIA", "expsou": null, "nobjnm": null, "objnam": null, "quasou": null, "souacc": null, "tecsou": null, "verdat": null, "status": null, "inform": null, "ninfom": null, "ntxtds": null, "scamin": 11999, "txtdsc": null, "sordat": null, "sorind": null, "depth": 7.8}}, {"type": "Feature", "id": "layer-50858.691676", "geometry": {"type": "Point", "coordinates": [176.1617891, -37.6611661, -0.3]}, "geometry_name": "shape", "properties": {"fidn": "8584576BJA", "expsou": null, "nobjnm": null, "objnam": null, "quasou": null, "souacc": null, "tecsou": null, "verdat": null, "status": null, "inform": null, "ninfom": null, "ntxtds": null, "scamin": 11999, "txtdsc": null, "sordat": null, "sorind": null, "depth": -0.3}}, {"type": "Feature", "id": "layer-50858.691677", "geometry": {"type": "Point", "coordinates": [176.1619717, -37.6447735, 2.1]}, "geometry_name": "shape", "properties": {"fidn": "8584576BKA", "expsou": null, "nobjnm": null, "objnam": null, "quasou": null, "souacc": null, "tecsou": null, "verdat": null, "status": null, "inform": null, "ninfom": null, "ntxtds": null, "scamin": 11999, "txtdsc": null, "sordat": null, "sorind": null, "depth": 2.1}}, {"type": "Feature", "id": "layer-50858.691678", "geometry": {"type": "Point", "coordinates": [176.1254927, -37.6404631, 8.1]}, "geometry_name": "shape", "properties": {"fidn": "8584576BLA", "expsou": null, "nobjnm": null, "objnam": null, "quasou": null, "souacc": null, "tecsou": null, "verdat": null, "status": null, "inform": null, "ninfom": null, "ntxtds": null, "scamin": 11999, "txtdsc": null, "sordat": null, "sorind": null, "depth": 8.1}}, {"type": "Feature", "id": "layer-50858.691679", "geometry": {"type": "Point", "coordinates": [176.18038, -37.639595, 3.9]}, "geometry_name": "shape", "properties": {"fidn": "8584576BMA", "expsou": null, "nobjnm": null, "objnam": null, "quasou": null, "souacc": null, "tecsou": null, "verdat": null, "status": null, "inform": null, "ninfom": null, "ntxtds": null, "scamin": 11999, "txtdsc": null, "sordat": null, "sorind": null, "depth": 3.9}}, {"type": "Feature", "id": "layer-50858.691680", "geometry": {"type": "Point", "coordinates": [176.1838954, -37.6714856, -0.6]}, "geometry_name": "shape", "properties": {"fidn": "8584576BNA", "expsou": null, "nobjnm": null, "objnam": null, "quasou": null, "souacc": null, "tecsou": null, "verdat": null, "status": null, "inform": null, "ninfom": null, "ntxtds": null, "scamin": 11999, "txtdsc": null, "sordat": null, "sorind": null, "depth": -0.6}}, {"type": "Feature", "id": "layer-50858.691681", "geometry": {"type": "Point", "coordinates": [176.1709837, -37.6887547, 0.6]}, "geometry_name": "shape", "properties": {"fidn": "8584576BOA", "expsou": null, "nobjnm": null, "objnam": null, "quasou": null, "souacc": null, "tecsou": null, "verdat": null, "status": null, "inform": null, "ninfom": null, "ntxtds": null, "scamin": 11999, "txtdsc": null, "sordat": null, "sorind": null, "depth": 0.6}}, {"type": "Feature", "id": "layer-50858.691682", "geometry": {"type": "Point", "coordinates": [176.1931473, -37.6331309, 3.8]}, "geometry_name": "shape", "properties": {"fidn": "8584576BPA", "expsou": null, "nobjnm": null, "objnam": null, "quasou": null, "souacc": null, "tecsou": null, "verdat": null, "status": null, "inform": null, "ninfom": null, "ntxtds": null, "scamin": 11999, "txtdsc": null, "sordat": null, "sorind": null, "depth": 3.8}}, {"type": "Feature", "id": "layer-50858.691683", "geometry": {"type": "Point", "coordinates": [176.162995, -37.659345, 3.7]}, "geometry_name": "shape", "properties": {"fidn": "8584576BQA", "expsou": null, "nobjnm": null, "objnam": null, "quasou": null, "souacc": null, "tecsou": null, "verdat": null, "status": null, "inform": null, "ninfom": null, "ntxtds": null, "scamin": 11999, "txtdsc": null, "sordat": null, "sorind": null, "depth": 3.7}}, {"type": "Feature", "id": "layer-50858.691684", "geometry": {"type": "Point", "coordinates": [176.1646617, -37.6438879, 1.5]}, "geometry_name": "shape", "properties": {"fidn": "8584576BRA", "expsou": null, "nobjnm": null, "objnam": null, "quasou": null, "souacc": null, "tecsou": null, "verdat": null, "status": null, "inform": null, "ninfom": null, "ntxtds": null, "scamin": 11999, "txtdsc": null, "sordat": null, "sorind": null, "depth": 1.5}}, {"type": "Feature", "id": "layer-50858.691685", "geometry": {"type": "Point", "coordinates": [176.1328765, -37.6556571, -0.2]}, "geometry_name": "shape", "properties": {"fidn": "8584576BSA", "expsou": null, "nobjnm": null, "objnam": null, "quasou": null, "souacc": null, "tecsou": null, "verdat": null, "status": null, "inform": null, "ninfom": null, "ntxtds": null, "scamin": 11999, "txtdsc": null, "sordat": null, "sorind": null, "depth": -0.2}}, {"type": "Feature", "id": "layer-50858.691686", "geometry": {"type": "Point", "coordinates": [176.1786789, -37.6207509, 9.1]}, "geometry_name": "shape", "properties": {"fidn": "8584576BTA", "expsou": null, "nobjnm": null, "objnam": null, "quasou": null, "souacc": null, "tecsou": null, "verdat": null, "status": null, "inform": null, "ninfom": null, "ntxtds": null, "scamin": 11999, "txtdsc": null, "sordat": null, "sorind": null, "depth": 9.1}}, {"type": "Feature", "id": "layer-50858.691687", "geometry": {"type": "Point", "coordinates": [176.1250473, -37.638925, 0.4]}, "geometry_name": "shape", "properties": {"fidn": "8584576BUA", "expsou": null, "nobjnm": null, "objnam": null, "quasou": null, "souacc": null, "tecsou": null, "verdat": null, "status": null, "inform": null, "ninfom": null, "ntxtds": null, "scamin": 11999, "txtdsc": null, "sordat": null, "sorind": null, "depth": 0.4}}, {"type": "Feature", "id": "layer-50858.691688", "geometry": {"type": "Point", "coordinates": [176.1599861, -37.6428908, 4.5]}, "geometry_name": "shape", "properties": {"fidn": "8584576BVA", "expsou": null, "nobjnm": null, "objnam": null, "quasou": null, "souacc": null, "tecsou": null, "verdat": null, "status": null, "inform": null, "ninfom": null, "ntxtds": null, "scamin": 11999, "txtdsc": null, "sordat": null, "sorind": null, "depth": 4.5}}, {"type": "Feature", "id": "layer-50858.691689", "geometry": {"type": "Point", "coordinates": [176.1784345, -37.628991, 2.4]}, "geometry_name": "shape", "properties": {"fidn": "8584576BWA", "expsou": null, "nobjnm": null, "objnam": null, "quasou": null, "souacc": null, "tecsou": null, "verdat": null, "status": null, "inform": null, "ninfom": null, "ntxtds": null, "scamin": 11999, "txtdsc": null, "sordat": null, "sorind": null, "depth": 2.4}}, {"type": "Feature", "id": "layer-50858.691690", "geometry": {"type": "Point", "coordinates": [176.1427734, -37.6039297, 4.1]}, "geometry_name": "shape", "properties": {"fidn": "8584576BXA", "expsou": null, "nobjnm": null, "objnam": null, "quasou": null, "souacc": null, "tecsou": null, "verdat": null, "status": null, "inform": null, "ninfom": null, "ntxtds": null, "scamin": 11999, "txtdsc": null, "sordat": null, "sorind": null, "depth": 4.1}}, {"type": "Feature", "id": "layer-50858.691691", "geometry": {"type": "Point", "coordinates": [176.16458, -37.6396921, 7.5]}, "geometry_name": "shape", "properties": {"fidn": "8584576BYA", "expsou": null, "nobjnm": null, "objnam": null, "quasou": null, "souacc": null, "tecsou": null, "verdat": null, "status": null, "inform": null, "ninfom": null, "ntxtds": null, "scamin": 11999, "txtdsc": null, "sordat": null, "sorind": null, "depth": 7.5}}, {"type": "Feature", "id": "layer-50858.691692", "geometry": {"type": "Point", "coordinates": [176.1479028, -37.6575373, 6.5]}, "geometry_name": "shape", "properties": {"fidn": "8584576BZA", "expsou": null, "nobjnm": null, "objnam": null, "quasou": null, "souacc": null, "tecsou": null, "verdat": null, "status": null, "inform": null, "ninfom": null, "ntxtds": null, "scamin": 11999, "txtdsc": null, "sordat": null, "sorind": null, "depth": 6.5}}, {"type": "Feature", "id": "layer-50858.691693", "geometry": {"type": "Point", "coordinates": [176.1833227, -37.6845176, 1.2]}, "geometry_name": "shape", "properties": {"fidn": "8584576CAA", "expsou": null, "nobjnm": null, "objnam": null, "quasou": null, "souacc": null, "tecsou": null, "verdat": null, "status": null, "inform": null, "ninfom": null, "ntxtds": null, "scamin": 11999, "txtdsc": null, "sordat": null, "sorind": null, "depth": 1.2}}, {"type": "Feature", "id": "layer-50858.691694", "geometry": {"type": "Point", "coordinates": [176.1261334, -37.6341498, 0.7]}, "geometry_name": "shape", "properties": {"fidn": "8584576CBA", "expsou": null, "nobjnm": null, "objnam": null, "quasou": null, "souacc": null, "tecsou": null, "verdat": null, "status": null, "inform": null, "ninfom": null, "ntxtds": null, "scamin": 11999, "txtdsc": null, "sordat": null, "sorind": null, "depth": 0.7}}, {"type": "Feature", "id": "layer-50858.691695", "geometry": {"type": "Point", "coordinates": [176.141334, -37.6443527, 11.4]}, "geometry_name": "shape", "properties": {"fidn": "8584576CCA", "expsou": null, "nobjnm": null, "objnam": null, "quasou": null, "souacc": null, "tecsou": null, "verdat": null, "status": null, "inform": null, "ninfom": null, "ntxtds": null, "scamin": 11999, "txtdsc": null, "sordat": null, "sorind": null, "depth": 11.4}}, {"type": "Feature", "id": "layer-50858.691696", "geometry": {"type": "Point", "coordinates": [176.1229372, -37.6590374, 0.4]}, "geometry_name": "shape", "properties": {"fidn": "8584576CDA", "expsou": null, "nobjnm": null, "objnam": null, "quasou": null, "souacc": null, "tecsou": null, "verdat": null, "status": null, "inform": null, "ninfom": null, "ntxtds": null, "scamin": 11999, "txtdsc": null, "sordat": null, "sorind": null, "depth": 0.4}}, {"type": "Feature", "id": "layer-50858.691697", "geometry": {"type": "Point", "coordinates": [176.173176, -37.6886152, 3.6]}, "geometry_name": "shape", "properties": {"fidn": "8584576CEA", "expsou": null, "nobjnm": null, "objnam": null, "quasou": null, "souacc": null, "tecsou": null, "verdat": null, "status": null, "inform": null, "ninfom": null, "ntxtds": null, "scamin": 11999, "txtdsc": null, "sordat": null, "sorind": null, "depth": 3.6}}, {"type": "Feature", "id": "layer-50858.691698", "geometry": {"type": "Point", "coordinates": [176.1788171, -37.6273012, 3.9]}, "geometry_name": "shape", "properties": {"fidn": "8584576CFA", "expsou": null, "nobjnm": null, "objnam": null, "quasou": null, "souacc": null, "tecsou": null, "verdat": null, "status": null, "inform": null, "ninfom": null, "ntxtds": null, "scamin": 11999, "txtdsc": null, "sordat": null, "sorind": null, "depth": 3.9}}, {"type": "Feature", "id": "layer-50858.691699", "geometry": {"type": "Point", "coordinates": [176.1623149, -37.6712584, 1]}, "geometry_name": "shape", "properties": {"fidn": "8584576CGA", "expsou": null, "nobjnm": null, "objnam": null, "quasou": null, "souacc": null, "tecsou": null, "verdat": null, "status": null, "inform": null, "ninfom": null, "ntxtds": null, "scamin": 11999, "txtdsc": null, "sordat": null, "sorind": null, "depth": 1}}, {"type": "Feature", "id": "layer-50858.691700", "geometry": {"type": "Point", "coordinates": [176.1898212, -37.6077794, 20.3]}, "geometry_name": "shape", "properties": {"fidn": "8584576CHA", "expsou": null, "nobjnm": null, "objnam": null, "quasou": null, "souacc": null, "tecsou": null, "verdat": null, "status": null, "inform": null, "ninfom": null, "ntxtds": null, "scamin": 11999, "txtdsc": null, "sordat": null, "sorind": null, "depth": 20.3}}, {"type": "Feature", "id": "layer-50858.691701", "geometry": {"type": "Point", "coordinates": [176.1634414, -37.6705292, 2.1]}, "geometry_name": "shape", "properties": {"fidn": "8584576CIA", "expsou": null, "nobjnm": null, "objnam": null, "quasou": null, "souacc": null, "tecsou": null, "verdat": null, "status": null, "inform": null, "ninfom": null, "ntxtds": null, "scamin": 11999, "txtdsc": null, "sordat": null, "sorind": null, "depth": 2.1}}, {"type": "Feature", "id": "layer-50858.691702", "geometry": {"type": "Point", "coordinates": [176.1907429, -37.6320166, 1.5]}, "geometry_name": "shape", "properties": {"fidn": "8584576CJA", "expsou": null, "nobjnm": null, "objnam": null, "quasou": null, "souacc": null, "tecsou": null, "verdat": null, "status": null, "inform": null, "ninfom": null, "ntxtds": null, "scamin": 11999, "txtdsc": null, "sordat": null, "sorind": null, "depth": 1.5}}, {"type": "Feature", "id": "layer-50858.691703", "geometry": {"type": "Point", "coordinates": [176.1314038, -37.6400953, 3.9]}, "geometry_name": "shape", "properties": {"fidn": "8584576CKA", "expsou": null, "nobjnm": null, "objnam": null, "quasou": null, "souacc": null, "tecsou": null, "verdat": null, "status": null, "inform": null, "ninfom": null, "ntxtds": null, "scamin": 11999, "txtdsc": null, "sordat": null, "sorind": null, "depth": 3.9}}, {"type": "Feature", "id": "layer-50858.691704", "geometry": {"type": "Point", "coordinates": [176.1517604, -37.6151159, 5.4]}, "geometry_name": "shape", "properties": {"fidn": "8584576CLA", "expsou": null, "nobjnm": null, "objnam": null, "quasou": null, "souacc": null, "tecsou": null, "verdat": null, "status": null, "inform": null, "ninfom": null, "ntxtds": null, "scamin": 11999, "txtdsc": null, "sordat": null, "sorind": null, "depth": 5.4}}, {"type": "Feature", "id": "layer-50858.691705", "geometry": {"type": "Point", "coordinates": [176.17626, -37.6729431, 3.4]}, "geometry_name": "shape", "properties": {"fidn": "8584576CMA", "expsou": null, "nobjnm": null, "objnam": null, "quasou": null, "souacc": null, "tecsou": null, "verdat": null, "status": null, "inform": null, "ninfom": null, "ntxtds": null, "scamin": 11999, "txtdsc": null, "sordat": null, "sorind": null, "depth": 3.4}}, {"type": "Feature", "id": "layer-50858.691706", "geometry": {"type": "Point", "coordinates": [176.149925, -37.64481, 8.8]}, "geometry_name": "shape", "properties": {"fidn": "8584576CNA", "expsou": null, "nobjnm": null, "objnam": null, "quasou": null, "souacc": null, "tecsou": null, "verdat": null, "status": null, "inform": null, "ninfom": null, "ntxtds": null, "scamin": 11999, "txtdsc": null, "sordat": null, "sorind": null, "depth": 8.8}}, {"type": "Feature", "id": "layer-50858.691707", "geometry": {"type": "Point", "coordinates": [176.12913, -37.63908, 1.5]}, "geometry_name": "shape", "properties": {"fidn": "8584576COA", "expsou": null, "nobjnm": null, "objnam": null, "quasou": null, "souacc": null, "tecsou": null, "verdat": null, "status": null, "inform": null, "ninfom": null, "ntxtds": null, "scamin": 11999, "txtdsc": null, "sordat": null, "sorind": null, "depth": 1.5}}, {"type": "Feature", "id": "layer-50858.691708", "geometry": {"type": "Point", "coordinates": [176.1311479, -37.6410807, 15.8]}, "geometry_name": "shape", "properties": {"fidn": "8584576CPA", "expsou": null, "nobjnm": null, "objnam": null, "quasou": null, "souacc": null, "tecsou": null, "verdat": null, "status": null, "inform": null, "ninfom": null, "ntxtds": null, "scamin": 11999, "txtdsc": null, "sordat": null, "sorind": null, "depth": 15.8}}, {"type": "Feature", "id": "layer-50858.691709", "geometry": {"type": "Point", "coordinates": [176.1618994, -37.6723507, 3.8]}, "geometry_name": "shape", "properties": {"fidn": "8584576CQA", "expsou": null, "nobjnm": null, "objnam": null, "quasou": null, "souacc": null, "tecsou": null, "verdat": null, "status": null, "inform": null, "ninfom": null, "ntxtds": null, "scamin": 11999, "txtdsc": null, "sordat": null, "sorind": null, "depth": 3.8}}, {"type": "Feature", "id": "layer-50858.691710", "geometry": {"type": "Point", "coordinates": [176.1969201, -37.6363797, 6.5]}, "geometry_name": "shape", "properties": {"fidn": "8584576CRA", "expsou": null, "nobjnm": null, "objnam": null, "quasou": null, "souacc": null, "tecsou": null, "verdat": null, "status": null, "inform": null, "ninfom": null, "ntxtds": null, "scamin": 11999, "txtdsc": null, "sordat": null, "sorind": null, "depth": 6.5}}, {"type": "Feature", "id": "layer-50858.691711", "geometry": {"type": "Point", "coordinates": [176.1749, -37.63856, 2.3]}, "geometry_name": "shape", "properties": {"fidn": "8584576CSA", "expsou": null, "nobjnm": null, "objnam": null, "quasou": null, "souacc": null, "tecsou": null, "verdat": null, "status": null, "inform": null, "ninfom": null, "ntxtds": null, "scamin": 11999, "txtdsc": null, "sordat": null, "sorind": null, "depth": 2.3}}, {"type": "Feature", "id": "layer-50858.691712", "geometry": {"type": "Point", "coordinates": [176.16403, -37.65638, 2.5]}, "geometry_name": "shape", "properties": {"fidn": "8584576CTA", "expsou": null, "nobjnm": null, "objnam": null, "quasou": null, "souacc": null, "tecsou": null, "verdat": null, "status": null, "inform": null, "ninfom": null, "ntxtds": null, "scamin": 11999, "txtdsc": null, "sordat": null, "sorind": null, "depth": 2.5}}, {"type": "Feature", "id": "layer-50858.691713", "geometry": {"type": "Point", "coordinates": [176.1221258, -37.6160695, 1.9]}, "geometry_name": "shape", "properties": {"fidn": "8584576CUA", "expsou": null, "nobjnm": null, "objnam": null, "quasou": null, "souacc": null, "tecsou": null, "verdat": null, "status": null, "inform": null, "ninfom": null, "ntxtds": null, "scamin": 11999, "txtdsc": null, "sordat": null, "sorind": null, "depth": 1.9}}, {"type": "Feature", "id": "layer-50858.691714", "geometry": {"type": "Point", "coordinates": [176.1964923, -37.6308598, 8.3]}, "geometry_name": "shape", "properties": {"fidn": "8584576CVA", "expsou": null, "nobjnm": null, "objnam": null, "quasou": null, "souacc": null, "tecsou": null, "verdat": null, "status": null, "inform": null, "ninfom": null, "ntxtds": null, "scamin": 11999, "txtdsc": null, "sordat": null, "sorind": null, "depth": 8.3}}, {"type": "Feature", "id": "layer-50858.691715", "geometry": {"type": "Point", "coordinates": [176.16924, -37.637235, 17.1]}, "geometry_name": "shape", "properties": {"fidn": "8584576CWA", "expsou": null, "nobjnm": null, "objnam": null, "quasou": null, "souacc": null, "tecsou": null, "verdat": null, "status": null, "inform": null, "ninfom": null, "ntxtds": null, "scamin": 11999, "txtdsc": null, "sordat": null, "sorind": null, "depth": 17.1}}, {"type": "Feature", "id": "layer-50858.691716", "geometry": {"type": "Point", "coordinates": [176.1772727, -37.6243086, 5.5]}, "geometry_name": "shape", "properties": {"fidn": "8584576CXA", "expsou": null, "nobjnm": null, "objnam": null, "quasou": null, "souacc": null, "tecsou": null, "verdat": null, "status": null, "inform": null, "ninfom": null, "ntxtds": null, "scamin": 11999, "txtdsc": null, "sordat": null, "sorind": null, "depth": 5.5}}, {"type": "Feature", "id": "layer-50858.691717", "geometry": {"type": "Point", "coordinates": [176.171935, -37.658345, 3.9]}, "geometry_name": "shape", "properties": {"fidn": "8584576CYA", "expsou": null, "nobjnm": null, "objnam": null, "quasou": null, "souacc": null, "tecsou": null, "verdat": null, "status": null, "inform": null, "ninfom": null, "ntxtds": null, "scamin": 11999, "txtdsc": null, "sordat": null, "sorind": null, "depth": 3.9}}, {"type": "Feature", "id": "layer-50858.691718", "geometry": {"type": "Point", "coordinates": [176.1707649, -37.6579491, 5.7]}, "geometry_name": "shape", "properties": {"fidn": "8584576CZA", "expsou": null, "nobjnm": null, "objnam": null, "quasou": null, "souacc": null, "tecsou": null, "verdat": null, "status": null, "inform": null, "ninfom": null, "ntxtds": null, "scamin": 11999, "txtdsc": null, "sordat": null, "sorind": null, "depth": 5.7}}, {"type": "Feature", "id": "layer-50858.691719", "geometry": {"type": "Point", "coordinates": [176.1339561, -37.651938, 0.2]}, "geometry_name": "shape", "properties": {"fidn": "8584576DAA", "expsou": null, "nobjnm": null, "objnam": null, "quasou": null, "souacc": null, "tecsou": null, "verdat": null, "status": null, "inform": null, "ninfom": null, "ntxtds": null, "scamin": 11999, "txtdsc": null, "sordat": null, "sorind": null, "depth": 0.2}}, {"type": "Feature", "id": "layer-50858.691720", "geometry": {"type": "Point", "coordinates": [176.1660106, -37.6341636, 3.9]}, "geometry_name": "shape", "properties": {"fidn": "8584576DBA", "expsou": null, "nobjnm": null, "objnam": null, "quasou": null, "souacc": null, "tecsou": null, "verdat": null, "status": null, "inform": null, "ninfom": null, "ntxtds": null, "scamin": 11999, "txtdsc": null, "sordat": null, "sorind": null, "depth": 3.9}}, {"type": "Feature", "id": "layer-50858.691721", "geometry": {"type": "Point", "coordinates": [176.1320734, -37.6406208, 8.3]}, "geometry_name": "shape", "properties": {"fidn": "8584576DCA", "expsou": null, "nobjnm": null, "objnam": null, "quasou": null, "souacc": null, "tecsou": null, "verdat": null, "status": null, "inform": null, "ninfom": null, "ntxtds": null, "scamin": 11999, "txtdsc": null, "sordat": null, "sorind": null, "depth": 8.3}}, {"type": "Feature", "id": "layer-50858.691722", "geometry": {"type": "Point", "coordinates": [176.1495243, -37.6120026, 5.4]}, "geometry_name": "shape", "properties": {"fidn": "8584576DDA", "expsou": null, "nobjnm": null, "objnam": null, "quasou": null, "souacc": null, "tecsou": null, "verdat": null, "status": null, "inform": null, "ninfom": null, "ntxtds": null, "scamin": 11999, "txtdsc": null, "sordat": null, "sorind": null, "depth": 5.4}}, {"type": "Feature", "id": "layer-50858.691723", "geometry": {"type": "Point", "coordinates": [176.1232669, -37.6406769, 8.5]}, "geometry_name": "shape", "properties": {"fidn": "8584576DEA", "expsou": null, "nobjnm": null, "objnam": null, "quasou": null, "souacc": null, "tecsou": null, "verdat": null, "status": null, "inform": null, "ninfom": null, "ntxtds": null, "scamin": 11999, "txtdsc": null, "sordat": null, "sorind": null, "depth": 8.5}}, {"type": "Feature", "id": "layer-50858.691724", "geometry": {"type": "Point", "coordinates": [176.1806078, -37.6603692, 11.8]}, "geometry_name": "shape", "properties": {"fidn": "8584576DFA", "expsou": null, "nobjnm": null, "objnam": null, "quasou": null, "souacc": null, "tecsou": null, "verdat": null, "status": null, "inform": null, "ninfom": null, "ntxtds": null, "scamin": 11999, "txtdsc": null, "sordat": null, "sorind": null, "depth": 11.8}}, {"type": "Feature", "id": "layer-50858.691725", "geometry": {"type": "Point", "coordinates": [176.1264742, -37.620732, 0.7]}, "geometry_name": "shape", "properties": {"fidn": "8584576DGA", "expsou": null, "nobjnm": null, "objnam": null, "quasou": null, "souacc": null, "tecsou": null, "verdat": null, "status": null, "inform": null, "ninfom": null, "ntxtds": null, "scamin": 11999, "txtdsc": null, "sordat": null, "sorind": null, "depth": 0.7}}, {"type": "Feature", "id": "layer-50858.691726", "geometry": {"type": "Point", "coordinates": [176.178135, -37.6387, 8.6]}, "geometry_name": "shape", "properties": {"fidn": "8584576DHA", "expsou": null, "nobjnm": null, "objnam": null, "quasou": null, "souacc": null, "tecsou": null, "verdat": null, "status": null, "inform": null, "ninfom": null, "ntxtds": null, "scamin": 11999, "txtdsc": null, "sordat": null, "sorind": null, "depth": 8.6}}, {"type": "Feature", "id": "layer-50858.691727", "geometry": {"type": "Point", "coordinates": [176.16021, -37.64913, 3.5]}, "geometry_name": "shape", "properties": {"fidn": "8584576DIA", "expsou": null, "nobjnm": null, "objnam": null, "quasou": null, "souacc": null, "tecsou": null, "verdat": null, "status": null, "inform": null, "ninfom": null, "ntxtds": null, "scamin": 11999, "txtdsc": null, "sordat": null, "sorind": null, "depth": 3.5}}, {"type": "Feature", "id": "layer-50858.691728", "geometry": {"type": "Point", "coordinates": [176.174, -37.63938, 6.3]}, "geometry_name": "shape", "properties": {"fidn": "8584576DJA", "expsou": null, "nobjnm": null, "objnam": null, "quasou": null, "souacc": null, "tecsou": null, "verdat": null, "status": null, "inform": null, "ninfom": null, "ntxtds": null, "scamin": 11999, "txtdsc": null, "sordat": null, "sorind": null, "depth": 6.3}}, {"type": "Feature", "id": "layer-50858.691729", "geometry": {"type": "Point", "coordinates": [176.178738, -37.63688, 0.5]}, "geometry_name": "shape", "properties": {"fidn": "8584576DKA", "expsou": null, "nobjnm": null, "objnam": null, "quasou": null, "souacc": null, "tecsou": null, "verdat": null, "status": null, "inform": null, "ninfom": null, "ntxtds": null, "scamin": 11999, "txtdsc": null, "sordat": null, "sorind": null, "depth": 0.5}}, {"type": "Feature", "id": "layer-50858.691730", "geometry": {"type": "Point", "coordinates": [176.190208, -37.6269953, 10.6]}, "geometry_name": "shape", "properties": {"fidn": "8584576DLA", "expsou": null, "nobjnm": null, "objnam": null, "quasou": null, "souacc": null, "tecsou": null, "verdat": null, "status": null, "inform": null, "ninfom": null, "ntxtds": null, "scamin": 11999, "txtdsc": null, "sordat": null, "sorind": null, "depth": 10.6}}, {"type": "Feature", "id": "layer-50858.691731", "geometry": {"type": "Point", "coordinates": [176.157875, -37.64506, 5.6]}, "geometry_name": "shape", "properties": {"fidn": "8584576DMA", "expsou": null, "nobjnm": null, "objnam": null, "quasou": null, "souacc": null, "tecsou": null, "verdat": null, "status": null, "inform": null, "ninfom": null, "ntxtds": null, "scamin": 11999, "txtdsc": null, "sordat": null, "sorind": null, "depth": 5.6}}, {"type": "Feature", "id": "layer-50858.691732", "geometry": {"type": "Point", "coordinates": [176.1927765, -37.6273149, 9.4]}, "geometry_name": "shape", "properties": {"fidn": "8584576DNA", "expsou": null, "nobjnm": null, "objnam": null, "quasou": null, "souacc": null, "tecsou": null, "verdat": null, "status": null, "inform": null, "ninfom": null, "ntxtds": null, "scamin": 11999, "txtdsc": null, "sordat": null, "sorind": null, "depth": 9.4}}, {"type": "Feature", "id": "layer-50858.691733", "geometry": {"type": "Point", "coordinates": [176.1263683, -37.6242045, 0.9]}, "geometry_name": "shape", "properties": {"fidn": "8584576DOA", "expsou": null, "nobjnm": null, "objnam": null, "quasou": null, "souacc": null, "tecsou": null, "verdat": null, "status": null, "inform": null, "ninfom": null, "ntxtds": null, "scamin": 11999, "txtdsc": null, "sordat": null, "sorind": null, "depth": 0.9}}, {"type": "Feature", "id": "layer-50858.691734", "geometry": {"type": "Point", "coordinates": [176.1914488, -37.6334937, 1.5]}, "geometry_name": "shape", "properties": {"fidn": "8584576DPA", "expsou": null, "nobjnm": null, "objnam": null, "quasou": null, "souacc": null, "tecsou": null, "verdat": null, "status": null, "inform": null, "ninfom": null, "ntxtds": null, "scamin": 11999, "txtdsc": null, "sordat": null, "sorind": null, "depth": 1.5}}, {"type": "Feature", "id": "layer-50858.691735", "geometry": {"type": "Point", "coordinates": [176.144445, -37.646975, 10.9]}, "geometry_name": "shape", "properties": {"fidn": "8584576DQA", "expsou": null, "nobjnm": null, "objnam": null, "quasou": null, "souacc": null, "tecsou": null, "verdat": null, "status": null, "inform": null, "ninfom": null, "ntxtds": null, "scamin": 11999, "txtdsc": null, "sordat": null, "sorind": null, "depth": 10.9}}, {"type": "Feature", "id": "layer-50858.691736", "geometry": {"type": "Point", "coordinates": [176.1584256, -37.6609736, 0.3]}, "geometry_name": "shape", "properties": {"fidn": "8584576DRA", "expsou": null, "nobjnm": null, "objnam": null, "quasou": null, "souacc": null, "tecsou": null, "verdat": null, "status": null, "inform": null, "ninfom": null, "ntxtds": null, "scamin": 11999, "txtdsc": null, "sordat": null, "sorind": null, "depth": 0.3}}, {"type": "Feature", "id": "layer-50858.691737", "geometry": {"type": "Point", "coordinates": [176.174695, -37.6664982, 6.3]}, "geometry_name": "shape", "properties": {"fidn": "8584576DSA", "expsou": null, "nobjnm": null, "objnam": null, "quasou": null, "souacc": null, "tecsou": null, "verdat": null, "status": null, "inform": null, "ninfom": null, "ntxtds": null, "scamin": 11999, "txtdsc": null, "sordat": null, "sorind": null, "depth": 6.3}}, {"type": "Feature", "id": "layer-50858.691738", "geometry": {"type": "Point", "coordinates": [176.1391478, -37.6021085, 8.7]}, "geometry_name": "shape", "properties": {"fidn": "8584576DTA", "expsou": null, "nobjnm": null, "objnam": null, "quasou": null, "souacc": null, "tecsou": null, "verdat": null, "status": null, "inform": null, "ninfom": null, "ntxtds": null, "scamin": 11999, "txtdsc": null, "sordat": null, "sorind": null, "depth": 8.7}}, {"type": "Feature", "id": "layer-50858.691739", "geometry": {"type": "Point", "coordinates": [176.163895, -37.647095, 2]}, "geometry_name": "shape", "properties": {"fidn": "8584576DUA", "expsou": null, "nobjnm": null, "objnam": null, "quasou": null, "souacc": null, "tecsou": null, "verdat": null, "status": null, "inform": null, "ninfom": null, "ntxtds": null, "scamin": 11999, "txtdsc": null, "sordat": null, "sorind": null, "depth": 2}}, {"type": "Feature", "id": "layer-50858.691740", "geometry": {"type": "Point", "coordinates": [176.1257022, -37.6236085, 2.4]}, "geometry_name": "shape", "properties": {"fidn": "8584576DVA", "expsou": null, "nobjnm": null, "objnam": null, "quasou": null, "souacc": null, "tecsou": null, "verdat": null, "status": null, "inform": null, "ninfom": null, "ntxtds": null, "scamin": 11999, "txtdsc": null, "sordat": null, "sorind": null, "depth": 2.4}}, {"type": "Feature", "id": "layer-50858.691741", "geometry": {"type": "Point", "coordinates": [176.1594677, -37.6472137, 5.3]}, "geometry_name": "shape", "properties": {"fidn": "8584576DWA", "expsou": null, "nobjnm": null, "objnam": null, "quasou": null, "souacc": null, "tecsou": null, "verdat": null, "status": null, "inform": null, "ninfom": null, "ntxtds": null, "scamin": 11999, "txtdsc": null, "sordat": null, "sorind": null, "depth": 5.3}}, {"type": "Feature", "id": "layer-50858.691742", "geometry": {"type": "Point", "coordinates": [176.150645, -37.648595, 5.4]}, "geometry_name": "shape", "properties": {"fidn": "8584576DXA", "expsou": null, "nobjnm": null, "objnam": null, "quasou": null, "souacc": null, "tecsou": null, "verdat": null, "status": null, "inform": null, "ninfom": null, "ntxtds": null, "scamin": 11999, "txtdsc": null, "sordat": null, "sorind": null, "depth": 5.4}}, {"type": "Feature", "id": "layer-50858.691743", "geometry": {"type": "Point", "coordinates": [176.177235, -37.65406, 6]}, "geometry_name": "shape", "properties": {"fidn": "8584576DYA", "expsou": null, "nobjnm": null, "objnam": null, "quasou": null, "souacc": null, "tecsou": null, "verdat": null, "status": null, "inform": null, "ninfom": null, "ntxtds": null, "scamin": 11999, "txtdsc": null, "sordat": null, "sorind": null, "depth": 6}}, {"type": "Feature", "id": "layer-50858.691744", "geometry": {"type": "Point", "coordinates": [176.1638066, -37.6610788, 1.5]}, "geometry_name": "shape", "properties": {"fidn": "8584576DZA", "expsou": null, "nobjnm": null, "objnam": null, "quasou": null, "souacc": null, "tecsou": null, "verdat": null, "status": null, "inform": null, "ninfom": null, "ntxtds": null, "scamin": 11999, "txtdsc": null, "sordat": null, "sorind": null, "depth": 1.5}}, {"type": "Feature", "id": "layer-50858.691745", "geometry": {"type": "Point", "coordinates": [176.1900367, -37.5914331, 28]}, "geometry_name": "shape", "properties": {"fidn": "8584576EAA", "expsou": null, "nobjnm": null, "objnam": null, "quasou": null, "souacc": null, "tecsou": null, "verdat": null, "status": null, "inform": null, "ninfom": null, "ntxtds": null, "scamin": 11999, "txtdsc": null, "sordat": null, "sorind": null, "depth": 28}}, {"type": "Feature", "id": "layer-50858.691746", "geometry": {"type": "Point", "coordinates": [176.1656372, -37.664082, -0.6]}, "geometry_name": "shape", "properties": {"fidn": "8584576EBA", "expsou": null, "nobjnm": null, "objnam": null, "quasou": null, "souacc": null, "tecsou": null, "verdat": null, "status": null, "inform": null, "ninfom": null, "ntxtds": null, "scamin": 11999, "txtdsc": null, "sordat": null, "sorind": null, "depth": -0.6}}, {"type": "Feature", "id": "layer-50858.691747", "geometry": {"type": "Point", "coordinates": [176.154505, -37.64363, 2.9]}, "geometry_name": "shape", "properties": {"fidn": "8584576ECA", "expsou": null, "nobjnm": null, "objnam": null, "quasou": null, "souacc": null, "tecsou": null, "verdat": null, "status": null, "inform": null, "ninfom": null, "ntxtds": null, "scamin": 11999, "txtdsc": null, "sordat": null, "sorind": null, "depth": 2.9}}, {"type": "Feature", "id": "layer-50858.691748", "geometry": {"type": "Point", "coordinates": [176.1720587, -37.6877309, 6.3]}, "geometry_name": "shape", "properties": {"fidn": "8584576EDA", "expsou": null, "nobjnm": null, "objnam": null, "quasou": null, "souacc": null, "tecsou": null, "verdat": null, "status": null, "inform": null, "ninfom": null, "ntxtds": null, "scamin": 11999, "txtdsc": null, "sordat": null, "sorind": null, "depth": 6.3}}, {"type": "Feature", "id": "layer-50858.691749", "geometry": {"type": "Point", "coordinates": [176.1933777, -37.6336983, 4.3]}, "geometry_name": "shape", "properties": {"fidn": "8584576EEA", "expsou": null, "nobjnm": null, "objnam": null, "quasou": null, "souacc": null, "tecsou": null, "verdat": null, "status": null, "inform": null, "ninfom": null, "ntxtds": null, "scamin": 11999, "txtdsc": null, "sordat": null, "sorind": null, "depth": 4.3}}, {"type": "Feature", "id": "layer-50858.691750", "geometry": {"type": "Point", "coordinates": [176.152395, -37.645235, 8.6]}, "geometry_name": "shape", "properties": {"fidn": "8584576EFA", "expsou": null, "nobjnm": null, "objnam": null, "quasou": null, "souacc": null, "tecsou": null, "verdat": null, "status": null, "inform": null, "ninfom": null, "ntxtds": null, "scamin": 11999, "txtdsc": null, "sordat": null, "sorind": null, "depth": 8.6}}, {"type": "Feature", "id": "layer-50858.691751", "geometry": {"type": "Point", "coordinates": [176.1237251, -37.6596549, -0.6]}, "geometry_name": "shape", "properties": {"fidn": "8584576EGA", "expsou": null, "nobjnm": null, "objnam": null, "quasou": null, "souacc": null, "tecsou": null, "verdat": null, "status": null, "inform": null, "ninfom": null, "ntxtds": null, "scamin": 11999, "txtdsc": null, "sordat": null, "sorind": null, "depth": -0.6}}, {"type": "Feature", "id": "layer-50858.691752", "geometry": {"type": "Point", "coordinates": [176.1743686, -37.690003, 3.6]}, "geometry_name": "shape", "properties": {"fidn": "8584576EHA", "expsou": null, "nobjnm": null, "objnam": null, "quasou": null, "souacc": null, "tecsou": null, "verdat": null, "status": null, "inform": null, "ninfom": null, "ntxtds": null, "scamin": 11999, "txtdsc": null, "sordat": null, "sorind": null, "depth": 3.6}}, {"type": "Feature", "id": "layer-50858.691753", "geometry": {"type": "Point", "coordinates": [176.1475521, -37.6214217, 1.1]}, "geometry_name": "shape", "properties": {"fidn": "8584576EIA", "expsou": null, "nobjnm": null, "objnam": null, "quasou": null, "souacc": null, "tecsou": null, "verdat": null, "status": null, "inform": null, "ninfom": null, "ntxtds": null, "scamin": 11999, "txtdsc": null, "sordat": null, "sorind": null, "depth": 1.1}}, {"type": "Feature", "id": "layer-50858.691754", "geometry": {"type": "Point", "coordinates": [176.1762954, -37.6743239, 2]}, "geometry_name": "shape", "properties": {"fidn": "8584576EJA", "expsou": null, "nobjnm": null, "objnam": null, "quasou": null, "souacc": null, "tecsou": null, "verdat": null, "status": null, "inform": null, "ninfom": null, "ntxtds": null, "scamin": 11999, "txtdsc": null, "sordat": null, "sorind": null, "depth": 2}}, {"type": "Feature", "id": "layer-50858.691755", "geometry": {"type": "Point", "coordinates": [176.171305, -37.63845, 14.3]}, "geometry_name": "shape", "properties": {"fidn": "8584576EKA", "expsou": null, "nobjnm": null, "objnam": null, "quasou": null, "souacc": null, "tecsou": null, "verdat": null, "status": null, "inform": null, "ninfom": null, "ntxtds": null, "scamin": 11999, "txtdsc": null, "sordat": null, "sorind": null, "depth": 14.3}}, {"type": "Feature", "id": "layer-50858.691756", "geometry": {"type": "Point", "coordinates": [176.1740999, -37.6681806, 3.9]}, "geometry_name": "shape", "properties": {"fidn": "8584576ELA", "expsou": null, "nobjnm": null, "objnam": null, "quasou": null, "souacc": null, "tecsou": null, "verdat": null, "status": null, "inform": null, "ninfom": null, "ntxtds": null, "scamin": 11999, "txtdsc": null, "sordat": null, "sorind": null, "depth": 3.9}}, {"type": "Feature", "id": "layer-50858.691757", "geometry": {"type": "Point", "coordinates": [176.1932916, -37.6263475, 5.4]}, "geometry_name": "shape", "properties": {"fidn": "8584576EMA", "expsou": null, "nobjnm": null, "objnam": null, "quasou": null, "souacc": null, "tecsou": null, "verdat": null, "status": null, "inform": null, "ninfom": null, "ntxtds": null, "scamin": 11999, "txtdsc": null, "sordat": null, "sorind": null, "depth": 5.4}}, {"type": "Feature", "id": "layer-50858.691758", "geometry": {"type": "Point", "coordinates": [176.16201, -37.65756, 2.4]}, "geometry_name": "shape", "properties": {"fidn": "8584576ENA", "expsou": null, "nobjnm": null, "objnam": null, "quasou": null, "souacc": null, "tecsou": null, "verdat": null, "status": null, "inform": null, "ninfom": null, "ntxtds": null, "scamin": 11999, "txtdsc": null, "sordat": null, "sorind": null, "depth": 2.4}}, {"type": "Feature", "id": "layer-50858.691759", "geometry": {"type": "Point", "coordinates": [176.1426272, -37.6114026, 5.1]}, "geometry_name": "shape", "properties": {"fidn": "8584576EOA", "expsou": null, "nobjnm": null, "objnam": null, "quasou": null, "souacc": null, "tecsou": null, "verdat": null, "status": null, "inform": null, "ninfom": null, "ntxtds": null, "scamin": 11999, "txtdsc": null, "sordat": null, "sorind": null, "depth": 5.1}}, {"type": "Feature", "id": "layer-50858.691760", "geometry": {"type": "Point", "coordinates": [176.1272543, -37.6331821, 0.2]}, "geometry_name": "shape", "properties": {"fidn": "8584576EPA", "expsou": null, "nobjnm": null, "objnam": null, "quasou": null, "souacc": null, "tecsou": null, "verdat": null, "status": null, "inform": null, "ninfom": null, "ntxtds": null, "scamin": 11999, "txtdsc": null, "sordat": null, "sorind": null, "depth": 0.2}}, {"type": "Feature", "id": "layer-50858.691761", "geometry": {"type": "Point", "coordinates": [176.1777853, -37.6264401, 3.8]}, "geometry_name": "shape", "properties": {"fidn": "8584576EQA", "expsou": null, "nobjnm": null, "objnam": null, "quasou": null, "souacc": null, "tecsou": null, "verdat": null, "status": null, "inform": null, "ninfom": null, "ntxtds": null, "scamin": 11999, "txtdsc": null, "sordat": null, "sorind": null, "depth": 3.8}}, {"type": "Feature", "id": "layer-50858.691762", "geometry": {"type": "Point", "coordinates": [176.17391, -37.647275, 0.3]}, "geometry_name": "shape", "properties": {"fidn": "8584576ERA", "expsou": null, "nobjnm": null, "objnam": null, "quasou": null, "souacc": null, "tecsou": null, "verdat": null, "status": null, "inform": null, "ninfom": null, "ntxtds": null, "scamin": 11999, "txtdsc": null, "sordat": null, "sorind": null, "depth": 0.3}}, {"type": "Feature", "id": "layer-50858.691763", "geometry": {"type": "Point", "coordinates": [176.1495347, -37.6589452, 4]}, "geometry_name": "shape", "properties": {"fidn": "8584576ESA", "expsou": null, "nobjnm": null, "objnam": null, "quasou": null, "souacc": null, "tecsou": null, "verdat": null, "status": null, "inform": null, "ninfom": null, "ntxtds": null, "scamin": 11999, "txtdsc": null, "sordat": null, "sorind": null, "depth": 4}}, {"type": "Feature", "id": "layer-50858.691764", "geometry": {"type": "Point", "coordinates": [176.170095, -37.636595, 2.1]}, "geometry_name": "shape", "properties": {"fidn": "8584576ETA", "expsou": null, "nobjnm": null, "objnam": null, "quasou": null, "souacc": null, "tecsou": null, "verdat": null, "status": null, "inform": null, "ninfom": null, "ntxtds": null, "scamin": 11999, "txtdsc": null, "sordat": null, "sorind": null, "depth": 2.1}}, {"type": "Feature", "id": "layer-50858.691765", "geometry": {"type": "Point", "coordinates": [176.1760755, -37.6245801, 4]}, "geometry_name": "shape", "properties": {"fidn": "8584576EUA", "expsou": null, "nobjnm": null, "objnam": null, "quasou": null, "souacc": null, "tecsou": null, "verdat": null, "status": null, "inform": null, "ninfom": null, "ntxtds": null, "scamin": 11999, "txtdsc": null, "sordat": null, "sorind": null, "depth": 4}}, {"type": "Feature", "id": "layer-50858.691766", "geometry": {"type": "Point", "coordinates": [176.1427632, -37.6465358, 10.6]}, "geometry_name": "shape", "properties": {"fidn": "8584576EVA", "expsou": null, "nobjnm": null, "objnam": null, "quasou": null, "souacc": null, "tecsou": null, "verdat": null, "status": null, "inform": null, "ninfom": null, "ntxtds": null, "scamin": 11999, "txtdsc": null, "sordat": null, "sorind": null, "depth": 10.6}}, {"type": "Feature", "id": "layer-50858.691767", "geometry": {"type": "Point", "coordinates": [176.170405, -37.6587, 1.5]}, "geometry_name": "shape", "properties": {"fidn": "8584576EWA", "expsou": null, "nobjnm": null, "objnam": null, "quasou": null, "souacc": null, "tecsou": null, "verdat": null, "status": null, "inform": null, "ninfom": null, "ntxtds": null, "scamin": 11999, "txtdsc": null, "sordat": null, "sorind": null, "depth": 1.5}}, {"type": "Feature", "id": "layer-50858.691768", "geometry": {"type": "Point", "coordinates": [176.155357, -37.6120181, 6.3]}, "geometry_name": "shape", "properties": {"fidn": "8584576EXA", "expsou": null, "nobjnm": null, "objnam": null, "quasou": null, "souacc": null, "tecsou": null, "verdat": null, "status": null, "inform": null, "ninfom": null, "ntxtds": null, "scamin": 11999, "txtdsc": null, "sordat": null, "sorind": null, "depth": 6.3}}, {"type": "Feature", "id": "layer-50858.691769", "geometry": {"type": "Point", "coordinates": [176.17499, -37.636345, 9.5]}, "geometry_name": "shape", "properties": {"fidn": "8584576EYA", "expsou": null, "nobjnm": null, "objnam": null, "quasou": null, "souacc": null, "tecsou": null, "verdat": null, "status": null, "inform": null, "ninfom": null, "ntxtds": null, "scamin": 11999, "txtdsc": null, "sordat": null, "sorind": null, "depth": 9.5}}, {"type": "Feature", "id": "layer-50858.691770", "geometry": {"type": "Point", "coordinates": [176.1487977, -37.6443401, 5.8]}, "geometry_name": "shape", "properties": {"fidn": "8584576EZA", "expsou": null, "nobjnm": null, "objnam": null, "quasou": null, "souacc": null, "tecsou": null, "verdat": null, "status": null, "inform": null, "ninfom": null, "ntxtds": null, "scamin": 11999, "txtdsc": null, "sordat": null, "sorind": null, "depth": 5.8}}, {"type": "Feature", "id": "layer-50858.691771", "geometry": {"type": "Point", "coordinates": [176.17261, -37.651345, 2.1]}, "geometry_name": "shape", "properties": {"fidn": "8584576FAA", "expsou": null, "nobjnm": null, "objnam": null, "quasou": null, "souacc": null, "tecsou": null, "verdat": null, "status": null, "inform": null, "ninfom": null, "ntxtds": null, "scamin": 11999, "txtdsc": null, "sordat": null, "sorind": null, "depth": 2.1}}, {"type": "Feature", "id": "layer-50858.691772", "geometry": {"type": "Point", "coordinates": [176.1730077, -37.6165232, 12.8]}, "geometry_name": "shape", "properties": {"fidn": "8584576FBA", "expsou": null, "nobjnm": null, "objnam": null, "quasou": null, "souacc": null, "tecsou": null, "verdat": null, "status": null, "inform": null, "ninfom": null, "ntxtds": null, "scamin": 11999, "txtdsc": null, "sordat": null, "sorind": null, "depth": 12.8}}, {"type": "Feature", "id": "layer-50858.691773", "geometry": {"type": "Point", "coordinates": [176.1384599, -37.6078761, 6.2]}, "geometry_name": "shape", "properties": {"fidn": "8584576FCA", "expsou": null, "nobjnm": null, "objnam": null, "quasou": null, "souacc": null, "tecsou": null, "verdat": null, "status": null, "inform": null, "ninfom": null, "ntxtds": null, "scamin": 11999, "txtdsc": null, "sordat": null, "sorind": null, "depth": 6.2}}, {"type": "Feature", "id": "layer-50858.691774", "geometry": {"type": "Point", "coordinates": [176.1921281, -37.62645, 10.7]}, "geometry_name": "shape", "properties": {"fidn": "8584576FDA", "expsou": null, "nobjnm": null, "objnam": null, "quasou": null, "souacc": null, "tecsou": null, "verdat": null, "status": null, "inform": null, "ninfom": null, "ntxtds": null, "scamin": 11999, "txtdsc": null, "sordat": null, "sorind": null, "depth": 10.7}}, {"type": "Feature", "id": "layer-50858.691775", "geometry": {"type": "Point", "coordinates": [176.16376, -37.643915, 2.2]}, "geometry_name": "shape", "properties": {"fidn": "8584576FEA", "expsou": null, "nobjnm": null, "objnam": null, "quasou": null, "souacc": null, "tecsou": null, "verdat": null, "status": null, "inform": null, "ninfom": null, "ntxtds": null, "scamin": 11999, "txtdsc": null, "sordat": null, "sorind": null, "depth": 2.2}}, {"type": "Feature", "id": "layer-50858.691776", "geometry": {"type": "Point", "coordinates": [176.1633973, -37.6389463, 5.7]}, "geometry_name": "shape", "properties": {"fidn": "8584576FFA", "expsou": null, "nobjnm": null, "objnam": null, "quasou": null, "souacc": null, "tecsou": null, "verdat": null, "status": null, "inform": null, "ninfom": null, "ntxtds": null, "scamin": 11999, "txtdsc": null, "sordat": null, "sorind": null, "depth": 5.7}}, {"type": "Feature", "id": "layer-50858.691777", "geometry": {"type": "Point", "coordinates": [176.17027, -37.641165, 13.2]}, "geometry_name": "shape", "properties": {"fidn": "8584576FGA", "expsou": null, "nobjnm": null, "objnam": null, "quasou": null, "souacc": null, "tecsou": null, "verdat": null, "status": null, "inform": null, "ninfom": null, "ntxtds": null, "scamin": 11999, "txtdsc": null, "sordat": null, "sorind": null, "depth": 13.2}}, {"type": "Feature", "id": "layer-50858.691778", "geometry": {"type": "Point", "coordinates": [176.1289064, -37.6406598, 8.5]}, "geometry_name": "shape", "properties": {"fidn": "8584576FHA", "expsou": null, "nobjnm": null, "objnam": null, "quasou": null, "souacc": null, "tecsou": null, "verdat": null, "status": null, "inform": null, "ninfom": null, "ntxtds": null, "scamin": 11999, "txtdsc": null, "sordat": null, "sorind": null, "depth": 8.5}}, {"type": "Feature", "id": "layer-50858.691779", "geometry": {"type": "Point", "coordinates": [176.1713185, -37.6869763, 4]}, "geometry_name": "shape", "properties": {"fidn": "8584576FIA", "expsou": null, "nobjnm": null, "objnam": null, "quasou": null, "souacc": null, "tecsou": null, "verdat": null, "status": null, "inform": null, "ninfom": null, "ntxtds": null, "scamin": 11999, "txtdsc": null, "sordat": null, "sorind": null, "depth": 4}}, {"type": "Feature", "id": "layer-50858.691780", "geometry": {"type": "Point", "coordinates": [176.176875, -37.635985, 7]}, "geometry_name": "shape", "properties": {"fidn": "8584576FJA", "expsou": null, "nobjnm": null, "objnam": null, "quasou": null, "souacc": null, "tecsou": null, "verdat": null, "status": null, "inform": null, "ninfom": null, "ntxtds": null, "scamin": 11999, "txtdsc": null, "sordat": null, "sorind": null, "depth": 7}}, {"type": "Feature", "id": "layer-50858.691781", "geometry": {"type": "Point", "coordinates": [176.1605893, -37.5927056, 16.3]}, "geometry_name": "shape", "properties": {"fidn": "8584576FKA", "expsou": null, "nobjnm": null, "objnam": null, "quasou": null, "souacc": null, "tecsou": null, "verdat": null, "status": null, "inform": null, "ninfom": null, "ntxtds": null, "scamin": 11999, "txtdsc": null, "sordat": null, "sorind": null, "depth": 16.3}}, {"type": "Feature", "id": "layer-50858.691782", "geometry": {"type": "Point", "coordinates": [176.1261821, -37.6350327, 1.4]}, "geometry_name": "shape", "properties": {"fidn": "8584576FLA", "expsou": null, "nobjnm": null, "objnam": null, "quasou": null, "souacc": null, "tecsou": null, "verdat": null, "status": null, "inform": null, "ninfom": null, "ntxtds": null, "scamin": 11999, "txtdsc": null, "sordat": null, "sorind": null, "depth": 1.4}}, {"type": "Feature", "id": "layer-50858.691783", "geometry": {"type": "Point", "coordinates": [176.177947, -37.636461, 3]}, "geometry_name": "shape", "properties": {"fidn": "8584576FMA", "expsou": null, "nobjnm": null, "objnam": null, "quasou": null, "souacc": null, "tecsou": null, "verdat": null, "status": null, "inform": null, "ninfom": null, "ntxtds": null, "scamin": 11999, "txtdsc": null, "sordat": null, "sorind": null, "depth": 3}}, {"type": "Feature", "id": "layer-50858.691784", "geometry": {"type": "Point", "coordinates": [176.1775556, -37.6736303, 2.9]}, "geometry_name": "shape", "properties": {"fidn": "8584576FNA", "expsou": null, "nobjnm": null, "objnam": null, "quasou": null, "souacc": null, "tecsou": null, "verdat": null, "status": null, "inform": null, "ninfom": null, "ntxtds": null, "scamin": 11999, "txtdsc": null, "sordat": null, "sorind": null, "depth": 2.9}}, {"type": "Feature", "id": "layer-50858.691785", "geometry": {"type": "Point", "coordinates": [176.1603453, -37.6614261, -0.3]}, "geometry_name": "shape", "properties": {"fidn": "8584576FOA", "expsou": null, "nobjnm": null, "objnam": null, "quasou": null, "souacc": null, "tecsou": null, "verdat": null, "status": null, "inform": null, "ninfom": null, "ntxtds": null, "scamin": 11999, "txtdsc": null, "sordat": null, "sorind": null, "depth": -0.3}}, {"type": "Feature", "id": "layer-50858.691786", "geometry": {"type": "Point", "coordinates": [176.160075, -37.6577, 3.3]}, "geometry_name": "shape", "properties": {"fidn": "8584576FPA", "expsou": null, "nobjnm": null, "objnam": null, "quasou": null, "souacc": null, "tecsou": null, "verdat": null, "status": null, "inform": null, "ninfom": null, "ntxtds": null, "scamin": 11999, "txtdsc": null, "sordat": null, "sorind": null, "depth": 3.3}}, {"type": "Feature", "id": "layer-50858.691787", "geometry": {"type": "Point", "coordinates": [176.176155, -37.63813, 7.3]}, "geometry_name": "shape", "properties": {"fidn": "8584576FQA", "expsou": null, "nobjnm": null, "objnam": null, "quasou": null, "souacc": null, "tecsou": null, "verdat": null, "status": null, "inform": null, "ninfom": null, "ntxtds": null, "scamin": 11999, "txtdsc": null, "sordat": null, "sorind": null, "depth": 7.3}}, {"type": "Feature", "id": "layer-50858.691788", "geometry": {"type": "Point", "coordinates": [176.17966, -37.638845, 6]}, "geometry_name": "shape", "properties": {"fidn": "8584576FRA", "expsou": null, "nobjnm": null, "objnam": null, "quasou": null, "souacc": null, "tecsou": null, "verdat": null, "status": null, "inform": null, "ninfom": null, "ntxtds": null, "scamin": 11999, "txtdsc": null, "sordat": null, "sorind": null, "depth": 6}}, {"type": "Feature", "id": "layer-50858.691789", "geometry": {"type": "Point", "coordinates": [176.1897978, -37.6299968, 6.1]}, "geometry_name": "shape", "properties": {"fidn": "8584576FSA", "expsou": null, "nobjnm": null, "objnam": null, "quasou": null, "souacc": null, "tecsou": null, "verdat": null, "status": null, "inform": null, "ninfom": null, "ntxtds": null, "scamin": 11999, "txtdsc": null, "sordat": null, "sorind": null, "depth": 6.1}}, {"type": "Feature", "id": "layer-50858.691790", "geometry": {"type": "Point", "coordinates": [176.1617619, -37.6384444, 3.8]}, "geometry_name": "shape", "properties": {"fidn": "8584576FTA", "expsou": null, "nobjnm": null, "objnam": null, "quasou": null, "souacc": null, "tecsou": null, "verdat": null, "status": null, "inform": null, "ninfom": null, "ntxtds": null, "scamin": 11999, "txtdsc": null, "sordat": null, "sorind": null, "depth": 3.8}}, {"type": "Feature", "id": "layer-50858.691791", "geometry": {"type": "Point", "coordinates": [176.1270285, -37.6416457, 11.2]}, "geometry_name": "shape", "properties": {"fidn": "8584576FUA", "expsou": null, "nobjnm": null, "objnam": null, "quasou": null, "souacc": null, "tecsou": null, "verdat": null, "status": null, "inform": null, "ninfom": null, "ntxtds": null, "scamin": 11999, "txtdsc": null, "sordat": null, "sorind": null, "depth": 11.2}}, {"type": "Feature", "id": "layer-50858.691792", "geometry": {"type": "Point", "coordinates": [176.1433403, -37.6434572, 8.9]}, "geometry_name": "shape", "properties": {"fidn": "8584576FVA", "expsou": null, "nobjnm": null, "objnam": null, "quasou": null, "souacc": null, "tecsou": null, "verdat": null, "status": null, "inform": null, "ninfom": null, "ntxtds": null, "scamin": 11999, "txtdsc": null, "sordat": null, "sorind": null, "depth": 8.9}}, {"type": "Feature", "id": "layer-50858.691793", "geometry": {"type": "Point", "coordinates": [176.1737293, -37.6712542, 5.7]}, "geometry_name": "shape", "properties": {"fidn": "8584576FWA", "expsou": null, "nobjnm": null, "objnam": null, "quasou": null, "souacc": null, "tecsou": null, "verdat": null, "status": null, "inform": null, "ninfom": null, "ntxtds": null, "scamin": 11999, "txtdsc": null, "sordat": null, "sorind": null, "depth": 5.7}}, {"type": "Feature", "id": "layer-50858.691794", "geometry": {"type": "Point", "coordinates": [176.187145, -37.628695, 8]}, "geometry_name": "shape", "properties": {"fidn": "8584576FXA", "expsou": null, "nobjnm": null, "objnam": null, "quasou": null, "souacc": null, "tecsou": null, "verdat": null, "status": null, "inform": null, "ninfom": null, "ntxtds": null, "scamin": 11999, "txtdsc": null, "sordat": null, "sorind": null, "depth": 8}}, {"type": "Feature", "id": "layer-50858.691795", "geometry": {"type": "Point", "coordinates": [176.1837484, -37.621676, 9.8]}, "geometry_name": "shape", "properties": {"fidn": "8584576FYA", "expsou": null, "nobjnm": null, "objnam": null, "quasou": null, "souacc": null, "tecsou": null, "verdat": null, "status": null, "inform": null, "ninfom": null, "ntxtds": null, "scamin": 11999, "txtdsc": null, "sordat": null, "sorind": null, "depth": 9.8}}, {"type": "Feature", "id": "layer-50858.691796", "geometry": {"type": "Point", "coordinates": [176.176785, -37.644095, 13.1]}, "geometry_name": "shape", "properties": {"fidn": "8584576FZA", "expsou": null, "nobjnm": null, "objnam": null, "quasou": null, "souacc": null, "tecsou": null, "verdat": null, "status": null, "inform": null, "ninfom": null, "ntxtds": null, "scamin": 11999, "txtdsc": null, "sordat": null, "sorind": null, "depth": 13.1}}, {"type": "Feature", "id": "layer-50858.691797", "geometry": {"type": "Point", "coordinates": [176.1621395, -37.6744777, 0.9]}, "geometry_name": "shape", "properties": {"fidn": "8584576GAA", "expsou": null, "nobjnm": null, "objnam": null, "quasou": null, "souacc": null, "tecsou": null, "verdat": null, "status": null, "inform": null, "ninfom": null, "ntxtds": null, "scamin": 11999, "txtdsc": null, "sordat": null, "sorind": null, "depth": 0.9}}, {"type": "Feature", "id": "layer-50858.691798", "geometry": {"type": "Point", "coordinates": [176.1269242, -37.6380198, -0.1]}, "geometry_name": "shape", "properties": {"fidn": "8584576GBA", "expsou": null, "nobjnm": null, "objnam": null, "quasou": null, "souacc": null, "tecsou": null, "verdat": null, "status": null, "inform": null, "ninfom": null, "ntxtds": null, "scamin": 11999, "txtdsc": null, "sordat": null, "sorind": null, "depth": -0.1}}, {"type": "Feature", "id": "layer-50858.691799", "geometry": {"type": "Point", "coordinates": [176.163622, -37.6763438, -0.8]}, "geometry_name": "shape", "properties": {"fidn": "8584576GCA", "expsou": null, "nobjnm": null, "objnam": null, "quasou": null, "souacc": null, "tecsou": null, "verdat": null, "status": null, "inform": null, "ninfom": null, "ntxtds": null, "scamin": 11999, "txtdsc": null, "sordat": null, "sorind": null, "depth": -0.8}}, {"type": "Feature", "id": "layer-50858.691800", "geometry": {"type": "Point", "coordinates": [176.1660094, -37.6584898, 6.3]}, "geometry_name": "shape", "properties": {"fidn": "8584576GDA", "expsou": null, "nobjnm": null, "objnam": null, "quasou": null, "souacc": null, "tecsou": null, "verdat": null, "status": null, "inform": null, "ninfom": null, "ntxtds": null, "scamin": 11999, "txtdsc": null, "sordat": null, "sorind": null, "depth": 6.3}}, {"type": "Feature", "id": "layer-50858.691801", "geometry": {"type": "Point", "coordinates": [176.1251087, -37.6574436, 0.4]}, "geometry_name": "shape", "properties": {"fidn": "8584576GEA", "expsou": null, "nobjnm": null, "objnam": null, "quasou": null, "souacc": null, "tecsou": null, "verdat": null, "status": null, "inform": null, "ninfom": null, "ntxtds": null, "scamin": 11999, "txtdsc": null, "sordat": null, "sorind": null, "depth": 0.4}}, {"type": "Feature", "id": "layer-50858.691802", "geometry": {"type": "Point", "coordinates": [176.176605, -37.640235, 6.3]}, "geometry_name": "shape", "properties": {"fidn": "8584576GFA", "expsou": null, "nobjnm": null, "objnam": null, "quasou": null, "souacc": null, "tecsou": null, "verdat": null, "status": null, "inform": null, "ninfom": null, "ntxtds": null, "scamin": 11999, "txtdsc": null, "sordat": null, "sorind": null, "depth": 6.3}}, {"type": "Feature", "id": "layer-50858.691803", "geometry": {"type": "Point", "coordinates": [176.1717888, -37.6881613, 3.6]}, "geometry_name": "shape", "properties": {"fidn": "8584576GGA", "expsou": null, "nobjnm": null, "objnam": null, "quasou": null, "souacc": null, "tecsou": null, "verdat": null, "status": null, "inform": null, "ninfom": null, "ntxtds": null, "scamin": 11999, "txtdsc": null, "sordat": null, "sorind": null, "depth": 3.6}}, {"type": "Feature", "id": "layer-50858.691804", "geometry": {"type": "Point", "coordinates": [176.15069, -37.65063, 2.5]}, "geometry_name": "shape", "properties": {"fidn": "8584576GHA", "expsou": null, "nobjnm": null, "objnam": null, "quasou": null, "souacc": null, "tecsou": null, "verdat": null, "status": null, "inform": null, "ninfom": null, "ntxtds": null, "scamin": 11999, "txtdsc": null, "sordat": null, "sorind": null, "depth": 2.5}}, {"type": "Feature", "id": "layer-50858.691805", "geometry": {"type": "Point", "coordinates": [176.1237301, -37.6449286, 9]}, "geometry_name": "shape", "properties": {"fidn": "8584576GIA", "expsou": null, "nobjnm": null, "objnam": null, "quasou": null, "souacc": null, "tecsou": null, "verdat": null, "status": null, "inform": null, "ninfom": null, "ntxtds": null, "scamin": 11999, "txtdsc": null, "sordat": null, "sorind": null, "depth": 9}}, {"type": "Feature", "id": "layer-50858.691806", "geometry": {"type": "Point", "coordinates": [176.1386547, -37.6448228, 7.3]}, "geometry_name": "shape", "properties": {"fidn": "8584576GJA", "expsou": null, "nobjnm": null, "objnam": null, "quasou": null, "souacc": null, "tecsou": null, "verdat": null, "status": null, "inform": null, "ninfom": null, "ntxtds": null, "scamin": 11999, "txtdsc": null, "sordat": null, "sorind": null, "depth": 7.3}}, {"type": "Feature", "id": "layer-50858.691807", "geometry": {"type": "Point", "coordinates": [176.1528246, -37.609271, 6]}, "geometry_name": "shape", "properties": {"fidn": "8584576GKA", "expsou": null, "nobjnm": null, "objnam": null, "quasou": null, "souacc": null, "tecsou": null, "verdat": null, "status": null, "inform": null, "ninfom": null, "ntxtds": null, "scamin": 11999, "txtdsc": null, "sordat": null, "sorind": null, "depth": 6}}, {"type": "Feature", "id": "layer-50858.691808", "geometry": {"type": "Point", "coordinates": [176.1250601, -37.6449368, 8.4]}, "geometry_name": "shape", "properties": {"fidn": "8584576GLA", "expsou": null, "nobjnm": null, "objnam": null, "quasou": null, "souacc": null, "tecsou": null, "verdat": null, "status": null, "inform": null, "ninfom": null, "ntxtds": null, "scamin": 11999, "txtdsc": null, "sordat": null, "sorind": null, "depth": 8.4}}, {"type": "Feature", "id": "layer-50858.691809", "geometry": {"type": "Point", "coordinates": [176.15891, -37.655665, 2.5]}, "geometry_name": "shape", "properties": {"fidn": "8584576GMA", "expsou": null, "nobjnm": null, "objnam": null, "quasou": null, "souacc": null, "tecsou": null, "verdat": null, "status": null, "inform": null, "ninfom": null, "ntxtds": null, "scamin": 11999, "txtdsc": null, "sordat": null, "sorind": null, "depth": 2.5}}, {"type": "Feature", "id": "layer-50858.691810", "geometry": {"type": "Point", "coordinates": [176.1657256, -37.6674168, 2.7]}, "geometry_name": "shape", "properties": {"fidn": "8584576GNA", "expsou": null, "nobjnm": null, "objnam": null, "quasou": null, "souacc": null, "tecsou": null, "verdat": null, "status": null, "inform": null, "ninfom": null, "ntxtds": null, "scamin": 11999, "txtdsc": null, "sordat": null, "sorind": null, "depth": 2.7}}, {"type": "Feature", "id": "layer-50858.691811", "geometry": {"type": "Point", "coordinates": [176.1715612, -37.684019, 4.4]}, "geometry_name": "shape", "properties": {"fidn": "8584576GOA", "expsou": null, "nobjnm": null, "objnam": null, "quasou": null, "souacc": null, "tecsou": null, "verdat": null, "status": null, "inform": null, "ninfom": null, "ntxtds": null, "scamin": 11999, "txtdsc": null, "sordat": null, "sorind": null, "depth": 4.4}}, {"type": "Feature", "id": "layer-50858.691812", "geometry": {"type": "Point", "coordinates": [176.1227435, -37.6565912, 0.8]}, "geometry_name": "shape", "properties": {"fidn": "8584576GPA", "expsou": null, "nobjnm": null, "objnam": null, "quasou": null, "souacc": null, "tecsou": null, "verdat": null, "status": null, "inform": null, "ninfom": null, "ntxtds": null, "scamin": 11999, "txtdsc": null, "sordat": null, "sorind": null, "depth": 0.8}}, {"type": "Feature", "id": "layer-50858.691813", "geometry": {"type": "Point", "coordinates": [176.1656084, -37.6683932, 2.3]}, "geometry_name": "shape", "properties": {"fidn": "8584576GQA", "expsou": null, "nobjnm": null, "objnam": null, "quasou": null, "souacc": null, "tecsou": null, "verdat": null, "status": null, "inform": null, "ninfom": null, "ntxtds": null, "scamin": 11999, "txtdsc": null, "sordat": null, "sorind": null, "depth": 2.3}}, {"type": "Feature", "id": "layer-50858.691814", "geometry": {"type": "Point", "coordinates": [176.1716847, -37.6238192, 7.6]}, "geometry_name": "shape", "properties": {"fidn": "8584576GRA", "expsou": null, "nobjnm": null, "objnam": null, "quasou": null, "souacc": null, "tecsou": null, "verdat": null, "status": null, "inform": null, "ninfom": null, "ntxtds": null, "scamin": 11999, "txtdsc": null, "sordat": null, "sorind": null, "depth": 7.6}}, {"type": "Feature", "id": "layer-50858.691815", "geometry": {"type": "Point", "coordinates": [176.1522406, -37.6124604, 5.7]}, "geometry_name": "shape", "properties": {"fidn": "8584576GSA", "expsou": null, "nobjnm": null, "objnam": null, "quasou": null, "souacc": null, "tecsou": null, "verdat": null, "status": null, "inform": null, "ninfom": null, "ntxtds": null, "scamin": 11999, "txtdsc": null, "sordat": null, "sorind": null, "depth": 5.7}}, {"type": "Feature", "id": "layer-50858.691816", "geometry": {"type": "Point", "coordinates": [176.125471, -37.6331186, 1.2]}, "geometry_name": "shape", "properties": {"fidn": "8584576GTA", "expsou": null, "nobjnm": null, "objnam": null, "quasou": null, "souacc": null, "tecsou": null, "verdat": null, "status": null, "inform": null, "ninfom": null, "ntxtds": null, "scamin": 11999, "txtdsc": null, "sordat": null, "sorind": null, "depth": 1.2}}, {"type": "Feature", "id": "layer-50858.691817", "geometry": {"type": "Point", "coordinates": [176.1236663, -37.6460482, 4.1]}, "geometry_name": "shape", "properties": {"fidn": "8584576GUA", "expsou": null, "nobjnm": null, "objnam": null, "quasou": null, "souacc": null, "tecsou": null, "verdat": null, "status": null, "inform": null, "ninfom": null, "ntxtds": null, "scamin": 11999, "txtdsc": null, "sordat": null, "sorind": null, "depth": 4.1}}, {"type": "Feature", "id": "layer-50858.691818", "geometry": {"type": "Point", "coordinates": [176.1363628, -37.6545375, 0.4]}, "geometry_name": "shape", "properties": {"fidn": "8584576GVA", "expsou": null, "nobjnm": null, "objnam": null, "quasou": null, "souacc": null, "tecsou": null, "verdat": null, "status": null, "inform": null, "ninfom": null, "ntxtds": null, "scamin": 11999, "txtdsc": null, "sordat": null, "sorind": null, "depth": 0.4}}, {"type": "Feature", "id": "layer-50858.691819", "geometry": {"type": "Point", "coordinates": [176.17301, -37.657915, 4.5]}, "geometry_name": "shape", "properties": {"fidn": "8584576GWA", "expsou": null, "nobjnm": null, "objnam": null, "quasou": null, "souacc": null, "tecsou": null, "verdat": null, "status": null, "inform": null, "ninfom": null, "ntxtds": null, "scamin": 11999, "txtdsc": null, "sordat": null, "sorind": null, "depth": 4.5}}, {"type": "Feature", "id": "layer-50858.691820", "geometry": {"type": "Point", "coordinates": [176.1741424, -37.6566557, 6]}, "geometry_name": "shape", "properties": {"fidn": "8584576GXA", "expsou": null, "nobjnm": null, "objnam": null, "quasou": null, "souacc": null, "tecsou": null, "verdat": null, "status": null, "inform": null, "ninfom": null, "ntxtds": null, "scamin": 11999, "txtdsc": null, "sordat": null, "sorind": null, "depth": 6}}, {"type": "Feature", "id": "layer-50858.691821", "geometry": {"type": "Point", "coordinates": [176.1592955, -37.6250185, 8.3]}, "geometry_name": "shape", "properties": {"fidn": "8584576GYA", "expsou": null, "nobjnm": null, "objnam": null, "quasou": null, "souacc": null, "tecsou": null, "verdat": null, "status": null, "inform": null, "ninfom": null, "ntxtds": null, "scamin": 11999, "txtdsc": null, "sordat": null, "sorind": null, "depth": 8.3}}, {"type": "Feature", "id": "layer-50858.691822", "geometry": {"type": "Point", "coordinates": [176.1327335, -37.6437521, 8.8]}, "geometry_name": "shape", "properties": {"fidn": "8584576GZA", "expsou": null, "nobjnm": null, "objnam": null, "quasou": null, "souacc": null, "tecsou": null, "verdat": null, "status": null, "inform": null, "ninfom": null, "ntxtds": null, "scamin": 11999, "txtdsc": null, "sordat": null, "sorind": null, "depth": 8.8}}, {"type": "Feature", "id": "layer-50858.691823", "geometry": {"type": "Point", "coordinates": [176.1648715, -37.6752085, 0.1]}, "geometry_name": "shape", "properties": {"fidn": "8584576HAA", "expsou": null, "nobjnm": null, "objnam": null, "quasou": null, "souacc": null, "tecsou": null, "verdat": null, "status": null, "inform": null, "ninfom": null, "ntxtds": null, "scamin": 11999, "txtdsc": null, "sordat": null, "sorind": null, "depth": 0.1}}, {"type": "Feature", "id": "layer-50858.691824", "geometry": {"type": "Point", "coordinates": [176.191515, -37.63212, 1.7]}, "geometry_name": "shape", "properties": {"fidn": "8584576HBA", "expsou": null, "nobjnm": null, "objnam": null, "quasou": null, "souacc": null, "tecsou": null, "verdat": null, "status": null, "inform": null, "ninfom": null, "ntxtds": null, "scamin": 11999, "txtdsc": null, "sordat": null, "sorind": null, "depth": 1.7}}, {"type": "Feature", "id": "layer-50858.691825", "geometry": {"type": "Point", "coordinates": [176.149835, -37.6462, 9.2]}, "geometry_name": "shape", "properties": {"fidn": "8584576HCA", "expsou": null, "nobjnm": null, "objnam": null, "quasou": null, "souacc": null, "tecsou": null, "verdat": null, "status": null, "inform": null, "ninfom": null, "ntxtds": null, "scamin": 11999, "txtdsc": null, "sordat": null, "sorind": null, "depth": 9.2}}, {"type": "Feature", "id": "layer-50858.691826", "geometry": {"type": "Point", "coordinates": [176.1441138, -37.605722, 6.1]}, "geometry_name": "shape", "properties": {"fidn": "8584576HDA", "expsou": null, "nobjnm": null, "objnam": null, "quasou": null, "souacc": null, "tecsou": null, "verdat": null, "status": null, "inform": null, "ninfom": null, "ntxtds": null, "scamin": 11999, "txtdsc": null, "sordat": null, "sorind": null, "depth": 6.1}}, {"type": "Feature", "id": "layer-50858.691827", "geometry": {"type": "Point", "coordinates": [176.1691913, -37.6220547, 10.8]}, "geometry_name": "shape", "properties": {"fidn": "8584576HEA", "expsou": null, "nobjnm": null, "objnam": null, "quasou": null, "souacc": null, "tecsou": null, "verdat": null, "status": null, "inform": null, "ninfom": null, "ntxtds": null, "scamin": 11999, "txtdsc": null, "sordat": null, "sorind": null, "depth": 10.8}}, {"type": "Feature", "id": "layer-50858.691828", "geometry": {"type": "Point", "coordinates": [176.1273156, -37.6353659, 1.7]}, "geometry_name": "shape", "properties": {"fidn": "8584576HFA", "expsou": null, "nobjnm": null, "objnam": null, "quasou": null, "souacc": null, "tecsou": null, "verdat": null, "status": null, "inform": null, "ninfom": null, "ntxtds": null, "scamin": 11999, "txtdsc": null, "sordat": null, "sorind": null, "depth": 1.7}}, {"type": "Feature", "id": "layer-50858.691829", "geometry": {"type": "Point", "coordinates": [176.153835, -37.64488, 5.9]}, "geometry_name": "shape", "properties": {"fidn": "8584576HGA", "expsou": null, "nobjnm": null, "objnam": null, "quasou": null, "souacc": null, "tecsou": null, "verdat": null, "status": null, "inform": null, "ninfom": null, "ntxtds": null, "scamin": 11999, "txtdsc": null, "sordat": null, "sorind": null, "depth": 5.9}}, {"type": "Feature", "id": "layer-50858.691830", "geometry": {"type": "Point", "coordinates": [176.1892194, -37.6291528, 7.4]}, "geometry_name": "shape", "properties": {"fidn": "8584576HHA", "expsou": null, "nobjnm": null, "objnam": null, "quasou": null, "souacc": null, "tecsou": null, "verdat": null, "status": null, "inform": null, "ninfom": null, "ntxtds": null, "scamin": 11999, "txtdsc": null, "sordat": null, "sorind": null, "depth": 7.4}}, {"type": "Feature", "id": "layer-50858.691831", "geometry": {"type": "Point", "coordinates": [176.1400575, -37.6432698, 12.6]}, "geometry_name": "shape", "properties": {"fidn": "8584576HIA", "expsou": null, "nobjnm": null, "objnam": null, "quasou": null, "souacc": null, "tecsou": null, "verdat": null, "status": null, "inform": null, "ninfom": null, "ntxtds": null, "scamin": 11999, "txtdsc": null, "sordat": null, "sorind": null, "depth": 12.6}}, {"type": "Feature", "id": "layer-50858.691832", "geometry": {"type": "Point", "coordinates": [176.1462129, -37.6474213, 10.7]}, "geometry_name": "shape", "properties": {"fidn": "8584576HJA", "expsou": null, "nobjnm": null, "objnam": null, "quasou": null, "souacc": null, "tecsou": null, "verdat": null, "status": null, "inform": null, "ninfom": null, "ntxtds": null, "scamin": 11999, "txtdsc": null, "sordat": null, "sorind": null, "depth": 10.7}}, {"type": "Feature", "id": "layer-50858.691833", "geometry": {"type": "Point", "coordinates": [176.188385, -37.629525, 4.8]}, "geometry_name": "shape", "properties": {"fidn": "8584576HKA", "expsou": null, "nobjnm": null, "objnam": null, "quasou": null, "souacc": null, "tecsou": null, "verdat": null, "status": null, "inform": null, "ninfom": null, "ntxtds": null, "scamin": 11999, "txtdsc": null, "sordat": null, "sorind": null, "depth": 4.8}}, {"type": "Feature", "id": "layer-50858.691834", "geometry": {"type": "Point", "coordinates": [176.1222704, -37.6178537, -0.2]}, "geometry_name": "shape", "properties": {"fidn": "8584576HLA", "expsou": null, "nobjnm": null, "objnam": null, "quasou": null, "souacc": null, "tecsou": null, "verdat": null, "status": null, "inform": null, "ninfom": null, "ntxtds": null, "scamin": 11999, "txtdsc": null, "sordat": null, "sorind": null, "depth": -0.2}}, {"type": "Feature", "id": "layer-50858.691835", "geometry": {"type": "Point", "coordinates": [176.1631529, -37.6779919, -0.2]}, "geometry_name": "shape", "properties": {"fidn": "8584576HMA", "expsou": null, "nobjnm": null, "objnam": null, "quasou": null, "souacc": null, "tecsou": null, "verdat": null, "status": null, "inform": null, "ninfom": null, "ntxtds": null, "scamin": 11999, "txtdsc": null, "sordat": null, "sorind": null, "depth": -0.2}}, {"type": "Feature", "id": "layer-50858.691836", "geometry": {"type": "Point", "coordinates": [176.1789299, -37.6686439, 6.3]}, "geometry_name": "shape", "properties": {"fidn": "8584576HNA", "expsou": null, "nobjnm": null, "objnam": null, "quasou": null, "souacc": null, "tecsou": null, "verdat": null, "status": null, "inform": null, "ninfom": null, "ntxtds": null, "scamin": 11999, "txtdsc": null, "sordat": null, "sorind": null, "depth": 6.3}}, {"type": "Feature", "id": "layer-50858.691837", "geometry": {"type": "Point", "coordinates": [176.136391, -37.6417081, 12.4]}, "geometry_name": "shape", "properties": {"fidn": "8584576HOA", "expsou": null, "nobjnm": null, "objnam": null, "quasou": null, "souacc": null, "tecsou": null, "verdat": null, "status": null, "inform": null, "ninfom": null, "ntxtds": null, "scamin": 11999, "txtdsc": null, "sordat": null, "sorind": null, "depth": 12.4}}, {"type": "Feature", "id": "layer-50858.691838", "geometry": {"type": "Point", "coordinates": [176.1827867, -37.606456, 14.3]}, "geometry_name": "shape", "properties": {"fidn": "8584576HPA", "expsou": null, "nobjnm": null, "objnam": null, "quasou": null, "souacc": null, "tecsou": null, "verdat": null, "status": null, "inform": null, "ninfom": null, "ntxtds": null, "scamin": 11999, "txtdsc": null, "sordat": null, "sorind": null, "depth": 14.3}}, {"type": "Feature", "id": "layer-50858.691839", "geometry": {"type": "Point", "coordinates": [176.1393462, -37.6421668, 8.7]}, "geometry_name": "shape", "properties": {"fidn": "8584576HQA", "expsou": null, "nobjnm": null, "objnam": null, "quasou": null, "souacc": null, "tecsou": null, "verdat": null, "status": null, "inform": null, "ninfom": null, "ntxtds": null, "scamin": 11999, "txtdsc": null, "sordat": null, "sorind": null, "depth": 8.7}}, {"type": "Feature", "id": "layer-50858.691840", "geometry": {"type": "Point", "coordinates": [176.1696683, -37.6583305, 5.6]}, "geometry_name": "shape", "properties": {"fidn": "8584576HRA", "expsou": null, "nobjnm": null, "objnam": null, "quasou": null, "souacc": null, "tecsou": null, "verdat": null, "status": null, "inform": null, "ninfom": null, "ntxtds": null, "scamin": 11999, "txtdsc": null, "sordat": null, "sorind": null, "depth": 5.6}}, {"type": "Feature", "id": "layer-50858.691841", "geometry": {"type": "Point", "coordinates": [176.1358295, -37.6115083, 0.5]}, "geometry_name": "shape", "properties": {"fidn": "8584576HSA", "expsou": null, "nobjnm": null, "objnam": null, "quasou": null, "souacc": null, "tecsou": null, "verdat": null, "status": null, "inform": null, "ninfom": null, "ntxtds": null, "scamin": 11999, "txtdsc": null, "sordat": null, "sorind": null, "depth": 0.5}}, {"type": "Feature", "id": "layer-50858.691842", "geometry": {"type": "Point", "coordinates": [176.1668127, -37.6585381, 3.4]}, "geometry_name": "shape", "properties": {"fidn": "8584576HTA", "expsou": null, "nobjnm": null, "objnam": null, "quasou": null, "souacc": null, "tecsou": null, "verdat": null, "status": null, "inform": null, "ninfom": null, "ntxtds": null, "scamin": 11999, "txtdsc": null, "sordat": null, "sorind": null, "depth": 3.4}}, {"type": "Feature", "id": "layer-50858.691843", "geometry": {"type": "Point", "coordinates": [176.1815672, -37.6702557, 1]}, "geometry_name": "shape", "properties": {"fidn": "8584576HUA", "expsou": null, "nobjnm": null, "objnam": null, "quasou": null, "souacc": null, "tecsou": null, "verdat": null, "status": null, "inform": null, "ninfom": null, "ntxtds": null, "scamin": 11999, "txtdsc": null, "sordat": null, "sorind": null, "depth": 1}}, {"type": "Feature", "id": "layer-50858.691844", "geometry": {"type": "Point", "coordinates": [176.17391, -37.63802, 3.2]}, "geometry_name": "shape", "properties": {"fidn": "8584576HVA", "expsou": null, "nobjnm": null, "objnam": null, "quasou": null, "souacc": null, "tecsou": null, "verdat": null, "status": null, "inform": null, "ninfom": null, "ntxtds": null, "scamin": 11999, "txtdsc": null, "sordat": null, "sorind": null, "depth": 3.2}}, {"type": "Feature", "id": "layer-50858.691845", "geometry": {"type": "Point", "coordinates": [176.17595, -37.62552, 2.1]}, "geometry_name": "shape", "properties": {"fidn": "8584576HWA", "expsou": null, "nobjnm": null, "objnam": null, "quasou": null, "souacc": null, "tecsou": null, "verdat": null, "status": null, "inform": null, "ninfom": null, "ntxtds": null, "scamin": 11999, "txtdsc": null, "sordat": null, "sorind": null, "depth": 2.1}}, {"type": "Feature", "id": "layer-50858.691846", "geometry": {"type": "Point", "coordinates": [176.174, -37.635735, 11.9]}, "geometry_name": "shape", "properties": {"fidn": "8584576HXA", "expsou": null, "nobjnm": null, "objnam": null, "quasou": null, "souacc": null, "tecsou": null, "verdat": null, "status": null, "inform": null, "ninfom": null, "ntxtds": null, "scamin": 11999, "txtdsc": null, "sordat": null, "sorind": null, "depth": 11.9}}, {"type": "Feature", "id": "layer-50858.691847", "geometry": {"type": "Point", "coordinates": [176.1601934, -37.6787741, 0.3]}, "geometry_name": "shape", "properties": {"fidn": "8584576HYA", "expsou": null, "nobjnm": null, "objnam": null, "quasou": null, "souacc": null, "tecsou": null, "verdat": null, "status": null, "inform": null, "ninfom": null, "ntxtds": null, "scamin": 11999, "txtdsc": null, "sordat": null, "sorind": null, "depth": 0.3}}, {"type": "Feature", "id": "layer-50858.691848", "geometry": {"type": "Point", "coordinates": [176.1792857, -37.6679848, 5.6]}, "geometry_name": "shape", "properties": {"fidn": "8584576HZA", "expsou": null, "nobjnm": null, "objnam": null, "quasou": null, "souacc": null, "tecsou": null, "verdat": null, "status": null, "inform": null, "ninfom": null, "ntxtds": null, "scamin": 11999, "txtdsc": null, "sordat": null, "sorind": null, "depth": 5.6}}, {"type": "Feature", "id": "layer-50858.691849", "geometry": {"type": "Point", "coordinates": [176.1744854, -37.6151754, 11.4]}, "geometry_name": "shape", "properties": {"fidn": "8584576IAA", "expsou": null, "nobjnm": null, "objnam": null, "quasou": null, "souacc": null, "tecsou": null, "verdat": null, "status": null, "inform": null, "ninfom": null, "ntxtds": null, "scamin": 11999, "txtdsc": null, "sordat": null, "sorind": null, "depth": 11.4}}, {"type": "Feature", "id": "layer-50858.691850", "geometry": {"type": "Point", "coordinates": [176.1790144, -37.6745596, 0.5]}, "geometry_name": "shape", "properties": {"fidn": "8584576IBA", "expsou": null, "nobjnm": null, "objnam": null, "quasou": null, "souacc": null, "tecsou": null, "verdat": null, "status": null, "inform": null, "ninfom": null, "ntxtds": null, "scamin": 11999, "txtdsc": null, "sordat": null, "sorind": null, "depth": 0.5}}, {"type": "Feature", "id": "layer-50858.691851", "geometry": {"type": "Point", "coordinates": [176.1254247, -37.626179, 1.3]}, "geometry_name": "shape", "properties": {"fidn": "8584576ICA", "expsou": null, "nobjnm": null, "objnam": null, "quasou": null, "souacc": null, "tecsou": null, "verdat": null, "status": null, "inform": null, "ninfom": null, "ntxtds": null, "scamin": 11999, "txtdsc": null, "sordat": null, "sorind": null, "depth": 1.3}}, {"type": "Feature", "id": "layer-50858.691852", "geometry": {"type": "Point", "coordinates": [176.1458445, -37.620167, 0.6]}, "geometry_name": "shape", "properties": {"fidn": "8584576IDA", "expsou": null, "nobjnm": null, "objnam": null, "quasou": null, "souacc": null, "tecsou": null, "verdat": null, "status": null, "inform": null, "ninfom": null, "ntxtds": null, "scamin": 11999, "txtdsc": null, "sordat": null, "sorind": null, "depth": 0.6}}, {"type": "Feature", "id": "layer-50858.691853", "geometry": {"type": "Point", "coordinates": [176.187934, -37.6079549, 18.2]}, "geometry_name": "shape", "properties": {"fidn": "8584576IEA", "expsou": null, "nobjnm": null, "objnam": null, "quasou": null, "souacc": null, "tecsou": null, "verdat": null, "status": null, "inform": null, "ninfom": null, "ntxtds": null, "scamin": 11999, "txtdsc": null, "sordat": null, "sorind": null, "depth": 18.2}}, {"type": "Feature", "id": "layer-50858.691854", "geometry": {"type": "Point", "coordinates": [176.1578116, -37.6307207, 0.3]}, "geometry_name": "shape", "properties": {"fidn": "8584576IFA", "expsou": null, "nobjnm": null, "objnam": null, "quasou": null, "souacc": null, "tecsou": null, "verdat": null, "status": null, "inform": null, "ninfom": null, "ntxtds": null, "scamin": 11999, "txtdsc": null, "sordat": null, "sorind": null, "depth": 0.3}}, {"type": "Feature", "id": "layer-50858.691855", "geometry": {"type": "Point", "coordinates": [176.1304219, -37.6435319, 8.3]}, "geometry_name": "shape", "properties": {"fidn": "8584576IGA", "expsou": null, "nobjnm": null, "objnam": null, "quasou": null, "souacc": null, "tecsou": null, "verdat": null, "status": null, "inform": null, "ninfom": null, "ntxtds": null, "scamin": 11999, "txtdsc": null, "sordat": null, "sorind": null, "depth": 8.3}}, {"type": "Feature", "id": "layer-50858.691856", "geometry": {"type": "Point", "coordinates": [176.1385162, -37.6428222, 13.9]}, "geometry_name": "shape", "properties": {"fidn": "8584576IHA", "expsou": null, "nobjnm": null, "objnam": null, "quasou": null, "souacc": null, "tecsou": null, "verdat": null, "status": null, "inform": null, "ninfom": null, "ntxtds": null, "scamin": 11999, "txtdsc": null, "sordat": null, "sorind": null, "depth": 13.9}}, {"type": "Feature", "id": "layer-50858.691857", "geometry": {"type": "Point", "coordinates": [176.1892613, -37.6279551, 9.6]}, "geometry_name": "shape", "properties": {"fidn": "8584576IIA", "expsou": null, "nobjnm": null, "objnam": null, "quasou": null, "souacc": null, "tecsou": null, "verdat": null, "status": null, "inform": null, "ninfom": null, "ntxtds": null, "scamin": 11999, "txtdsc": null, "sordat": null, "sorind": null, "depth": 9.6}}, {"type": "Feature", "id": "layer-50858.691858", "geometry": {"type": "Point", "coordinates": [176.15976, -37.640775, 3]}, "geometry_name": "shape", "properties": {"fidn": "8584576IJA", "expsou": null, "nobjnm": null, "objnam": null, "quasou": null, "souacc": null, "tecsou": null, "verdat": null, "status": null, "inform": null, "ninfom": null, "ntxtds": null, "scamin": 11999, "txtdsc": null, "sordat": null, "sorind": null, "depth": 3}}, {"type": "Feature", "id": "layer-50858.691859", "geometry": {"type": "Point", "coordinates": [176.1252009, -37.6274027, 1.3]}, "geometry_name": "shape", "properties": {"fidn": "8584576IKA", "expsou": null, "nobjnm": null, "objnam": null, "quasou": null, "souacc": null, "tecsou": null, "verdat": null, "status": null, "inform": null, "ninfom": null, "ntxtds": null, "scamin": 11999, "txtdsc": null, "sordat": null, "sorind": null, "depth": 1.3}}, {"type": "Feature", "id": "layer-50858.691860", "geometry": {"type": "Point", "coordinates": [176.1820851, -37.627168, 6.5]}, "geometry_name": "shape", "properties": {"fidn": "8584576ILA", "expsou": null, "nobjnm": null, "objnam": null, "quasou": null, "souacc": null, "tecsou": null, "verdat": null, "status": null, "inform": null, "ninfom": null, "ntxtds": null, "scamin": 11999, "txtdsc": null, "sordat": null, "sorind": null, "depth": 6.5}}, {"type": "Feature", "id": "layer-50858.691861", "geometry": {"type": "Point", "coordinates": [176.1850828, -37.6227436, 10.4]}, "geometry_name": "shape", "properties": {"fidn": "8584576IMA", "expsou": null, "nobjnm": null, "objnam": null, "quasou": null, "souacc": null, "tecsou": null, "verdat": null, "status": null, "inform": null, "ninfom": null, "ntxtds": null, "scamin": 11999, "txtdsc": null, "sordat": null, "sorind": null, "depth": 10.4}}, {"type": "Feature", "id": "layer-50858.691862", "geometry": {"type": "Point", "coordinates": [176.1745387, -37.6349811, 3.7]}, "geometry_name": "shape", "properties": {"fidn": "8584576INA", "expsou": null, "nobjnm": null, "objnam": null, "quasou": null, "souacc": null, "tecsou": null, "verdat": null, "status": null, "inform": null, "ninfom": null, "ntxtds": null, "scamin": 11999, "txtdsc": null, "sordat": null, "sorind": null, "depth": 3.7}}, {"type": "Feature", "id": "layer-50858.691863", "geometry": {"type": "Point", "coordinates": [176.1768016, -37.6746473, 1.9]}, "geometry_name": "shape", "properties": {"fidn": "8584576IOA", "expsou": null, "nobjnm": null, "objnam": null, "quasou": null, "souacc": null, "tecsou": null, "verdat": null, "status": null, "inform": null, "ninfom": null, "ntxtds": null, "scamin": 11999, "txtdsc": null, "sordat": null, "sorind": null, "depth": 1.9}}, {"type": "Feature", "id": "layer-50858.691864", "geometry": {"type": "Point", "coordinates": [176.184309, -37.6818524, 0.2]}, "geometry_name": "shape", "properties": {"fidn": "8584576IPA", "expsou": null, "nobjnm": null, "objnam": null, "quasou": null, "souacc": null, "tecsou": null, "verdat": null, "status": null, "inform": null, "ninfom": null, "ntxtds": null, "scamin": 11999, "txtdsc": null, "sordat": null, "sorind": null, "depth": 0.2}}, {"type": "Feature", "id": "layer-50858.691865", "geometry": {"type": "Point", "coordinates": [176.1757791, -37.655192, 4]}, "geometry_name": "shape", "properties": {"fidn": "8584576IQA", "expsou": null, "nobjnm": null, "objnam": null, "quasou": null, "souacc": null, "tecsou": null, "verdat": null, "status": null, "inform": null, "ninfom": null, "ntxtds": null, "scamin": 11999, "txtdsc": null, "sordat": null, "sorind": null, "depth": 4}}, {"type": "Feature", "id": "layer-50858.691866", "geometry": {"type": "Point", "coordinates": [176.1756233, -37.6902427, 0.3]}, "geometry_name": "shape", "properties": {"fidn": "8584576IRA", "expsou": null, "nobjnm": null, "objnam": null, "quasou": null, "souacc": null, "tecsou": null, "verdat": null, "status": null, "inform": null, "ninfom": null, "ntxtds": null, "scamin": 11999, "txtdsc": null, "sordat": null, "sorind": null, "depth": 0.3}}, {"type": "Feature", "id": "layer-50858.691867", "geometry": {"type": "Point", "coordinates": [176.1654492, -37.6657734, 1.8]}, "geometry_name": "shape", "properties": {"fidn": "8584576ISA", "expsou": null, "nobjnm": null, "objnam": null, "quasou": null, "souacc": null, "tecsou": null, "verdat": null, "status": null, "inform": null, "ninfom": null, "ntxtds": null, "scamin": 11999, "txtdsc": null, "sordat": null, "sorind": null, "depth": 1.8}}, {"type": "Feature", "id": "layer-50858.691868", "geometry": {"type": "Point", "coordinates": [176.1265234, -37.6197514, 2.4]}, "geometry_name": "shape", "properties": {"fidn": "8584576ITA", "expsou": null, "nobjnm": null, "objnam": null, "quasou": null, "souacc": null, "tecsou": null, "verdat": null, "status": null, "inform": null, "ninfom": null, "ntxtds": null, "scamin": 11999, "txtdsc": null, "sordat": null, "sorind": null, "depth": 2.4}}, {"type": "Feature", "id": "layer-50858.691869", "geometry": {"type": "Point", "coordinates": [176.1789005, -37.6765409, 0.4]}, "geometry_name": "shape", "properties": {"fidn": "8584576IUA", "expsou": null, "nobjnm": null, "objnam": null, "quasou": null, "souacc": null, "tecsou": null, "verdat": null, "status": null, "inform": null, "ninfom": null, "ntxtds": null, "scamin": 11999, "txtdsc": null, "sordat": null, "sorind": null, "depth": 0.4}}, {"type": "Feature", "id": "layer-50858.691870", "geometry": {"type": "Point", "coordinates": [176.1969168, -37.6320379, 7]}, "geometry_name": "shape", "properties": {"fidn": "8584576IVA", "expsou": null, "nobjnm": null, "objnam": null, "quasou": null, "souacc": null, "tecsou": null, "verdat": null, "status": null, "inform": null, "ninfom": null, "ntxtds": null, "scamin": 11999, "txtdsc": null, "sordat": null, "sorind": null, "depth": 7}}, {"type": "Feature", "id": "layer-50858.691871", "geometry": {"type": "Point", "coordinates": [176.1572448, -37.6580519, 4]}, "geometry_name": "shape", "properties": {"fidn": "8584576IWA", "expsou": null, "nobjnm": null, "objnam": null, "quasou": null, "souacc": null, "tecsou": null, "verdat": null, "status": null, "inform": null, "ninfom": null, "ntxtds": null, "scamin": 11999, "txtdsc": null, "sordat": null, "sorind": null, "depth": 4}}, {"type": "Feature", "id": "layer-50858.691872", "geometry": {"type": "Point", "coordinates": [176.1459553, -37.6454074, 9.9]}, "geometry_name": "shape", "properties": {"fidn": "8584576IXA", "expsou": null, "nobjnm": null, "objnam": null, "quasou": null, "souacc": null, "tecsou": null, "verdat": null, "status": null, "inform": null, "ninfom": null, "ntxtds": null, "scamin": 11999, "txtdsc": null, "sordat": null, "sorind": null, "depth": 9.9}}, {"type": "Feature", "id": "layer-50858.691873", "geometry": {"type": "Point", "coordinates": [176.1746568, -37.6347675, 1.5]}, "geometry_name": "shape", "properties": {"fidn": "8584576IYA", "expsou": null, "nobjnm": null, "objnam": null, "quasou": null, "souacc": null, "tecsou": null, "verdat": null, "status": null, "inform": null, "ninfom": null, "ntxtds": null, "scamin": 11999, "txtdsc": null, "sordat": null, "sorind": null, "depth": 1.5}}, {"type": "Feature", "id": "layer-50858.691874", "geometry": {"type": "Point", "coordinates": [176.1419035, -37.615616, 4.4]}, "geometry_name": "shape", "properties": {"fidn": "8584576IZA", "expsou": null, "nobjnm": null, "objnam": null, "quasou": null, "souacc": null, "tecsou": null, "verdat": null, "status": null, "inform": null, "ninfom": null, "ntxtds": null, "scamin": 11999, "txtdsc": null, "sordat": null, "sorind": null, "depth": 4.4}}, {"type": "Feature", "id": "layer-50858.691875", "geometry": {"type": "Point", "coordinates": [176.1922266, -37.6252056, 11.4]}, "geometry_name": "shape", "properties": {"fidn": "8584576JAA", "expsou": null, "nobjnm": null, "objnam": null, "quasou": null, "souacc": null, "tecsou": null, "verdat": null, "status": null, "inform": null, "ninfom": null, "ntxtds": null, "scamin": 11999, "txtdsc": null, "sordat": null, "sorind": null, "depth": 11.4}}, {"type": "Feature", "id": "layer-50858.691876", "geometry": {"type": "Point", "coordinates": [176.1251462, -37.6174946, 2.3]}, "geometry_name": "shape", "properties": {"fidn": "8584576JBA", "expsou": null, "nobjnm": null, "objnam": null, "quasou": null, "souacc": null, "tecsou": null, "verdat": null, "status": null, "inform": null, "ninfom": null, "ntxtds": null, "scamin": 11999, "txtdsc": null, "sordat": null, "sorind": null, "depth": 2.3}}, {"type": "Feature", "id": "layer-50858.691877", "geometry": {"type": "Point", "coordinates": [176.141245, -37.650725, 3.3]}, "geometry_name": "shape", "properties": {"fidn": "8584576JCA", "expsou": null, "nobjnm": null, "objnam": null, "quasou": null, "souacc": null, "tecsou": null, "verdat": null, "status": null, "inform": null, "ninfom": null, "ntxtds": null, "scamin": 11999, "txtdsc": null, "sordat": null, "sorind": null, "depth": 3.3}}, {"type": "Feature", "id": "layer-50858.691878", "geometry": {"type": "Point", "coordinates": [176.16394, -37.645525, 3.2]}, "geometry_name": "shape", "properties": {"fidn": "8584576JDA", "expsou": null, "nobjnm": null, "objnam": null, "quasou": null, "souacc": null, "tecsou": null, "verdat": null, "status": null, "inform": null, "ninfom": null, "ntxtds": null, "scamin": 11999, "txtdsc": null, "sordat": null, "sorind": null, "depth": 3.2}}, {"type": "Feature", "id": "layer-50858.691879", "geometry": {"type": "Point", "coordinates": [176.16605, -37.640025, 7.4]}, "geometry_name": "shape", "properties": {"fidn": "8584576JEA", "expsou": null, "nobjnm": null, "objnam": null, "quasou": null, "souacc": null, "tecsou": null, "verdat": null, "status": null, "inform": null, "ninfom": null, "ntxtds": null, "scamin": 11999, "txtdsc": null, "sordat": null, "sorind": null, "depth": 7.4}}, {"type": "Feature", "id": "layer-50858.691880", "geometry": {"type": "Point", "coordinates": [176.1908, -37.62661, 9]}, "geometry_name": "shape", "properties": {"fidn": "8584576JFA", "expsou": null, "nobjnm": null, "objnam": null, "quasou": null, "souacc": null, "tecsou": null, "verdat": null, "status": null, "inform": null, "ninfom": null, "ntxtds": null, "scamin": 11999, "txtdsc": null, "sordat": null, "sorind": null, "depth": 9}}, {"type": "Feature", "id": "layer-50858.691881", "geometry": {"type": "Point", "coordinates": [176.16524, -37.645235, 2.2]}, "geometry_name": "shape", "properties": {"fidn": "8584576JGA", "expsou": null, "nobjnm": null, "objnam": null, "quasou": null, "souacc": null, "tecsou": null, "verdat": null, "status": null, "inform": null, "ninfom": null, "ntxtds": null, "scamin": 11999, "txtdsc": null, "sordat": null, "sorind": null, "depth": 2.2}}, {"type": "Feature", "id": "layer-50858.691882", "geometry": {"type": "Point", "coordinates": [176.1836805, -37.6797735, 0.2]}, "geometry_name": "shape", "properties": {"fidn": "8584576JHA", "expsou": null, "nobjnm": null, "objnam": null, "quasou": null, "souacc": null, "tecsou": null, "verdat": null, "status": null, "inform": null, "ninfom": null, "ntxtds": null, "scamin": 11999, "txtdsc": null, "sordat": null, "sorind": null, "depth": 0.2}}, {"type": "Feature", "id": "layer-50858.691883", "geometry": {"type": "Point", "coordinates": [176.1246823, -37.6423362, 9.3]}, "geometry_name": "shape", "properties": {"fidn": "8584576JIA", "expsou": null, "nobjnm": null, "objnam": null, "quasou": null, "souacc": null, "tecsou": null, "verdat": null, "status": null, "inform": null, "ninfom": null, "ntxtds": null, "scamin": 11999, "txtdsc": null, "sordat": null, "sorind": null, "depth": 9.3}}, {"type": "Feature", "id": "layer-50858.691884", "geometry": {"type": "Point", "coordinates": [176.1622843, -37.605644, 9.3]}, "geometry_name": "shape", "properties": {"fidn": "8584576JJA", "expsou": null, "nobjnm": null, "objnam": null, "quasou": null, "souacc": null, "tecsou": null, "verdat": null, "status": null, "inform": null, "ninfom": null, "ntxtds": null, "scamin": 11999, "txtdsc": null, "sordat": null, "sorind": null, "depth": 9.3}}, {"type": "Feature", "id": "layer-50858.691885", "geometry": {"type": "Point", "coordinates": [176.1569784, -37.6291628, 1]}, "geometry_name": "shape", "properties": {"fidn": "8584576JKA", "expsou": null, "nobjnm": null, "objnam": null, "quasou": null, "souacc": null, "tecsou": null, "verdat": null, "status": null, "inform": null, "ninfom": null, "ntxtds": null, "scamin": 11999, "txtdsc": null, "sordat": null, "sorind": null, "depth": 1}}, {"type": "Feature", "id": "layer-50858.691886", "geometry": {"type": "Point", "coordinates": [176.1872898, -37.6308773, 2.4]}, "geometry_name": "shape", "properties": {"fidn": "8584576JLA", "expsou": null, "nobjnm": null, "objnam": null, "quasou": null, "souacc": null, "tecsou": null, "verdat": null, "status": null, "inform": null, "ninfom": null, "ntxtds": null, "scamin": 11999, "txtdsc": null, "sordat": null, "sorind": null, "depth": 2.4}}, {"type": "Feature", "id": "layer-50858.691887", "geometry": {"type": "Point", "coordinates": [176.1919827, -37.6291153, 7.1]}, "geometry_name": "shape", "properties": {"fidn": "8584576JMA", "expsou": null, "nobjnm": null, "objnam": null, "quasou": null, "souacc": null, "tecsou": null, "verdat": null, "status": null, "inform": null, "ninfom": null, "ntxtds": null, "scamin": 11999, "txtdsc": null, "sordat": null, "sorind": null, "depth": 7.1}}, {"type": "Feature", "id": "layer-50858.691888", "geometry": {"type": "Point", "coordinates": [176.172115, -37.63731, 7.1]}, "geometry_name": "shape", "properties": {"fidn": "8584576JNA", "expsou": null, "nobjnm": null, "objnam": null, "quasou": null, "souacc": null, "tecsou": null, "verdat": null, "status": null, "inform": null, "ninfom": null, "ntxtds": null, "scamin": 11999, "txtdsc": null, "sordat": null, "sorind": null, "depth": 7.1}}, {"type": "Feature", "id": "layer-50858.691889", "geometry": {"type": "Point", "coordinates": [176.17355, -37.6427, 0.6]}, "geometry_name": "shape", "properties": {"fidn": "8584576JOA", "expsou": null, "nobjnm": null, "objnam": null, "quasou": null, "souacc": null, "tecsou": null, "verdat": null, "status": null, "inform": null, "ninfom": null, "ntxtds": null, "scamin": 11999, "txtdsc": null, "sordat": null, "sorind": null, "depth": 0.6}}, {"type": "Feature", "id": "layer-50858.691890", "geometry": {"type": "Point", "coordinates": [176.1773839, -37.6186563, 9.5]}, "geometry_name": "shape", "properties": {"fidn": "8584576JPA", "expsou": null, "nobjnm": null, "objnam": null, "quasou": null, "souacc": null, "tecsou": null, "verdat": null, "status": null, "inform": null, "ninfom": null, "ntxtds": null, "scamin": 11999, "txtdsc": null, "sordat": null, "sorind": null, "depth": 9.5}}, {"type": "Feature", "id": "layer-50858.691891", "geometry": {"type": "Point", "coordinates": [176.15208, -37.650235, 3]}, "geometry_name": "shape", "properties": {"fidn": "8584576JQA", "expsou": null, "nobjnm": null, "objnam": null, "quasou": null, "souacc": null, "tecsou": null, "verdat": null, "status": null, "inform": null, "ninfom": null, "ntxtds": null, "scamin": 11999, "txtdsc": null, "sordat": null, "sorind": null, "depth": 3}}, {"type": "Feature", "id": "layer-50858.691892", "geometry": {"type": "Point", "coordinates": [176.1268281, -37.6278252, 0.4]}, "geometry_name": "shape", "properties": {"fidn": "8584576JRA", "expsou": null, "nobjnm": null, "objnam": null, "quasou": null, "souacc": null, "tecsou": null, "verdat": null, "status": null, "inform": null, "ninfom": null, "ntxtds": null, "scamin": 11999, "txtdsc": null, "sordat": null, "sorind": null, "depth": 0.4}}, {"type": "Feature", "id": "layer-50858.691893", "geometry": {"type": "Point", "coordinates": [176.1911308, -37.6088907, 20.8]}, "geometry_name": "shape", "properties": {"fidn": "8584576JSA", "expsou": null, "nobjnm": null, "objnam": null, "quasou": null, "souacc": null, "tecsou": null, "verdat": null, "status": null, "inform": null, "ninfom": null, "ntxtds": null, "scamin": 11999, "txtdsc": null, "sordat": null, "sorind": null, "depth": 20.8}}, {"type": "Feature", "id": "layer-50858.691894", "geometry": {"type": "Point", "coordinates": [176.1737448, -37.6236966, 5.7]}, "geometry_name": "shape", "properties": {"fidn": "8584576JTA", "expsou": null, "nobjnm": null, "objnam": null, "quasou": null, "souacc": null, "tecsou": null, "verdat": null, "status": null, "inform": null, "ninfom": null, "ntxtds": null, "scamin": 11999, "txtdsc": null, "sordat": null, "sorind": null, "depth": 5.7}}, {"type": "Feature", "id": "layer-50858.691895", "geometry": {"type": "Point", "coordinates": [176.134756, -37.648003, 1.8]}, "geometry_name": "shape", "properties": {"fidn": "8584576JUA", "expsou": null, "nobjnm": null, "objnam": null, "quasou": null, "souacc": null, "tecsou": null, "verdat": null, "status": null, "inform": null, "ninfom": null, "ntxtds": null, "scamin": 11999, "txtdsc": null, "sordat": null, "sorind": null, "depth": 1.8}}, {"type": "Feature", "id": "layer-50858.691896", "geometry": {"type": "Point", "coordinates": [176.1229001, -37.61633, 1.8]}, "geometry_name": "shape", "properties": {"fidn": "8584576JVA", "expsou": null, "nobjnm": null, "objnam": null, "quasou": null, "souacc": null, "tecsou": null, "verdat": null, "status": null, "inform": null, "ninfom": null, "ntxtds": null, "scamin": 11999, "txtdsc": null, "sordat": null, "sorind": null, "depth": 1.8}}, {"type": "Feature", "id": "layer-50858.691897", "geometry": {"type": "Point", "coordinates": [176.1256288, -37.6249441, 2.3]}, "geometry_name": "shape", "properties": {"fidn": "8584576JWA", "expsou": null, "nobjnm": null, "objnam": null, "quasou": null, "souacc": null, "tecsou": null, "verdat": null, "status": null, "inform": null, "ninfom": null, "ntxtds": null, "scamin": 11999, "txtdsc": null, "sordat": null, "sorind": null, "depth": 2.3}}, {"type": "Feature", "id": "layer-50858.691898", "geometry": {"type": "Point", "coordinates": [176.1610668, -37.671876, -0.5]}, "geometry_name": "shape", "properties": {"fidn": "8584576JXA", "expsou": null, "nobjnm": null, "objnam": null, "quasou": null, "souacc": null, "tecsou": null, "verdat": null, "status": null, "inform": null, "ninfom": null, "ntxtds": null, "scamin": 11999, "txtdsc": null, "sordat": null, "sorind": null, "depth": -0.5}}, {"type": "Feature", "id": "layer-50858.691899", "geometry": {"type": "Point", "coordinates": [176.1619441, -37.6732348, 1]}, "geometry_name": "shape", "properties": {"fidn": "8584576JYA", "expsou": null, "nobjnm": null, "objnam": null, "quasou": null, "souacc": null, "tecsou": null, "verdat": null, "status": null, "inform": null, "ninfom": null, "ntxtds": null, "scamin": 11999, "txtdsc": null, "sordat": null, "sorind": null, "depth": 1}}, {"type": "Feature", "id": "layer-50858.691900", "geometry": {"type": "Point", "coordinates": [176.1230281, -37.6392512, 0.4]}, "geometry_name": "shape", "properties": {"fidn": "8584576JZA", "expsou": null, "nobjnm": null, "objnam": null, "quasou": null, "souacc": null, "tecsou": null, "verdat": null, "status": null, "inform": null, "ninfom": null, "ntxtds": null, "scamin": 11999, "txtdsc": null, "sordat": null, "sorind": null, "depth": 0.4}}, {"type": "Feature", "id": "layer-50858.691901", "geometry": {"type": "Point", "coordinates": [176.1563461, -37.6193187, 5.3]}, "geometry_name": "shape", "properties": {"fidn": "8584576KAA", "expsou": null, "nobjnm": null, "objnam": null, "quasou": null, "souacc": null, "tecsou": null, "verdat": null, "status": null, "inform": null, "ninfom": null, "ntxtds": null, "scamin": 11999, "txtdsc": null, "sordat": null, "sorind": null, "depth": 5.3}}, {"type": "Feature", "id": "layer-50858.691902", "geometry": {"type": "Point", "coordinates": [176.1512326, -37.6587261, 6.4]}, "geometry_name": "shape", "properties": {"fidn": "8584576KBA", "expsou": null, "nobjnm": null, "objnam": null, "quasou": null, "souacc": null, "tecsou": null, "verdat": null, "status": null, "inform": null, "ninfom": null, "ntxtds": null, "scamin": 11999, "txtdsc": null, "sordat": null, "sorind": null, "depth": 6.4}}, {"type": "Feature", "id": "layer-50858.691903", "geometry": {"type": "Point", "coordinates": [176.1809468, -37.6749422, -0.3]}, "geometry_name": "shape", "properties": {"fidn": "8584576KCA", "expsou": null, "nobjnm": null, "objnam": null, "quasou": null, "souacc": null, "tecsou": null, "verdat": null, "status": null, "inform": null, "ninfom": null, "ntxtds": null, "scamin": 11999, "txtdsc": null, "sordat": null, "sorind": null, "depth": -0.3}}, {"type": "Feature", "id": "layer-50858.691904", "geometry": {"type": "Point", "coordinates": [176.17584, -37.643595, 7.6]}, "geometry_name": "shape", "properties": {"fidn": "8584576KDA", "expsou": null, "nobjnm": null, "objnam": null, "quasou": null, "souacc": null, "tecsou": null, "verdat": null, "status": null, "inform": null, "ninfom": null, "ntxtds": null, "scamin": 11999, "txtdsc": null, "sordat": null, "sorind": null, "depth": 7.6}}, {"type": "Feature", "id": "layer-50858.691905", "geometry": {"type": "Point", "coordinates": [176.1659753, -37.6589252, 4]}, "geometry_name": "shape", "properties": {"fidn": "8584576KEA", "expsou": null, "nobjnm": null, "objnam": null, "quasou": null, "souacc": null, "tecsou": null, "verdat": null, "status": null, "inform": null, "ninfom": null, "ntxtds": null, "scamin": 11999, "txtdsc": null, "sordat": null, "sorind": null, "depth": 4}}, {"type": "Feature", "id": "layer-50858.691906", "geometry": {"type": "Point", "coordinates": [176.1780702, -37.6107693, 12.4]}, "geometry_name": "shape", "properties": {"fidn": "8584576KFA", "expsou": null, "nobjnm": null, "objnam": null, "quasou": null, "souacc": null, "tecsou": null, "verdat": null, "status": null, "inform": null, "ninfom": null, "ntxtds": null, "scamin": 11999, "txtdsc": null, "sordat": null, "sorind": null, "depth": 12.4}}, {"type": "Feature", "id": "layer-50858.691907", "geometry": {"type": "Point", "coordinates": [176.1635901, -37.6757189, 0.3]}, "geometry_name": "shape", "properties": {"fidn": "8584576KGA", "expsou": null, "nobjnm": null, "objnam": null, "quasou": null, "souacc": null, "tecsou": null, "verdat": null, "status": null, "inform": null, "ninfom": null, "ntxtds": null, "scamin": 11999, "txtdsc": null, "sordat": null, "sorind": null, "depth": 0.3}}, {"type": "Feature", "id": "layer-50858.691908", "geometry": {"type": "Point", "coordinates": [176.1218294, -37.6423673, 8.4]}, "geometry_name": "shape", "properties": {"fidn": "8584576KHA", "expsou": null, "nobjnm": null, "objnam": null, "quasou": null, "souacc": null, "tecsou": null, "verdat": null, "status": null, "inform": null, "ninfom": null, "ntxtds": null, "scamin": 11999, "txtdsc": null, "sordat": null, "sorind": null, "depth": 8.4}}, {"type": "Feature", "id": "layer-50858.691909", "geometry": {"type": "Point", "coordinates": [176.1435785, -37.6444121, 12.5]}, "geometry_name": "shape", "properties": {"fidn": "8584576KIA", "expsou": null, "nobjnm": null, "objnam": null, "quasou": null, "souacc": null, "tecsou": null, "verdat": null, "status": null, "inform": null, "ninfom": null, "ntxtds": null, "scamin": 11999, "txtdsc": null, "sordat": null, "sorind": null, "depth": 12.5}}, {"type": "Feature", "id": "layer-50858.691910", "geometry": {"type": "Point", "coordinates": [176.1561814, -37.604407, 7.7]}, "geometry_name": "shape", "properties": {"fidn": "8584576KJA", "expsou": null, "nobjnm": null, "objnam": null, "quasou": null, "souacc": null, "tecsou": null, "verdat": null, "status": null, "inform": null, "ninfom": null, "ntxtds": null, "scamin": 11999, "txtdsc": null, "sordat": null, "sorind": null, "depth": 7.7}}, {"type": "Feature", "id": "layer-50858.691911", "geometry": {"type": "Point", "coordinates": [176.1234776, -37.6167477, 1.6]}, "geometry_name": "shape", "properties": {"fidn": "8584576KKA", "expsou": null, "nobjnm": null, "objnam": null, "quasou": null, "souacc": null, "tecsou": null, "verdat": null, "status": null, "inform": null, "ninfom": null, "ntxtds": null, "scamin": 11999, "txtdsc": null, "sordat": null, "sorind": null, "depth": 1.6}}, {"type": "Feature", "id": "layer-50858.691912", "geometry": {"type": "Point", "coordinates": [176.1803801, -37.6618027, 12]}, "geometry_name": "shape", "properties": {"fidn": "8584576KLA", "expsou": null, "nobjnm": null, "objnam": null, "quasou": null, "souacc": null, "tecsou": null, "verdat": null, "status": null, "inform": null, "ninfom": null, "ntxtds": null, "scamin": 11999, "txtdsc": null, "sordat": null, "sorind": null, "depth": 12}}, {"type": "Feature", "id": "layer-50858.691913", "geometry": {"type": "Point", "coordinates": [176.1964711, -37.6249239, 14.3]}, "geometry_name": "shape", "properties": {"fidn": "8584576KMA", "expsou": null, "nobjnm": null, "objnam": null, "quasou": null, "souacc": null, "tecsou": null, "verdat": null, "status": null, "inform": null, "ninfom": null, "ntxtds": null, "scamin": 11999, "txtdsc": null, "sordat": null, "sorind": null, "depth": 14.3}}, {"type": "Feature", "id": "layer-50858.691914", "geometry": {"type": "Point", "coordinates": [176.159985, -37.648525, 5.2]}, "geometry_name": "shape", "properties": {"fidn": "8584576KNA", "expsou": null, "nobjnm": null, "objnam": null, "quasou": null, "souacc": null, "tecsou": null, "verdat": null, "status": null, "inform": null, "ninfom": null, "ntxtds": null, "scamin": 11999, "txtdsc": null, "sordat": null, "sorind": null, "depth": 5.2}}, {"type": "Feature", "id": "layer-50858.691915", "geometry": {"type": "Point", "coordinates": [176.1867003, -37.6132965, 16]}, "geometry_name": "shape", "properties": {"fidn": "8584576KOA", "expsou": null, "nobjnm": null, "objnam": null, "quasou": null, "souacc": null, "tecsou": null, "verdat": null, "status": null, "inform": null, "ninfom": null, "ntxtds": null, "scamin": 11999, "txtdsc": null, "sordat": null, "sorind": null, "depth": 16}}, {"type": "Feature", "id": "layer-50858.691916", "geometry": {"type": "Point", "coordinates": [176.1773616, -37.6762372, -0.3]}, "geometry_name": "shape", "properties": {"fidn": "8584576KPA", "expsou": null, "nobjnm": null, "objnam": null, "quasou": null, "souacc": null, "tecsou": null, "verdat": null, "status": null, "inform": null, "ninfom": null, "ntxtds": null, "scamin": 11999, "txtdsc": null, "sordat": null, "sorind": null, "depth": -0.3}}, {"type": "Feature", "id": "layer-50858.691917", "geometry": {"type": "Point", "coordinates": [176.1647112, -37.6686592, 0.6]}, "geometry_name": "shape", "properties": {"fidn": "8584576KQA", "expsou": null, "nobjnm": null, "objnam": null, "quasou": null, "souacc": null, "tecsou": null, "verdat": null, "status": null, "inform": null, "ninfom": null, "ntxtds": null, "scamin": 11999, "txtdsc": null, "sordat": null, "sorind": null, "depth": 0.6}}, {"type": "Feature", "id": "layer-50858.691918", "geometry": {"type": "Point", "coordinates": [176.164886, -37.6644917, 1]}, "geometry_name": "shape", "properties": {"fidn": "8584576KRA", "expsou": null, "nobjnm": null, "objnam": null, "quasou": null, "souacc": null, "tecsou": null, "verdat": null, "status": null, "inform": null, "ninfom": null, "ntxtds": null, "scamin": 11999, "txtdsc": null, "sordat": null, "sorind": null, "depth": 1}}, {"type": "Feature", "id": "layer-50858.691919", "geometry": {"type": "Point", "coordinates": [176.1931607, -37.6268389, 3.9]}, "geometry_name": "shape", "properties": {"fidn": "8584576KSA", "expsou": null, "nobjnm": null, "objnam": null, "quasou": null, "souacc": null, "tecsou": null, "verdat": null, "status": null, "inform": null, "ninfom": null, "ntxtds": null, "scamin": 11999, "txtdsc": null, "sordat": null, "sorind": null, "depth": 3.9}}, {"type": "Feature", "id": "layer-50858.691920", "geometry": {"type": "Point", "coordinates": [176.1676535, -37.6587492, 3.5]}, "geometry_name": "shape", "properties": {"fidn": "8584576KTA", "expsou": null, "nobjnm": null, "objnam": null, "quasou": null, "souacc": null, "tecsou": null, "verdat": null, "status": null, "inform": null, "ninfom": null, "ntxtds": null, "scamin": 11999, "txtdsc": null, "sordat": null, "sorind": null, "depth": 3.5}}, {"type": "Feature", "id": "layer-50858.691921", "geometry": {"type": "Point", "coordinates": [176.1941544, -37.6331725, 6.1]}, "geometry_name": "shape", "properties": {"fidn": "8584576KUA", "expsou": null, "nobjnm": null, "objnam": null, "quasou": null, "souacc": null, "tecsou": null, "verdat": null, "status": null, "inform": null, "ninfom": null, "ntxtds": null, "scamin": 11999, "txtdsc": null, "sordat": null, "sorind": null, "depth": 6.1}}, {"type": "Feature", "id": "layer-50858.691922", "geometry": {"type": "Point", "coordinates": [176.1622105, -37.5974831, 9.7]}, "geometry_name": "shape", "properties": {"fidn": "8584576KVA", "expsou": null, "nobjnm": null, "objnam": null, "quasou": null, "souacc": null, "tecsou": null, "verdat": null, "status": null, "inform": null, "ninfom": null, "ntxtds": null, "scamin": 11999, "txtdsc": null, "sordat": null, "sorind": null, "depth": 9.7}}, {"type": "Feature", "id": "layer-50858.691923", "geometry": {"type": "Point", "coordinates": [176.1608319, -37.6266495, 10.6]}, "geometry_name": "shape", "properties": {"fidn": "8584576KWA", "expsou": null, "nobjnm": null, "objnam": null, "quasou": null, "souacc": null, "tecsou": null, "verdat": null, "status": null, "inform": null, "ninfom": null, "ntxtds": null, "scamin": 11999, "txtdsc": null, "sordat": null, "sorind": null, "depth": 10.6}}, {"type": "Feature", "id": "layer-50858.691924", "geometry": {"type": "Point", "coordinates": [176.1672747, -37.6406262, 2.5]}, "geometry_name": "shape", "properties": {"fidn": "8584576KXA", "expsou": null, "nobjnm": null, "objnam": null, "quasou": null, "souacc": null, "tecsou": null, "verdat": null, "status": null, "inform": null, "ninfom": null, "ntxtds": null, "scamin": 11999, "txtdsc": null, "sordat": null, "sorind": null, "depth": 2.5}}, {"type": "Feature", "id": "layer-50858.691925", "geometry": {"type": "Point", "coordinates": [176.195745, -37.6326417, 8.3]}, "geometry_name": "shape", "properties": {"fidn": "8584576KYA", "expsou": null, "nobjnm": null, "objnam": null, "quasou": null, "souacc": null, "tecsou": null, "verdat": null, "status": null, "inform": null, "ninfom": null, "ntxtds": null, "scamin": 11999, "txtdsc": null, "sordat": null, "sorind": null, "depth": 8.3}}, {"type": "Feature", "id": "layer-50858.691926", "geometry": {"type": "Point", "coordinates": [176.1527763, -37.659793, 2.3]}, "geometry_name": "shape", "properties": {"fidn": "8584576KZA", "expsou": null, "nobjnm": null, "objnam": null, "quasou": null, "souacc": null, "tecsou": null, "verdat": null, "status": null, "inform": null, "ninfom": null, "ntxtds": null, "scamin": 11999, "txtdsc": null, "sordat": null, "sorind": null, "depth": 2.3}}, {"type": "Feature", "id": "layer-50858.691927", "geometry": {"type": "Point", "coordinates": [176.162112, -37.678613, 0.5]}, "geometry_name": "shape", "properties": {"fidn": "8584576LAA", "expsou": null, "nobjnm": null, "objnam": null, "quasou": null, "souacc": null, "tecsou": null, "verdat": null, "status": null, "inform": null, "ninfom": null, "ntxtds": null, "scamin": 11999, "txtdsc": null, "sordat": null, "sorind": null, "depth": 0.5}}, {"type": "Feature", "id": "layer-50858.691928", "geometry": {"type": "Point", "coordinates": [176.1434842, -37.6097285, 4.8]}, "geometry_name": "shape", "properties": {"fidn": "8584576LBA", "expsou": null, "nobjnm": null, "objnam": null, "quasou": null, "souacc": null, "tecsou": null, "verdat": null, "status": null, "inform": null, "ninfom": null, "ntxtds": null, "scamin": 11999, "txtdsc": null, "sordat": null, "sorind": null, "depth": 4.8}}, {"type": "Feature", "id": "layer-50858.691929", "geometry": {"type": "Point", "coordinates": [176.1791058, -37.667033, 6.5]}, "geometry_name": "shape", "properties": {"fidn": "8584576LCA", "expsou": null, "nobjnm": null, "objnam": null, "quasou": null, "souacc": null, "tecsou": null, "verdat": null, "status": null, "inform": null, "ninfom": null, "ntxtds": null, "scamin": 11999, "txtdsc": null, "sordat": null, "sorind": null, "depth": 6.5}}, {"type": "Feature", "id": "layer-50858.691930", "geometry": {"type": "Point", "coordinates": [176.1652125, -37.6651086, 1.4]}, "geometry_name": "shape", "properties": {"fidn": "8584576LDA", "expsou": null, "nobjnm": null, "objnam": null, "quasou": null, "souacc": null, "tecsou": null, "verdat": null, "status": null, "inform": null, "ninfom": null, "ntxtds": null, "scamin": 11999, "txtdsc": null, "sordat": null, "sorind": null, "depth": 1.4}}, {"type": "Feature", "id": "layer-50858.691931", "geometry": {"type": "Point", "coordinates": [176.1647859, -37.6589113, 4.1]}, "geometry_name": "shape", "properties": {"fidn": "8584576LEA", "expsou": null, "nobjnm": null, "objnam": null, "quasou": null, "souacc": null, "tecsou": null, "verdat": null, "status": null, "inform": null, "ninfom": null, "ntxtds": null, "scamin": 11999, "txtdsc": null, "sordat": null, "sorind": null, "depth": 4.1}}, {"type": "Feature", "id": "layer-50858.691932", "geometry": {"type": "Point", "coordinates": [176.1550817, -37.6589549, 6.4]}, "geometry_name": "shape", "properties": {"fidn": "8584576LFA", "expsou": null, "nobjnm": null, "objnam": null, "quasou": null, "souacc": null, "tecsou": null, "verdat": null, "status": null, "inform": null, "ninfom": null, "ntxtds": null, "scamin": 11999, "txtdsc": null, "sordat": null, "sorind": null, "depth": 6.4}}, {"type": "Feature", "id": "layer-50858.691933", "geometry": {"type": "Point", "coordinates": [176.171215, -37.649735, 0.7]}, "geometry_name": "shape", "properties": {"fidn": "8584576LGA", "expsou": null, "nobjnm": null, "objnam": null, "quasou": null, "souacc": null, "tecsou": null, "verdat": null, "status": null, "inform": null, "ninfom": null, "ntxtds": null, "scamin": 11999, "txtdsc": null, "sordat": null, "sorind": null, "depth": 0.7}}, {"type": "Feature", "id": "layer-50858.691934", "geometry": {"type": "Point", "coordinates": [176.17535, -37.63545, 8.5]}, "geometry_name": "shape", "properties": {"fidn": "8584576LHA", "expsou": null, "nobjnm": null, "objnam": null, "quasou": null, "souacc": null, "tecsou": null, "verdat": null, "status": null, "inform": null, "ninfom": null, "ntxtds": null, "scamin": 11999, "txtdsc": null, "sordat": null, "sorind": null, "depth": 8.5}}, {"type": "Feature", "id": "layer-50858.691935", "geometry": {"type": "Point", "coordinates": [176.1954591, -37.6383704, 3.3]}, "geometry_name": "shape", "properties": {"fidn": "8584576LIA", "expsou": null, "nobjnm": null, "objnam": null, "quasou": null, "souacc": null, "tecsou": null, "verdat": null, "status": null, "inform": null, "ninfom": null, "ntxtds": null, "scamin": 11999, "txtdsc": null, "sordat": null, "sorind": null, "depth": 3.3}}, {"type": "Feature", "id": "layer-50858.691936", "geometry": {"type": "Point", "coordinates": [176.1710219, -37.6378091, 2.5]}, "geometry_name": "shape", "properties": {"fidn": "8584576LJA", "expsou": null, "nobjnm": null, "objnam": null, "quasou": null, "souacc": null, "tecsou": null, "verdat": null, "status": null, "inform": null, "ninfom": null, "ntxtds": null, "scamin": 11999, "txtdsc": null, "sordat": null, "sorind": null, "depth": 2.5}}, {"type": "Feature", "id": "layer-50858.691937", "geometry": {"type": "Point", "coordinates": [176.1605235, -37.6591268, 4.6]}, "geometry_name": "shape", "properties": {"fidn": "8584576LKA", "expsou": null, "nobjnm": null, "objnam": null, "quasou": null, "souacc": null, "tecsou": null, "verdat": null, "status": null, "inform": null, "ninfom": null, "ntxtds": null, "scamin": 11999, "txtdsc": null, "sordat": null, "sorind": null, "depth": 4.6}}, {"type": "Feature", "id": "layer-50858.691938", "geometry": {"type": "Point", "coordinates": [176.1888289, -37.6311739, 2.2]}, "geometry_name": "shape", "properties": {"fidn": "8584576LLA", "expsou": null, "nobjnm": null, "objnam": null, "quasou": null, "souacc": null, "tecsou": null, "verdat": null, "status": null, "inform": null, "ninfom": null, "ntxtds": null, "scamin": 11999, "txtdsc": null, "sordat": null, "sorind": null, "depth": 2.2}}, {"type": "Feature", "id": "layer-50858.691939", "geometry": {"type": "Point", "coordinates": [176.1788876, -37.6298207, 1.8]}, "geometry_name": "shape", "properties": {"fidn": "8584576LMA", "expsou": null, "nobjnm": null, "objnam": null, "quasou": null, "souacc": null, "tecsou": null, "verdat": null, "status": null, "inform": null, "ninfom": null, "ntxtds": null, "scamin": 11999, "txtdsc": null, "sordat": null, "sorind": null, "depth": 1.8}}, {"type": "Feature", "id": "layer-50858.691940", "geometry": {"type": "Point", "coordinates": [176.161875, -37.65545, 3.1]}, "geometry_name": "shape", "properties": {"fidn": "8584576LNA", "expsou": null, "nobjnm": null, "objnam": null, "quasou": null, "souacc": null, "tecsou": null, "verdat": null, "status": null, "inform": null, "ninfom": null, "ntxtds": null, "scamin": 11999, "txtdsc": null, "sordat": null, "sorind": null, "depth": 3.1}}, {"type": "Feature", "id": "layer-50858.691941", "geometry": {"type": "Point", "coordinates": [176.1814011, -37.6307164, 1.1]}, "geometry_name": "shape", "properties": {"fidn": "8584576LOA", "expsou": null, "nobjnm": null, "objnam": null, "quasou": null, "souacc": null, "tecsou": null, "verdat": null, "status": null, "inform": null, "ninfom": null, "ntxtds": null, "scamin": 11999, "txtdsc": null, "sordat": null, "sorind": null, "depth": 1.1}}, {"type": "Feature", "id": "layer-50858.691942", "geometry": {"type": "Point", "coordinates": [176.1408971, -37.6424775, 6.8]}, "geometry_name": "shape", "properties": {"fidn": "8584576LPA", "expsou": null, "nobjnm": null, "objnam": null, "quasou": null, "souacc": null, "tecsou": null, "verdat": null, "status": null, "inform": null, "ninfom": null, "ntxtds": null, "scamin": 11999, "txtdsc": null, "sordat": null, "sorind": null, "depth": 6.8}}, {"type": "Feature", "id": "layer-50858.691943", "geometry": {"type": "Point", "coordinates": [176.172565, -37.637735, 3.1]}, "geometry_name": "shape", "properties": {"fidn": "8584576LQA", "expsou": null, "nobjnm": null, "objnam": null, "quasou": null, "souacc": null, "tecsou": null, "verdat": null, "status": null, "inform": null, "ninfom": null, "ntxtds": null, "scamin": 11999, "txtdsc": null, "sordat": null, "sorind": null, "depth": 3.1}}, {"type": "Feature", "id": "layer-50858.691944", "geometry": {"type": "Point", "coordinates": [176.1642212, -37.6701675, 0.7]}, "geometry_name": "shape", "properties": {"fidn": "8584576LRA", "expsou": null, "nobjnm": null, "objnam": null, "quasou": null, "souacc": null, "tecsou": null, "verdat": null, "status": null, "inform": null, "ninfom": null, "ntxtds": null, "scamin": 11999, "txtdsc": null, "sordat": null, "sorind": null, "depth": 0.7}}, {"type": "Feature", "id": "layer-50858.691945", "geometry": {"type": "Point", "coordinates": [176.1808277, -37.6775338, 0.5]}, "geometry_name": "shape", "properties": {"fidn": "8584576LSA", "expsou": null, "nobjnm": null, "objnam": null, "quasou": null, "souacc": null, "tecsou": null, "verdat": null, "status": null, "inform": null, "ninfom": null, "ntxtds": null, "scamin": 11999, "txtdsc": null, "sordat": null, "sorind": null, "depth": 0.5}}, {"type": "Feature", "id": "layer-50858.691946", "geometry": {"type": "Point", "coordinates": [176.17418, -37.665235, 3.3]}, "geometry_name": "shape", "properties": {"fidn": "8584576LTA", "expsou": null, "nobjnm": null, "objnam": null, "quasou": null, "souacc": null, "tecsou": null, "verdat": null, "status": null, "inform": null, "ninfom": null, "ntxtds": null, "scamin": 11999, "txtdsc": null, "sordat": null, "sorind": null, "depth": 3.3}}, {"type": "Feature", "id": "layer-50858.691947", "geometry": {"type": "Point", "coordinates": [176.1256084, -37.61803, 2.1]}, "geometry_name": "shape", "properties": {"fidn": "8584576LUA", "expsou": null, "nobjnm": null, "objnam": null, "quasou": null, "souacc": null, "tecsou": null, "verdat": null, "status": null, "inform": null, "ninfom": null, "ntxtds": null, "scamin": 11999, "txtdsc": null, "sordat": null, "sorind": null, "depth": 2.1}}, {"type": "Feature", "id": "layer-50858.691948", "geometry": {"type": "Point", "coordinates": [176.1772454, -37.6768559, 0.2]}, "geometry_name": "shape", "properties": {"fidn": "8584576LVA", "expsou": null, "nobjnm": null, "objnam": null, "quasou": null, "souacc": null, "tecsou": null, "verdat": null, "status": null, "inform": null, "ninfom": null, "ntxtds": null, "scamin": 11999, "txtdsc": null, "sordat": null, "sorind": null, "depth": 0.2}}, {"type": "Feature", "id": "layer-50858.691949", "geometry": {"type": "Point", "coordinates": [176.16533, -37.631555, 4.9]}, "geometry_name": "shape", "properties": {"fidn": "8584576LWA", "expsou": null, "nobjnm": null, "objnam": null, "quasou": null, "souacc": null, "tecsou": null, "verdat": null, "status": null, "inform": null, "ninfom": null, "ntxtds": null, "scamin": 11999, "txtdsc": null, "sordat": null, "sorind": null, "depth": 4.9}}, {"type": "Feature", "id": "layer-50858.691950", "geometry": {"type": "Point", "coordinates": [176.1911625, -37.6305697, 4]}, "geometry_name": "shape", "properties": {"fidn": "8584576LXA", "expsou": null, "nobjnm": null, "objnam": null, "quasou": null, "souacc": null, "tecsou": null, "verdat": null, "status": null, "inform": null, "ninfom": null, "ntxtds": null, "scamin": 11999, "txtdsc": null, "sordat": null, "sorind": null, "depth": 4}}, {"type": "Feature", "id": "layer-50858.691951", "geometry": {"type": "Point", "coordinates": [176.1687087, -37.6584631, 4.4]}, "geometry_name": "shape", "properties": {"fidn": "8584576LYA", "expsou": null, "nobjnm": null, "objnam": null, "quasou": null, "souacc": null, "tecsou": null, "verdat": null, "status": null, "inform": null, "ninfom": null, "ntxtds": null, "scamin": 11999, "txtdsc": null, "sordat": null, "sorind": null, "depth": 4.4}}, {"type": "Feature", "id": "layer-50858.691952", "geometry": {"type": "Point", "coordinates": [176.1241722, -37.6186179, 0.3]}, "geometry_name": "shape", "properties": {"fidn": "8584576LZA", "expsou": null, "nobjnm": null, "objnam": null, "quasou": null, "souacc": null, "tecsou": null, "verdat": null, "status": null, "inform": null, "ninfom": null, "ntxtds": null, "scamin": 11999, "txtdsc": null, "sordat": null, "sorind": null, "depth": 0.3}}, {"type": "Feature", "id": "layer-50858.691953", "geometry": {"type": "Point", "coordinates": [176.15801, -37.647595, 4.7]}, "geometry_name": "shape", "properties": {"fidn": "8584576MAA", "expsou": null, "nobjnm": null, "objnam": null, "quasou": null, "souacc": null, "tecsou": null, "verdat": null, "status": null, "inform": null, "ninfom": null, "ntxtds": null, "scamin": 11999, "txtdsc": null, "sordat": null, "sorind": null, "depth": 4.7}}, {"type": "Feature", "id": "layer-50858.691954", "geometry": {"type": "Point", "coordinates": [176.1406399, -37.6153474, 1.6]}, "geometry_name": "shape", "properties": {"fidn": "8584576MBA", "expsou": null, "nobjnm": null, "objnam": null, "quasou": null, "souacc": null, "tecsou": null, "verdat": null, "status": null, "inform": null, "ninfom": null, "ntxtds": null, "scamin": 11999, "txtdsc": null, "sordat": null, "sorind": null, "depth": 1.6}}, {"type": "Feature", "id": "layer-50858.691955", "geometry": {"type": "Point", "coordinates": [176.1783525, -37.6675759, 8.6]}, "geometry_name": "shape", "properties": {"fidn": "8584576MCA", "expsou": null, "nobjnm": null, "objnam": null, "quasou": null, "souacc": null, "tecsou": null, "verdat": null, "status": null, "inform": null, "ninfom": null, "ntxtds": null, "scamin": 11999, "txtdsc": null, "sordat": null, "sorind": null, "depth": 8.6}}, {"type": "Feature", "id": "layer-50858.691956", "geometry": {"type": "Point", "coordinates": [176.1366583, -37.642763, 15.6]}, "geometry_name": "shape", "properties": {"fidn": "8584576MDA", "expsou": null, "nobjnm": null, "objnam": null, "quasou": null, "souacc": null, "tecsou": null, "verdat": null, "status": null, "inform": null, "ninfom": null, "ntxtds": null, "scamin": 11999, "txtdsc": null, "sordat": null, "sorind": null, "depth": 15.6}}, {"type": "Feature", "id": "layer-50858.691957", "geometry": {"type": "Point", "coordinates": [176.1951797, -37.6334995, 7]}, "geometry_name": "shape", "properties": {"fidn": "8584576MEA", "expsou": null, "nobjnm": null, "objnam": null, "quasou": null, "souacc": null, "tecsou": null, "verdat": null, "status": null, "inform": null, "ninfom": null, "ntxtds": null, "scamin": 11999, "txtdsc": null, "sordat": null, "sorind": null, "depth": 7}}, {"type": "Feature", "id": "layer-50858.691958", "geometry": {"type": "Point", "coordinates": [176.1630951, -37.6734778, 0.8]}, "geometry_name": "shape", "properties": {"fidn": "8584576MFA", "expsou": null, "nobjnm": null, "objnam": null, "quasou": null, "souacc": null, "tecsou": null, "verdat": null, "status": null, "inform": null, "ninfom": null, "ntxtds": null, "scamin": 11999, "txtdsc": null, "sordat": null, "sorind": null, "depth": 0.8}}, {"type": "Feature", "id": "layer-50858.691959", "geometry": {"type": "Point", "coordinates": [176.1637414, -37.6784629, 0.4]}, "geometry_name": "shape", "properties": {"fidn": "8584576MGA", "expsou": null, "nobjnm": null, "objnam": null, "quasou": null, "souacc": null, "tecsou": null, "verdat": null, "status": null, "inform": null, "ninfom": null, "ntxtds": null, "scamin": 11999, "txtdsc": null, "sordat": null, "sorind": null, "depth": 0.4}}, {"type": "Feature", "id": "layer-50858.691960", "geometry": {"type": "Point", "coordinates": [176.197327, -37.6322084, 10.4]}, "geometry_name": "shape", "properties": {"fidn": "8584576MHA", "expsou": null, "nobjnm": null, "objnam": null, "quasou": null, "souacc": null, "tecsou": null, "verdat": null, "status": null, "inform": null, "ninfom": null, "ntxtds": null, "scamin": 11999, "txtdsc": null, "sordat": null, "sorind": null, "depth": 10.4}}, {"type": "Feature", "id": "layer-50858.691961", "geometry": {"type": "Point", "coordinates": [176.1709, -37.637095, 12.6]}, "geometry_name": "shape", "properties": {"fidn": "8584576MIA", "expsou": null, "nobjnm": null, "objnam": null, "quasou": null, "souacc": null, "tecsou": null, "verdat": null, "status": null, "inform": null, "ninfom": null, "ntxtds": null, "scamin": 11999, "txtdsc": null, "sordat": null, "sorind": null, "depth": 12.6}}, {"type": "Feature", "id": "layer-50858.691962", "geometry": {"type": "Point", "coordinates": [176.1369662, -37.6413471, 6.3]}, "geometry_name": "shape", "properties": {"fidn": "8584576MJA", "expsou": null, "nobjnm": null, "objnam": null, "quasou": null, "souacc": null, "tecsou": null, "verdat": null, "status": null, "inform": null, "ninfom": null, "ntxtds": null, "scamin": 11999, "txtdsc": null, "sordat": null, "sorind": null, "depth": 6.3}}, {"type": "Feature", "id": "layer-50858.691963", "geometry": {"type": "Point", "coordinates": [176.1793893, -37.6693693, 2.3]}, "geometry_name": "shape", "properties": {"fidn": "8584576MKA", "expsou": null, "nobjnm": null, "objnam": null, "quasou": null, "souacc": null, "tecsou": null, "verdat": null, "status": null, "inform": null, "ninfom": null, "ntxtds": null, "scamin": 11999, "txtdsc": null, "sordat": null, "sorind": null, "depth": 2.3}}, {"type": "Feature", "id": "layer-50858.691964", "geometry": {"type": "Point", "coordinates": [176.1433127, -37.61705, 3.1]}, "geometry_name": "shape", "properties": {"fidn": "8584576MLA", "expsou": null, "nobjnm": null, "objnam": null, "quasou": null, "souacc": null, "tecsou": null, "verdat": null, "status": null, "inform": null, "ninfom": null, "ntxtds": null, "scamin": 11999, "txtdsc": null, "sordat": null, "sorind": null, "depth": 3.1}}, {"type": "Feature", "id": "layer-50858.691965", "geometry": {"type": "Point", "coordinates": [176.165465, -37.62977, 6.5]}, "geometry_name": "shape", "properties": {"fidn": "8584576MMA", "expsou": null, "nobjnm": null, "objnam": null, "quasou": null, "souacc": null, "tecsou": null, "verdat": null, "status": null, "inform": null, "ninfom": null, "ntxtds": null, "scamin": 11999, "txtdsc": null, "sordat": null, "sorind": null, "depth": 6.5}}, {"type": "Feature", "id": "layer-50858.691966", "geometry": {"type": "Point", "coordinates": [176.180409, -37.6692593, 4.4]}, "geometry_name": "shape", "properties": {"fidn": "8584576MNA", "expsou": null, "nobjnm": null, "objnam": null, "quasou": null, "souacc": null, "tecsou": null, "verdat": null, "status": null, "inform": null, "ninfom": null, "ntxtds": null, "scamin": 11999, "txtdsc": null, "sordat": null, "sorind": null, "depth": 4.4}}, {"type": "Feature", "id": "layer-50858.691967", "geometry": {"type": "Point", "coordinates": [176.1608528, -37.6473485, 6.4]}, "geometry_name": "shape", "properties": {"fidn": "8584576MOA", "expsou": null, "nobjnm": null, "objnam": null, "quasou": null, "souacc": null, "tecsou": null, "verdat": null, "status": null, "inform": null, "ninfom": null, "ntxtds": null, "scamin": 11999, "txtdsc": null, "sordat": null, "sorind": null, "depth": 6.4}}, {"type": "Feature", "id": "layer-50858.691968", "geometry": {"type": "Point", "coordinates": [176.1943637, -37.6254203, 12]}, "geometry_name": "shape", "properties": {"fidn": "8584576MPA", "expsou": null, "nobjnm": null, "objnam": null, "quasou": null, "souacc": null, "tecsou": null, "verdat": null, "status": null, "inform": null, "ninfom": null, "ntxtds": null, "scamin": 11999, "txtdsc": null, "sordat": null, "sorind": null, "depth": 12}}, {"type": "Feature", "id": "layer-50858.691969", "geometry": {"type": "Point", "coordinates": [176.1252414, -37.6218092, 2.2]}, "geometry_name": "shape", "properties": {"fidn": "8584576MQA", "expsou": null, "nobjnm": null, "objnam": null, "quasou": null, "souacc": null, "tecsou": null, "verdat": null, "status": null, "inform": null, "ninfom": null, "ntxtds": null, "scamin": 11999, "txtdsc": null, "sordat": null, "sorind": null, "depth": 2.2}}, {"type": "Feature", "id": "layer-50858.691970", "geometry": {"type": "Point", "coordinates": [176.1272076, -37.604404, 0.8]}, "geometry_name": "shape", "properties": {"fidn": "8584576MRA", "expsou": null, "nobjnm": null, "objnam": null, "quasou": null, "souacc": null, "tecsou": null, "verdat": null, "status": null, "inform": null, "ninfom": null, "ntxtds": null, "scamin": 11999, "txtdsc": null, "sordat": null, "sorind": null, "depth": 0.8}}, {"type": "Feature", "id": "layer-50858.691971", "geometry": {"type": "Point", "coordinates": [176.164435, -37.6387, 12.4]}, "geometry_name": "shape", "properties": {"fidn": "8584576MSA", "expsou": null, "nobjnm": null, "objnam": null, "quasou": null, "souacc": null, "tecsou": null, "verdat": null, "status": null, "inform": null, "ninfom": null, "ntxtds": null, "scamin": 11999, "txtdsc": null, "sordat": null, "sorind": null, "depth": 12.4}}, {"type": "Feature", "id": "layer-50858.691972", "geometry": {"type": "Point", "coordinates": [176.1697749, -37.6578886, 4.7]}, "geometry_name": "shape", "properties": {"fidn": "8584576MTA", "expsou": null, "nobjnm": null, "objnam": null, "quasou": null, "souacc": null, "tecsou": null, "verdat": null, "status": null, "inform": null, "ninfom": null, "ntxtds": null, "scamin": 11999, "txtdsc": null, "sordat": null, "sorind": null, "depth": 4.7}}, {"type": "Feature", "id": "layer-50858.691973", "geometry": {"type": "Point", "coordinates": [176.164117, -37.6770852, 1.3]}, "geometry_name": "shape", "properties": {"fidn": "8584576MUA", "expsou": null, "nobjnm": null, "objnam": null, "quasou": null, "souacc": null, "tecsou": null, "verdat": null, "status": null, "inform": null, "ninfom": null, "ntxtds": null, "scamin": 11999, "txtdsc": null, "sordat": null, "sorind": null, "depth": 1.3}}, {"type": "Feature", "id": "layer-50858.691974", "geometry": {"type": "Point", "coordinates": [176.1643947, -37.6636957, 0.6]}, "geometry_name": "shape", "properties": {"fidn": "8584576MVA", "expsou": null, "nobjnm": null, "objnam": null, "quasou": null, "souacc": null, "tecsou": null, "verdat": null, "status": null, "inform": null, "ninfom": null, "ntxtds": null, "scamin": 11999, "txtdsc": null, "sordat": null, "sorind": null, "depth": 0.6}}, {"type": "Feature", "id": "layer-50858.691975", "geometry": {"type": "Point", "coordinates": [176.1567354, -37.6247363, 4.5]}, "geometry_name": "shape", "properties": {"fidn": "8584577AAA", "expsou": null, "nobjnm": null, "objnam": null, "quasou": null, "souacc": null, "tecsou": null, "verdat": null, "status": null, "inform": null, "ninfom": null, "ntxtds": null, "scamin": 21999, "txtdsc": null, "sordat": null, "sorind": null, "depth": 4.5}}, {"type": "Feature", "id": "layer-50858.691976", "geometry": {"type": "Point", "coordinates": [176.193005, -37.62785, 5]}, "geometry_name": "shape", "properties": {"fidn": "8584577ABA", "expsou": null, "nobjnm": null, "objnam": null, "quasou": null, "souacc": null, "tecsou": null, "verdat": null, "status": null, "inform": null, "ninfom": null, "ntxtds": null, "scamin": 21999, "txtdsc": null, "sordat": null, "sorind": null, "depth": 5}}, {"type": "Feature", "id": "layer-50858.691977", "geometry": {"type": "Point", "coordinates": [176.1807116, -37.6702695, -0.7]}, "geometry_name": "shape", "properties": {"fidn": "8584577ACA", "expsou": null, "nobjnm": null, "objnam": null, "quasou": null, "souacc": null, "tecsou": null, "verdat": null, "status": null, "inform": null, "ninfom": null, "ntxtds": null, "scamin": 21999, "txtdsc": null, "sordat": null, "sorind": null, "depth": -0.7}}, {"type": "Feature", "id": "layer-50858.691978", "geometry": {"type": "Point", "coordinates": [176.1403068, -37.6090043, 5.3]}, "geometry_name": "shape", "properties": {"fidn": "8584577ADA", "expsou": null, "nobjnm": null, "objnam": null, "quasou": null, "souacc": null, "tecsou": null, "verdat": null, "status": null, "inform": null, "ninfom": null, "ntxtds": null, "scamin": 21999, "txtdsc": null, "sordat": null, "sorind": null, "depth": 5.3}}, {"type": "Feature", "id": "layer-50858.691979", "geometry": {"type": "Point", "coordinates": [176.1645548, -37.6479112, 1.4]}, "geometry_name": "shape", "properties": {"fidn": "8584577AEA", "expsou": null, "nobjnm": null, "objnam": null, "quasou": null, "souacc": null, "tecsou": null, "verdat": null, "status": null, "inform": null, "ninfom": null, "ntxtds": null, "scamin": 21999, "txtdsc": null, "sordat": null, "sorind": null, "depth": 1.4}}, {"type": "Feature", "id": "layer-50858.691980", "geometry": {"type": "Point", "coordinates": [176.1634961, -37.6461926, 1.8]}, "geometry_name": "shape", "properties": {"fidn": "8584577AFA", "expsou": null, "nobjnm": null, "objnam": null, "quasou": null, "souacc": null, "tecsou": null, "verdat": null, "status": null, "inform": null, "ninfom": null, "ntxtds": null, "scamin": 21999, "txtdsc": null, "sordat": null, "sorind": null, "depth": 1.8}}, {"type": "Feature", "id": "layer-50858.691981", "geometry": {"type": "Point", "coordinates": [176.1643647, -37.5983322, 10.3]}, "geometry_name": "shape", "properties": {"fidn": "8584577AGA", "expsou": null, "nobjnm": null, "objnam": null, "quasou": null, "souacc": null, "tecsou": null, "verdat": null, "status": null, "inform": null, "ninfom": null, "ntxtds": null, "scamin": 21999, "txtdsc": null, "sordat": null, "sorind": null, "depth": 10.3}}, {"type": "Feature", "id": "layer-50858.691982", "geometry": {"type": "Point", "coordinates": [176.1381353, -37.6528443, 0.4]}, "geometry_name": "shape", "properties": {"fidn": "8584577AHA", "expsou": null, "nobjnm": null, "objnam": null, "quasou": null, "souacc": null, "tecsou": null, "verdat": null, "status": null, "inform": null, "ninfom": null, "ntxtds": null, "scamin": 21999, "txtdsc": null, "sordat": null, "sorind": null, "depth": 0.4}}, {"type": "Feature", "id": "layer-50858.691983", "geometry": {"type": "Point", "coordinates": [176.124294, -37.6273217, -1]}, "geometry_name": "shape", "properties": {"fidn": "8584577AIA", "expsou": null, "nobjnm": null, "objnam": null, "quasou": null, "souacc": null, "tecsou": null, "verdat": null, "status": null, "inform": null, "ninfom": null, "ntxtds": null, "scamin": 21999, "txtdsc": null, "sordat": null, "sorind": null, "depth": -1}}, {"type": "Feature", "id": "layer-50858.691984", "geometry": {"type": "Point", "coordinates": [176.1363688, -37.591449, 12.9]}, "geometry_name": "shape", "properties": {"fidn": "8584577AJA", "expsou": null, "nobjnm": null, "objnam": null, "quasou": null, "souacc": null, "tecsou": null, "verdat": null, "status": null, "inform": null, "ninfom": null, "ntxtds": null, "scamin": 21999, "txtdsc": null, "sordat": null, "sorind": null, "depth": 12.9}}, {"type": "Feature", "id": "layer-50858.691985", "geometry": {"type": "Point", "coordinates": [176.1544564, -37.6610933, -0.4]}, "geometry_name": "shape", "properties": {"fidn": "8584577AKA", "expsou": null, "nobjnm": null, "objnam": null, "quasou": null, "souacc": null, "tecsou": null, "verdat": null, "status": null, "inform": null, "ninfom": null, "ntxtds": null, "scamin": 21999, "txtdsc": null, "sordat": null, "sorind": null, "depth": -0.4}}, {"type": "Feature", "id": "layer-50858.691986", "geometry": {"type": "Point", "coordinates": [176.1617243, -37.6592455, 4.3]}, "geometry_name": "shape", "properties": {"fidn": "8584577ALA", "expsou": null, "nobjnm": null, "objnam": null, "quasou": null, "souacc": null, "tecsou": null, "verdat": null, "status": null, "inform": null, "ninfom": null, "ntxtds": null, "scamin": 21999, "txtdsc": null, "sordat": null, "sorind": null, "depth": 4.3}}, {"type": "Feature", "id": "layer-50858.691987", "geometry": {"type": "Point", "coordinates": [176.1573394, -37.5982383, 7.9]}, "geometry_name": "shape", "properties": {"fidn": "8584577AMA", "expsou": null, "nobjnm": null, "objnam": null, "quasou": null, "souacc": null, "tecsou": null, "verdat": null, "status": null, "inform": null, "ninfom": null, "ntxtds": null, "scamin": 21999, "txtdsc": null, "sordat": null, "sorind": null, "depth": 7.9}}, {"type": "Feature", "id": "layer-50858.691988", "geometry": {"type": "Point", "coordinates": [176.168115, -37.648415, -0.2]}, "geometry_name": "shape", "properties": {"fidn": "8584577ANA", "expsou": null, "nobjnm": null, "objnam": null, "quasou": null, "souacc": null, "tecsou": null, "verdat": null, "status": null, "inform": null, "ninfom": null, "ntxtds": null, "scamin": 21999, "txtdsc": null, "sordat": null, "sorind": null, "depth": -0.2}}, {"type": "Feature", "id": "layer-50858.691989", "geometry": {"type": "Point", "coordinates": [176.1650065, -37.5924016, 16.9]}, "geometry_name": "shape", "properties": {"fidn": "8584577AOA", "expsou": null, "nobjnm": null, "objnam": null, "quasou": null, "souacc": null, "tecsou": null, "verdat": null, "status": null, "inform": null, "ninfom": null, "ntxtds": null, "scamin": 21999, "txtdsc": null, "sordat": null, "sorind": null, "depth": 16.9}}, {"type": "Feature", "id": "layer-50858.691990", "geometry": {"type": "Point", "coordinates": [176.144706, -37.6526764, 3.2]}, "geometry_name": "shape", "properties": {"fidn": "8584577APA", "expsou": null, "nobjnm": null, "objnam": null, "quasou": null, "souacc": null, "tecsou": null, "verdat": null, "status": null, "inform": null, "ninfom": null, "ntxtds": null, "scamin": 21999, "txtdsc": null, "sordat": null, "sorind": null, "depth": 3.2}}, {"type": "Feature", "id": "layer-50858.691991", "geometry": {"type": "Point", "coordinates": [176.1774444, -37.6355154, 0.2]}, "geometry_name": "shape", "properties": {"fidn": "8584577AQA", "expsou": null, "nobjnm": null, "objnam": null, "quasou": null, "souacc": null, "tecsou": null, "verdat": null, "status": null, "inform": null, "ninfom": null, "ntxtds": null, "scamin": 21999, "txtdsc": null, "sordat": null, "sorind": null, "depth": 0.2}}, {"type": "Feature", "id": "layer-50858.691992", "geometry": {"type": "Point", "coordinates": [176.1442856, -37.592392, 14.6]}, "geometry_name": "shape", "properties": {"fidn": "8584577ARA", "expsou": null, "nobjnm": null, "objnam": null, "quasou": null, "souacc": null, "tecsou": null, "verdat": null, "status": null, "inform": null, "ninfom": null, "ntxtds": null, "scamin": 21999, "txtdsc": null, "sordat": null, "sorind": null, "depth": 14.6}}, {"type": "Feature", "id": "layer-50858.691993", "geometry": {"type": "Point", "coordinates": [176.159104, -37.6329938, 0.1]}, "geometry_name": "shape", "properties": {"fidn": "8584577ASA", "expsou": null, "nobjnm": null, "objnam": null, "quasou": null, "souacc": null, "tecsou": null, "verdat": null, "status": null, "inform": null, "ninfom": null, "ntxtds": null, "scamin": 21999, "txtdsc": null, "sordat": null, "sorind": null, "depth": 0.1}}, {"type": "Feature", "id": "layer-50858.691994", "geometry": {"type": "Point", "coordinates": [176.1562031, -37.6584334, 6]}, "geometry_name": "shape", "properties": {"fidn": "8584577ATA", "expsou": null, "nobjnm": null, "objnam": null, "quasou": null, "souacc": null, "tecsou": null, "verdat": null, "status": null, "inform": null, "ninfom": null, "ntxtds": null, "scamin": 21999, "txtdsc": null, "sordat": null, "sorind": null, "depth": 6}}, {"type": "Feature", "id": "layer-50858.691995", "geometry": {"type": "Point", "coordinates": [176.1521561, -37.6239927, 3.4]}, "geometry_name": "shape", "properties": {"fidn": "8584577AUA", "expsou": null, "nobjnm": null, "objnam": null, "quasou": null, "souacc": null, "tecsou": null, "verdat": null, "status": null, "inform": null, "ninfom": null, "ntxtds": null, "scamin": 21999, "txtdsc": null, "sordat": null, "sorind": null, "depth": 3.4}}, {"type": "Feature", "id": "layer-50858.691996", "geometry": {"type": "Point", "coordinates": [176.1842313, -37.6273886, 7.1]}, "geometry_name": "shape", "properties": {"fidn": "8584577AVA", "expsou": null, "nobjnm": null, "objnam": null, "quasou": null, "souacc": null, "tecsou": null, "verdat": null, "status": null, "inform": null, "ninfom": null, "ntxtds": null, "scamin": 21999, "txtdsc": null, "sordat": null, "sorind": null, "depth": 7.1}}, {"type": "Feature", "id": "layer-50858.691997", "geometry": {"type": "Point", "coordinates": [176.134863, -37.6433435, 12.1]}, "geometry_name": "shape", "properties": {"fidn": "8584577AWA", "expsou": null, "nobjnm": null, "objnam": null, "quasou": null, "souacc": null, "tecsou": null, "verdat": null, "status": null, "inform": null, "ninfom": null, "ntxtds": null, "scamin": 21999, "txtdsc": null, "sordat": null, "sorind": null, "depth": 12.1}}, {"type": "Feature", "id": "layer-50858.691998", "geometry": {"type": "Point", "coordinates": [176.1321675, -37.5964255, 9.1]}, "geometry_name": "shape", "properties": {"fidn": "8584577AXA", "expsou": null, "nobjnm": null, "objnam": null, "quasou": null, "souacc": null, "tecsou": null, "verdat": null, "status": null, "inform": null, "ninfom": null, "ntxtds": null, "scamin": 21999, "txtdsc": null, "sordat": null, "sorind": null, "depth": 9.1}}, {"type": "Feature", "id": "layer-50858.691999", "geometry": {"type": "Point", "coordinates": [176.1571706, -37.6116625, 6.7]}, "geometry_name": "shape", "properties": {"fidn": "8584577AYA", "expsou": null, "nobjnm": null, "objnam": null, "quasou": null, "souacc": null, "tecsou": null, "verdat": null, "status": null, "inform": null, "ninfom": null, "ntxtds": null, "scamin": 21999, "txtdsc": null, "sordat": null, "sorind": null, "depth": 6.7}}, {"type": "Feature", "id": "layer-50858.692000", "geometry": {"type": "Point", "coordinates": [176.176696, -37.6737995, 1]}, "geometry_name": "shape", "properties": {"fidn": "8584577AZA", "expsou": null, "nobjnm": null, "objnam": null, "quasou": null, "souacc": null, "tecsou": null, "verdat": null, "status": null, "inform": null, "ninfom": null, "ntxtds": null, "scamin": 21999, "txtdsc": null, "sordat": null, "sorind": null, "depth": 1}}, {"type": "Feature", "id": "layer-50858.692001", "geometry": {"type": "Point", "coordinates": [176.1665077, -37.6274538, 9.6]}, "geometry_name": "shape", "properties": {"fidn": "8584577BAA", "expsou": null, "nobjnm": null, "objnam": null, "quasou": null, "souacc": null, "tecsou": null, "verdat": null, "status": null, "inform": null, "ninfom": null, "ntxtds": null, "scamin": 21999, "txtdsc": null, "sordat": null, "sorind": null, "depth": 9.6}}, {"type": "Feature", "id": "layer-50858.692002", "geometry": {"type": "Point", "coordinates": [176.1852344, -37.6164746, 12.5]}, "geometry_name": "shape", "properties": {"fidn": "8584577BBA", "expsou": null, "nobjnm": null, "objnam": null, "quasou": null, "souacc": null, "tecsou": null, "verdat": null, "status": null, "inform": null, "ninfom": null, "ntxtds": null, "scamin": 21999, "txtdsc": null, "sordat": null, "sorind": null, "depth": 12.5}}, {"type": "Feature", "id": "layer-50858.692003", "geometry": {"type": "Point", "coordinates": [176.1821812, -37.6777241, 0.5]}, "geometry_name": "shape", "properties": {"fidn": "8584577BCA", "expsou": null, "nobjnm": null, "objnam": null, "quasou": null, "souacc": null, "tecsou": null, "verdat": null, "status": null, "inform": null, "ninfom": null, "ntxtds": null, "scamin": 21999, "txtdsc": null, "sordat": null, "sorind": null, "depth": 0.5}}, {"type": "Feature", "id": "layer-50858.692004", "geometry": {"type": "Point", "coordinates": [176.134215, -37.646485, 3.3]}, "geometry_name": "shape", "properties": {"fidn": "8584577BDA", "expsou": null, "nobjnm": null, "objnam": null, "quasou": null, "souacc": null, "tecsou": null, "verdat": null, "status": null, "inform": null, "ninfom": null, "ntxtds": null, "scamin": 21999, "txtdsc": null, "sordat": null, "sorind": null, "depth": 3.3}}, {"type": "Feature", "id": "layer-50858.692005", "geometry": {"type": "Point", "coordinates": [176.1857009, -37.6211004, 10.2]}, "geometry_name": "shape", "properties": {"fidn": "8584577BEA", "expsou": null, "nobjnm": null, "objnam": null, "quasou": null, "souacc": null, "tecsou": null, "verdat": null, "status": null, "inform": null, "ninfom": null, "ntxtds": null, "scamin": 21999, "txtdsc": null, "sordat": null, "sorind": null, "depth": 10.2}}, {"type": "Feature", "id": "layer-50858.692006", "geometry": {"type": "Point", "coordinates": [176.166725, -37.645775, 1.6]}, "geometry_name": "shape", "properties": {"fidn": "8584577BFA", "expsou": null, "nobjnm": null, "objnam": null, "quasou": null, "souacc": null, "tecsou": null, "verdat": null, "status": null, "inform": null, "ninfom": null, "ntxtds": null, "scamin": 21999, "txtdsc": null, "sordat": null, "sorind": null, "depth": 1.6}}, {"type": "Feature", "id": "layer-50858.692007", "geometry": {"type": "Point", "coordinates": [176.1483407, -37.5973584, 13]}, "geometry_name": "shape", "properties": {"fidn": "8584577BGA", "expsou": null, "nobjnm": null, "objnam": null, "quasou": null, "souacc": null, "tecsou": null, "verdat": null, "status": null, "inform": null, "ninfom": null, "ntxtds": null, "scamin": 21999, "txtdsc": null, "sordat": null, "sorind": null, "depth": 13}}, {"type": "Feature", "id": "layer-50858.692008", "geometry": {"type": "Point", "coordinates": [176.1897792, -37.6307114, 4.3]}, "geometry_name": "shape", "properties": {"fidn": "8584577BHA", "expsou": null, "nobjnm": null, "objnam": null, "quasou": null, "souacc": null, "tecsou": null, "verdat": null, "status": null, "inform": null, "ninfom": null, "ntxtds": null, "scamin": 21999, "txtdsc": null, "sordat": null, "sorind": null, "depth": 4.3}}, {"type": "Feature", "id": "layer-50858.692009", "geometry": {"type": "Point", "coordinates": [176.1664471, -37.6633968, 1.8]}, "geometry_name": "shape", "properties": {"fidn": "8584577BIA", "expsou": null, "nobjnm": null, "objnam": null, "quasou": null, "souacc": null, "tecsou": null, "verdat": null, "status": null, "inform": null, "ninfom": null, "ntxtds": null, "scamin": 21999, "txtdsc": null, "sordat": null, "sorind": null, "depth": 1.8}}, {"type": "Feature", "id": "layer-50858.692010", "geometry": {"type": "Point", "coordinates": [176.169735, -37.649595, -0.2]}, "geometry_name": "shape", "properties": {"fidn": "8584577BJA", "expsou": null, "nobjnm": null, "objnam": null, "quasou": null, "souacc": null, "tecsou": null, "verdat": null, "status": null, "inform": null, "ninfom": null, "ntxtds": null, "scamin": 21999, "txtdsc": null, "sordat": null, "sorind": null, "depth": -0.2}}, {"type": "Feature", "id": "layer-50858.692011", "geometry": {"type": "Point", "coordinates": [176.1391064, -37.612747, 4.1]}, "geometry_name": "shape", "properties": {"fidn": "8584577BKA", "expsou": null, "nobjnm": null, "objnam": null, "quasou": null, "souacc": null, "tecsou": null, "verdat": null, "status": null, "inform": null, "ninfom": null, "ntxtds": null, "scamin": 21999, "txtdsc": null, "sordat": null, "sorind": null, "depth": 4.1}}, {"type": "Feature", "id": "layer-50858.692012", "geometry": {"type": "Point", "coordinates": [176.1782349, -37.6121212, 11.4]}, "geometry_name": "shape", "properties": {"fidn": "8584577BLA", "expsou": null, "nobjnm": null, "objnam": null, "quasou": null, "souacc": null, "tecsou": null, "verdat": null, "status": null, "inform": null, "ninfom": null, "ntxtds": null, "scamin": 21999, "txtdsc": null, "sordat": null, "sorind": null, "depth": 11.4}}, {"type": "Feature", "id": "layer-50858.692013", "geometry": {"type": "Point", "coordinates": [176.1585341, -37.6600931, 2.8]}, "geometry_name": "shape", "properties": {"fidn": "8584577BMA", "expsou": null, "nobjnm": null, "objnam": null, "quasou": null, "souacc": null, "tecsou": null, "verdat": null, "status": null, "inform": null, "ninfom": null, "ntxtds": null, "scamin": 21999, "txtdsc": null, "sordat": null, "sorind": null, "depth": 2.8}}, {"type": "Feature", "id": "layer-50858.692014", "geometry": {"type": "Point", "coordinates": [176.1699817, -37.6093815, 12.6]}, "geometry_name": "shape", "properties": {"fidn": "8584577BNA", "expsou": null, "nobjnm": null, "objnam": null, "quasou": null, "souacc": null, "tecsou": null, "verdat": null, "status": null, "inform": null, "ninfom": null, "ntxtds": null, "scamin": 21999, "txtdsc": null, "sordat": null, "sorind": null, "depth": 12.6}}, {"type": "Feature", "id": "layer-50858.692015", "geometry": {"type": "Point", "coordinates": [176.1743642, -37.6839702, 2.2]}, "geometry_name": "shape", "properties": {"fidn": "8584577BOA", "expsou": null, "nobjnm": null, "objnam": null, "quasou": null, "souacc": null, "tecsou": null, "verdat": null, "status": null, "inform": null, "ninfom": null, "ntxtds": null, "scamin": 21999, "txtdsc": null, "sordat": null, "sorind": null, "depth": 2.2}}, {"type": "Feature", "id": "layer-50858.692016", "geometry": {"type": "Point", "coordinates": [176.1232787, -37.6397716, 5.8]}, "geometry_name": "shape", "properties": {"fidn": "8584577BPA", "expsou": null, "nobjnm": null, "objnam": null, "quasou": null, "souacc": null, "tecsou": null, "verdat": null, "status": null, "inform": null, "ninfom": null, "ntxtds": null, "scamin": 21999, "txtdsc": null, "sordat": null, "sorind": null, "depth": 5.8}}, {"type": "Feature", "id": "layer-50858.692017", "geometry": {"type": "Point", "coordinates": [176.1695937, -37.6205691, 11.6]}, "geometry_name": "shape", "properties": {"fidn": "8584577BQA", "expsou": null, "nobjnm": null, "objnam": null, "quasou": null, "souacc": null, "tecsou": null, "verdat": null, "status": null, "inform": null, "ninfom": null, "ntxtds": null, "scamin": 21999, "txtdsc": null, "sordat": null, "sorind": null, "depth": 11.6}}, {"type": "Feature", "id": "layer-50858.692018", "geometry": {"type": "Point", "coordinates": [176.1890938, -37.6071846, 19.1]}, "geometry_name": "shape", "properties": {"fidn": "8584577BRA", "expsou": null, "nobjnm": null, "objnam": null, "quasou": null, "souacc": null, "tecsou": null, "verdat": null, "status": null, "inform": null, "ninfom": null, "ntxtds": null, "scamin": 21999, "txtdsc": null, "sordat": null, "sorind": null, "depth": 19.1}}, {"type": "Feature", "id": "layer-50858.692019", "geometry": {"type": "Point", "coordinates": [176.1868111, -37.6243182, 10.3]}, "geometry_name": "shape", "properties": {"fidn": "8584577BSA", "expsou": null, "nobjnm": null, "objnam": null, "quasou": null, "souacc": null, "tecsou": null, "verdat": null, "status": null, "inform": null, "ninfom": null, "ntxtds": null, "scamin": 21999, "txtdsc": null, "sordat": null, "sorind": null, "depth": 10.3}}, {"type": "Feature", "id": "layer-50858.692020", "geometry": {"type": "Point", "coordinates": [176.124665, -37.6179818, -1]}, "geometry_name": "shape", "properties": {"fidn": "8584577BTA", "expsou": null, "nobjnm": null, "objnam": null, "quasou": null, "souacc": null, "tecsou": null, "verdat": null, "status": null, "inform": null, "ninfom": null, "ntxtds": null, "scamin": 21999, "txtdsc": null, "sordat": null, "sorind": null, "depth": -1}}, {"type": "Feature", "id": "layer-50858.692021", "geometry": {"type": "Point", "coordinates": [176.1420001, -37.6406578, 1]}, "geometry_name": "shape", "properties": {"fidn": "8584577BUA", "expsou": null, "nobjnm": null, "objnam": null, "quasou": null, "souacc": null, "tecsou": null, "verdat": null, "status": null, "inform": null, "ninfom": null, "ntxtds": null, "scamin": 21999, "txtdsc": null, "sordat": null, "sorind": null, "depth": 1}}, {"type": "Feature", "id": "layer-50858.692022", "geometry": {"type": "Point", "coordinates": [176.175974, -37.5964385, 16.8]}, "geometry_name": "shape", "properties": {"fidn": "8584577BVA", "expsou": null, "nobjnm": null, "objnam": null, "quasou": null, "souacc": null, "tecsou": null, "verdat": null, "status": null, "inform": null, "ninfom": null, "ntxtds": null, "scamin": 21999, "txtdsc": null, "sordat": null, "sorind": null, "depth": 16.8}}, {"type": "Feature", "id": "layer-50858.692023", "geometry": {"type": "Point", "coordinates": [176.1461387, -37.6596005, -0.2]}, "geometry_name": "shape", "properties": {"fidn": "8584577BWA", "expsou": null, "nobjnm": null, "objnam": null, "quasou": null, "souacc": null, "tecsou": null, "verdat": null, "status": null, "inform": null, "ninfom": null, "ntxtds": null, "scamin": 21999, "txtdsc": null, "sordat": null, "sorind": null, "depth": -0.2}}, {"type": "Feature", "id": "layer-50858.692024", "geometry": {"type": "Point", "coordinates": [176.173415, -37.635235, 1.4]}, "geometry_name": "shape", "properties": {"fidn": "8584577BXA", "expsou": null, "nobjnm": null, "objnam": null, "quasou": null, "souacc": null, "tecsou": null, "verdat": null, "status": null, "inform": null, "ninfom": null, "ntxtds": null, "scamin": 21999, "txtdsc": null, "sordat": null, "sorind": null, "depth": 1.4}}, {"type": "Feature", "id": "layer-50858.692025", "geometry": {"type": "Point", "coordinates": [176.17225, -37.63652, 13.1]}, "geometry_name": "shape", "properties": {"fidn": "8584577BYA", "expsou": null, "nobjnm": null, "objnam": null, "quasou": null, "souacc": null, "tecsou": null, "verdat": null, "status": null, "inform": null, "ninfom": null, "ntxtds": null, "scamin": 21999, "txtdsc": null, "sordat": null, "sorind": null, "depth": 13.1}}, {"type": "Feature", "id": "layer-50858.692026", "geometry": {"type": "Point", "coordinates": [176.155889, -37.6833512, -0.9]}, "geometry_name": "shape", "properties": {"fidn": "8584577BZA", "expsou": null, "nobjnm": null, "objnam": null, "quasou": null, "souacc": null, "tecsou": null, "verdat": null, "status": null, "inform": null, "ninfom": null, "ntxtds": null, "scamin": 21999, "txtdsc": null, "sordat": null, "sorind": null, "depth": -0.9}}, {"type": "Feature", "id": "layer-50858.692027", "geometry": {"type": "Point", "coordinates": [176.1615101, -37.6779591, -0.9]}, "geometry_name": "shape", "properties": {"fidn": "8584577CAA", "expsou": null, "nobjnm": null, "objnam": null, "quasou": null, "souacc": null, "tecsou": null, "verdat": null, "status": null, "inform": null, "ninfom": null, "ntxtds": null, "scamin": 21999, "txtdsc": null, "sordat": null, "sorind": null, "depth": -0.9}}, {"type": "Feature", "id": "layer-50858.692028", "geometry": {"type": "Point", "coordinates": [176.1238773, -37.6193195, -0.4]}, "geometry_name": "shape", "properties": {"fidn": "8584577CBA", "expsou": null, "nobjnm": null, "objnam": null, "quasou": null, "souacc": null, "tecsou": null, "verdat": null, "status": null, "inform": null, "ninfom": null, "ntxtds": null, "scamin": 21999, "txtdsc": null, "sordat": null, "sorind": null, "depth": -0.4}}, {"type": "Feature", "id": "layer-50858.692029", "geometry": {"type": "Point", "coordinates": [176.1258062, -37.6009595, 4]}, "geometry_name": "shape", "properties": {"fidn": "8584577CCA", "expsou": null, "nobjnm": null, "objnam": null, "quasou": null, "souacc": null, "tecsou": null, "verdat": null, "status": null, "inform": null, "ninfom": null, "ntxtds": null, "scamin": 21999, "txtdsc": null, "sordat": null, "sorind": null, "depth": 4}}, {"type": "Feature", "id": "layer-50858.692030", "geometry": {"type": "Point", "coordinates": [176.1696279, -37.6585734, 4.5]}, "geometry_name": "shape", "properties": {"fidn": "8584577CDA", "expsou": null, "nobjnm": null, "objnam": null, "quasou": null, "souacc": null, "tecsou": null, "verdat": null, "status": null, "inform": null, "ninfom": null, "ntxtds": null, "scamin": 21999, "txtdsc": null, "sordat": null, "sorind": null, "depth": 4.5}}, {"type": "Feature", "id": "layer-50858.692031", "geometry": {"type": "Point", "coordinates": [176.1820542, -37.6055082, 14.4]}, "geometry_name": "shape", "properties": {"fidn": "8584577CEA", "expsou": null, "nobjnm": null, "objnam": null, "quasou": null, "souacc": null, "tecsou": null, "verdat": null, "status": null, "inform": null, "ninfom": null, "ntxtds": null, "scamin": 21999, "txtdsc": null, "sordat": null, "sorind": null, "depth": 14.4}}, {"type": "Feature", "id": "layer-50858.692032", "geometry": {"type": "Point", "coordinates": [176.145736, -37.5974415, 12.5]}, "geometry_name": "shape", "properties": {"fidn": "8584577CFA", "expsou": null, "nobjnm": null, "objnam": null, "quasou": null, "souacc": null, "tecsou": null, "verdat": null, "status": null, "inform": null, "ninfom": null, "ntxtds": null, "scamin": 21999, "txtdsc": null, "sordat": null, "sorind": null, "depth": 12.5}}, {"type": "Feature", "id": "layer-50858.692033", "geometry": {"type": "Point", "coordinates": [176.1363891, -37.6102035, 4.1]}, "geometry_name": "shape", "properties": {"fidn": "8584577CGA", "expsou": null, "nobjnm": null, "objnam": null, "quasou": null, "souacc": null, "tecsou": null, "verdat": null, "status": null, "inform": null, "ninfom": null, "ntxtds": null, "scamin": 21999, "txtdsc": null, "sordat": null, "sorind": null, "depth": 4.1}}, {"type": "Feature", "id": "layer-50858.692034", "geometry": {"type": "Point", "coordinates": [176.153565, -37.654415, 0.2]}, "geometry_name": "shape", "properties": {"fidn": "8584577CHA", "expsou": null, "nobjnm": null, "objnam": null, "quasou": null, "souacc": null, "tecsou": null, "verdat": null, "status": null, "inform": null, "ninfom": null, "ntxtds": null, "scamin": 21999, "txtdsc": null, "sordat": null, "sorind": null, "depth": 0.2}}, {"type": "Feature", "id": "layer-50858.692035", "geometry": {"type": "Point", "coordinates": [176.1572468, -37.6206275, 5.9]}, "geometry_name": "shape", "properties": {"fidn": "8584577CIA", "expsou": null, "nobjnm": null, "objnam": null, "quasou": null, "souacc": null, "tecsou": null, "verdat": null, "status": null, "inform": null, "ninfom": null, "ntxtds": null, "scamin": 21999, "txtdsc": null, "sordat": null, "sorind": null, "depth": 5.9}}, {"type": "Feature", "id": "layer-50858.692036", "geometry": {"type": "Point", "coordinates": [176.1914308, -37.5963854, 26.5]}, "geometry_name": "shape", "properties": {"fidn": "8584577CJA", "expsou": null, "nobjnm": null, "objnam": null, "quasou": null, "souacc": null, "tecsou": null, "verdat": null, "status": null, "inform": null, "ninfom": null, "ntxtds": null, "scamin": 21999, "txtdsc": null, "sordat": null, "sorind": null, "depth": 26.5}}, {"type": "Feature", "id": "layer-50858.692037", "geometry": {"type": "Point", "coordinates": [176.1607757, -37.616357, 9.2]}, "geometry_name": "shape", "properties": {"fidn": "8584577CKA", "expsou": null, "nobjnm": null, "objnam": null, "quasou": null, "souacc": null, "tecsou": null, "verdat": null, "status": null, "inform": null, "ninfom": null, "ntxtds": null, "scamin": 21999, "txtdsc": null, "sordat": null, "sorind": null, "depth": 9.2}}, {"type": "Feature", "id": "layer-50858.692038", "geometry": {"type": "Point", "coordinates": [176.1325593, -37.6488049, -0.2]}, "geometry_name": "shape", "properties": {"fidn": "8584577CLA", "expsou": null, "nobjnm": null, "objnam": null, "quasou": null, "souacc": null, "tecsou": null, "verdat": null, "status": null, "inform": null, "ninfom": null, "ntxtds": null, "scamin": 21999, "txtdsc": null, "sordat": null, "sorind": null, "depth": -0.2}}, {"type": "Feature", "id": "layer-50858.692039", "geometry": {"type": "Point", "coordinates": [176.17375, -37.62411, 1.5]}, "geometry_name": "shape", "properties": {"fidn": "8584577CMA", "expsou": null, "nobjnm": null, "objnam": null, "quasou": null, "souacc": null, "tecsou": null, "verdat": null, "status": null, "inform": null, "ninfom": null, "ntxtds": null, "scamin": 21999, "txtdsc": null, "sordat": null, "sorind": null, "depth": 1.5}}, {"type": "Feature", "id": "layer-50858.692040", "geometry": {"type": "Point", "coordinates": [176.175494, -37.6862696, -0.7]}, "geometry_name": "shape", "properties": {"fidn": "8584577CNA", "expsou": null, "nobjnm": null, "objnam": null, "quasou": null, "souacc": null, "tecsou": null, "verdat": null, "status": null, "inform": null, "ninfom": null, "ntxtds": null, "scamin": 21999, "txtdsc": null, "sordat": null, "sorind": null, "depth": -0.7}}, {"type": "Feature", "id": "layer-50858.692041", "geometry": {"type": "Point", "coordinates": [176.1236825, -37.5954912, 5.6]}, "geometry_name": "shape", "properties": {"fidn": "8584577COA", "expsou": null, "nobjnm": null, "objnam": null, "quasou": null, "souacc": null, "tecsou": null, "verdat": null, "status": null, "inform": null, "ninfom": null, "ntxtds": null, "scamin": 21999, "txtdsc": null, "sordat": null, "sorind": null, "depth": 5.6}}, {"type": "Feature", "id": "layer-50858.692042", "geometry": {"type": "Point", "coordinates": [176.1244104, -37.6163721, -0.2]}, "geometry_name": "shape", "properties": {"fidn": "8584577CPA", "expsou": null, "nobjnm": null, "objnam": null, "quasou": null, "souacc": null, "tecsou": null, "verdat": null, "status": null, "inform": null, "ninfom": null, "ntxtds": null, "scamin": 21999, "txtdsc": null, "sordat": null, "sorind": null, "depth": -0.2}}, {"type": "Feature", "id": "layer-50858.692043", "geometry": {"type": "Point", "coordinates": [176.13706, -37.646915, 3.5]}, "geometry_name": "shape", "properties": {"fidn": "8584577CQA", "expsou": null, "nobjnm": null, "objnam": null, "quasou": null, "souacc": null, "tecsou": null, "verdat": null, "status": null, "inform": null, "ninfom": null, "ntxtds": null, "scamin": 21999, "txtdsc": null, "sordat": null, "sorind": null, "depth": 3.5}}, {"type": "Feature", "id": "layer-50858.692044", "geometry": {"type": "Point", "coordinates": [176.159065, -37.5916655, 16.9]}, "geometry_name": "shape", "properties": {"fidn": "8584577CRA", "expsou": null, "nobjnm": null, "objnam": null, "quasou": null, "souacc": null, "tecsou": null, "verdat": null, "status": null, "inform": null, "ninfom": null, "ntxtds": null, "scamin": 21999, "txtdsc": null, "sordat": null, "sorind": null, "depth": 16.9}}, {"type": "Feature", "id": "layer-50858.692045", "geometry": {"type": "Point", "coordinates": [176.176965, -37.63931, 6]}, "geometry_name": "shape", "properties": {"fidn": "8584577CSA", "expsou": null, "nobjnm": null, "objnam": null, "quasou": null, "souacc": null, "tecsou": null, "verdat": null, "status": null, "inform": null, "ninfom": null, "ntxtds": null, "scamin": 21999, "txtdsc": null, "sordat": null, "sorind": null, "depth": 6}}, {"type": "Feature", "id": "layer-50858.692046", "geometry": {"type": "Point", "coordinates": [176.133855, -37.6398287, 0.7]}, "geometry_name": "shape", "properties": {"fidn": "8584577CTA", "expsou": null, "nobjnm": null, "objnam": null, "quasou": null, "souacc": null, "tecsou": null, "verdat": null, "status": null, "inform": null, "ninfom": null, "ntxtds": null, "scamin": 21999, "txtdsc": null, "sordat": null, "sorind": null, "depth": 0.7}}, {"type": "Feature", "id": "layer-50858.692047", "geometry": {"type": "Point", "coordinates": [176.1445301, -37.6572183, 4.1]}, "geometry_name": "shape", "properties": {"fidn": "8584577CUA", "expsou": null, "nobjnm": null, "objnam": null, "quasou": null, "souacc": null, "tecsou": null, "verdat": null, "status": null, "inform": null, "ninfom": null, "ntxtds": null, "scamin": 21999, "txtdsc": null, "sordat": null, "sorind": null, "depth": 4.1}}, {"type": "Feature", "id": "layer-50858.692048", "geometry": {"type": "Point", "coordinates": [176.1385539, -37.6103959, 4.7]}, "geometry_name": "shape", "properties": {"fidn": "8584577CVA", "expsou": null, "nobjnm": null, "objnam": null, "quasou": null, "souacc": null, "tecsou": null, "verdat": null, "status": null, "inform": null, "ninfom": null, "ntxtds": null, "scamin": 21999, "txtdsc": null, "sordat": null, "sorind": null, "depth": 4.7}}, {"type": "Feature", "id": "layer-50858.692049", "geometry": {"type": "Point", "coordinates": [176.1391009, -37.6031904, 7.2]}, "geometry_name": "shape", "properties": {"fidn": "8584577CWA", "expsou": null, "nobjnm": null, "objnam": null, "quasou": null, "souacc": null, "tecsou": null, "verdat": null, "status": null, "inform": null, "ninfom": null, "ntxtds": null, "scamin": 21999, "txtdsc": null, "sordat": null, "sorind": null, "depth": 7.2}}, {"type": "Feature", "id": "layer-50858.692050", "geometry": {"type": "Point", "coordinates": [176.1609082, -37.6255024, 9.3]}, "geometry_name": "shape", "properties": {"fidn": "8584577CXA", "expsou": null, "nobjnm": null, "objnam": null, "quasou": null, "souacc": null, "tecsou": null, "verdat": null, "status": null, "inform": null, "ninfom": null, "ntxtds": null, "scamin": 21999, "txtdsc": null, "sordat": null, "sorind": null, "depth": 9.3}}, {"type": "Feature", "id": "layer-50858.692051", "geometry": {"type": "Point", "coordinates": [176.157875, -37.6542, 0.5]}, "geometry_name": "shape", "properties": {"fidn": "8584577CYA", "expsou": null, "nobjnm": null, "objnam": null, "quasou": null, "souacc": null, "tecsou": null, "verdat": null, "status": null, "inform": null, "ninfom": null, "ntxtds": null, "scamin": 21999, "txtdsc": null, "sordat": null, "sorind": null, "depth": 0.5}}, {"type": "Feature", "id": "layer-50858.692052", "geometry": {"type": "Point", "coordinates": [176.1592884, -37.6479093, 4.9]}, "geometry_name": "shape", "properties": {"fidn": "8584577CZA", "expsou": null, "nobjnm": null, "objnam": null, "quasou": null, "souacc": null, "tecsou": null, "verdat": null, "status": null, "inform": null, "ninfom": null, "ntxtds": null, "scamin": 21999, "txtdsc": null, "sordat": null, "sorind": null, "depth": 4.9}}, {"type": "Feature", "id": "layer-50858.692053", "geometry": {"type": "Point", "coordinates": [176.1645581, -37.6761047, 0.4]}, "geometry_name": "shape", "properties": {"fidn": "8584577DAA", "expsou": null, "nobjnm": null, "objnam": null, "quasou": null, "souacc": null, "tecsou": null, "verdat": null, "status": null, "inform": null, "ninfom": null, "ntxtds": null, "scamin": 21999, "txtdsc": null, "sordat": null, "sorind": null, "depth": 0.4}}, {"type": "Feature", "id": "layer-50858.692054", "geometry": {"type": "Point", "coordinates": [176.1625622, -37.6718053, -0.3]}, "geometry_name": "shape", "properties": {"fidn": "8584577DBA", "expsou": null, "nobjnm": null, "objnam": null, "quasou": null, "souacc": null, "tecsou": null, "verdat": null, "status": null, "inform": null, "ninfom": null, "ntxtds": null, "scamin": 21999, "txtdsc": null, "sordat": null, "sorind": null, "depth": -0.3}}, {"type": "Feature", "id": "layer-50858.692055", "geometry": {"type": "Point", "coordinates": [176.1225024, -37.6481416, 0.6]}, "geometry_name": "shape", "properties": {"fidn": "8584577DCA", "expsou": null, "nobjnm": null, "objnam": null, "quasou": null, "souacc": null, "tecsou": null, "verdat": null, "status": null, "inform": null, "ninfom": null, "ntxtds": null, "scamin": 21999, "txtdsc": null, "sordat": null, "sorind": null, "depth": 0.6}}, {"type": "Feature", "id": "layer-50858.692056", "geometry": {"type": "Point", "coordinates": [176.1776211, -37.6753431, 1.2]}, "geometry_name": "shape", "properties": {"fidn": "8584577DDA", "expsou": null, "nobjnm": null, "objnam": null, "quasou": null, "souacc": null, "tecsou": null, "verdat": null, "status": null, "inform": null, "ninfom": null, "ntxtds": null, "scamin": 21999, "txtdsc": null, "sordat": null, "sorind": null, "depth": 1.2}}, {"type": "Feature", "id": "layer-50858.692057", "geometry": {"type": "Point", "coordinates": [176.155156, -37.6058909, 8.7]}, "geometry_name": "shape", "properties": {"fidn": "8584577DEA", "expsou": null, "nobjnm": null, "objnam": null, "quasou": null, "souacc": null, "tecsou": null, "verdat": null, "status": null, "inform": null, "ninfom": null, "ntxtds": null, "scamin": 21999, "txtdsc": null, "sordat": null, "sorind": null, "depth": 8.7}}, {"type": "Feature", "id": "layer-50858.692058", "geometry": {"type": "Point", "coordinates": [176.1512458, -37.657709, 4.3]}, "geometry_name": "shape", "properties": {"fidn": "8584577DFA", "expsou": null, "nobjnm": null, "objnam": null, "quasou": null, "souacc": null, "tecsou": null, "verdat": null, "status": null, "inform": null, "ninfom": null, "ntxtds": null, "scamin": 21999, "txtdsc": null, "sordat": null, "sorind": null, "depth": 4.3}}, {"type": "Feature", "id": "layer-50858.692059", "geometry": {"type": "Point", "coordinates": [176.1591785, -37.6404639, 1.7]}, "geometry_name": "shape", "properties": {"fidn": "8584577DGA", "expsou": null, "nobjnm": null, "objnam": null, "quasou": null, "souacc": null, "tecsou": null, "verdat": null, "status": null, "inform": null, "ninfom": null, "ntxtds": null, "scamin": 21999, "txtdsc": null, "sordat": null, "sorind": null, "depth": 1.7}}, {"type": "Feature", "id": "layer-50858.692060", "geometry": {"type": "Point", "coordinates": [176.1943361, -37.6344362, 6]}, "geometry_name": "shape", "properties": {"fidn": "8584577DHA", "expsou": null, "nobjnm": null, "objnam": null, "quasou": null, "souacc": null, "tecsou": null, "verdat": null, "status": null, "inform": null, "ninfom": null, "ntxtds": null, "scamin": 21999, "txtdsc": null, "sordat": null, "sorind": null, "depth": 6}}, {"type": "Feature", "id": "layer-50858.692061", "geometry": {"type": "Point", "coordinates": [176.1757463, -37.6824885, -0.7]}, "geometry_name": "shape", "properties": {"fidn": "8584577DIA", "expsou": null, "nobjnm": null, "objnam": null, "quasou": null, "souacc": null, "tecsou": null, "verdat": null, "status": null, "inform": null, "ninfom": null, "ntxtds": null, "scamin": 21999, "txtdsc": null, "sordat": null, "sorind": null, "depth": -0.7}}, {"type": "Feature", "id": "layer-50858.692062", "geometry": {"type": "Point", "coordinates": [176.1722956, -37.6103947, 14.6]}, "geometry_name": "shape", "properties": {"fidn": "8584577DJA", "expsou": null, "nobjnm": null, "objnam": null, "quasou": null, "souacc": null, "tecsou": null, "verdat": null, "status": null, "inform": null, "ninfom": null, "ntxtds": null, "scamin": 21999, "txtdsc": null, "sordat": null, "sorind": null, "depth": 14.6}}, {"type": "Feature", "id": "layer-50858.692063", "geometry": {"type": "Point", "coordinates": [176.144336, -37.6188087, 0.9]}, "geometry_name": "shape", "properties": {"fidn": "8584577DKA", "expsou": null, "nobjnm": null, "objnam": null, "quasou": null, "souacc": null, "tecsou": null, "verdat": null, "status": null, "inform": null, "ninfom": null, "ntxtds": null, "scamin": 21999, "txtdsc": null, "sordat": null, "sorind": null, "depth": 0.9}}, {"type": "Feature", "id": "layer-50858.692064", "geometry": {"type": "Point", "coordinates": [176.1689146, -37.591961, 18.1]}, "geometry_name": "shape", "properties": {"fidn": "8584577DLA", "expsou": null, "nobjnm": null, "objnam": null, "quasou": null, "souacc": null, "tecsou": null, "verdat": null, "status": null, "inform": null, "ninfom": null, "ntxtds": null, "scamin": 21999, "txtdsc": null, "sordat": null, "sorind": null, "depth": 18.1}}, {"type": "Feature", "id": "layer-50858.692065", "geometry": {"type": "Point", "coordinates": [176.16277, -37.64306, 3.6]}, "geometry_name": "shape", "properties": {"fidn": "8584577DMA", "expsou": null, "nobjnm": null, "objnam": null, "quasou": null, "souacc": null, "tecsou": null, "verdat": null, "status": null, "inform": null, "ninfom": null, "ntxtds": null, "scamin": 21999, "txtdsc": null, "sordat": null, "sorind": null, "depth": 3.6}}, {"type": "Feature", "id": "layer-50858.692066", "geometry": {"type": "Point", "coordinates": [176.1533431, -37.62072, 4.8]}, "geometry_name": "shape", "properties": {"fidn": "8584577DNA", "expsou": null, "nobjnm": null, "objnam": null, "quasou": null, "souacc": null, "tecsou": null, "verdat": null, "status": null, "inform": null, "ninfom": null, "ntxtds": null, "scamin": 21999, "txtdsc": null, "sordat": null, "sorind": null, "depth": 4.8}}, {"type": "Feature", "id": "layer-50858.692067", "geometry": {"type": "Point", "coordinates": [176.1441952, -37.6002304, 10.5]}, "geometry_name": "shape", "properties": {"fidn": "8584577DOA", "expsou": null, "nobjnm": null, "objnam": null, "quasou": null, "souacc": null, "tecsou": null, "verdat": null, "status": null, "inform": null, "ninfom": null, "ntxtds": null, "scamin": 21999, "txtdsc": null, "sordat": null, "sorind": null, "depth": 10.5}}, {"type": "Feature", "id": "layer-50858.692068", "geometry": {"type": "Point", "coordinates": [176.1798671, -37.6382925, 0.5]}, "geometry_name": "shape", "properties": {"fidn": "8584577DPA", "expsou": null, "nobjnm": null, "objnam": null, "quasou": null, "souacc": null, "tecsou": null, "verdat": null, "status": null, "inform": null, "ninfom": null, "ntxtds": null, "scamin": 21999, "txtdsc": null, "sordat": null, "sorind": null, "depth": 0.5}}, {"type": "Feature", "id": "layer-50858.692069", "geometry": {"type": "Point", "coordinates": [176.176362, -37.6690966, 3]}, "geometry_name": "shape", "properties": {"fidn": "8584577DQA", "expsou": null, "nobjnm": null, "objnam": null, "quasou": null, "souacc": null, "tecsou": null, "verdat": null, "status": null, "inform": null, "ninfom": null, "ntxtds": null, "scamin": 21999, "txtdsc": null, "sordat": null, "sorind": null, "depth": 3}}, {"type": "Feature", "id": "layer-50858.692070", "geometry": {"type": "Point", "coordinates": [176.155495, -37.64556, 7.1]}, "geometry_name": "shape", "properties": {"fidn": "8584577DRA", "expsou": null, "nobjnm": null, "objnam": null, "quasou": null, "souacc": null, "tecsou": null, "verdat": null, "status": null, "inform": null, "ninfom": null, "ntxtds": null, "scamin": 21999, "txtdsc": null, "sordat": null, "sorind": null, "depth": 7.1}}, {"type": "Feature", "id": "layer-50858.692071", "geometry": {"type": "Point", "coordinates": [176.1264416, -37.6334176, -0.2]}, "geometry_name": "shape", "properties": {"fidn": "8584577DSA", "expsou": null, "nobjnm": null, "objnam": null, "quasou": null, "souacc": null, "tecsou": null, "verdat": null, "status": null, "inform": null, "ninfom": null, "ntxtds": null, "scamin": 21999, "txtdsc": null, "sordat": null, "sorind": null, "depth": -0.2}}, {"type": "Feature", "id": "layer-50858.692072", "geometry": {"type": "Point", "coordinates": [176.13031, -37.6070143, 0.5]}, "geometry_name": "shape", "properties": {"fidn": "8584577DTA", "expsou": null, "nobjnm": null, "objnam": null, "quasou": null, "souacc": null, "tecsou": null, "verdat": null, "status": null, "inform": null, "ninfom": null, "ntxtds": null, "scamin": 21999, "txtdsc": null, "sordat": null, "sorind": null, "depth": 0.5}}, {"type": "Feature", "id": "layer-50858.692073", "geometry": {"type": "Point", "coordinates": [176.1556913, -37.6152276, 5.9]}, "geometry_name": "shape", "properties": {"fidn": "8584577DUA", "expsou": null, "nobjnm": null, "objnam": null, "quasou": null, "souacc": null, "tecsou": null, "verdat": null, "status": null, "inform": null, "ninfom": null, "ntxtds": null, "scamin": 21999, "txtdsc": null, "sordat": null, "sorind": null, "depth": 5.9}}, {"type": "Feature", "id": "layer-50858.692074", "geometry": {"type": "Point", "coordinates": [176.1912663, -37.6346883, 2.4]}, "geometry_name": "shape", "properties": {"fidn": "8584577DVA", "expsou": null, "nobjnm": null, "objnam": null, "quasou": null, "souacc": null, "tecsou": null, "verdat": null, "status": null, "inform": null, "ninfom": null, "ntxtds": null, "scamin": 21999, "txtdsc": null, "sordat": null, "sorind": null, "depth": 2.4}}, {"type": "Feature", "id": "layer-50858.692075", "geometry": {"type": "Point", "coordinates": [176.1400264, -37.5953986, 12.5]}, "geometry_name": "shape", "properties": {"fidn": "8584577DWA", "expsou": null, "nobjnm": null, "objnam": null, "quasou": null, "souacc": null, "tecsou": null, "verdat": null, "status": null, "inform": null, "ninfom": null, "ntxtds": null, "scamin": 21999, "txtdsc": null, "sordat": null, "sorind": null, "depth": 12.5}}, {"type": "Feature", "id": "layer-50858.692076", "geometry": {"type": "Point", "coordinates": [176.1259628, -37.6030801, 0.9]}, "geometry_name": "shape", "properties": {"fidn": "8584577DXA", "expsou": null, "nobjnm": null, "objnam": null, "quasou": null, "souacc": null, "tecsou": null, "verdat": null, "status": null, "inform": null, "ninfom": null, "ntxtds": null, "scamin": 21999, "txtdsc": null, "sordat": null, "sorind": null, "depth": 0.9}}, {"type": "Feature", "id": "layer-50858.692077", "geometry": {"type": "Point", "coordinates": [176.15015, -37.647345, 7.4]}, "geometry_name": "shape", "properties": {"fidn": "8584577DYA", "expsou": null, "nobjnm": null, "objnam": null, "quasou": null, "souacc": null, "tecsou": null, "verdat": null, "status": null, "inform": null, "ninfom": null, "ntxtds": null, "scamin": 21999, "txtdsc": null, "sordat": null, "sorind": null, "depth": 7.4}}, {"type": "Feature", "id": "layer-50858.692078", "geometry": {"type": "Point", "coordinates": [176.16093, -37.64938, 1.4]}, "geometry_name": "shape", "properties": {"fidn": "8584577DZA", "expsou": null, "nobjnm": null, "objnam": null, "quasou": null, "souacc": null, "tecsou": null, "verdat": null, "status": null, "inform": null, "ninfom": null, "ntxtds": null, "scamin": 21999, "txtdsc": null, "sordat": null, "sorind": null, "depth": 1.4}}, {"type": "Feature", "id": "layer-50858.692079", "geometry": {"type": "Point", "coordinates": [176.1653927, -37.6089808, 11.1]}, "geometry_name": "shape", "properties": {"fidn": "8584577EAA", "expsou": null, "nobjnm": null, "objnam": null, "quasou": null, "souacc": null, "tecsou": null, "verdat": null, "status": null, "inform": null, "ninfom": null, "ntxtds": null, "scamin": 21999, "txtdsc": null, "sordat": null, "sorind": null, "depth": 11.1}}, {"type": "Feature", "id": "layer-50858.692080", "geometry": {"type": "Point", "coordinates": [176.16569, -37.649915, 0.1]}, "geometry_name": "shape", "properties": {"fidn": "8584577EBA", "expsou": null, "nobjnm": null, "objnam": null, "quasou": null, "souacc": null, "tecsou": null, "verdat": null, "status": null, "inform": null, "ninfom": null, "ntxtds": null, "scamin": 21999, "txtdsc": null, "sordat": null, "sorind": null, "depth": 0.1}}, {"type": "Feature", "id": "layer-50858.692081", "geometry": {"type": "Point", "coordinates": [176.1935218, -37.5974264, 26]}, "geometry_name": "shape", "properties": {"fidn": "8584577ECA", "expsou": null, "nobjnm": null, "objnam": null, "quasou": null, "souacc": null, "tecsou": null, "verdat": null, "status": null, "inform": null, "ninfom": null, "ntxtds": null, "scamin": 21999, "txtdsc": null, "sordat": null, "sorind": null, "depth": 26}}, {"type": "Feature", "id": "layer-50858.692082", "geometry": {"type": "Point", "coordinates": [176.1291796, -37.646214, 1.2]}, "geometry_name": "shape", "properties": {"fidn": "8584577EDA", "expsou": null, "nobjnm": null, "objnam": null, "quasou": null, "souacc": null, "tecsou": null, "verdat": null, "status": null, "inform": null, "ninfom": null, "ntxtds": null, "scamin": 21999, "txtdsc": null, "sordat": null, "sorind": null, "depth": 1.2}}, {"type": "Feature", "id": "layer-50858.692083", "geometry": {"type": "Point", "coordinates": [176.1539938, -37.5994458, 6.7]}, "geometry_name": "shape", "properties": {"fidn": "8584577EEA", "expsou": null, "nobjnm": null, "objnam": null, "quasou": null, "souacc": null, "tecsou": null, "verdat": null, "status": null, "inform": null, "ninfom": null, "ntxtds": null, "scamin": 21999, "txtdsc": null, "sordat": null, "sorind": null, "depth": 6.7}}, {"type": "Feature", "id": "layer-50858.692084", "geometry": {"type": "Point", "coordinates": [176.1523905, -37.6508118, 1.9]}, "geometry_name": "shape", "properties": {"fidn": "8584577EFA", "expsou": null, "nobjnm": null, "objnam": null, "quasou": null, "souacc": null, "tecsou": null, "verdat": null, "status": null, "inform": null, "ninfom": null, "ntxtds": null, "scamin": 21999, "txtdsc": null, "sordat": null, "sorind": null, "depth": 1.9}}, {"type": "Feature", "id": "layer-50858.692085", "geometry": {"type": "Point", "coordinates": [176.158937, -37.6774061, -1.1]}, "geometry_name": "shape", "properties": {"fidn": "8584577EGA", "expsou": null, "nobjnm": null, "objnam": null, "quasou": null, "souacc": null, "tecsou": null, "verdat": null, "status": null, "inform": null, "ninfom": null, "ntxtds": null, "scamin": 21999, "txtdsc": null, "sordat": null, "sorind": null, "depth": -1.1}}, {"type": "Feature", "id": "layer-50858.692086", "geometry": {"type": "Point", "coordinates": [176.1350627, -37.6039892, 6.3]}, "geometry_name": "shape", "properties": {"fidn": "8584577EHA", "expsou": null, "nobjnm": null, "objnam": null, "quasou": null, "souacc": null, "tecsou": null, "verdat": null, "status": null, "inform": null, "ninfom": null, "ntxtds": null, "scamin": 21999, "txtdsc": null, "sordat": null, "sorind": null, "depth": 6.3}}, {"type": "Feature", "id": "layer-50858.692087", "geometry": {"type": "Point", "coordinates": [176.156356, -37.6403136, -0.2]}, "geometry_name": "shape", "properties": {"fidn": "8584577EIA", "expsou": null, "nobjnm": null, "objnam": null, "quasou": null, "souacc": null, "tecsou": null, "verdat": null, "status": null, "inform": null, "ninfom": null, "ntxtds": null, "scamin": 21999, "txtdsc": null, "sordat": null, "sorind": null, "depth": -0.2}}, {"type": "Feature", "id": "layer-50858.692088", "geometry": {"type": "Point", "coordinates": [176.1525113, -37.6263133, -0.4]}, "geometry_name": "shape", "properties": {"fidn": "8584577EJA", "expsou": null, "nobjnm": null, "objnam": null, "quasou": null, "souacc": null, "tecsou": null, "verdat": null, "status": null, "inform": null, "ninfom": null, "ntxtds": null, "scamin": 21999, "txtdsc": null, "sordat": null, "sorind": null, "depth": -0.4}}, {"type": "Feature", "id": "layer-50858.692089", "geometry": {"type": "Point", "coordinates": [176.1355837, -37.6474037, 2.7]}, "geometry_name": "shape", "properties": {"fidn": "8584577EKA", "expsou": null, "nobjnm": null, "objnam": null, "quasou": null, "souacc": null, "tecsou": null, "verdat": null, "status": null, "inform": null, "ninfom": null, "ntxtds": null, "scamin": 21999, "txtdsc": null, "sordat": null, "sorind": null, "depth": 2.7}}, {"type": "Feature", "id": "layer-50858.692090", "geometry": {"type": "Point", "coordinates": [176.150822, -37.5997076, 11.1]}, "geometry_name": "shape", "properties": {"fidn": "8584577ELA", "expsou": null, "nobjnm": null, "objnam": null, "quasou": null, "souacc": null, "tecsou": null, "verdat": null, "status": null, "inform": null, "ninfom": null, "ntxtds": null, "scamin": 21999, "txtdsc": null, "sordat": null, "sorind": null, "depth": 11.1}}, {"type": "Feature", "id": "layer-50858.692091", "geometry": {"type": "Point", "coordinates": [176.1725619, -37.6882281, 6.1]}, "geometry_name": "shape", "properties": {"fidn": "8584577EMA", "expsou": null, "nobjnm": null, "objnam": null, "quasou": null, "souacc": null, "tecsou": null, "verdat": null, "status": null, "inform": null, "ninfom": null, "ntxtds": null, "scamin": 21999, "txtdsc": null, "sordat": null, "sorind": null, "depth": 6.1}}, {"type": "Feature", "id": "layer-50858.692092", "geometry": {"type": "Point", "coordinates": [176.1427195, -37.6455188, 8.8]}, "geometry_name": "shape", "properties": {"fidn": "8584577ENA", "expsou": null, "nobjnm": null, "objnam": null, "quasou": null, "souacc": null, "tecsou": null, "verdat": null, "status": null, "inform": null, "ninfom": null, "ntxtds": null, "scamin": 21999, "txtdsc": null, "sordat": null, "sorind": null, "depth": 8.8}}, {"type": "Feature", "id": "layer-50858.692093", "geometry": {"type": "Point", "coordinates": [176.1248689, -37.6287392, 1.1]}, "geometry_name": "shape", "properties": {"fidn": "8584577EOA", "expsou": null, "nobjnm": null, "objnam": null, "quasou": null, "souacc": null, "tecsou": null, "verdat": null, "status": null, "inform": null, "ninfom": null, "ntxtds": null, "scamin": 21999, "txtdsc": null, "sordat": null, "sorind": null, "depth": 1.1}}, {"type": "Feature", "id": "layer-50858.692094", "geometry": {"type": "Point", "coordinates": [176.15756, -37.652595, 0.4]}, "geometry_name": "shape", "properties": {"fidn": "8584577EPA", "expsou": null, "nobjnm": null, "objnam": null, "quasou": null, "souacc": null, "tecsou": null, "verdat": null, "status": null, "inform": null, "ninfom": null, "ntxtds": null, "scamin": 21999, "txtdsc": null, "sordat": null, "sorind": null, "depth": 0.4}}, {"type": "Feature", "id": "layer-50858.692095", "geometry": {"type": "Point", "coordinates": [176.1285611, -37.6017634, 6.2]}, "geometry_name": "shape", "properties": {"fidn": "8584577EQA", "expsou": null, "nobjnm": null, "objnam": null, "quasou": null, "souacc": null, "tecsou": null, "verdat": null, "status": null, "inform": null, "ninfom": null, "ntxtds": null, "scamin": 21999, "txtdsc": null, "sordat": null, "sorind": null, "depth": 6.2}}, {"type": "Feature", "id": "layer-50858.692096", "geometry": {"type": "Point", "coordinates": [176.1276009, -37.6472357, 0.3]}, "geometry_name": "shape", "properties": {"fidn": "8584577ERA", "expsou": null, "nobjnm": null, "objnam": null, "quasou": null, "souacc": null, "tecsou": null, "verdat": null, "status": null, "inform": null, "ninfom": null, "ntxtds": null, "scamin": 21999, "txtdsc": null, "sordat": null, "sorind": null, "depth": 0.3}}, {"type": "Feature", "id": "layer-50858.692097", "geometry": {"type": "Point", "coordinates": [176.1542864, -37.6248446, 3.9]}, "geometry_name": "shape", "properties": {"fidn": "8584577ESA", "expsou": null, "nobjnm": null, "objnam": null, "quasou": null, "souacc": null, "tecsou": null, "verdat": null, "status": null, "inform": null, "ninfom": null, "ntxtds": null, "scamin": 21999, "txtdsc": null, "sordat": null, "sorind": null, "depth": 3.9}}, {"type": "Feature", "id": "layer-50858.692098", "geometry": {"type": "Point", "coordinates": [176.1300988, -37.6427072, 10.8]}, "geometry_name": "shape", "properties": {"fidn": "8584577ETA", "expsou": null, "nobjnm": null, "objnam": null, "quasou": null, "souacc": null, "tecsou": null, "verdat": null, "status": null, "inform": null, "ninfom": null, "ntxtds": null, "scamin": 21999, "txtdsc": null, "sordat": null, "sorind": null, "depth": 10.8}}, {"type": "Feature", "id": "layer-50858.692099", "geometry": {"type": "Point", "coordinates": [176.17283, -37.649915, 0.5]}, "geometry_name": "shape", "properties": {"fidn": "8584577EUA", "expsou": null, "nobjnm": null, "objnam": null, "quasou": null, "souacc": null, "tecsou": null, "verdat": null, "status": null, "inform": null, "ninfom": null, "ntxtds": null, "scamin": 21999, "txtdsc": null, "sordat": null, "sorind": null, "depth": 0.5}}, {"type": "Feature", "id": "layer-50858.692100", "geometry": {"type": "Point", "coordinates": [176.1258861, -37.5919704, 8]}, "geometry_name": "shape", "properties": {"fidn": "8584577EVA", "expsou": null, "nobjnm": null, "objnam": null, "quasou": null, "souacc": null, "tecsou": null, "verdat": null, "status": null, "inform": null, "ninfom": null, "ntxtds": null, "scamin": 21999, "txtdsc": null, "sordat": null, "sorind": null, "depth": 8}}, {"type": "Feature", "id": "layer-50858.692101", "geometry": {"type": "Point", "coordinates": [176.1328419, -37.5920404, 11.1]}, "geometry_name": "shape", "properties": {"fidn": "8584577EWA", "expsou": null, "nobjnm": null, "objnam": null, "quasou": null, "souacc": null, "tecsou": null, "verdat": null, "status": null, "inform": null, "ninfom": null, "ntxtds": null, "scamin": 21999, "txtdsc": null, "sordat": null, "sorind": null, "depth": 11.1}}, {"type": "Feature", "id": "layer-50858.692102", "geometry": {"type": "Point", "coordinates": [176.196093, -37.622815, 15.5]}, "geometry_name": "shape", "properties": {"fidn": "8584577EXA", "expsou": null, "nobjnm": null, "objnam": null, "quasou": null, "souacc": null, "tecsou": null, "verdat": null, "status": null, "inform": null, "ninfom": null, "ntxtds": null, "scamin": 21999, "txtdsc": null, "sordat": null, "sorind": null, "depth": 15.5}}, {"type": "Feature", "id": "layer-50858.692103", "geometry": {"type": "Point", "coordinates": [176.1529854, -37.6586794, 6.1]}, "geometry_name": "shape", "properties": {"fidn": "8584577EYA", "expsou": null, "nobjnm": null, "objnam": null, "quasou": null, "souacc": null, "tecsou": null, "verdat": null, "status": null, "inform": null, "ninfom": null, "ntxtds": null, "scamin": 21999, "txtdsc": null, "sordat": null, "sorind": null, "depth": 6.1}}, {"type": "Feature", "id": "layer-50858.692104", "geometry": {"type": "Point", "coordinates": [176.1222334, -37.6169855, -0.5]}, "geometry_name": "shape", "properties": {"fidn": "8584577EZA", "expsou": null, "nobjnm": null, "objnam": null, "quasou": null, "souacc": null, "tecsou": null, "verdat": null, "status": null, "inform": null, "ninfom": null, "ntxtds": null, "scamin": 21999, "txtdsc": null, "sordat": null, "sorind": null, "depth": -0.5}}, {"type": "Feature", "id": "layer-50858.692105", "geometry": {"type": "Point", "coordinates": [176.1580763, -37.625495, 6.5]}, "geometry_name": "shape", "properties": {"fidn": "8584577FAA", "expsou": null, "nobjnm": null, "objnam": null, "quasou": null, "souacc": null, "tecsou": null, "verdat": null, "status": null, "inform": null, "ninfom": null, "ntxtds": null, "scamin": 21999, "txtdsc": null, "sordat": null, "sorind": null, "depth": 6.5}}, {"type": "Feature", "id": "layer-50858.692106", "geometry": {"type": "Point", "coordinates": [176.1732579, -37.6583859, 1]}, "geometry_name": "shape", "properties": {"fidn": "8584577FBA", "expsou": null, "nobjnm": null, "objnam": null, "quasou": null, "souacc": null, "tecsou": null, "verdat": null, "status": null, "inform": null, "ninfom": null, "ntxtds": null, "scamin": 21999, "txtdsc": null, "sordat": null, "sorind": null, "depth": 1}}, {"type": "Feature", "id": "layer-50858.692107", "geometry": {"type": "Point", "coordinates": [176.1410624, -37.6533005, 2]}, "geometry_name": "shape", "properties": {"fidn": "8584577FCA", "expsou": null, "nobjnm": null, "objnam": null, "quasou": null, "souacc": null, "tecsou": null, "verdat": null, "status": null, "inform": null, "ninfom": null, "ntxtds": null, "scamin": 21999, "txtdsc": null, "sordat": null, "sorind": null, "depth": 2}}, {"type": "Feature", "id": "layer-50858.692108", "geometry": {"type": "Point", "coordinates": [176.1410815, -37.6163114, 0.2]}, "geometry_name": "shape", "properties": {"fidn": "8584577FDA", "expsou": null, "nobjnm": null, "objnam": null, "quasou": null, "souacc": null, "tecsou": null, "verdat": null, "status": null, "inform": null, "ninfom": null, "ntxtds": null, "scamin": 21999, "txtdsc": null, "sordat": null, "sorind": null, "depth": 0.2}}, {"type": "Feature", "id": "layer-50858.692109", "geometry": {"type": "Point", "coordinates": [176.17144, -37.64881, -0.3]}, "geometry_name": "shape", "properties": {"fidn": "8584577FEA", "expsou": null, "nobjnm": null, "objnam": null, "quasou": null, "souacc": null, "tecsou": null, "verdat": null, "status": null, "inform": null, "ninfom": null, "ntxtds": null, "scamin": 21999, "txtdsc": null, "sordat": null, "sorind": null, "depth": -0.3}}, {"type": "Feature", "id": "layer-50858.692110", "geometry": {"type": "Point", "coordinates": [176.1794391, -37.6082049, 13.7]}, "geometry_name": "shape", "properties": {"fidn": "8584577FFA", "expsou": null, "nobjnm": null, "objnam": null, "quasou": null, "souacc": null, "tecsou": null, "verdat": null, "status": null, "inform": null, "ninfom": null, "ntxtds": null, "scamin": 21999, "txtdsc": null, "sordat": null, "sorind": null, "depth": 13.7}}, {"type": "Feature", "id": "layer-50858.692111", "geometry": {"type": "Point", "coordinates": [176.1919648, -37.6309076, 2.4]}, "geometry_name": "shape", "properties": {"fidn": "8584577FGA", "expsou": null, "nobjnm": null, "objnam": null, "quasou": null, "souacc": null, "tecsou": null, "verdat": null, "status": null, "inform": null, "ninfom": null, "ntxtds": null, "scamin": 21999, "txtdsc": null, "sordat": null, "sorind": null, "depth": 2.4}}, {"type": "Feature", "id": "layer-50858.692112", "geometry": {"type": "Point", "coordinates": [176.1635967, -37.6615783, -0.5]}, "geometry_name": "shape", "properties": {"fidn": "8584577FHA", "expsou": null, "nobjnm": null, "objnam": null, "quasou": null, "souacc": null, "tecsou": null, "verdat": null, "status": null, "inform": null, "ninfom": null, "ntxtds": null, "scamin": 21999, "txtdsc": null, "sordat": null, "sorind": null, "depth": -0.5}}, {"type": "Feature", "id": "layer-50858.692113", "geometry": {"type": "Point", "coordinates": [176.169645, -37.64595, -0.2]}, "geometry_name": "shape", "properties": {"fidn": "8584577FIA", "expsou": null, "nobjnm": null, "objnam": null, "quasou": null, "souacc": null, "tecsou": null, "verdat": null, "status": null, "inform": null, "ninfom": null, "ntxtds": null, "scamin": 21999, "txtdsc": null, "sordat": null, "sorind": null, "depth": -0.2}}, {"type": "Feature", "id": "layer-50858.692114", "geometry": {"type": "Point", "coordinates": [176.1858578, -37.6029045, 19.5]}, "geometry_name": "shape", "properties": {"fidn": "8584577FJA", "expsou": null, "nobjnm": null, "objnam": null, "quasou": null, "souacc": null, "tecsou": null, "verdat": null, "status": null, "inform": null, "ninfom": null, "ntxtds": null, "scamin": 21999, "txtdsc": null, "sordat": null, "sorind": null, "depth": 19.5}}, {"type": "Feature", "id": "layer-50858.692115", "geometry": {"type": "Point", "coordinates": [176.1405, -37.648685, 3]}, "geometry_name": "shape", "properties": {"fidn": "8584577FKA", "expsou": null, "nobjnm": null, "objnam": null, "quasou": null, "souacc": null, "tecsou": null, "verdat": null, "status": null, "inform": null, "ninfom": null, "ntxtds": null, "scamin": 21999, "txtdsc": null, "sordat": null, "sorind": null, "depth": 3}}, {"type": "Feature", "id": "layer-50858.692116", "geometry": {"type": "Point", "coordinates": [176.1405487, -37.6048619, 2.8]}, "geometry_name": "shape", "properties": {"fidn": "8584577FLA", "expsou": null, "nobjnm": null, "objnam": null, "quasou": null, "souacc": null, "tecsou": null, "verdat": null, "status": null, "inform": null, "ninfom": null, "ntxtds": null, "scamin": 21999, "txtdsc": null, "sordat": null, "sorind": null, "depth": 2.8}}, {"type": "Feature", "id": "layer-50858.692117", "geometry": {"type": "Point", "coordinates": [176.1645646, -37.6555488, 2.3]}, "geometry_name": "shape", "properties": {"fidn": "8584577FMA", "expsou": null, "nobjnm": null, "objnam": null, "quasou": null, "souacc": null, "tecsou": null, "verdat": null, "status": null, "inform": null, "ninfom": null, "ntxtds": null, "scamin": 21999, "txtdsc": null, "sordat": null, "sorind": null, "depth": 2.3}}, {"type": "Feature", "id": "layer-50858.692118", "geometry": {"type": "Point", "coordinates": [176.1692439, -37.5945747, 15.7]}, "geometry_name": "shape", "properties": {"fidn": "8584577FNA", "expsou": null, "nobjnm": null, "objnam": null, "quasou": null, "souacc": null, "tecsou": null, "verdat": null, "status": null, "inform": null, "ninfom": null, "ntxtds": null, "scamin": 21999, "txtdsc": null, "sordat": null, "sorind": null, "depth": 15.7}}, {"type": "Feature", "id": "layer-50858.692119", "geometry": {"type": "Point", "coordinates": [176.1372109, -37.6451245, 5.2]}, "geometry_name": "shape", "properties": {"fidn": "8584577FOA", "expsou": null, "nobjnm": null, "objnam": null, "quasou": null, "souacc": null, "tecsou": null, "verdat": null, "status": null, "inform": null, "ninfom": null, "ntxtds": null, "scamin": 21999, "txtdsc": null, "sordat": null, "sorind": null, "depth": 5.2}}, {"type": "Feature", "id": "layer-50858.692120", "geometry": {"type": "Point", "coordinates": [176.142602, -37.6029663, 6.5]}, "geometry_name": "shape", "properties": {"fidn": "8584577FPA", "expsou": null, "nobjnm": null, "objnam": null, "quasou": null, "souacc": null, "tecsou": null, "verdat": null, "status": null, "inform": null, "ninfom": null, "ntxtds": null, "scamin": 21999, "txtdsc": null, "sordat": null, "sorind": null, "depth": 6.5}}, {"type": "Feature", "id": "layer-50858.692121", "geometry": {"type": "Point", "coordinates": [176.1835488, -37.6137909, 12.8]}, "geometry_name": "shape", "properties": {"fidn": "8584577FQA", "expsou": null, "nobjnm": null, "objnam": null, "quasou": null, "souacc": null, "tecsou": null, "verdat": null, "status": null, "inform": null, "ninfom": null, "ntxtds": null, "scamin": 21999, "txtdsc": null, "sordat": null, "sorind": null, "depth": 12.8}}, {"type": "Feature", "id": "layer-50858.692122", "geometry": {"type": "Point", "coordinates": [176.175795, -37.652165, 1.3]}, "geometry_name": "shape", "properties": {"fidn": "8584577FRA", "expsou": null, "nobjnm": null, "objnam": null, "quasou": null, "souacc": null, "tecsou": null, "verdat": null, "status": null, "inform": null, "ninfom": null, "ntxtds": null, "scamin": 21999, "txtdsc": null, "sordat": null, "sorind": null, "depth": 1.3}}, {"type": "Feature", "id": "layer-50858.692123", "geometry": {"type": "Point", "coordinates": [176.1376832, -37.6543412, 0.8]}, "geometry_name": "shape", "properties": {"fidn": "8584577FSA", "expsou": null, "nobjnm": null, "objnam": null, "quasou": null, "souacc": null, "tecsou": null, "verdat": null, "status": null, "inform": null, "ninfom": null, "ntxtds": null, "scamin": 21999, "txtdsc": null, "sordat": null, "sorind": null, "depth": 0.8}}, {"type": "Feature", "id": "layer-50858.692124", "geometry": {"type": "Point", "coordinates": [176.1784, -37.6492, 1.2]}, "geometry_name": "shape", "properties": {"fidn": "8584577FTA", "expsou": null, "nobjnm": null, "objnam": null, "quasou": null, "souacc": null, "tecsou": null, "verdat": null, "status": null, "inform": null, "ninfom": null, "ntxtds": null, "scamin": 21999, "txtdsc": null, "sordat": null, "sorind": null, "depth": 1.2}}, {"type": "Feature", "id": "layer-50858.692125", "geometry": {"type": "Point", "coordinates": [176.1844824, -37.607271, 15.5]}, "geometry_name": "shape", "properties": {"fidn": "8584577FUA", "expsou": null, "nobjnm": null, "objnam": null, "quasou": null, "souacc": null, "tecsou": null, "verdat": null, "status": null, "inform": null, "ninfom": null, "ntxtds": null, "scamin": 21999, "txtdsc": null, "sordat": null, "sorind": null, "depth": 15.5}}, {"type": "Feature", "id": "layer-50858.692126", "geometry": {"type": "Point", "coordinates": [176.1785069, -37.615005, 10.3]}, "geometry_name": "shape", "properties": {"fidn": "8584577FVA", "expsou": null, "nobjnm": null, "objnam": null, "quasou": null, "souacc": null, "tecsou": null, "verdat": null, "status": null, "inform": null, "ninfom": null, "ntxtds": null, "scamin": 21999, "txtdsc": null, "sordat": null, "sorind": null, "depth": 10.3}}, {"type": "Feature", "id": "layer-50858.692127", "geometry": {"type": "Point", "coordinates": [176.1794771, -37.621927, 8.7]}, "geometry_name": "shape", "properties": {"fidn": "8584577FWA", "expsou": null, "nobjnm": null, "objnam": null, "quasou": null, "souacc": null, "tecsou": null, "verdat": null, "status": null, "inform": null, "ninfom": null, "ntxtds": null, "scamin": 21999, "txtdsc": null, "sordat": null, "sorind": null, "depth": 8.7}}, {"type": "Feature", "id": "layer-50858.692128", "geometry": {"type": "Point", "coordinates": [176.1596839, -37.6236059, 8.9]}, "geometry_name": "shape", "properties": {"fidn": "8584577FXA", "expsou": null, "nobjnm": null, "objnam": null, "quasou": null, "souacc": null, "tecsou": null, "verdat": null, "status": null, "inform": null, "ninfom": null, "ntxtds": null, "scamin": 21999, "txtdsc": null, "sordat": null, "sorind": null, "depth": 8.9}}, {"type": "Feature", "id": "layer-50858.692129", "geometry": {"type": "Point", "coordinates": [176.163796, -37.6501365, 0.1]}, "geometry_name": "shape", "properties": {"fidn": "8584577FYA", "expsou": null, "nobjnm": null, "objnam": null, "quasou": null, "souacc": null, "tecsou": null, "verdat": null, "status": null, "inform": null, "ninfom": null, "ntxtds": null, "scamin": 21999, "txtdsc": null, "sordat": null, "sorind": null, "depth": 0.1}}, {"type": "Feature", "id": "layer-50858.692130", "geometry": {"type": "Point", "coordinates": [176.1583147, -37.6466986, 5.5]}, "geometry_name": "shape", "properties": {"fidn": "8584577FZA", "expsou": null, "nobjnm": null, "objnam": null, "quasou": null, "souacc": null, "tecsou": null, "verdat": null, "status": null, "inform": null, "ninfom": null, "ntxtds": null, "scamin": 21999, "txtdsc": null, "sordat": null, "sorind": null, "depth": 5.5}}, {"type": "Feature", "id": "layer-50858.692131", "geometry": {"type": "Point", "coordinates": [176.1424031, -37.5956755, 12.8]}, "geometry_name": "shape", "properties": {"fidn": "8584577GAA", "expsou": null, "nobjnm": null, "objnam": null, "quasou": null, "souacc": null, "tecsou": null, "verdat": null, "status": null, "inform": null, "ninfom": null, "ntxtds": null, "scamin": 21999, "txtdsc": null, "sordat": null, "sorind": null, "depth": 12.8}}, {"type": "Feature", "id": "layer-50858.692132", "geometry": {"type": "Point", "coordinates": [176.13025, -37.64841, -0.2]}, "geometry_name": "shape", "properties": {"fidn": "8584577GBA", "expsou": null, "nobjnm": null, "objnam": null, "quasou": null, "souacc": null, "tecsou": null, "verdat": null, "status": null, "inform": null, "ninfom": null, "ntxtds": null, "scamin": 21999, "txtdsc": null, "sordat": null, "sorind": null, "depth": -0.2}}, {"type": "Feature", "id": "layer-50858.692133", "geometry": {"type": "Point", "coordinates": [176.1487374, -37.610604, 5.3]}, "geometry_name": "shape", "properties": {"fidn": "8584577GCA", "expsou": null, "nobjnm": null, "objnam": null, "quasou": null, "souacc": null, "tecsou": null, "verdat": null, "status": null, "inform": null, "ninfom": null, "ntxtds": null, "scamin": 21999, "txtdsc": null, "sordat": null, "sorind": null, "depth": 5.3}}, {"type": "Feature", "id": "layer-50858.692134", "geometry": {"type": "Point", "coordinates": [176.17782, -37.645525, 6]}, "geometry_name": "shape", "properties": {"fidn": "8584577GDA", "expsou": null, "nobjnm": null, "objnam": null, "quasou": null, "souacc": null, "tecsou": null, "verdat": null, "status": null, "inform": null, "ninfom": null, "ntxtds": null, "scamin": 21999, "txtdsc": null, "sordat": null, "sorind": null, "depth": 6}}, {"type": "Feature", "id": "layer-50858.692135", "geometry": {"type": "Point", "coordinates": [176.1789243, -37.5948239, 20.6]}, "geometry_name": "shape", "properties": {"fidn": "8584577GEA", "expsou": null, "nobjnm": null, "objnam": null, "quasou": null, "souacc": null, "tecsou": null, "verdat": null, "status": null, "inform": null, "ninfom": null, "ntxtds": null, "scamin": 21999, "txtdsc": null, "sordat": null, "sorind": null, "depth": 20.6}}, {"type": "Feature", "id": "layer-50858.692136", "geometry": {"type": "Point", "coordinates": [176.1817515, -37.6742343, -0.7]}, "geometry_name": "shape", "properties": {"fidn": "8584577GFA", "expsou": null, "nobjnm": null, "objnam": null, "quasou": null, "souacc": null, "tecsou": null, "verdat": null, "status": null, "inform": null, "ninfom": null, "ntxtds": null, "scamin": 21999, "txtdsc": null, "sordat": null, "sorind": null, "depth": -0.7}}, {"type": "Feature", "id": "layer-50858.692137", "geometry": {"type": "Point", "coordinates": [176.1480282, -37.6209516, 3.1]}, "geometry_name": "shape", "properties": {"fidn": "8584577GGA", "expsou": null, "nobjnm": null, "objnam": null, "quasou": null, "souacc": null, "tecsou": null, "verdat": null, "status": null, "inform": null, "ninfom": null, "ntxtds": null, "scamin": 21999, "txtdsc": null, "sordat": null, "sorind": null, "depth": 3.1}}, {"type": "Feature", "id": "layer-50858.692138", "geometry": {"type": "Point", "coordinates": [176.1260874, -37.6482656, 0.2]}, "geometry_name": "shape", "properties": {"fidn": "8584577GHA", "expsou": null, "nobjnm": null, "objnam": null, "quasou": null, "souacc": null, "tecsou": null, "verdat": null, "status": null, "inform": null, "ninfom": null, "ntxtds": null, "scamin": 21999, "txtdsc": null, "sordat": null, "sorind": null, "depth": 0.2}}, {"type": "Feature", "id": "layer-50858.692139", "geometry": {"type": "Point", "coordinates": [176.1736619, -37.6866618, 3.7]}, "geometry_name": "shape", "properties": {"fidn": "8584577GIA", "expsou": null, "nobjnm": null, "objnam": null, "quasou": null, "souacc": null, "tecsou": null, "verdat": null, "status": null, "inform": null, "ninfom": null, "ntxtds": null, "scamin": 21999, "txtdsc": null, "sordat": null, "sorind": null, "depth": 3.7}}, {"type": "Feature", "id": "layer-50858.692140", "geometry": {"type": "Point", "coordinates": [176.1741712, -37.6786012, 2.6]}, "geometry_name": "shape", "properties": {"fidn": "8584577GJA", "expsou": null, "nobjnm": null, "objnam": null, "quasou": null, "souacc": null, "tecsou": null, "verdat": null, "status": null, "inform": null, "ninfom": null, "ntxtds": null, "scamin": 21999, "txtdsc": null, "sordat": null, "sorind": null, "depth": 2.6}}, {"type": "Feature", "id": "layer-50858.692141", "geometry": {"type": "Point", "coordinates": [176.1868092, -37.6746946, -1.1]}, "geometry_name": "shape", "properties": {"fidn": "8584577GKA", "expsou": null, "nobjnm": null, "objnam": null, "quasou": null, "souacc": null, "tecsou": null, "verdat": null, "status": null, "inform": null, "ninfom": null, "ntxtds": null, "scamin": 21999, "txtdsc": null, "sordat": null, "sorind": null, "depth": -1.1}}, {"type": "Feature", "id": "layer-50858.692142", "geometry": {"type": "Point", "coordinates": [176.1893659, -37.6035885, 21.5]}, "geometry_name": "shape", "properties": {"fidn": "8584577GLA", "expsou": null, "nobjnm": null, "objnam": null, "quasou": null, "souacc": null, "tecsou": null, "verdat": null, "status": null, "inform": null, "ninfom": null, "ntxtds": null, "scamin": 21999, "txtdsc": null, "sordat": null, "sorind": null, "depth": 21.5}}, {"type": "Feature", "id": "layer-50858.692143", "geometry": {"type": "Point", "coordinates": [176.1922676, -37.599766, 25.5]}, "geometry_name": "shape", "properties": {"fidn": "8584577GMA", "expsou": null, "nobjnm": null, "objnam": null, "quasou": null, "souacc": null, "tecsou": null, "verdat": null, "status": null, "inform": null, "ninfom": null, "ntxtds": null, "scamin": 21999, "txtdsc": null, "sordat": null, "sorind": null, "depth": 25.5}}, {"type": "Feature", "id": "layer-50858.692144", "geometry": {"type": "Point", "coordinates": [176.144807, -37.6171769, 4.7]}, "geometry_name": "shape", "properties": {"fidn": "8584577GNA", "expsou": null, "nobjnm": null, "objnam": null, "quasou": null, "souacc": null, "tecsou": null, "verdat": null, "status": null, "inform": null, "ninfom": null, "ntxtds": null, "scamin": 21999, "txtdsc": null, "sordat": null, "sorind": null, "depth": 4.7}}, {"type": "Feature", "id": "layer-50858.692145", "geometry": {"type": "Point", "coordinates": [176.1728407, -37.6831186, 4.2]}, "geometry_name": "shape", "properties": {"fidn": "8584577GOA", "expsou": null, "nobjnm": null, "objnam": null, "quasou": null, "souacc": null, "tecsou": null, "verdat": null, "status": null, "inform": null, "ninfom": null, "ntxtds": null, "scamin": 21999, "txtdsc": null, "sordat": null, "sorind": null, "depth": 4.2}}, {"type": "Feature", "id": "layer-50858.692146", "geometry": {"type": "Point", "coordinates": [176.1397567, -37.6441772, 11.5]}, "geometry_name": "shape", "properties": {"fidn": "8584577GPA", "expsou": null, "nobjnm": null, "objnam": null, "quasou": null, "souacc": null, "tecsou": null, "verdat": null, "status": null, "inform": null, "ninfom": null, "ntxtds": null, "scamin": 21999, "txtdsc": null, "sordat": null, "sorind": null, "depth": 11.5}}, {"type": "Feature", "id": "layer-50858.692147", "geometry": {"type": "Point", "coordinates": [176.15976, -37.638665, 0.5]}, "geometry_name": "shape", "properties": {"fidn": "8584577GQA", "expsou": null, "nobjnm": null, "objnam": null, "quasou": null, "souacc": null, "tecsou": null, "verdat": null, "status": null, "inform": null, "ninfom": null, "ntxtds": null, "scamin": 21999, "txtdsc": null, "sordat": null, "sorind": null, "depth": 0.5}}, {"type": "Feature", "id": "layer-50858.692148", "geometry": {"type": "Point", "coordinates": [176.1223251, -37.6601747, -0.6]}, "geometry_name": "shape", "properties": {"fidn": "8584577GRA", "expsou": null, "nobjnm": null, "objnam": null, "quasou": null, "souacc": null, "tecsou": null, "verdat": null, "status": null, "inform": null, "ninfom": null, "ntxtds": null, "scamin": 21999, "txtdsc": null, "sordat": null, "sorind": null, "depth": -0.6}}, {"type": "Feature", "id": "layer-50858.692149", "geometry": {"type": "Point", "coordinates": [176.1252307, -37.643555, 7.7]}, "geometry_name": "shape", "properties": {"fidn": "8584577GSA", "expsou": null, "nobjnm": null, "objnam": null, "quasou": null, "souacc": null, "tecsou": null, "verdat": null, "status": null, "inform": null, "ninfom": null, "ntxtds": null, "scamin": 21999, "txtdsc": null, "sordat": null, "sorind": null, "depth": 7.7}}, {"type": "Feature", "id": "layer-50858.692150", "geometry": {"type": "Point", "coordinates": [176.1496945, -37.6578404, 5.8]}, "geometry_name": "shape", "properties": {"fidn": "8584577GTA", "expsou": null, "nobjnm": null, "objnam": null, "quasou": null, "souacc": null, "tecsou": null, "verdat": null, "status": null, "inform": null, "ninfom": null, "ntxtds": null, "scamin": 21999, "txtdsc": null, "sordat": null, "sorind": null, "depth": 5.8}}, {"type": "Feature", "id": "layer-50858.692151", "geometry": {"type": "Point", "coordinates": [176.1961365, -37.6159011, 18.6]}, "geometry_name": "shape", "properties": {"fidn": "8584577GUA", "expsou": null, "nobjnm": null, "objnam": null, "quasou": null, "souacc": null, "tecsou": null, "verdat": null, "status": null, "inform": null, "ninfom": null, "ntxtds": null, "scamin": 21999, "txtdsc": null, "sordat": null, "sorind": null, "depth": 18.6}}, {"type": "Feature", "id": "layer-50858.692152", "geometry": {"type": "Point", "coordinates": [176.1900157, -37.6136624, 17.7]}, "geometry_name": "shape", "properties": {"fidn": "8584577GVA", "expsou": null, "nobjnm": null, "objnam": null, "quasou": null, "souacc": null, "tecsou": null, "verdat": null, "status": null, "inform": null, "ninfom": null, "ntxtds": null, "scamin": 21999, "txtdsc": null, "sordat": null, "sorind": null, "depth": 17.7}}, {"type": "Feature", "id": "layer-50858.692153", "geometry": {"type": "Point", "coordinates": [176.1699539, -37.6522715, 0.9]}, "geometry_name": "shape", "properties": {"fidn": "8584577GWA", "expsou": null, "nobjnm": null, "objnam": null, "quasou": null, "souacc": null, "tecsou": null, "verdat": null, "status": null, "inform": null, "ninfom": null, "ntxtds": null, "scamin": 21999, "txtdsc": null, "sordat": null, "sorind": null, "depth": 0.9}}, {"type": "Feature", "id": "layer-50858.692154", "geometry": {"type": "Point", "coordinates": [176.1712036, -37.6001207, 10.1]}, "geometry_name": "shape", "properties": {"fidn": "8584577GXA", "expsou": null, "nobjnm": null, "objnam": null, "quasou": null, "souacc": null, "tecsou": null, "verdat": null, "status": null, "inform": null, "ninfom": null, "ntxtds": null, "scamin": 21999, "txtdsc": null, "sordat": null, "sorind": null, "depth": 10.1}}, {"type": "Feature", "id": "layer-50858.692155", "geometry": {"type": "Point", "coordinates": [176.193553, -37.6142602, 19.1]}, "geometry_name": "shape", "properties": {"fidn": "8584577GYA", "expsou": null, "nobjnm": null, "objnam": null, "quasou": null, "souacc": null, "tecsou": null, "verdat": null, "status": null, "inform": null, "ninfom": null, "ntxtds": null, "scamin": 21999, "txtdsc": null, "sordat": null, "sorind": null, "depth": 19.1}}, {"type": "Feature", "id": "layer-50858.692156", "geometry": {"type": "Point", "coordinates": [176.1258596, -37.6320467, 0.1]}, "geometry_name": "shape", "properties": {"fidn": "8584577GZA", "expsou": null, "nobjnm": null, "objnam": null, "quasou": null, "souacc": null, "tecsou": null, "verdat": null, "status": null, "inform": null, "ninfom": null, "ntxtds": null, "scamin": 21999, "txtdsc": null, "sordat": null, "sorind": null, "depth": 0.1}}, {"type": "Feature", "id": "layer-50858.692157", "geometry": {"type": "Point", "coordinates": [176.1514416, -37.6559449, 1.7]}, "geometry_name": "shape", "properties": {"fidn": "8584577HAA", "expsou": null, "nobjnm": null, "objnam": null, "quasou": null, "souacc": null, "tecsou": null, "verdat": null, "status": null, "inform": null, "ninfom": null, "ntxtds": null, "scamin": 21999, "txtdsc": null, "sordat": null, "sorind": null, "depth": 1.7}}, {"type": "Feature", "id": "layer-50858.692158", "geometry": {"type": "Point", "coordinates": [176.1358151, -37.6002973, 9.4]}, "geometry_name": "shape", "properties": {"fidn": "8584577HBA", "expsou": null, "nobjnm": null, "objnam": null, "quasou": null, "souacc": null, "tecsou": null, "verdat": null, "status": null, "inform": null, "ninfom": null, "ntxtds": null, "scamin": 21999, "txtdsc": null, "sordat": null, "sorind": null, "depth": 9.4}}, {"type": "Feature", "id": "layer-50858.692159", "geometry": {"type": "Point", "coordinates": [176.1877719, -37.6166239, 14.5]}, "geometry_name": "shape", "properties": {"fidn": "8584577HCA", "expsou": null, "nobjnm": null, "objnam": null, "quasou": null, "souacc": null, "tecsou": null, "verdat": null, "status": null, "inform": null, "ninfom": null, "ntxtds": null, "scamin": 21999, "txtdsc": null, "sordat": null, "sorind": null, "depth": 14.5}}, {"type": "Feature", "id": "layer-50858.692160", "geometry": {"type": "Point", "coordinates": [176.1365328, -37.6072059, 5.7]}, "geometry_name": "shape", "properties": {"fidn": "8584577HDA", "expsou": null, "nobjnm": null, "objnam": null, "quasou": null, "souacc": null, "tecsou": null, "verdat": null, "status": null, "inform": null, "ninfom": null, "ntxtds": null, "scamin": 21999, "txtdsc": null, "sordat": null, "sorind": null, "depth": 5.7}}, {"type": "Feature", "id": "layer-50858.692161", "geometry": {"type": "Point", "coordinates": [176.16924, -37.65645, 2.9]}, "geometry_name": "shape", "properties": {"fidn": "8584577HEA", "expsou": null, "nobjnm": null, "objnam": null, "quasou": null, "souacc": null, "tecsou": null, "verdat": null, "status": null, "inform": null, "ninfom": null, "ntxtds": null, "scamin": 21999, "txtdsc": null, "sordat": null, "sorind": null, "depth": 2.9}}, {"type": "Feature", "id": "layer-50858.692162", "geometry": {"type": "Point", "coordinates": [176.1863994, -37.6276288, 8.3]}, "geometry_name": "shape", "properties": {"fidn": "8584577HFA", "expsou": null, "nobjnm": null, "objnam": null, "quasou": null, "souacc": null, "tecsou": null, "verdat": null, "status": null, "inform": null, "ninfom": null, "ntxtds": null, "scamin": 21999, "txtdsc": null, "sordat": null, "sorind": null, "depth": 8.3}}, {"type": "Feature", "id": "layer-50858.692163", "geometry": {"type": "Point", "coordinates": [176.1263685, -37.6456271, 3.5]}, "geometry_name": "shape", "properties": {"fidn": "8584577HGA", "expsou": null, "nobjnm": null, "objnam": null, "quasou": null, "souacc": null, "tecsou": null, "verdat": null, "status": null, "inform": null, "ninfom": null, "ntxtds": null, "scamin": 21999, "txtdsc": null, "sordat": null, "sorind": null, "depth": 3.5}}, {"type": "Feature", "id": "layer-50858.692164", "geometry": {"type": "Point", "coordinates": [176.1607834, -37.6334433, 3.3]}, "geometry_name": "shape", "properties": {"fidn": "8584577HHA", "expsou": null, "nobjnm": null, "objnam": null, "quasou": null, "souacc": null, "tecsou": null, "verdat": null, "status": null, "inform": null, "ninfom": null, "ntxtds": null, "scamin": 21999, "txtdsc": null, "sordat": null, "sorind": null, "depth": 3.3}}, {"type": "Feature", "id": "layer-50858.692165", "geometry": {"type": "Point", "coordinates": [176.1498272, -37.620698, 4.7]}, "geometry_name": "shape", "properties": {"fidn": "8584577HIA", "expsou": null, "nobjnm": null, "objnam": null, "quasou": null, "souacc": null, "tecsou": null, "verdat": null, "status": null, "inform": null, "ninfom": null, "ntxtds": null, "scamin": 21999, "txtdsc": null, "sordat": null, "sorind": null, "depth": 4.7}}, {"type": "Feature", "id": "layer-50858.692166", "geometry": {"type": "Point", "coordinates": [176.1593835, -37.6797301, -1]}, "geometry_name": "shape", "properties": {"fidn": "8584577HJA", "expsou": null, "nobjnm": null, "objnam": null, "quasou": null, "souacc": null, "tecsou": null, "verdat": null, "status": null, "inform": null, "ninfom": null, "ntxtds": null, "scamin": 21999, "txtdsc": null, "sordat": null, "sorind": null, "depth": -1}}, {"type": "Feature", "id": "layer-50858.692167", "geometry": {"type": "Point", "coordinates": [176.1345318, -37.6510992, -0.1]}, "geometry_name": "shape", "properties": {"fidn": "8584577HKA", "expsou": null, "nobjnm": null, "objnam": null, "quasou": null, "souacc": null, "tecsou": null, "verdat": null, "status": null, "inform": null, "ninfom": null, "ntxtds": null, "scamin": 21999, "txtdsc": null, "sordat": null, "sorind": null, "depth": -0.1}}, {"type": "Feature", "id": "layer-50858.692168", "geometry": {"type": "Point", "coordinates": [176.1266689, -37.6219366, -1.1]}, "geometry_name": "shape", "properties": {"fidn": "8584577HLA", "expsou": null, "nobjnm": null, "objnam": null, "quasou": null, "souacc": null, "tecsou": null, "verdat": null, "status": null, "inform": null, "ninfom": null, "ntxtds": null, "scamin": 21999, "txtdsc": null, "sordat": null, "sorind": null, "depth": -1.1}}, {"type": "Feature", "id": "layer-50858.692169", "geometry": {"type": "Point", "coordinates": [176.172115, -37.655735, 1.3]}, "geometry_name": "shape", "properties": {"fidn": "8584577HMA", "expsou": null, "nobjnm": null, "objnam": null, "quasou": null, "souacc": null, "tecsou": null, "verdat": null, "status": null, "inform": null, "ninfom": null, "ntxtds": null, "scamin": 21999, "txtdsc": null, "sordat": null, "sorind": null, "depth": 1.3}}, {"type": "Feature", "id": "layer-50858.692170", "geometry": {"type": "Point", "coordinates": [176.1268411, -37.6361527, -1.1]}, "geometry_name": "shape", "properties": {"fidn": "8584577HNA", "expsou": null, "nobjnm": null, "objnam": null, "quasou": null, "souacc": null, "tecsou": null, "verdat": null, "status": null, "inform": null, "ninfom": null, "ntxtds": null, "scamin": 21999, "txtdsc": null, "sordat": null, "sorind": null, "depth": -1.1}}, {"type": "Feature", "id": "layer-50858.692171", "geometry": {"type": "Point", "coordinates": [176.1311325, -37.6364095, -0.6]}, "geometry_name": "shape", "properties": {"fidn": "8584577HOA", "expsou": null, "nobjnm": null, "objnam": null, "quasou": null, "souacc": null, "tecsou": null, "verdat": null, "status": null, "inform": null, "ninfom": null, "ntxtds": null, "scamin": 21999, "txtdsc": null, "sordat": null, "sorind": null, "depth": -0.6}}, {"type": "Feature", "id": "layer-50858.692172", "geometry": {"type": "Point", "coordinates": [176.1302937, -37.6405076, 7.7]}, "geometry_name": "shape", "properties": {"fidn": "8584577HPA", "expsou": null, "nobjnm": null, "objnam": null, "quasou": null, "souacc": null, "tecsou": null, "verdat": null, "status": null, "inform": null, "ninfom": null, "ntxtds": null, "scamin": 21999, "txtdsc": null, "sordat": null, "sorind": null, "depth": 7.7}}, {"type": "Feature", "id": "layer-50858.692173", "geometry": {"type": "Point", "coordinates": [176.1597003, -37.6741797, -0.9]}, "geometry_name": "shape", "properties": {"fidn": "8584577HQA", "expsou": null, "nobjnm": null, "objnam": null, "quasou": null, "souacc": null, "tecsou": null, "verdat": null, "status": null, "inform": null, "ninfom": null, "ntxtds": null, "scamin": 21999, "txtdsc": null, "sordat": null, "sorind": null, "depth": -0.9}}, {"type": "Feature", "id": "layer-50858.692174", "geometry": {"type": "Point", "coordinates": [176.134565, -37.655055, -0.1]}, "geometry_name": "shape", "properties": {"fidn": "8584577HRA", "expsou": null, "nobjnm": null, "objnam": null, "quasou": null, "souacc": null, "tecsou": null, "verdat": null, "status": null, "inform": null, "ninfom": null, "ntxtds": null, "scamin": 21999, "txtdsc": null, "sordat": null, "sorind": null, "depth": -0.1}}, {"type": "Feature", "id": "layer-50858.692175", "geometry": {"type": "Point", "coordinates": [176.1241996, -37.6566347, -0.3]}, "geometry_name": "shape", "properties": {"fidn": "8584577HSA", "expsou": null, "nobjnm": null, "objnam": null, "quasou": null, "souacc": null, "tecsou": null, "verdat": null, "status": null, "inform": null, "ninfom": null, "ntxtds": null, "scamin": 21999, "txtdsc": null, "sordat": null, "sorind": null, "depth": -0.3}}, {"type": "Feature", "id": "layer-50858.692176", "geometry": {"type": "Point", "coordinates": [176.1922026, -37.6106167, 22]}, "geometry_name": "shape", "properties": {"fidn": "8584577HTA", "expsou": null, "nobjnm": null, "objnam": null, "quasou": null, "souacc": null, "tecsou": null, "verdat": null, "status": null, "inform": null, "ninfom": null, "ntxtds": null, "scamin": 21999, "txtdsc": null, "sordat": null, "sorind": null, "depth": 22}}, {"type": "Feature", "id": "layer-50858.692177", "geometry": {"type": "Point", "coordinates": [176.1306994, -37.6051061, 4]}, "geometry_name": "shape", "properties": {"fidn": "8584577HUA", "expsou": null, "nobjnm": null, "objnam": null, "quasou": null, "souacc": null, "tecsou": null, "verdat": null, "status": null, "inform": null, "ninfom": null, "ntxtds": null, "scamin": 21999, "txtdsc": null, "sordat": null, "sorind": null, "depth": 4}}, {"type": "Feature", "id": "layer-50858.692178", "geometry": {"type": "Point", "coordinates": [176.1602935, -37.6465963, 3.7]}, "geometry_name": "shape", "properties": {"fidn": "8584577HVA", "expsou": null, "nobjnm": null, "objnam": null, "quasou": null, "souacc": null, "tecsou": null, "verdat": null, "status": null, "inform": null, "ninfom": null, "ntxtds": null, "scamin": 21999, "txtdsc": null, "sordat": null, "sorind": null, "depth": 3.7}}, {"type": "Feature", "id": "layer-50858.692179", "geometry": {"type": "Point", "coordinates": [176.1730995, -37.6075586, 12.2]}, "geometry_name": "shape", "properties": {"fidn": "8584577HWA", "expsou": null, "nobjnm": null, "objnam": null, "quasou": null, "souacc": null, "tecsou": null, "verdat": null, "status": null, "inform": null, "ninfom": null, "ntxtds": null, "scamin": 21999, "txtdsc": null, "sordat": null, "sorind": null, "depth": 12.2}}, {"type": "Feature", "id": "layer-50858.692180", "geometry": {"type": "Point", "coordinates": [176.1904134, -37.6288742, 9.2]}, "geometry_name": "shape", "properties": {"fidn": "8584577HXA", "expsou": null, "nobjnm": null, "objnam": null, "quasou": null, "souacc": null, "tecsou": null, "verdat": null, "status": null, "inform": null, "ninfom": null, "ntxtds": null, "scamin": 21999, "txtdsc": null, "sordat": null, "sorind": null, "depth": 9.2}}, {"type": "Feature", "id": "layer-50858.692181", "geometry": {"type": "Point", "coordinates": [176.1821081, -37.6724197, -0.8]}, "geometry_name": "shape", "properties": {"fidn": "8584577HYA", "expsou": null, "nobjnm": null, "objnam": null, "quasou": null, "souacc": null, "tecsou": null, "verdat": null, "status": null, "inform": null, "ninfom": null, "ntxtds": null, "scamin": 21999, "txtdsc": null, "sordat": null, "sorind": null, "depth": -0.8}}, {"type": "Feature", "id": "layer-50858.692182", "geometry": {"type": "Point", "coordinates": [176.1822136, -37.6169359, 10.7]}, "geometry_name": "shape", "properties": {"fidn": "8584577HZA", "expsou": null, "nobjnm": null, "objnam": null, "quasou": null, "souacc": null, "tecsou": null, "verdat": null, "status": null, "inform": null, "ninfom": null, "ntxtds": null, "scamin": 21999, "txtdsc": null, "sordat": null, "sorind": null, "depth": 10.7}}, {"type": "Feature", "id": "layer-50858.692183", "geometry": {"type": "Point", "coordinates": [176.1577305, -37.6285675, 3.6]}, "geometry_name": "shape", "properties": {"fidn": "8584577IAA", "expsou": null, "nobjnm": null, "objnam": null, "quasou": null, "souacc": null, "tecsou": null, "verdat": null, "status": null, "inform": null, "ninfom": null, "ntxtds": null, "scamin": 21999, "txtdsc": null, "sordat": null, "sorind": null, "depth": 3.6}}, {"type": "Feature", "id": "layer-50858.692184", "geometry": {"type": "Point", "coordinates": [176.156755, -37.643485, 3.4]}, "geometry_name": "shape", "properties": {"fidn": "8584577IBA", "expsou": null, "nobjnm": null, "objnam": null, "quasou": null, "souacc": null, "tecsou": null, "verdat": null, "status": null, "inform": null, "ninfom": null, "ntxtds": null, "scamin": 21999, "txtdsc": null, "sordat": null, "sorind": null, "depth": 3.4}}, {"type": "Feature", "id": "layer-50858.692185", "geometry": {"type": "Point", "coordinates": [176.15406, -37.650525, 2.6]}, "geometry_name": "shape", "properties": {"fidn": "8584577ICA", "expsou": null, "nobjnm": null, "objnam": null, "quasou": null, "souacc": null, "tecsou": null, "verdat": null, "status": null, "inform": null, "ninfom": null, "ntxtds": null, "scamin": 21999, "txtdsc": null, "sordat": null, "sorind": null, "depth": 2.6}}, {"type": "Feature", "id": "layer-50858.692186", "geometry": {"type": "Point", "coordinates": [176.1594657, -37.6054569, 9.5]}, "geometry_name": "shape", "properties": {"fidn": "8584577IDA", "expsou": null, "nobjnm": null, "objnam": null, "quasou": null, "souacc": null, "tecsou": null, "verdat": null, "status": null, "inform": null, "ninfom": null, "ntxtds": null, "scamin": 21999, "txtdsc": null, "sordat": null, "sorind": null, "depth": 9.5}}, {"type": "Feature", "id": "layer-50858.692187", "geometry": {"type": "Point", "coordinates": [176.1758959, -37.6195442, 9.1]}, "geometry_name": "shape", "properties": {"fidn": "8584577IEA", "expsou": null, "nobjnm": null, "objnam": null, "quasou": null, "souacc": null, "tecsou": null, "verdat": null, "status": null, "inform": null, "ninfom": null, "ntxtds": null, "scamin": 21999, "txtdsc": null, "sordat": null, "sorind": null, "depth": 9.1}}, {"type": "Feature", "id": "layer-50858.692188", "geometry": {"type": "Point", "coordinates": [176.1603704, -37.6185183, 9.4]}, "geometry_name": "shape", "properties": {"fidn": "8584577IFA", "expsou": null, "nobjnm": null, "objnam": null, "quasou": null, "souacc": null, "tecsou": null, "verdat": null, "status": null, "inform": null, "ninfom": null, "ntxtds": null, "scamin": 21999, "txtdsc": null, "sordat": null, "sorind": null, "depth": 9.4}}, {"type": "Feature", "id": "layer-50858.692189", "geometry": {"type": "Point", "coordinates": [176.168205, -37.640845, 1.7]}, "geometry_name": "shape", "properties": {"fidn": "8584577IGA", "expsou": null, "nobjnm": null, "objnam": null, "quasou": null, "souacc": null, "tecsou": null, "verdat": null, "status": null, "inform": null, "ninfom": null, "ntxtds": null, "scamin": 21999, "txtdsc": null, "sordat": null, "sorind": null, "depth": 1.7}}, {"type": "Feature", "id": "layer-50858.692190", "geometry": {"type": "Point", "coordinates": [176.1925143, -37.6072964, 21.5]}, "geometry_name": "shape", "properties": {"fidn": "8584577IHA", "expsou": null, "nobjnm": null, "objnam": null, "quasou": null, "souacc": null, "tecsou": null, "verdat": null, "status": null, "inform": null, "ninfom": null, "ntxtds": null, "scamin": 21999, "txtdsc": null, "sordat": null, "sorind": null, "depth": 21.5}}, {"type": "Feature", "id": "layer-50858.692191", "geometry": {"type": "Point", "coordinates": [176.1232266, -37.5981069, 4]}, "geometry_name": "shape", "properties": {"fidn": "8584577IIA", "expsou": null, "nobjnm": null, "objnam": null, "quasou": null, "souacc": null, "tecsou": null, "verdat": null, "status": null, "inform": null, "ninfom": null, "ntxtds": null, "scamin": 21999, "txtdsc": null, "sordat": null, "sorind": null, "depth": 4}}, {"type": "Feature", "id": "layer-50858.692192", "geometry": {"type": "Point", "coordinates": [176.181677, -37.6242568, 8.6]}, "geometry_name": "shape", "properties": {"fidn": "8584577IJA", "expsou": null, "nobjnm": null, "objnam": null, "quasou": null, "souacc": null, "tecsou": null, "verdat": null, "status": null, "inform": null, "ninfom": null, "ntxtds": null, "scamin": 21999, "txtdsc": null, "sordat": null, "sorind": null, "depth": 8.6}}, {"type": "Feature", "id": "layer-50858.692193", "geometry": {"type": "Point", "coordinates": [176.1684555, -37.6071794, 12.4]}, "geometry_name": "shape", "properties": {"fidn": "8584577IKA", "expsou": null, "nobjnm": null, "objnam": null, "quasou": null, "souacc": null, "tecsou": null, "verdat": null, "status": null, "inform": null, "ninfom": null, "ntxtds": null, "scamin": 21999, "txtdsc": null, "sordat": null, "sorind": null, "depth": 12.4}}, {"type": "Feature", "id": "layer-50858.692194", "geometry": {"type": "Point", "coordinates": [176.140603, -37.5930126, 13.8]}, "geometry_name": "shape", "properties": {"fidn": "8584577ILA", "expsou": null, "nobjnm": null, "objnam": null, "quasou": null, "souacc": null, "tecsou": null, "verdat": null, "status": null, "inform": null, "ninfom": null, "ntxtds": null, "scamin": 21999, "txtdsc": null, "sordat": null, "sorind": null, "depth": 13.8}}, {"type": "Feature", "id": "layer-50858.692195", "geometry": {"type": "Point", "coordinates": [176.149205, -37.652595, 2.5]}, "geometry_name": "shape", "properties": {"fidn": "8584577IMA", "expsou": null, "nobjnm": null, "objnam": null, "quasou": null, "souacc": null, "tecsou": null, "verdat": null, "status": null, "inform": null, "ninfom": null, "ntxtds": null, "scamin": 21999, "txtdsc": null, "sordat": null, "sorind": null, "depth": 2.5}}, {"type": "Feature", "id": "layer-50858.692196", "geometry": {"type": "Point", "coordinates": [176.1602026, -37.6419055, 4.3]}, "geometry_name": "shape", "properties": {"fidn": "8584577INA", "expsou": null, "nobjnm": null, "objnam": null, "quasou": null, "souacc": null, "tecsou": null, "verdat": null, "status": null, "inform": null, "ninfom": null, "ntxtds": null, "scamin": 21999, "txtdsc": null, "sordat": null, "sorind": null, "depth": 4.3}}, {"type": "Feature", "id": "layer-50858.692197", "geometry": {"type": "Point", "coordinates": [176.1571984, -37.6301972, -0.1]}, "geometry_name": "shape", "properties": {"fidn": "8584577IOA", "expsou": null, "nobjnm": null, "objnam": null, "quasou": null, "souacc": null, "tecsou": null, "verdat": null, "status": null, "inform": null, "ninfom": null, "ntxtds": null, "scamin": 21999, "txtdsc": null, "sordat": null, "sorind": null, "depth": -0.1}}, {"type": "Feature", "id": "layer-50858.692198", "geometry": {"type": "Point", "coordinates": [176.136615, -37.64991, 1.2]}, "geometry_name": "shape", "properties": {"fidn": "8584577IPA", "expsou": null, "nobjnm": null, "objnam": null, "quasou": null, "souacc": null, "tecsou": null, "verdat": null, "status": null, "inform": null, "ninfom": null, "ntxtds": null, "scamin": 21999, "txtdsc": null, "sordat": null, "sorind": null, "depth": 1.2}}, {"type": "Feature", "id": "layer-50858.692199", "geometry": {"type": "Point", "coordinates": [176.17948, -37.64081, 11.3]}, "geometry_name": "shape", "properties": {"fidn": "8584577IQA", "expsou": null, "nobjnm": null, "objnam": null, "quasou": null, "souacc": null, "tecsou": null, "verdat": null, "status": null, "inform": null, "ninfom": null, "ntxtds": null, "scamin": 21999, "txtdsc": null, "sordat": null, "sorind": null, "depth": 11.3}}, {"type": "Feature", "id": "layer-50858.692200", "geometry": {"type": "Point", "coordinates": [176.1522674, -37.6081912, 5.4]}, "geometry_name": "shape", "properties": {"fidn": "8584577IRA", "expsou": null, "nobjnm": null, "objnam": null, "quasou": null, "souacc": null, "tecsou": null, "verdat": null, "status": null, "inform": null, "ninfom": null, "ntxtds": null, "scamin": 21999, "txtdsc": null, "sordat": null, "sorind": null, "depth": 5.4}}, {"type": "Feature", "id": "layer-50858.692201", "geometry": {"type": "Point", "coordinates": [176.169735, -37.641915, 0.3]}, "geometry_name": "shape", "properties": {"fidn": "8584577ISA", "expsou": null, "nobjnm": null, "objnam": null, "quasou": null, "souacc": null, "tecsou": null, "verdat": null, "status": null, "inform": null, "ninfom": null, "ntxtds": null, "scamin": 21999, "txtdsc": null, "sordat": null, "sorind": null, "depth": 0.3}}, {"type": "Feature", "id": "layer-50858.692202", "geometry": {"type": "Point", "coordinates": [176.1260038, -37.6532099, -0.6]}, "geometry_name": "shape", "properties": {"fidn": "8584577ITA", "expsou": null, "nobjnm": null, "objnam": null, "quasou": null, "souacc": null, "tecsou": null, "verdat": null, "status": null, "inform": null, "ninfom": null, "ntxtds": null, "scamin": 21999, "txtdsc": null, "sordat": null, "sorind": null, "depth": -0.6}}, {"type": "Feature", "id": "layer-50858.692203", "geometry": {"type": "Point", "coordinates": [176.151595, -37.6217265, 4.7]}, "geometry_name": "shape", "properties": {"fidn": "8584577IUA", "expsou": null, "nobjnm": null, "objnam": null, "quasou": null, "souacc": null, "tecsou": null, "verdat": null, "status": null, "inform": null, "ninfom": null, "ntxtds": null, "scamin": 21999, "txtdsc": null, "sordat": null, "sorind": null, "depth": 4.7}}, {"type": "Feature", "id": "layer-50858.692204", "geometry": {"type": "Point", "coordinates": [176.1901927, -37.5943553, 26]}, "geometry_name": "shape", "properties": {"fidn": "8584577IVA", "expsou": null, "nobjnm": null, "objnam": null, "quasou": null, "souacc": null, "tecsou": null, "verdat": null, "status": null, "inform": null, "ninfom": null, "ntxtds": null, "scamin": 21999, "txtdsc": null, "sordat": null, "sorind": null, "depth": 26}}, {"type": "Feature", "id": "layer-50858.692205", "geometry": {"type": "Point", "coordinates": [176.1644518, -37.642675, 4.4]}, "geometry_name": "shape", "properties": {"fidn": "8584577IWA", "expsou": null, "nobjnm": null, "objnam": null, "quasou": null, "souacc": null, "tecsou": null, "verdat": null, "status": null, "inform": null, "ninfom": null, "ntxtds": null, "scamin": 21999, "txtdsc": null, "sordat": null, "sorind": null, "depth": 4.4}}, {"type": "Feature", "id": "layer-50858.692206", "geometry": {"type": "Point", "coordinates": [176.12692, -37.65691, -0.3]}, "geometry_name": "shape", "properties": {"fidn": "8584577IXA", "expsou": null, "nobjnm": null, "objnam": null, "quasou": null, "souacc": null, "tecsou": null, "verdat": null, "status": null, "inform": null, "ninfom": null, "ntxtds": null, "scamin": 21999, "txtdsc": null, "sordat": null, "sorind": null, "depth": -0.3}}, {"type": "Feature", "id": "layer-50858.692207", "geometry": {"type": "Point", "coordinates": [176.1836387, -37.6720257, -0.7]}, "geometry_name": "shape", "properties": {"fidn": "8584577IYA", "expsou": null, "nobjnm": null, "objnam": null, "quasou": null, "souacc": null, "tecsou": null, "verdat": null, "status": null, "inform": null, "ninfom": null, "ntxtds": null, "scamin": 21999, "txtdsc": null, "sordat": null, "sorind": null, "depth": -0.7}}, {"type": "Feature", "id": "layer-50858.692208", "geometry": {"type": "Point", "coordinates": [176.1633846, -37.6154177, 9.9]}, "geometry_name": "shape", "properties": {"fidn": "8584577IZA", "expsou": null, "nobjnm": null, "objnam": null, "quasou": null, "souacc": null, "tecsou": null, "verdat": null, "status": null, "inform": null, "ninfom": null, "ntxtds": null, "scamin": 21999, "txtdsc": null, "sordat": null, "sorind": null, "depth": 9.9}}, {"type": "Feature", "id": "layer-50858.692209", "geometry": {"type": "Point", "coordinates": [176.17535, -37.65731, 5.6]}, "geometry_name": "shape", "properties": {"fidn": "8584577JAA", "expsou": null, "nobjnm": null, "objnam": null, "quasou": null, "souacc": null, "tecsou": null, "verdat": null, "status": null, "inform": null, "ninfom": null, "ntxtds": null, "scamin": 21999, "txtdsc": null, "sordat": null, "sorind": null, "depth": 5.6}}, {"type": "Feature", "id": "layer-50858.692210", "geometry": {"type": "Point", "coordinates": [176.1803332, -37.6269562, 5.7]}, "geometry_name": "shape", "properties": {"fidn": "8584577JBA", "expsou": null, "nobjnm": null, "objnam": null, "quasou": null, "souacc": null, "tecsou": null, "verdat": null, "status": null, "inform": null, "ninfom": null, "ntxtds": null, "scamin": 21999, "txtdsc": null, "sordat": null, "sorind": null, "depth": 5.7}}, {"type": "Feature", "id": "layer-50858.692211", "geometry": {"type": "Point", "coordinates": [176.1396505, -37.6559672, 0.6]}, "geometry_name": "shape", "properties": {"fidn": "8584577JCA", "expsou": null, "nobjnm": null, "objnam": null, "quasou": null, "souacc": null, "tecsou": null, "verdat": null, "status": null, "inform": null, "ninfom": null, "ntxtds": null, "scamin": 21999, "txtdsc": null, "sordat": null, "sorind": null, "depth": 0.6}}, {"type": "Feature", "id": "layer-50858.692212", "geometry": {"type": "Point", "coordinates": [176.1776009, -37.6173518, 9.8]}, "geometry_name": "shape", "properties": {"fidn": "8584577JDA", "expsou": null, "nobjnm": null, "objnam": null, "quasou": null, "souacc": null, "tecsou": null, "verdat": null, "status": null, "inform": null, "ninfom": null, "ntxtds": null, "scamin": 21999, "txtdsc": null, "sordat": null, "sorind": null, "depth": 9.8}}, {"type": "Feature", "id": "layer-50858.692213", "geometry": {"type": "Point", "coordinates": [176.1540073, -37.6263612, 1.1]}, "geometry_name": "shape", "properties": {"fidn": "8584577JEA", "expsou": null, "nobjnm": null, "objnam": null, "quasou": null, "souacc": null, "tecsou": null, "verdat": null, "status": null, "inform": null, "ninfom": null, "ntxtds": null, "scamin": 21999, "txtdsc": null, "sordat": null, "sorind": null, "depth": 1.1}}, {"type": "Feature", "id": "layer-50858.692214", "geometry": {"type": "Point", "coordinates": [176.1876455, -37.6092597, 17.9]}, "geometry_name": "shape", "properties": {"fidn": "8584577JFA", "expsou": null, "nobjnm": null, "objnam": null, "quasou": null, "souacc": null, "tecsou": null, "verdat": null, "status": null, "inform": null, "ninfom": null, "ntxtds": null, "scamin": 21999, "txtdsc": null, "sordat": null, "sorind": null, "depth": 17.9}}, {"type": "Feature", "id": "layer-50858.692215", "geometry": {"type": "Point", "coordinates": [176.1834783, -37.6032592, 16.9]}, "geometry_name": "shape", "properties": {"fidn": "8584577JGA", "expsou": null, "nobjnm": null, "objnam": null, "quasou": null, "souacc": null, "tecsou": null, "verdat": null, "status": null, "inform": null, "ninfom": null, "ntxtds": null, "scamin": 21999, "txtdsc": null, "sordat": null, "sorind": null, "depth": 16.9}}, {"type": "Feature", "id": "layer-50858.692216", "geometry": {"type": "Point", "coordinates": [176.1575275, -37.6510296, 1.4]}, "geometry_name": "shape", "properties": {"fidn": "8584577JHA", "expsou": null, "nobjnm": null, "objnam": null, "quasou": null, "souacc": null, "tecsou": null, "verdat": null, "status": null, "inform": null, "ninfom": null, "ntxtds": null, "scamin": 21999, "txtdsc": null, "sordat": null, "sorind": null, "depth": 1.4}}, {"type": "Feature", "id": "layer-50858.692217", "geometry": {"type": "Point", "coordinates": [176.1752986, -37.65453, 0.8]}, "geometry_name": "shape", "properties": {"fidn": "8584577JIA", "expsou": null, "nobjnm": null, "objnam": null, "quasou": null, "souacc": null, "tecsou": null, "verdat": null, "status": null, "inform": null, "ninfom": null, "ntxtds": null, "scamin": 21999, "txtdsc": null, "sordat": null, "sorind": null, "depth": 0.8}}, {"type": "Feature", "id": "layer-50858.692218", "geometry": {"type": "Point", "coordinates": [176.1564443, -37.595623, 14.1]}, "geometry_name": "shape", "properties": {"fidn": "8584577JJA", "expsou": null, "nobjnm": null, "objnam": null, "quasou": null, "souacc": null, "tecsou": null, "verdat": null, "status": null, "inform": null, "ninfom": null, "ntxtds": null, "scamin": 21999, "txtdsc": null, "sordat": null, "sorind": null, "depth": 14.1}}, {"type": "Feature", "id": "layer-50858.692219", "geometry": {"type": "Point", "coordinates": [176.190007, -37.5986345, 24]}, "geometry_name": "shape", "properties": {"fidn": "8584577JKA", "expsou": null, "nobjnm": null, "objnam": null, "quasou": null, "souacc": null, "tecsou": null, "verdat": null, "status": null, "inform": null, "ninfom": null, "ntxtds": null, "scamin": 21999, "txtdsc": null, "sordat": null, "sorind": null, "depth": 24}}, {"type": "Feature", "id": "layer-50858.692220", "geometry": {"type": "Point", "coordinates": [176.1967946, -37.6287792, 10.7]}, "geometry_name": "shape", "properties": {"fidn": "8584577JLA", "expsou": null, "nobjnm": null, "objnam": null, "quasou": null, "souacc": null, "tecsou": null, "verdat": null, "status": null, "inform": null, "ninfom": null, "ntxtds": null, "scamin": 21999, "txtdsc": null, "sordat": null, "sorind": null, "depth": 10.7}}, {"type": "Feature", "id": "layer-50858.692221", "geometry": {"type": "Point", "coordinates": [176.184505, -37.62483, 9.4]}, "geometry_name": "shape", "properties": {"fidn": "8584577JMA", "expsou": null, "nobjnm": null, "objnam": null, "quasou": null, "souacc": null, "tecsou": null, "verdat": null, "status": null, "inform": null, "ninfom": null, "ntxtds": null, "scamin": 21999, "txtdsc": null, "sordat": null, "sorind": null, "depth": 9.4}}, {"type": "Feature", "id": "layer-50858.692222", "geometry": {"type": "Point", "coordinates": [176.1352049, -37.6408939, 8]}, "geometry_name": "shape", "properties": {"fidn": "8584577JNA", "expsou": null, "nobjnm": null, "objnam": null, "quasou": null, "souacc": null, "tecsou": null, "verdat": null, "status": null, "inform": null, "ninfom": null, "ntxtds": null, "scamin": 21999, "txtdsc": null, "sordat": null, "sorind": null, "depth": 8}}, {"type": "Feature", "id": "layer-50858.692223", "geometry": {"type": "Point", "coordinates": [176.1612914, -37.6743087, -0.8]}, "geometry_name": "shape", "properties": {"fidn": "8584577JOA", "expsou": null, "nobjnm": null, "objnam": null, "quasou": null, "souacc": null, "tecsou": null, "verdat": null, "status": null, "inform": null, "ninfom": null, "ntxtds": null, "scamin": 21999, "txtdsc": null, "sordat": null, "sorind": null, "depth": -0.8}}, {"type": "Feature", "id": "layer-50858.692224", "geometry": {"type": "Point", "coordinates": [176.1378474, -37.656057, -0.1]}, "geometry_name": "shape", "properties": {"fidn": "8584577JPA", "expsou": null, "nobjnm": null, "objnam": null, "quasou": null, "souacc": null, "tecsou": null, "verdat": null, "status": null, "inform": null, "ninfom": null, "ntxtds": null, "scamin": 21999, "txtdsc": null, "sordat": null, "sorind": null, "depth": -0.1}}, {"type": "Feature", "id": "layer-50858.692225", "geometry": {"type": "Point", "coordinates": [176.1811516, -37.6608563, 4.2]}, "geometry_name": "shape", "properties": {"fidn": "8584577JQA", "expsou": null, "nobjnm": null, "objnam": null, "quasou": null, "souacc": null, "tecsou": null, "verdat": null, "status": null, "inform": null, "ninfom": null, "ntxtds": null, "scamin": 21999, "txtdsc": null, "sordat": null, "sorind": null, "depth": 4.2}}, {"type": "Feature", "id": "layer-50858.692226", "geometry": {"type": "Point", "coordinates": [176.1721307, -37.5962956, 14.5]}, "geometry_name": "shape", "properties": {"fidn": "8584577JRA", "expsou": null, "nobjnm": null, "objnam": null, "quasou": null, "souacc": null, "tecsou": null, "verdat": null, "status": null, "inform": null, "ninfom": null, "ntxtds": null, "scamin": 21999, "txtdsc": null, "sordat": null, "sorind": null, "depth": 14.5}}, {"type": "Feature", "id": "layer-50858.692227", "geometry": {"type": "Point", "coordinates": [176.1596104, -37.5967125, 10.9]}, "geometry_name": "shape", "properties": {"fidn": "8584577JSA", "expsou": null, "nobjnm": null, "objnam": null, "quasou": null, "souacc": null, "tecsou": null, "verdat": null, "status": null, "inform": null, "ninfom": null, "ntxtds": null, "scamin": 21999, "txtdsc": null, "sordat": null, "sorind": null, "depth": 10.9}}, {"type": "Feature", "id": "layer-50858.692228", "geometry": {"type": "Point", "coordinates": [176.1232045, -37.591664, 7.4]}, "geometry_name": "shape", "properties": {"fidn": "8584577JTA", "expsou": null, "nobjnm": null, "objnam": null, "quasou": null, "souacc": null, "tecsou": null, "verdat": null, "status": null, "inform": null, "ninfom": null, "ntxtds": null, "scamin": 21999, "txtdsc": null, "sordat": null, "sorind": null, "depth": 7.4}}, {"type": "Feature", "id": "layer-50858.692229", "geometry": {"type": "Point", "coordinates": [176.1440715, -37.6427518, 1.4]}, "geometry_name": "shape", "properties": {"fidn": "8584577JUA", "expsou": null, "nobjnm": null, "objnam": null, "quasou": null, "souacc": null, "tecsou": null, "verdat": null, "status": null, "inform": null, "ninfom": null, "ntxtds": null, "scamin": 21999, "txtdsc": null, "sordat": null, "sorind": null, "depth": 1.4}}, {"type": "Feature", "id": "layer-50858.692230", "geometry": {"type": "Point", "coordinates": [176.1285592, -37.6338906, -0.9]}, "geometry_name": "shape", "properties": {"fidn": "8584577JVA", "expsou": null, "nobjnm": null, "objnam": null, "quasou": null, "souacc": null, "tecsou": null, "verdat": null, "status": null, "inform": null, "ninfom": null, "ntxtds": null, "scamin": 21999, "txtdsc": null, "sordat": null, "sorind": null, "depth": -0.9}}, {"type": "Feature", "id": "layer-50858.692231", "geometry": {"type": "Point", "coordinates": [176.1728816, -37.6706003, 2.8]}, "geometry_name": "shape", "properties": {"fidn": "8584577JWA", "expsou": null, "nobjnm": null, "objnam": null, "quasou": null, "souacc": null, "tecsou": null, "verdat": null, "status": null, "inform": null, "ninfom": null, "ntxtds": null, "scamin": 21999, "txtdsc": null, "sordat": null, "sorind": null, "depth": 2.8}}, {"type": "Feature", "id": "layer-50858.692232", "geometry": {"type": "Point", "coordinates": [176.1362314, -37.5957935, 11.3]}, "geometry_name": "shape", "properties": {"fidn": "8584577JXA", "expsou": null, "nobjnm": null, "objnam": null, "quasou": null, "souacc": null, "tecsou": null, "verdat": null, "status": null, "inform": null, "ninfom": null, "ntxtds": null, "scamin": 21999, "txtdsc": null, "sordat": null, "sorind": null, "depth": 11.3}}, {"type": "Feature", "id": "layer-50858.692233", "geometry": {"type": "Point", "coordinates": [176.17544, -37.646415, 0.5]}, "geometry_name": "shape", "properties": {"fidn": "8584577JYA", "expsou": null, "nobjnm": null, "objnam": null, "quasou": null, "souacc": null, "tecsou": null, "verdat": null, "status": null, "inform": null, "ninfom": null, "ntxtds": null, "scamin": 21999, "txtdsc": null, "sordat": null, "sorind": null, "depth": 0.5}}, {"type": "Feature", "id": "layer-50858.692234", "geometry": {"type": "Point", "coordinates": [176.147905, -37.646415, 9]}, "geometry_name": "shape", "properties": {"fidn": "8584577JZA", "expsou": null, "nobjnm": null, "objnam": null, "quasou": null, "souacc": null, "tecsou": null, "verdat": null, "status": null, "inform": null, "ninfom": null, "ntxtds": null, "scamin": 21999, "txtdsc": null, "sordat": null, "sorind": null, "depth": 9}}, {"type": "Feature", "id": "layer-50858.692235", "geometry": {"type": "Point", "coordinates": [176.16268, -37.652735, 0.2]}, "geometry_name": "shape", "properties": {"fidn": "8584577KAA", "expsou": null, "nobjnm": null, "objnam": null, "quasou": null, "souacc": null, "tecsou": null, "verdat": null, "status": null, "inform": null, "ninfom": null, "ntxtds": null, "scamin": 21999, "txtdsc": null, "sordat": null, "sorind": null, "depth": 0.2}}, {"type": "Feature", "id": "layer-50858.692236", "geometry": {"type": "Point", "coordinates": [176.1291885, -37.6367674, 2.9]}, "geometry_name": "shape", "properties": {"fidn": "8584577KBA", "expsou": null, "nobjnm": null, "objnam": null, "quasou": null, "souacc": null, "tecsou": null, "verdat": null, "status": null, "inform": null, "ninfom": null, "ntxtds": null, "scamin": 21999, "txtdsc": null, "sordat": null, "sorind": null, "depth": 2.9}}, {"type": "Feature", "id": "layer-50858.692237", "geometry": {"type": "Point", "coordinates": [176.1587488, -37.6443958, 5.2]}, "geometry_name": "shape", "properties": {"fidn": "8584577KCA", "expsou": null, "nobjnm": null, "objnam": null, "quasou": null, "souacc": null, "tecsou": null, "verdat": null, "status": null, "inform": null, "ninfom": null, "ntxtds": null, "scamin": 21999, "txtdsc": null, "sordat": null, "sorind": null, "depth": 5.2}}, {"type": "Feature", "id": "layer-50858.692238", "geometry": {"type": "Point", "coordinates": [176.1802953, -37.5916288, 24.5]}, "geometry_name": "shape", "properties": {"fidn": "8584577KDA", "expsou": null, "nobjnm": null, "objnam": null, "quasou": null, "souacc": null, "tecsou": null, "verdat": null, "status": null, "inform": null, "ninfom": null, "ntxtds": null, "scamin": 21999, "txtdsc": null, "sordat": null, "sorind": null, "depth": 24.5}}, {"type": "Feature", "id": "layer-50858.692239", "geometry": {"type": "Point", "coordinates": [176.1428103, -37.6480664, 6]}, "geometry_name": "shape", "properties": {"fidn": "8584577KEA", "expsou": null, "nobjnm": null, "objnam": null, "quasou": null, "souacc": null, "tecsou": null, "verdat": null, "status": null, "inform": null, "ninfom": null, "ntxtds": null, "scamin": 21999, "txtdsc": null, "sordat": null, "sorind": null, "depth": 6}}, {"type": "Feature", "id": "layer-50858.692240", "geometry": {"type": "Point", "coordinates": [176.158055, -37.648665, 4.7]}, "geometry_name": "shape", "properties": {"fidn": "8584577KFA", "expsou": null, "nobjnm": null, "objnam": null, "quasou": null, "souacc": null, "tecsou": null, "verdat": null, "status": null, "inform": null, "ninfom": null, "ntxtds": null, "scamin": 21999, "txtdsc": null, "sordat": null, "sorind": null, "depth": 4.7}}, {"type": "Feature", "id": "layer-50858.692241", "geometry": {"type": "Point", "coordinates": [176.1482128, -37.5921801, 15.5]}, "geometry_name": "shape", "properties": {"fidn": "8584577KGA", "expsou": null, "nobjnm": null, "objnam": null, "quasou": null, "souacc": null, "tecsou": null, "verdat": null, "status": null, "inform": null, "ninfom": null, "ntxtds": null, "scamin": 21999, "txtdsc": null, "sordat": null, "sorind": null, "depth": 15.5}}, {"type": "Feature", "id": "layer-50858.692242", "geometry": {"type": "Point", "coordinates": [176.1411674, -37.6064389, 6.3]}, "geometry_name": "shape", "properties": {"fidn": "8584577KHA", "expsou": null, "nobjnm": null, "objnam": null, "quasou": null, "souacc": null, "tecsou": null, "verdat": null, "status": null, "inform": null, "ninfom": null, "ntxtds": null, "scamin": 21999, "txtdsc": null, "sordat": null, "sorind": null, "depth": 6.3}}, {"type": "Feature", "id": "layer-50858.692243", "geometry": {"type": "Point", "coordinates": [176.1745127, -37.5936869, 18.9]}, "geometry_name": "shape", "properties": {"fidn": "8584577KIA", "expsou": null, "nobjnm": null, "objnam": null, "quasou": null, "souacc": null, "tecsou": null, "verdat": null, "status": null, "inform": null, "ninfom": null, "ntxtds": null, "scamin": 21999, "txtdsc": null, "sordat": null, "sorind": null, "depth": 18.9}}, {"type": "Feature", "id": "layer-50858.692244", "geometry": {"type": "Point", "coordinates": [176.1860358, -37.6761605, -0.4]}, "geometry_name": "shape", "properties": {"fidn": "8584577KJA", "expsou": null, "nobjnm": null, "objnam": null, "quasou": null, "souacc": null, "tecsou": null, "verdat": null, "status": null, "inform": null, "ninfom": null, "ntxtds": null, "scamin": 21999, "txtdsc": null, "sordat": null, "sorind": null, "depth": -0.4}}, {"type": "Feature", "id": "layer-50858.692245", "geometry": {"type": "Point", "coordinates": [176.1688497, -37.6512855, 0.1]}, "geometry_name": "shape", "properties": {"fidn": "8584577KKA", "expsou": null, "nobjnm": null, "objnam": null, "quasou": null, "souacc": null, "tecsou": null, "verdat": null, "status": null, "inform": null, "ninfom": null, "ntxtds": null, "scamin": 21999, "txtdsc": null, "sordat": null, "sorind": null, "depth": 0.1}}, {"type": "Feature", "id": "layer-50858.692246", "geometry": {"type": "Point", "coordinates": [176.1740243, -37.6804182, 2.5]}, "geometry_name": "shape", "properties": {"fidn": "8584577KLA", "expsou": null, "nobjnm": null, "objnam": null, "quasou": null, "souacc": null, "tecsou": null, "verdat": null, "status": null, "inform": null, "ninfom": null, "ntxtds": null, "scamin": 21999, "txtdsc": null, "sordat": null, "sorind": null, "depth": 2.5}}, {"type": "Feature", "id": "layer-50858.692247", "geometry": {"type": "Point", "coordinates": [176.1459549, -37.644104, 7.4]}, "geometry_name": "shape", "properties": {"fidn": "8584577KMA", "expsou": null, "nobjnm": null, "objnam": null, "quasou": null, "souacc": null, "tecsou": null, "verdat": null, "status": null, "inform": null, "ninfom": null, "ntxtds": null, "scamin": 21999, "txtdsc": null, "sordat": null, "sorind": null, "depth": 7.4}}, {"type": "Feature", "id": "layer-50858.692248", "geometry": {"type": "Point", "coordinates": [176.1688363, -37.5974118, 11]}, "geometry_name": "shape", "properties": {"fidn": "8584577KNA", "expsou": null, "nobjnm": null, "objnam": null, "quasou": null, "souacc": null, "tecsou": null, "verdat": null, "status": null, "inform": null, "ninfom": null, "ntxtds": null, "scamin": 21999, "txtdsc": null, "sordat": null, "sorind": null, "depth": 11}}, {"type": "Feature", "id": "layer-50858.692249", "geometry": {"type": "Point", "coordinates": [176.12441, -37.65058, -0.1]}, "geometry_name": "shape", "properties": {"fidn": "8584577KOA", "expsou": null, "nobjnm": null, "objnam": null, "quasou": null, "souacc": null, "tecsou": null, "verdat": null, "status": null, "inform": null, "ninfom": null, "ntxtds": null, "scamin": 21999, "txtdsc": null, "sordat": null, "sorind": null, "depth": -0.1}}, {"type": "Feature", "id": "layer-50858.692250", "geometry": {"type": "Point", "coordinates": [176.1267867, -37.5955453, 7.3]}, "geometry_name": "shape", "properties": {"fidn": "8584577KPA", "expsou": null, "nobjnm": null, "objnam": null, "quasou": null, "souacc": null, "tecsou": null, "verdat": null, "status": null, "inform": null, "ninfom": null, "ntxtds": null, "scamin": 21999, "txtdsc": null, "sordat": null, "sorind": null, "depth": 7.3}}, {"type": "Feature", "id": "layer-50858.692251", "geometry": {"type": "Point", "coordinates": [176.1707069, -37.6863124, -0.1]}, "geometry_name": "shape", "properties": {"fidn": "8584577KQA", "expsou": null, "nobjnm": null, "objnam": null, "quasou": null, "souacc": null, "tecsou": null, "verdat": null, "status": null, "inform": null, "ninfom": null, "ntxtds": null, "scamin": 21999, "txtdsc": null, "sordat": null, "sorind": null, "depth": -0.1}}, {"type": "Feature", "id": "layer-50858.692252", "geometry": {"type": "Point", "coordinates": [176.1878607, -37.597233, 23.5]}, "geometry_name": "shape", "properties": {"fidn": "8584577KRA", "expsou": null, "nobjnm": null, "objnam": null, "quasou": null, "souacc": null, "tecsou": null, "verdat": null, "status": null, "inform": null, "ninfom": null, "ntxtds": null, "scamin": 21999, "txtdsc": null, "sordat": null, "sorind": null, "depth": 23.5}}, {"type": "Feature", "id": "layer-50858.692253", "geometry": {"type": "Point", "coordinates": [176.1613324, -37.6439833, 4]}, "geometry_name": "shape", "properties": {"fidn": "8584577KSA", "expsou": null, "nobjnm": null, "objnam": null, "quasou": null, "souacc": null, "tecsou": null, "verdat": null, "status": null, "inform": null, "ninfom": null, "ntxtds": null, "scamin": 21999, "txtdsc": null, "sordat": null, "sorind": null, "depth": 4}}, {"type": "Feature", "id": "layer-50858.692254", "geometry": {"type": "Point", "coordinates": [176.17557, -37.649025, 1.3]}, "geometry_name": "shape", "properties": {"fidn": "8584577KTA", "expsou": null, "nobjnm": null, "objnam": null, "quasou": null, "souacc": null, "tecsou": null, "verdat": null, "status": null, "inform": null, "ninfom": null, "ntxtds": null, "scamin": 21999, "txtdsc": null, "sordat": null, "sorind": null, "depth": 1.3}}, {"type": "Feature", "id": "layer-50858.692255", "geometry": {"type": "Point", "coordinates": [176.1354375, -37.605428, 3.1]}, "geometry_name": "shape", "properties": {"fidn": "8584577KUA", "expsou": null, "nobjnm": null, "objnam": null, "quasou": null, "souacc": null, "tecsou": null, "verdat": null, "status": null, "inform": null, "ninfom": null, "ntxtds": null, "scamin": 21999, "txtdsc": null, "sordat": null, "sorind": null, "depth": 3.1}}, {"type": "Feature", "id": "layer-50858.692256", "geometry": {"type": "Point", "coordinates": [176.12936, -37.64477, 6.2]}, "geometry_name": "shape", "properties": {"fidn": "8584577KVA", "expsou": null, "nobjnm": null, "objnam": null, "quasou": null, "souacc": null, "tecsou": null, "verdat": null, "status": null, "inform": null, "ninfom": null, "ntxtds": null, "scamin": 21999, "txtdsc": null, "sordat": null, "sorind": null, "depth": 6.2}}, {"type": "Feature", "id": "layer-50858.692257", "geometry": {"type": "Point", "coordinates": [176.1267961, -37.6387514, 0.8]}, "geometry_name": "shape", "properties": {"fidn": "8584577KWA", "expsou": null, "nobjnm": null, "objnam": null, "quasou": null, "souacc": null, "tecsou": null, "verdat": null, "status": null, "inform": null, "ninfom": null, "ntxtds": null, "scamin": 21999, "txtdsc": null, "sordat": null, "sorind": null, "depth": 0.8}}, {"type": "Feature", "id": "layer-50858.692258", "geometry": {"type": "Point", "coordinates": [176.17198, -37.64695, -0.2]}, "geometry_name": "shape", "properties": {"fidn": "8584577KXA", "expsou": null, "nobjnm": null, "objnam": null, "quasou": null, "souacc": null, "tecsou": null, "verdat": null, "status": null, "inform": null, "ninfom": null, "ntxtds": null, "scamin": 21999, "txtdsc": null, "sordat": null, "sorind": null, "depth": -0.2}}, {"type": "Feature", "id": "layer-50858.692259", "geometry": {"type": "Point", "coordinates": [176.1785746, -37.597436, 17.7]}, "geometry_name": "shape", "properties": {"fidn": "8584577KYA", "expsou": null, "nobjnm": null, "objnam": null, "quasou": null, "souacc": null, "tecsou": null, "verdat": null, "status": null, "inform": null, "ninfom": null, "ntxtds": null, "scamin": 21999, "txtdsc": null, "sordat": null, "sorind": null, "depth": 17.7}}, {"type": "Feature", "id": "layer-50858.692260", "geometry": {"type": "Point", "coordinates": [176.1398888, -37.6390032, 0.4]}, "geometry_name": "shape", "properties": {"fidn": "8584577KZA", "expsou": null, "nobjnm": null, "objnam": null, "quasou": null, "souacc": null, "tecsou": null, "verdat": null, "status": null, "inform": null, "ninfom": null, "ntxtds": null, "scamin": 21999, "txtdsc": null, "sordat": null, "sorind": null, "depth": 0.4}}, {"type": "Feature", "id": "layer-50858.692261", "geometry": {"type": "Point", "coordinates": [176.1617054, -37.6507459, 0.2]}, "geometry_name": "shape", "properties": {"fidn": "8584577LAA", "expsou": null, "nobjnm": null, "objnam": null, "quasou": null, "souacc": null, "tecsou": null, "verdat": null, "status": null, "inform": null, "ninfom": null, "ntxtds": null, "scamin": 21999, "txtdsc": null, "sordat": null, "sorind": null, "depth": 0.2}}, {"type": "Feature", "id": "layer-50858.692262", "geometry": {"type": "Point", "coordinates": [176.159315, -37.653345, 0.4]}, "geometry_name": "shape", "properties": {"fidn": "8584577LBA", "expsou": null, "nobjnm": null, "objnam": null, "quasou": null, "souacc": null, "tecsou": null, "verdat": null, "status": null, "inform": null, "ninfom": null, "ntxtds": null, "scamin": 21999, "txtdsc": null, "sordat": null, "sorind": null, "depth": 0.4}}, {"type": "Feature", "id": "layer-50858.692263", "geometry": {"type": "Point", "coordinates": [176.139562, -37.6468747, 5.3]}, "geometry_name": "shape", "properties": {"fidn": "8584577LCA", "expsou": null, "nobjnm": null, "objnam": null, "quasou": null, "souacc": null, "tecsou": null, "verdat": null, "status": null, "inform": null, "ninfom": null, "ntxtds": null, "scamin": 21999, "txtdsc": null, "sordat": null, "sorind": null, "depth": 5.3}}, {"type": "Feature", "id": "layer-50858.692264", "geometry": {"type": "Point", "coordinates": [176.1561771, -37.6599488, 3]}, "geometry_name": "shape", "properties": {"fidn": "8584577LDA", "expsou": null, "nobjnm": null, "objnam": null, "quasou": null, "souacc": null, "tecsou": null, "verdat": null, "status": null, "inform": null, "ninfom": null, "ntxtds": null, "scamin": 21999, "txtdsc": null, "sordat": null, "sorind": null, "depth": 3}}, {"type": "Feature", "id": "layer-50858.692265", "geometry": {"type": "Point", "coordinates": [176.1660885, -37.6419083, 2.6]}, "geometry_name": "shape", "properties": {"fidn": "8584577LEA", "expsou": null, "nobjnm": null, "objnam": null, "quasou": null, "souacc": null, "tecsou": null, "verdat": null, "status": null, "inform": null, "ninfom": null, "ntxtds": null, "scamin": 21999, "txtdsc": null, "sordat": null, "sorind": null, "depth": 2.6}}, {"type": "Feature", "id": "layer-50858.692266", "geometry": {"type": "Point", "coordinates": [176.1765017, -37.5917547, 22]}, "geometry_name": "shape", "properties": {"fidn": "8584577LFA", "expsou": null, "nobjnm": null, "objnam": null, "quasou": null, "souacc": null, "tecsou": null, "verdat": null, "status": null, "inform": null, "ninfom": null, "ntxtds": null, "scamin": 21999, "txtdsc": null, "sordat": null, "sorind": null, "depth": 22}}, {"type": "Feature", "id": "layer-50858.692267", "geometry": {"type": "Point", "coordinates": [176.17234, -37.645095, -0.3]}, "geometry_name": "shape", "properties": {"fidn": "8584577LGA", "expsou": null, "nobjnm": null, "objnam": null, "quasou": null, "souacc": null, "tecsou": null, "verdat": null, "status": null, "inform": null, "ninfom": null, "ntxtds": null, "scamin": 21999, "txtdsc": null, "sordat": null, "sorind": null, "depth": -0.3}}, {"type": "Feature", "id": "layer-50858.692268", "geometry": {"type": "Point", "coordinates": [176.1323406, -37.6059249, 2.9]}, "geometry_name": "shape", "properties": {"fidn": "8584577LHA", "expsou": null, "nobjnm": null, "objnam": null, "quasou": null, "souacc": null, "tecsou": null, "verdat": null, "status": null, "inform": null, "ninfom": null, "ntxtds": null, "scamin": 21999, "txtdsc": null, "sordat": null, "sorind": null, "depth": 2.9}}, {"type": "Feature", "id": "layer-50858.692269", "geometry": {"type": "Point", "coordinates": [176.1532058, -37.6486549, 5.4]}, "geometry_name": "shape", "properties": {"fidn": "8584577LIA", "expsou": null, "nobjnm": null, "objnam": null, "quasou": null, "souacc": null, "tecsou": null, "verdat": null, "status": null, "inform": null, "ninfom": null, "ntxtds": null, "scamin": 21999, "txtdsc": null, "sordat": null, "sorind": null, "depth": 5.4}}, {"type": "Feature", "id": "layer-50858.692270", "geometry": {"type": "Point", "coordinates": [176.189235, -37.62648, 10]}, "geometry_name": "shape", "properties": {"fidn": "8584577LJA", "expsou": null, "nobjnm": null, "objnam": null, "quasou": null, "souacc": null, "tecsou": null, "verdat": null, "status": null, "inform": null, "ninfom": null, "ntxtds": null, "scamin": 21999, "txtdsc": null, "sordat": null, "sorind": null, "depth": 10}}, {"type": "Feature", "id": "layer-50858.692271", "geometry": {"type": "Point", "coordinates": [176.1738552, -37.6170208, 10.8]}, "geometry_name": "shape", "properties": {"fidn": "8584577LKA", "expsou": null, "nobjnm": null, "objnam": null, "quasou": null, "souacc": null, "tecsou": null, "verdat": null, "status": null, "inform": null, "ninfom": null, "ntxtds": null, "scamin": 21999, "txtdsc": null, "sordat": null, "sorind": null, "depth": 10.8}}, {"type": "Feature", "id": "layer-50858.692272", "geometry": {"type": "Point", "coordinates": [176.1793377, -37.628934, 3.3]}, "geometry_name": "shape", "properties": {"fidn": "8584577LLA", "expsou": null, "nobjnm": null, "objnam": null, "quasou": null, "souacc": null, "tecsou": null, "verdat": null, "status": null, "inform": null, "ninfom": null, "ntxtds": null, "scamin": 21999, "txtdsc": null, "sordat": null, "sorind": null, "depth": 3.3}}, {"type": "Feature", "id": "layer-50858.692273", "geometry": {"type": "Point", "coordinates": [176.172263, -37.6794572, 4.2]}, "geometry_name": "shape", "properties": {"fidn": "8584577LMA", "expsou": null, "nobjnm": null, "objnam": null, "quasou": null, "souacc": null, "tecsou": null, "verdat": null, "status": null, "inform": null, "ninfom": null, "ntxtds": null, "scamin": 21999, "txtdsc": null, "sordat": null, "sorind": null, "depth": 4.2}}, {"type": "Feature", "id": "layer-50858.692274", "geometry": {"type": "Point", "coordinates": [176.1743003, -37.6226417, 8.4]}, "geometry_name": "shape", "properties": {"fidn": "8584577LNA", "expsou": null, "nobjnm": null, "objnam": null, "quasou": null, "souacc": null, "tecsou": null, "verdat": null, "status": null, "inform": null, "ninfom": null, "ntxtds": null, "scamin": 21999, "txtdsc": null, "sordat": null, "sorind": null, "depth": 8.4}}, {"type": "Feature", "id": "layer-50858.692275", "geometry": {"type": "Point", "coordinates": [176.1972696, -37.5943716, 27.5]}, "geometry_name": "shape", "properties": {"fidn": "8584577LOA", "expsou": null, "nobjnm": null, "objnam": null, "quasou": null, "souacc": null, "tecsou": null, "verdat": null, "status": null, "inform": null, "ninfom": null, "ntxtds": null, "scamin": 21999, "txtdsc": null, "sordat": null, "sorind": null, "depth": 27.5}}, {"type": "Feature", "id": "layer-50858.692276", "geometry": {"type": "Point", "coordinates": [176.1470093, -37.6037532, 3.1]}, "geometry_name": "shape", "properties": {"fidn": "8584577LPA", "expsou": null, "nobjnm": null, "objnam": null, "quasou": null, "souacc": null, "tecsou": null, "verdat": null, "status": null, "inform": null, "ninfom": null, "ntxtds": null, "scamin": 21999, "txtdsc": null, "sordat": null, "sorind": null, "depth": 3.1}}, {"type": "Feature", "id": "layer-50858.692277", "geometry": {"type": "Point", "coordinates": [176.1561721, -37.5930095, 16.2]}, "geometry_name": "shape", "properties": {"fidn": "8584577LQA", "expsou": null, "nobjnm": null, "objnam": null, "quasou": null, "souacc": null, "tecsou": null, "verdat": null, "status": null, "inform": null, "ninfom": null, "ntxtds": null, "scamin": 21999, "txtdsc": null, "sordat": null, "sorind": null, "depth": 16.2}}, {"type": "Feature", "id": "layer-50858.692278", "geometry": {"type": "Point", "coordinates": [176.174585, -37.65063, 1.4]}, "geometry_name": "shape", "properties": {"fidn": "8584577LRA", "expsou": null, "nobjnm": null, "objnam": null, "quasou": null, "souacc": null, "tecsou": null, "verdat": null, "status": null, "inform": null, "ninfom": null, "ntxtds": null, "scamin": 21999, "txtdsc": null, "sordat": null, "sorind": null, "depth": 1.4}}, {"type": "Feature", "id": "layer-50858.692279", "geometry": {"type": "Point", "coordinates": [176.1478103, -37.6584344, 4.1]}, "geometry_name": "shape", "properties": {"fidn": "8584577LSA", "expsou": null, "nobjnm": null, "objnam": null, "quasou": null, "souacc": null, "tecsou": null, "verdat": null, "status": null, "inform": null, "ninfom": null, "ntxtds": null, "scamin": 21999, "txtdsc": null, "sordat": null, "sorind": null, "depth": 4.1}}, {"type": "Feature", "id": "layer-50858.692280", "geometry": {"type": "Point", "coordinates": [176.1587592, -37.6561442, 1.9]}, "geometry_name": "shape", "properties": {"fidn": "8584577LTA", "expsou": null, "nobjnm": null, "objnam": null, "quasou": null, "souacc": null, "tecsou": null, "verdat": null, "status": null, "inform": null, "ninfom": null, "ntxtds": null, "scamin": 21999, "txtdsc": null, "sordat": null, "sorind": null, "depth": 1.9}}, {"type": "Feature", "id": "layer-50858.692281", "geometry": {"type": "Point", "coordinates": [176.1765338, -37.6777817, 0.6]}, "geometry_name": "shape", "properties": {"fidn": "8584577LUA", "expsou": null, "nobjnm": null, "objnam": null, "quasou": null, "souacc": null, "tecsou": null, "verdat": null, "status": null, "inform": null, "ninfom": null, "ntxtds": null, "scamin": 21999, "txtdsc": null, "sordat": null, "sorind": null, "depth": 0.6}}, {"type": "Feature", "id": "layer-50858.692282", "geometry": {"type": "Point", "coordinates": [176.13455, -37.649535, -0.1]}, "geometry_name": "shape", "properties": {"fidn": "8584577LVA", "expsou": null, "nobjnm": null, "objnam": null, "quasou": null, "souacc": null, "tecsou": null, "verdat": null, "status": null, "inform": null, "ninfom": null, "ntxtds": null, "scamin": 21999, "txtdsc": null, "sordat": null, "sorind": null, "depth": -0.1}}, {"type": "Feature", "id": "layer-50858.692283", "geometry": {"type": "Point", "coordinates": [176.1461101, -37.6026232, 6.9]}, "geometry_name": "shape", "properties": {"fidn": "8584577LWA", "expsou": null, "nobjnm": null, "objnam": null, "quasou": null, "souacc": null, "tecsou": null, "verdat": null, "status": null, "inform": null, "ninfom": null, "ntxtds": null, "scamin": 21999, "txtdsc": null, "sordat": null, "sorind": null, "depth": 6.9}}, {"type": "Feature", "id": "layer-50858.692284", "geometry": {"type": "Point", "coordinates": [176.1931729, -37.619995, 14.3]}, "geometry_name": "shape", "properties": {"fidn": "8584577LXA", "expsou": null, "nobjnm": null, "objnam": null, "quasou": null, "souacc": null, "tecsou": null, "verdat": null, "status": null, "inform": null, "ninfom": null, "ntxtds": null, "scamin": 21999, "txtdsc": null, "sordat": null, "sorind": null, "depth": 14.3}}, {"type": "Feature", "id": "layer-50858.692285", "geometry": {"type": "Point", "coordinates": [176.14432, -37.6590603, -0.2]}, "geometry_name": "shape", "properties": {"fidn": "8584577LYA", "expsou": null, "nobjnm": null, "objnam": null, "quasou": null, "souacc": null, "tecsou": null, "verdat": null, "status": null, "inform": null, "ninfom": null, "ntxtds": null, "scamin": 21999, "txtdsc": null, "sordat": null, "sorind": null, "depth": -0.2}}, {"type": "Feature", "id": "layer-50858.692286", "geometry": {"type": "Point", "coordinates": [176.125695, -37.639695, 3.6]}, "geometry_name": "shape", "properties": {"fidn": "8584577LZA", "expsou": null, "nobjnm": null, "objnam": null, "quasou": null, "souacc": null, "tecsou": null, "verdat": null, "status": null, "inform": null, "ninfom": null, "ntxtds": null, "scamin": 21999, "txtdsc": null, "sordat": null, "sorind": null, "depth": 3.6}}, {"type": "Feature", "id": "layer-50858.692287", "geometry": {"type": "Point", "coordinates": [176.1769157, -37.6251164, 4.4]}, "geometry_name": "shape", "properties": {"fidn": "8584577MAA", "expsou": null, "nobjnm": null, "objnam": null, "quasou": null, "souacc": null, "tecsou": null, "verdat": null, "status": null, "inform": null, "ninfom": null, "ntxtds": null, "scamin": 21999, "txtdsc": null, "sordat": null, "sorind": null, "depth": 4.4}}, {"type": "Feature", "id": "layer-50858.692288", "geometry": {"type": "Point", "coordinates": [176.1678872, -37.6224118, 11.8]}, "geometry_name": "shape", "properties": {"fidn": "8584577MBA", "expsou": null, "nobjnm": null, "objnam": null, "quasou": null, "souacc": null, "tecsou": null, "verdat": null, "status": null, "inform": null, "ninfom": null, "ntxtds": null, "scamin": 21999, "txtdsc": null, "sordat": null, "sorind": null, "depth": 11.8}}, {"type": "Feature", "id": "layer-50858.692289", "geometry": {"type": "Point", "coordinates": [176.1525562, -37.6047127, 7]}, "geometry_name": "shape", "properties": {"fidn": "8584577MCA", "expsou": null, "nobjnm": null, "objnam": null, "quasou": null, "souacc": null, "tecsou": null, "verdat": null, "status": null, "inform": null, "ninfom": null, "ntxtds": null, "scamin": 21999, "txtdsc": null, "sordat": null, "sorind": null, "depth": 7}}, {"type": "Feature", "id": "layer-50858.692290", "geometry": {"type": "Point", "coordinates": [176.1700463, -37.6376342, 8.9]}, "geometry_name": "shape", "properties": {"fidn": "8584577MDA", "expsou": null, "nobjnm": null, "objnam": null, "quasou": null, "souacc": null, "tecsou": null, "verdat": null, "status": null, "inform": null, "ninfom": null, "ntxtds": null, "scamin": 21999, "txtdsc": null, "sordat": null, "sorind": null, "depth": 8.9}}, {"type": "Feature", "id": "layer-50858.692291", "geometry": {"type": "Point", "coordinates": [176.171485, -37.641985, 0.1]}, "geometry_name": "shape", "properties": {"fidn": "8584577MEA", "expsou": null, "nobjnm": null, "objnam": null, "quasou": null, "souacc": null, "tecsou": null, "verdat": null, "status": null, "inform": null, "ninfom": null, "ntxtds": null, "scamin": 21999, "txtdsc": null, "sordat": null, "sorind": null, "depth": 0.1}}, {"type": "Feature", "id": "layer-50858.692292", "geometry": {"type": "Point", "coordinates": [176.1276465, -37.603202, 3.6]}, "geometry_name": "shape", "properties": {"fidn": "8584577MFA", "expsou": null, "nobjnm": null, "objnam": null, "quasou": null, "souacc": null, "tecsou": null, "verdat": null, "status": null, "inform": null, "ninfom": null, "ntxtds": null, "scamin": 21999, "txtdsc": null, "sordat": null, "sorind": null, "depth": 3.6}}, {"type": "Feature", "id": "layer-50858.692293", "geometry": {"type": "Point", "coordinates": [176.1824148, -37.6212701, 9.6]}, "geometry_name": "shape", "properties": {"fidn": "8584577MGA", "expsou": null, "nobjnm": null, "objnam": null, "quasou": null, "souacc": null, "tecsou": null, "verdat": null, "status": null, "inform": null, "ninfom": null, "ntxtds": null, "scamin": 21999, "txtdsc": null, "sordat": null, "sorind": null, "depth": 9.6}}, {"type": "Feature", "id": "layer-50858.692294", "geometry": {"type": "Point", "coordinates": [176.1492086, -37.6063256, 5.9]}, "geometry_name": "shape", "properties": {"fidn": "8584577MHA", "expsou": null, "nobjnm": null, "objnam": null, "quasou": null, "souacc": null, "tecsou": null, "verdat": null, "status": null, "inform": null, "ninfom": null, "ntxtds": null, "scamin": 21999, "txtdsc": null, "sordat": null, "sorind": null, "depth": 5.9}}, {"type": "Feature", "id": "layer-50858.692295", "geometry": {"type": "Point", "coordinates": [176.166905, -37.652985, 0.8]}, "geometry_name": "shape", "properties": {"fidn": "8584577MIA", "expsou": null, "nobjnm": null, "objnam": null, "quasou": null, "souacc": null, "tecsou": null, "verdat": null, "status": null, "inform": null, "ninfom": null, "ntxtds": null, "scamin": 21999, "txtdsc": null, "sordat": null, "sorind": null, "depth": 0.8}}, {"type": "Feature", "id": "layer-50858.692296", "geometry": {"type": "Point", "coordinates": [176.152935, -37.64431, 4.2]}, "geometry_name": "shape", "properties": {"fidn": "8584577MJA", "expsou": null, "nobjnm": null, "objnam": null, "quasou": null, "souacc": null, "tecsou": null, "verdat": null, "status": null, "inform": null, "ninfom": null, "ntxtds": null, "scamin": 21999, "txtdsc": null, "sordat": null, "sorind": null, "depth": 4.2}}, {"type": "Feature", "id": "layer-50858.692297", "geometry": {"type": "Point", "coordinates": [176.15599, -37.641845, 1.6]}, "geometry_name": "shape", "properties": {"fidn": "8584577MKA", "expsou": null, "nobjnm": null, "objnam": null, "quasou": null, "souacc": null, "tecsou": null, "verdat": null, "status": null, "inform": null, "ninfom": null, "ntxtds": null, "scamin": 21999, "txtdsc": null, "sordat": null, "sorind": null, "depth": 1.6}}, {"type": "Feature", "id": "layer-50858.692298", "geometry": {"type": "Point", "coordinates": [176.1556138, -37.6075612, 4.6]}, "geometry_name": "shape", "properties": {"fidn": "8584577MLA", "expsou": null, "nobjnm": null, "objnam": null, "quasou": null, "souacc": null, "tecsou": null, "verdat": null, "status": null, "inform": null, "ninfom": null, "ntxtds": null, "scamin": 21999, "txtdsc": null, "sordat": null, "sorind": null, "depth": 4.6}}, {"type": "Feature", "id": "layer-50858.692299", "geometry": {"type": "Point", "coordinates": [176.160179, -37.6099585, 7.9]}, "geometry_name": "shape", "properties": {"fidn": "8584577MMA", "expsou": null, "nobjnm": null, "objnam": null, "quasou": null, "souacc": null, "tecsou": null, "verdat": null, "status": null, "inform": null, "ninfom": null, "ntxtds": null, "scamin": 21999, "txtdsc": null, "sordat": null, "sorind": null, "depth": 7.9}}, {"type": "Feature", "id": "layer-50858.692300", "geometry": {"type": "Point", "coordinates": [176.174765, -37.639165, 1.9]}, "geometry_name": "shape", "properties": {"fidn": "8584577MNA", "expsou": null, "nobjnm": null, "objnam": null, "quasou": null, "souacc": null, "tecsou": null, "verdat": null, "status": null, "inform": null, "ninfom": null, "ntxtds": null, "scamin": 21999, "txtdsc": null, "sordat": null, "sorind": null, "depth": 1.9}}, {"type": "Feature", "id": "layer-50858.692301", "geometry": {"type": "Point", "coordinates": [176.1599906, -37.662404, -0.3]}, "geometry_name": "shape", "properties": {"fidn": "8584577MOA", "expsou": null, "nobjnm": null, "objnam": null, "quasou": null, "souacc": null, "tecsou": null, "verdat": null, "status": null, "inform": null, "ninfom": null, "ntxtds": null, "scamin": 21999, "txtdsc": null, "sordat": null, "sorind": null, "depth": -0.3}}, {"type": "Feature", "id": "layer-50858.692302", "geometry": {"type": "Point", "coordinates": [176.1437055, -37.6511689, 3.8]}, "geometry_name": "shape", "properties": {"fidn": "8584577MPA", "expsou": null, "nobjnm": null, "objnam": null, "quasou": null, "souacc": null, "tecsou": null, "verdat": null, "status": null, "inform": null, "ninfom": null, "ntxtds": null, "scamin": 21999, "txtdsc": null, "sordat": null, "sorind": null, "depth": 3.8}}, {"type": "Feature", "id": "layer-50858.692303", "geometry": {"type": "Point", "coordinates": [176.147635, -37.649345, 4.5]}, "geometry_name": "shape", "properties": {"fidn": "8584577MQA", "expsou": null, "nobjnm": null, "objnam": null, "quasou": null, "souacc": null, "tecsou": null, "verdat": null, "status": null, "inform": null, "ninfom": null, "ntxtds": null, "scamin": 21999, "txtdsc": null, "sordat": null, "sorind": null, "depth": 4.5}}, {"type": "Feature", "id": "layer-50858.692304", "geometry": {"type": "Point", "coordinates": [176.174135, -37.64356, -0.4]}, "geometry_name": "shape", "properties": {"fidn": "8584577MRA", "expsou": null, "nobjnm": null, "objnam": null, "quasou": null, "souacc": null, "tecsou": null, "verdat": null, "status": null, "inform": null, "ninfom": null, "ntxtds": null, "scamin": 21999, "txtdsc": null, "sordat": null, "sorind": null, "depth": -0.4}}, {"type": "Feature", "id": "layer-50858.692305", "geometry": {"type": "Point", "coordinates": [176.1538021, -37.6022252, 6.2]}, "geometry_name": "shape", "properties": {"fidn": "8584577MSA", "expsou": null, "nobjnm": null, "objnam": null, "quasou": null, "souacc": null, "tecsou": null, "verdat": null, "status": null, "inform": null, "ninfom": null, "ntxtds": null, "scamin": 21999, "txtdsc": null, "sordat": null, "sorind": null, "depth": 6.2}}, {"type": "Feature", "id": "layer-50858.692306", "geometry": {"type": "Point", "coordinates": [176.1960305, -37.605265, 23.5]}, "geometry_name": "shape", "properties": {"fidn": "8584577MTA", "expsou": null, "nobjnm": null, "objnam": null, "quasou": null, "souacc": null, "tecsou": null, "verdat": null, "status": null, "inform": null, "ninfom": null, "ntxtds": null, "scamin": 21999, "txtdsc": null, "sordat": null, "sorind": null, "depth": 23.5}}, {"type": "Feature", "id": "layer-50858.692307", "geometry": {"type": "Point", "coordinates": [176.1349721, -37.6525663, -0.3]}, "geometry_name": "shape", "properties": {"fidn": "8584577MUA", "expsou": null, "nobjnm": null, "objnam": null, "quasou": null, "souacc": null, "tecsou": null, "verdat": null, "status": null, "inform": null, "ninfom": null, "ntxtds": null, "scamin": 21999, "txtdsc": null, "sordat": null, "sorind": null, "depth": -0.3}}, {"type": "Feature", "id": "layer-50858.692308", "geometry": {"type": "Point", "coordinates": [176.1601087, -37.6132919, 8.2]}, "geometry_name": "shape", "properties": {"fidn": "8584577MVA", "expsou": null, "nobjnm": null, "objnam": null, "quasou": null, "souacc": null, "tecsou": null, "verdat": null, "status": null, "inform": null, "ninfom": null, "ntxtds": null, "scamin": 21999, "txtdsc": null, "sordat": null, "sorind": null, "depth": 8.2}}, {"type": "Feature", "id": "layer-50858.692309", "geometry": {"type": "Point", "coordinates": [176.1862092, -37.5997969, 21]}, "geometry_name": "shape", "properties": {"fidn": "8584577MWA", "expsou": null, "nobjnm": null, "objnam": null, "quasou": null, "souacc": null, "tecsou": null, "verdat": null, "status": null, "inform": null, "ninfom": null, "ntxtds": null, "scamin": 21999, "txtdsc": null, "sordat": null, "sorind": null, "depth": 21}}, {"type": "Feature", "id": "layer-50858.692310", "geometry": {"type": "Point", "coordinates": [176.12721, -37.6499, -0.5]}, "geometry_name": "shape", "properties": {"fidn": "8584577MXA", "expsou": null, "nobjnm": null, "objnam": null, "quasou": null, "souacc": null, "tecsou": null, "verdat": null, "status": null, "inform": null, "ninfom": null, "ntxtds": null, "scamin": 21999, "txtdsc": null, "sordat": null, "sorind": null, "depth": -0.5}}, {"type": "Feature", "id": "layer-50858.692311", "geometry": {"type": "Point", "coordinates": [176.1484446, -37.5995661, 11.3]}, "geometry_name": "shape", "properties": {"fidn": "8584577MYA", "expsou": null, "nobjnm": null, "objnam": null, "quasou": null, "souacc": null, "tecsou": null, "verdat": null, "status": null, "inform": null, "ninfom": null, "ntxtds": null, "scamin": 21999, "txtdsc": null, "sordat": null, "sorind": null, "depth": 11.3}}, {"type": "Feature", "id": "layer-50858.692312", "geometry": {"type": "Point", "coordinates": [176.1497231, -37.6221704, 3.4]}, "geometry_name": "shape", "properties": {"fidn": "8584577MZA", "expsou": null, "nobjnm": null, "objnam": null, "quasou": null, "souacc": null, "tecsou": null, "verdat": null, "status": null, "inform": null, "ninfom": null, "ntxtds": null, "scamin": 21999, "txtdsc": null, "sordat": null, "sorind": null, "depth": 3.4}}, {"type": "Feature", "id": "layer-50858.692313", "geometry": {"type": "Point", "coordinates": [176.1843306, -37.6747565, -0.3]}, "geometry_name": "shape", "properties": {"fidn": "8584577NAA", "expsou": null, "nobjnm": null, "objnam": null, "quasou": null, "souacc": null, "tecsou": null, "verdat": null, "status": null, "inform": null, "ninfom": null, "ntxtds": null, "scamin": 21999, "txtdsc": null, "sordat": null, "sorind": null, "depth": -0.3}}, {"type": "Feature", "id": "layer-50858.692314", "geometry": {"type": "Point", "coordinates": [176.1749479, -37.676785, 1.8]}, "geometry_name": "shape", "properties": {"fidn": "8584577NBA", "expsou": null, "nobjnm": null, "objnam": null, "quasou": null, "souacc": null, "tecsou": null, "verdat": null, "status": null, "inform": null, "ninfom": null, "ntxtds": null, "scamin": 21999, "txtdsc": null, "sordat": null, "sorind": null, "depth": 1.8}}, {"type": "Feature", "id": "layer-50858.692315", "geometry": {"type": "Point", "coordinates": [176.1957937, -37.6267497, 8.1]}, "geometry_name": "shape", "properties": {"fidn": "8584577NCA", "expsou": null, "nobjnm": null, "objnam": null, "quasou": null, "souacc": null, "tecsou": null, "verdat": null, "status": null, "inform": null, "ninfom": null, "ntxtds": null, "scamin": 21999, "txtdsc": null, "sordat": null, "sorind": null, "depth": 8.1}}, {"type": "Feature", "id": "layer-50858.692316", "geometry": {"type": "Point", "coordinates": [176.156305, -37.65613, 2.1]}, "geometry_name": "shape", "properties": {"fidn": "8584577NDA", "expsou": null, "nobjnm": null, "objnam": null, "quasou": null, "souacc": null, "tecsou": null, "verdat": null, "status": null, "inform": null, "ninfom": null, "ntxtds": null, "scamin": 21999, "txtdsc": null, "sordat": null, "sorind": null, "depth": 2.1}}, {"type": "Feature", "id": "layer-50858.692317", "geometry": {"type": "Point", "coordinates": [176.160216, -37.6308858, 7.7]}, "geometry_name": "shape", "properties": {"fidn": "8584577NEA", "expsou": null, "nobjnm": null, "objnam": null, "quasou": null, "souacc": null, "tecsou": null, "verdat": null, "status": null, "inform": null, "ninfom": null, "ntxtds": null, "scamin": 21999, "txtdsc": null, "sordat": null, "sorind": null, "depth": 7.7}}, {"type": "Feature", "id": "layer-50858.692318", "geometry": {"type": "Point", "coordinates": [176.1467036, -37.6094723, 5.2]}, "geometry_name": "shape", "properties": {"fidn": "8584577NFA", "expsou": null, "nobjnm": null, "objnam": null, "quasou": null, "souacc": null, "tecsou": null, "verdat": null, "status": null, "inform": null, "ninfom": null, "ntxtds": null, "scamin": 21999, "txtdsc": null, "sordat": null, "sorind": null, "depth": 5.2}}, {"type": "Feature", "id": "layer-50858.692319", "geometry": {"type": "Point", "coordinates": [176.1917953, -37.6050357, 21.5]}, "geometry_name": "shape", "properties": {"fidn": "8584577NGA", "expsou": null, "nobjnm": null, "objnam": null, "quasou": null, "souacc": null, "tecsou": null, "verdat": null, "status": null, "inform": null, "ninfom": null, "ntxtds": null, "scamin": 21999, "txtdsc": null, "sordat": null, "sorind": null, "depth": 21.5}}, {"type": "Feature", "id": "layer-50858.692320", "geometry": {"type": "Point", "coordinates": [176.1412655, -37.6517864, 1.5]}, "geometry_name": "shape", "properties": {"fidn": "8584577NHA", "expsou": null, "nobjnm": null, "objnam": null, "quasou": null, "souacc": null, "tecsou": null, "verdat": null, "status": null, "inform": null, "ninfom": null, "ntxtds": null, "scamin": 21999, "txtdsc": null, "sordat": null, "sorind": null, "depth": 1.5}}, {"type": "Feature", "id": "layer-50858.692321", "geometry": {"type": "Point", "coordinates": [176.1678, -37.656845, 4.2]}, "geometry_name": "shape", "properties": {"fidn": "8584577NIA", "expsou": null, "nobjnm": null, "objnam": null, "quasou": null, "souacc": null, "tecsou": null, "verdat": null, "status": null, "inform": null, "ninfom": null, "ntxtds": null, "scamin": 21999, "txtdsc": null, "sordat": null, "sorind": null, "depth": 4.2}}, {"type": "Feature", "id": "layer-50858.692322", "geometry": {"type": "Point", "coordinates": [176.177415, -37.65188, 0.7]}, "geometry_name": "shape", "properties": {"fidn": "8584577NJA", "expsou": null, "nobjnm": null, "objnam": null, "quasou": null, "souacc": null, "tecsou": null, "verdat": null, "status": null, "inform": null, "ninfom": null, "ntxtds": null, "scamin": 21999, "txtdsc": null, "sordat": null, "sorind": null, "depth": 0.7}}, {"type": "Feature", "id": "layer-50858.692323", "geometry": {"type": "Point", "coordinates": [176.17198, -37.638165, 1.3]}, "geometry_name": "shape", "properties": {"fidn": "8584577NKA", "expsou": null, "nobjnm": null, "objnam": null, "quasou": null, "souacc": null, "tecsou": null, "verdat": null, "status": null, "inform": null, "ninfom": null, "ntxtds": null, "scamin": 21999, "txtdsc": null, "sordat": null, "sorind": null, "depth": 1.3}}, {"type": "Feature", "id": "layer-50858.692324", "geometry": {"type": "Point", "coordinates": [176.1859537, -37.5922755, 26]}, "geometry_name": "shape", "properties": {"fidn": "8584577NLA", "expsou": null, "nobjnm": null, "objnam": null, "quasou": null, "souacc": null, "tecsou": null, "verdat": null, "status": null, "inform": null, "ninfom": null, "ntxtds": null, "scamin": 21999, "txtdsc": null, "sordat": null, "sorind": null, "depth": 26}}, {"type": "Feature", "id": "layer-50858.692325", "geometry": {"type": "Point", "coordinates": [176.158773, -37.684438, -0.8]}, "geometry_name": "shape", "properties": {"fidn": "8584577NMA", "expsou": null, "nobjnm": null, "objnam": null, "quasou": null, "souacc": null, "tecsou": null, "verdat": null, "status": null, "inform": null, "ninfom": null, "ntxtds": null, "scamin": 21999, "txtdsc": null, "sordat": null, "sorind": null, "depth": -0.8}}, {"type": "Feature", "id": "layer-50858.692326", "geometry": {"type": "Point", "coordinates": [176.128575, -37.6542562, 1.3]}, "geometry_name": "shape", "properties": {"fidn": "8584577NNA", "expsou": null, "nobjnm": null, "objnam": null, "quasou": null, "souacc": null, "tecsou": null, "verdat": null, "status": null, "inform": null, "ninfom": null, "ntxtds": null, "scamin": 21999, "txtdsc": null, "sordat": null, "sorind": null, "depth": 1.3}}, {"type": "Feature", "id": "layer-50858.692327", "geometry": {"type": "Point", "coordinates": [176.169051, -37.6003856, 10.9]}, "geometry_name": "shape", "properties": {"fidn": "8584577NOA", "expsou": null, "nobjnm": null, "objnam": null, "quasou": null, "souacc": null, "tecsou": null, "verdat": null, "status": null, "inform": null, "ninfom": null, "ntxtds": null, "scamin": 21999, "txtdsc": null, "sordat": null, "sorind": null, "depth": 10.9}}, {"type": "Feature", "id": "layer-50858.692328", "geometry": {"type": "Point", "coordinates": [176.1863991, -37.5944364, 26]}, "geometry_name": "shape", "properties": {"fidn": "8584577NPA", "expsou": null, "nobjnm": null, "objnam": null, "quasou": null, "souacc": null, "tecsou": null, "verdat": null, "status": null, "inform": null, "ninfom": null, "ntxtds": null, "scamin": 21999, "txtdsc": null, "sordat": null, "sorind": null, "depth": 26}}, {"type": "Feature", "id": "layer-50858.692329", "geometry": {"type": "Point", "coordinates": [176.1564819, -37.6799552, -0.7]}, "geometry_name": "shape", "properties": {"fidn": "8584577NQA", "expsou": null, "nobjnm": null, "objnam": null, "quasou": null, "souacc": null, "tecsou": null, "verdat": null, "status": null, "inform": null, "ninfom": null, "ntxtds": null, "scamin": 21999, "txtdsc": null, "sordat": null, "sorind": null, "depth": -0.7}}, {"type": "Feature", "id": "layer-50858.692330", "geometry": {"type": "Point", "coordinates": [176.1264622, -37.625606, 0.9]}, "geometry_name": "shape", "properties": {"fidn": "8584577NRA", "expsou": null, "nobjnm": null, "objnam": null, "quasou": null, "souacc": null, "tecsou": null, "verdat": null, "status": null, "inform": null, "ninfom": null, "ntxtds": null, "scamin": 21999, "txtdsc": null, "sordat": null, "sorind": null, "depth": 0.9}}, {"type": "Feature", "id": "layer-50858.692331", "geometry": {"type": "Point", "coordinates": [176.1688531, -37.6548214, 1.6]}, "geometry_name": "shape", "properties": {"fidn": "8584577NSA", "expsou": null, "nobjnm": null, "objnam": null, "quasou": null, "souacc": null, "tecsou": null, "verdat": null, "status": null, "inform": null, "ninfom": null, "ntxtds": null, "scamin": 21999, "txtdsc": null, "sordat": null, "sorind": null, "depth": 1.6}}, {"type": "Feature", "id": "layer-50858.692332", "geometry": {"type": "Point", "coordinates": [176.171935, -37.653095, 1.4]}, "geometry_name": "shape", "properties": {"fidn": "8584577NTA", "expsou": null, "nobjnm": null, "objnam": null, "quasou": null, "souacc": null, "tecsou": null, "verdat": null, "status": null, "inform": null, "ninfom": null, "ntxtds": null, "scamin": 21999, "txtdsc": null, "sordat": null, "sorind": null, "depth": 1.4}}, {"type": "Feature", "id": "layer-50858.692333", "geometry": {"type": "Point", "coordinates": [176.1881632, -37.5920079, 27]}, "geometry_name": "shape", "properties": {"fidn": "8584577NUA", "expsou": null, "nobjnm": null, "objnam": null, "quasou": null, "souacc": null, "tecsou": null, "verdat": null, "status": null, "inform": null, "ninfom": null, "ntxtds": null, "scamin": 21999, "txtdsc": null, "sordat": null, "sorind": null, "depth": 27}}, {"type": "Feature", "id": "layer-50858.692334", "geometry": {"type": "Point", "coordinates": [176.133017, -37.6072242, 4]}, "geometry_name": "shape", "properties": {"fidn": "8584577NVA", "expsou": null, "nobjnm": null, "objnam": null, "quasou": null, "souacc": null, "tecsou": null, "verdat": null, "status": null, "inform": null, "ninfom": null, "ntxtds": null, "scamin": 21999, "txtdsc": null, "sordat": null, "sorind": null, "depth": 4}}, {"type": "Feature", "id": "layer-50858.692335", "geometry": {"type": "Point", "coordinates": [176.130605, -37.65448, -0.4]}, "geometry_name": "shape", "properties": {"fidn": "8584577NWA", "expsou": null, "nobjnm": null, "objnam": null, "quasou": null, "souacc": null, "tecsou": null, "verdat": null, "status": null, "inform": null, "ninfom": null, "ntxtds": null, "scamin": 21999, "txtdsc": null, "sordat": null, "sorind": null, "depth": -0.4}}, {"type": "Feature", "id": "layer-50858.692336", "geometry": {"type": "Point", "coordinates": [176.1811795, -37.690369, -0.7]}, "geometry_name": "shape", "properties": {"fidn": "8584577NXA", "expsou": null, "nobjnm": null, "objnam": null, "quasou": null, "souacc": null, "tecsou": null, "verdat": null, "status": null, "inform": null, "ninfom": null, "ntxtds": null, "scamin": 21999, "txtdsc": null, "sordat": null, "sorind": null, "depth": -0.7}}, {"type": "Feature", "id": "layer-50858.692337", "geometry": {"type": "Point", "coordinates": [176.1490344, -37.6162153, 5.2]}, "geometry_name": "shape", "properties": {"fidn": "8584577NYA", "expsou": null, "nobjnm": null, "objnam": null, "quasou": null, "souacc": null, "tecsou": null, "verdat": null, "status": null, "inform": null, "ninfom": null, "ntxtds": null, "scamin": 21999, "txtdsc": null, "sordat": null, "sorind": null, "depth": 5.2}}, {"type": "Feature", "id": "layer-50858.692338", "geometry": {"type": "Point", "coordinates": [176.1812348, -37.6862757, -0.7]}, "geometry_name": "shape", "properties": {"fidn": "8584577NZA", "expsou": null, "nobjnm": null, "objnam": null, "quasou": null, "souacc": null, "tecsou": null, "verdat": null, "status": null, "inform": null, "ninfom": null, "ntxtds": null, "scamin": 21999, "txtdsc": null, "sordat": null, "sorind": null, "depth": -0.7}}, {"type": "Feature", "id": "layer-50858.692339", "geometry": {"type": "Point", "coordinates": [176.1878458, -37.6012423, 22]}, "geometry_name": "shape", "properties": {"fidn": "8584577OAA", "expsou": null, "nobjnm": null, "objnam": null, "quasou": null, "souacc": null, "tecsou": null, "verdat": null, "status": null, "inform": null, "ninfom": null, "ntxtds": null, "scamin": 21999, "txtdsc": null, "sordat": null, "sorind": null, "depth": 22}}, {"type": "Feature", "id": "layer-50858.692340", "geometry": {"type": "Point", "coordinates": [176.1720561, -37.6812836, 4.4]}, "geometry_name": "shape", "properties": {"fidn": "8584577OBA", "expsou": null, "nobjnm": null, "objnam": null, "quasou": null, "souacc": null, "tecsou": null, "verdat": null, "status": null, "inform": null, "ninfom": null, "ntxtds": null, "scamin": 21999, "txtdsc": null, "sordat": null, "sorind": null, "depth": 4.4}}, {"type": "Feature", "id": "layer-50858.692341", "geometry": {"type": "Point", "coordinates": [176.1959151, -37.6108866, 24]}, "geometry_name": "shape", "properties": {"fidn": "8584577OCA", "expsou": null, "nobjnm": null, "objnam": null, "quasou": null, "souacc": null, "tecsou": null, "verdat": null, "status": null, "inform": null, "ninfom": null, "ntxtds": null, "scamin": 21999, "txtdsc": null, "sordat": null, "sorind": null, "depth": 24}}, {"type": "Feature", "id": "layer-50858.692342", "geometry": {"type": "Point", "coordinates": [176.16223, -37.64795, 2.5]}, "geometry_name": "shape", "properties": {"fidn": "8584577ODA", "expsou": null, "nobjnm": null, "objnam": null, "quasou": null, "souacc": null, "tecsou": null, "verdat": null, "status": null, "inform": null, "ninfom": null, "ntxtds": null, "scamin": 21999, "txtdsc": null, "sordat": null, "sorind": null, "depth": 2.5}}, {"type": "Feature", "id": "layer-50858.692343", "geometry": {"type": "Point", "coordinates": [176.1653412, -37.6680354, 1.5]}, "geometry_name": "shape", "properties": {"fidn": "8584577OEA", "expsou": null, "nobjnm": null, "objnam": null, "quasou": null, "souacc": null, "tecsou": null, "verdat": null, "status": null, "inform": null, "ninfom": null, "ntxtds": null, "scamin": 21999, "txtdsc": null, "sordat": null, "sorind": null, "depth": 1.5}}, {"type": "Feature", "id": "layer-50858.692344", "geometry": {"type": "Point", "coordinates": [176.176558, -37.6478941, 1.1]}, "geometry_name": "shape", "properties": {"fidn": "8584577OFA", "expsou": null, "nobjnm": null, "objnam": null, "quasou": null, "souacc": null, "tecsou": null, "verdat": null, "status": null, "inform": null, "ninfom": null, "ntxtds": null, "scamin": 21999, "txtdsc": null, "sordat": null, "sorind": null, "depth": 1.1}}, {"type": "Feature", "id": "layer-50858.692345", "geometry": {"type": "Point", "coordinates": [176.1637252, -37.6385318, 5]}, "geometry_name": "shape", "properties": {"fidn": "8584577OGA", "expsou": null, "nobjnm": null, "objnam": null, "quasou": null, "souacc": null, "tecsou": null, "verdat": null, "status": null, "inform": null, "ninfom": null, "ntxtds": null, "scamin": 21999, "txtdsc": null, "sordat": null, "sorind": null, "depth": 5}}, {"type": "Feature", "id": "layer-50858.692346", "geometry": {"type": "Point", "coordinates": [176.1748643, -37.6876998, 0.7]}, "geometry_name": "shape", "properties": {"fidn": "8584577OHA", "expsou": null, "nobjnm": null, "objnam": null, "quasou": null, "souacc": null, "tecsou": null, "verdat": null, "status": null, "inform": null, "ninfom": null, "ntxtds": null, "scamin": 21999, "txtdsc": null, "sordat": null, "sorind": null, "depth": 0.7}}, {"type": "Feature", "id": "layer-50858.692347", "geometry": {"type": "Point", "coordinates": [176.1649316, -37.6664348, -0.2]}, "geometry_name": "shape", "properties": {"fidn": "8584577OIA", "expsou": null, "nobjnm": null, "objnam": null, "quasou": null, "souacc": null, "tecsou": null, "verdat": null, "status": null, "inform": null, "ninfom": null, "ntxtds": null, "scamin": 21999, "txtdsc": null, "sordat": null, "sorind": null, "depth": -0.2}}, {"type": "Feature", "id": "layer-50858.692348", "geometry": {"type": "Point", "coordinates": [176.1271639, -37.6521418, -0.4]}, "geometry_name": "shape", "properties": {"fidn": "8584577OJA", "expsou": null, "nobjnm": null, "objnam": null, "quasou": null, "souacc": null, "tecsou": null, "verdat": null, "status": null, "inform": null, "ninfom": null, "ntxtds": null, "scamin": 21999, "txtdsc": null, "sordat": null, "sorind": null, "depth": -0.4}}, {"type": "Feature", "id": "layer-50858.692349", "geometry": {"type": "Point", "coordinates": [176.1462609, -37.6070835, 5.3]}, "geometry_name": "shape", "properties": {"fidn": "8584577OKA", "expsou": null, "nobjnm": null, "objnam": null, "quasou": null, "souacc": null, "tecsou": null, "verdat": null, "status": null, "inform": null, "ninfom": null, "ntxtds": null, "scamin": 21999, "txtdsc": null, "sordat": null, "sorind": null, "depth": 5.3}}, {"type": "Feature", "id": "layer-50858.692350", "geometry": {"type": "Point", "coordinates": [176.1769583, -37.6806289, -1]}, "geometry_name": "shape", "properties": {"fidn": "8584577OLA", "expsou": null, "nobjnm": null, "objnam": null, "quasou": null, "souacc": null, "tecsou": null, "verdat": null, "status": null, "inform": null, "ninfom": null, "ntxtds": null, "scamin": 21999, "txtdsc": null, "sordat": null, "sorind": null, "depth": -1}}, {"type": "Feature", "id": "layer-50858.692351", "geometry": {"type": "Point", "coordinates": [176.1253221, -37.6196239, -0.9]}, "geometry_name": "shape", "properties": {"fidn": "8584577OMA", "expsou": null, "nobjnm": null, "objnam": null, "quasou": null, "souacc": null, "tecsou": null, "verdat": null, "status": null, "inform": null, "ninfom": null, "ntxtds": null, "scamin": 21999, "txtdsc": null, "sordat": null, "sorind": null, "depth": -0.9}}, {"type": "Feature", "id": "layer-50858.692352", "geometry": {"type": "Point", "coordinates": [176.1825508, -37.5940218, 23]}, "geometry_name": "shape", "properties": {"fidn": "8584577ONA", "expsou": null, "nobjnm": null, "objnam": null, "quasou": null, "souacc": null, "tecsou": null, "verdat": null, "status": null, "inform": null, "ninfom": null, "ntxtds": null, "scamin": 21999, "txtdsc": null, "sordat": null, "sorind": null, "depth": 23}}, {"type": "Feature", "id": "layer-50858.692353", "geometry": {"type": "Point", "coordinates": [176.1315727, -37.6442878, 5.3]}, "geometry_name": "shape", "properties": {"fidn": "8584577OOA", "expsou": null, "nobjnm": null, "objnam": null, "quasou": null, "souacc": null, "tecsou": null, "verdat": null, "status": null, "inform": null, "ninfom": null, "ntxtds": null, "scamin": 21999, "txtdsc": null, "sordat": null, "sorind": null, "depth": 5.3}}, {"type": "Feature", "id": "layer-50858.692354", "geometry": {"type": "Point", "coordinates": [176.16048, -37.654345, 0.5]}, "geometry_name": "shape", "properties": {"fidn": "8584577OPA", "expsou": null, "nobjnm": null, "objnam": null, "quasou": null, "souacc": null, "tecsou": null, "verdat": null, "status": null, "inform": null, "ninfom": null, "ntxtds": null, "scamin": 21999, "txtdsc": null, "sordat": null, "sorind": null, "depth": 0.5}}, {"type": "Feature", "id": "layer-50858.692355", "geometry": {"type": "Point", "coordinates": [176.1440063, -37.6067664, 5.6]}, "geometry_name": "shape", "properties": {"fidn": "8584577OQA", "expsou": null, "nobjnm": null, "objnam": null, "quasou": null, "souacc": null, "tecsou": null, "verdat": null, "status": null, "inform": null, "ninfom": null, "ntxtds": null, "scamin": 21999, "txtdsc": null, "sordat": null, "sorind": null, "depth": 5.6}}, {"type": "Feature", "id": "layer-50858.692356", "geometry": {"type": "Point", "coordinates": [176.1382375, -37.6484829, 2.5]}, "geometry_name": "shape", "properties": {"fidn": "8584577ORA", "expsou": null, "nobjnm": null, "objnam": null, "quasou": null, "souacc": null, "tecsou": null, "verdat": null, "status": null, "inform": null, "ninfom": null, "ntxtds": null, "scamin": 21999, "txtdsc": null, "sordat": null, "sorind": null, "depth": 2.5}}, {"type": "Feature", "id": "layer-50858.692357", "geometry": {"type": "Point", "coordinates": [176.1246283, -37.6477316, 0.3]}, "geometry_name": "shape", "properties": {"fidn": "8584577OSA", "expsou": null, "nobjnm": null, "objnam": null, "quasou": null, "souacc": null, "tecsou": null, "verdat": null, "status": null, "inform": null, "ninfom": null, "ntxtds": null, "scamin": 21999, "txtdsc": null, "sordat": null, "sorind": null, "depth": 0.3}}, {"type": "Feature", "id": "layer-50858.692358", "geometry": {"type": "Point", "coordinates": [176.1829576, -37.6294981, 4.2]}, "geometry_name": "shape", "properties": {"fidn": "8584577OTA", "expsou": null, "nobjnm": null, "objnam": null, "quasou": null, "souacc": null, "tecsou": null, "verdat": null, "status": null, "inform": null, "ninfom": null, "ntxtds": null, "scamin": 21999, "txtdsc": null, "sordat": null, "sorind": null, "depth": 4.2}}, {"type": "Feature", "id": "layer-50858.692359", "geometry": {"type": "Point", "coordinates": [176.1483756, -37.6542445, 2.8]}, "geometry_name": "shape", "properties": {"fidn": "8584577OUA", "expsou": null, "nobjnm": null, "objnam": null, "quasou": null, "souacc": null, "tecsou": null, "verdat": null, "status": null, "inform": null, "ninfom": null, "ntxtds": null, "scamin": 21999, "txtdsc": null, "sordat": null, "sorind": null, "depth": 2.8}}, {"type": "Feature", "id": "layer-50858.692360", "geometry": {"type": "Point", "coordinates": [176.1748816, -37.6741259, 4.6]}, "geometry_name": "shape", "properties": {"fidn": "8584577OVA", "expsou": null, "nobjnm": null, "objnam": null, "quasou": null, "souacc": null, "tecsou": null, "verdat": null, "status": null, "inform": null, "ninfom": null, "ntxtds": null, "scamin": 21999, "txtdsc": null, "sordat": null, "sorind": null, "depth": 4.6}}, {"type": "Feature", "id": "layer-50858.692361", "geometry": {"type": "Point", "coordinates": [176.1892744, -37.6806593, -0.3]}, "geometry_name": "shape", "properties": {"fidn": "8584577OWA", "expsou": null, "nobjnm": null, "objnam": null, "quasou": null, "souacc": null, "tecsou": null, "verdat": null, "status": null, "inform": null, "ninfom": null, "ntxtds": null, "scamin": 21999, "txtdsc": null, "sordat": null, "sorind": null, "depth": -0.3}}, {"type": "Feature", "id": "layer-50858.692362", "geometry": {"type": "Point", "coordinates": [176.1462933, -37.6570443, 5.3]}, "geometry_name": "shape", "properties": {"fidn": "8584577OXA", "expsou": null, "nobjnm": null, "objnam": null, "quasou": null, "souacc": null, "tecsou": null, "verdat": null, "status": null, "inform": null, "ninfom": null, "ntxtds": null, "scamin": 21999, "txtdsc": null, "sordat": null, "sorind": null, "depth": 5.3}}, {"type": "Feature", "id": "layer-50858.692363", "geometry": {"type": "Point", "coordinates": [176.168745, -37.644595, 0.9]}, "geometry_name": "shape", "properties": {"fidn": "8584577OYA", "expsou": null, "nobjnm": null, "objnam": null, "quasou": null, "souacc": null, "tecsou": null, "verdat": null, "status": null, "inform": null, "ninfom": null, "ntxtds": null, "scamin": 21999, "txtdsc": null, "sordat": null, "sorind": null, "depth": 0.9}}, {"type": "Feature", "id": "layer-50858.692364", "geometry": {"type": "Point", "coordinates": [176.1755821, -37.6156594, 10.4]}, "geometry_name": "shape", "properties": {"fidn": "8584577OZA", "expsou": null, "nobjnm": null, "objnam": null, "quasou": null, "souacc": null, "tecsou": null, "verdat": null, "status": null, "inform": null, "ninfom": null, "ntxtds": null, "scamin": 21999, "txtdsc": null, "sordat": null, "sorind": null, "depth": 10.4}}, {"type": "Feature", "id": "layer-50858.692365", "geometry": {"type": "Point", "coordinates": [176.1232202, -37.6383261, -0.2]}, "geometry_name": "shape", "properties": {"fidn": "8584577PAA", "expsou": null, "nobjnm": null, "objnam": null, "quasou": null, "souacc": null, "tecsou": null, "verdat": null, "status": null, "inform": null, "ninfom": null, "ntxtds": null, "scamin": 21999, "txtdsc": null, "sordat": null, "sorind": null, "depth": -0.2}}, {"type": "Feature", "id": "layer-50858.692366", "geometry": {"type": "Point", "coordinates": [176.174495, -37.637665, 6.1]}, "geometry_name": "shape", "properties": {"fidn": "8584577PBA", "expsou": null, "nobjnm": null, "objnam": null, "quasou": null, "souacc": null, "tecsou": null, "verdat": null, "status": null, "inform": null, "ninfom": null, "ntxtds": null, "scamin": 21999, "txtdsc": null, "sordat": null, "sorind": null, "depth": 6.1}}, {"type": "Feature", "id": "layer-50858.692367", "geometry": {"type": "Point", "coordinates": [176.15766, -37.6165742, 6.4]}, "geometry_name": "shape", "properties": {"fidn": "8584577PCA", "expsou": null, "nobjnm": null, "objnam": null, "quasou": null, "souacc": null, "tecsou": null, "verdat": null, "status": null, "inform": null, "ninfom": null, "ntxtds": null, "scamin": 21999, "txtdsc": null, "sordat": null, "sorind": null, "depth": 6.4}}, {"type": "Feature", "id": "layer-50858.692368", "geometry": {"type": "Point", "coordinates": [176.1509633, -37.6610412, -0.2]}, "geometry_name": "shape", "properties": {"fidn": "8584577PDA", "expsou": null, "nobjnm": null, "objnam": null, "quasou": null, "souacc": null, "tecsou": null, "verdat": null, "status": null, "inform": null, "ninfom": null, "ntxtds": null, "scamin": 21999, "txtdsc": null, "sordat": null, "sorind": null, "depth": -0.2}}, {"type": "Feature", "id": "layer-50858.692369", "geometry": {"type": "Point", "coordinates": [176.1846777, -37.6295996, 4]}, "geometry_name": "shape", "properties": {"fidn": "8584577PEA", "expsou": null, "nobjnm": null, "objnam": null, "quasou": null, "souacc": null, "tecsou": null, "verdat": null, "status": null, "inform": null, "ninfom": null, "ntxtds": null, "scamin": 21999, "txtdsc": null, "sordat": null, "sorind": null, "depth": 4}}, {"type": "Feature", "id": "layer-50858.692370", "geometry": {"type": "Point", "coordinates": [176.133145, -37.65408, -0.6]}, "geometry_name": "shape", "properties": {"fidn": "8584577PFA", "expsou": null, "nobjnm": null, "objnam": null, "quasou": null, "souacc": null, "tecsou": null, "verdat": null, "status": null, "inform": null, "ninfom": null, "ntxtds": null, "scamin": 21999, "txtdsc": null, "sordat": null, "sorind": null, "depth": -0.6}}, {"type": "Feature", "id": "layer-50858.692371", "geometry": {"type": "Point", "coordinates": [176.1856635, -37.610256, 15.9]}, "geometry_name": "shape", "properties": {"fidn": "8584577PGA", "expsou": null, "nobjnm": null, "objnam": null, "quasou": null, "souacc": null, "tecsou": null, "verdat": null, "status": null, "inform": null, "ninfom": null, "ntxtds": null, "scamin": 21999, "txtdsc": null, "sordat": null, "sorind": null, "depth": 15.9}}, {"type": "Feature", "id": "layer-50858.692372", "geometry": {"type": "Point", "coordinates": [176.1733523, -37.6739323, 5.1]}, "geometry_name": "shape", "properties": {"fidn": "8584577PHA", "expsou": null, "nobjnm": null, "objnam": null, "quasou": null, "souacc": null, "tecsou": null, "verdat": null, "status": null, "inform": null, "ninfom": null, "ntxtds": null, "scamin": 21999, "txtdsc": null, "sordat": null, "sorind": null, "depth": 5.1}}, {"type": "Feature", "id": "layer-50858.692373", "geometry": {"type": "Point", "coordinates": [176.1758396, -37.6677122, 4]}, "geometry_name": "shape", "properties": {"fidn": "8584577PIA", "expsou": null, "nobjnm": null, "objnam": null, "quasou": null, "souacc": null, "tecsou": null, "verdat": null, "status": null, "inform": null, "ninfom": null, "ntxtds": null, "scamin": 21999, "txtdsc": null, "sordat": null, "sorind": null, "depth": 4}}, {"type": "Feature", "id": "layer-50858.692374", "geometry": {"type": "Point", "coordinates": [176.1229741, -37.600861, 0.5]}, "geometry_name": "shape", "properties": {"fidn": "8584577PJA", "expsou": null, "nobjnm": null, "objnam": null, "quasou": null, "souacc": null, "tecsou": null, "verdat": null, "status": null, "inform": null, "ninfom": null, "ntxtds": null, "scamin": 21999, "txtdsc": null, "sordat": null, "sorind": null, "depth": 0.5}}, {"type": "Feature", "id": "layer-50858.692375", "geometry": {"type": "Point", "coordinates": [176.1409767, -37.5981943, 11.3]}, "geometry_name": "shape", "properties": {"fidn": "8584577PKA", "expsou": null, "nobjnm": null, "objnam": null, "quasou": null, "souacc": null, "tecsou": null, "verdat": null, "status": null, "inform": null, "ninfom": null, "ntxtds": null, "scamin": 21999, "txtdsc": null, "sordat": null, "sorind": null, "depth": 11.3}}, {"type": "Feature", "id": "layer-50858.692376", "geometry": {"type": "Point", "coordinates": [176.1461997, -37.59492, 13.8]}, "geometry_name": "shape", "properties": {"fidn": "8584577PLA", "expsou": null, "nobjnm": null, "objnam": null, "quasou": null, "souacc": null, "tecsou": null, "verdat": null, "status": null, "inform": null, "ninfom": null, "ntxtds": null, "scamin": 21999, "txtdsc": null, "sordat": null, "sorind": null, "depth": 13.8}}, {"type": "Feature", "id": "layer-50858.692377", "geometry": {"type": "Point", "coordinates": [176.1659387, -37.5999273, 10.7]}, "geometry_name": "shape", "properties": {"fidn": "8584577PMA", "expsou": null, "nobjnm": null, "objnam": null, "quasou": null, "souacc": null, "tecsou": null, "verdat": null, "status": null, "inform": null, "ninfom": null, "ntxtds": null, "scamin": 21999, "txtdsc": null, "sordat": null, "sorind": null, "depth": 10.7}}, {"type": "Feature", "id": "layer-50858.692378", "geometry": {"type": "Point", "coordinates": [176.1799933, -37.6741732, -0.5]}, "geometry_name": "shape", "properties": {"fidn": "8584577PNA", "expsou": null, "nobjnm": null, "objnam": null, "quasou": null, "souacc": null, "tecsou": null, "verdat": null, "status": null, "inform": null, "ninfom": null, "ntxtds": null, "scamin": 21999, "txtdsc": null, "sordat": null, "sorind": null, "depth": -0.5}}, {"type": "Feature", "id": "layer-50858.692379", "geometry": {"type": "Point", "coordinates": [176.1321858, -37.6015485, 7.9]}, "geometry_name": "shape", "properties": {"fidn": "8584577POA", "expsou": null, "nobjnm": null, "objnam": null, "quasou": null, "souacc": null, "tecsou": null, "verdat": null, "status": null, "inform": null, "ninfom": null, "ntxtds": null, "scamin": 21999, "txtdsc": null, "sordat": null, "sorind": null, "depth": 7.9}}, {"type": "Feature", "id": "layer-50858.692380", "geometry": {"type": "Point", "coordinates": [176.1667081, -37.6591849, 1.2]}, "geometry_name": "shape", "properties": {"fidn": "8584577PPA", "expsou": null, "nobjnm": null, "objnam": null, "quasou": null, "souacc": null, "tecsou": null, "verdat": null, "status": null, "inform": null, "ninfom": null, "ntxtds": null, "scamin": 21999, "txtdsc": null, "sordat": null, "sorind": null, "depth": 1.2}}, {"type": "Feature", "id": "layer-50858.692381", "geometry": {"type": "Point", "coordinates": [176.1509824, -37.6019605, 5.2]}, "geometry_name": "shape", "properties": {"fidn": "8584577PQA", "expsou": null, "nobjnm": null, "objnam": null, "quasou": null, "souacc": null, "tecsou": null, "verdat": null, "status": null, "inform": null, "ninfom": null, "ntxtds": null, "scamin": 21999, "txtdsc": null, "sordat": null, "sorind": null, "depth": 5.2}}, {"type": "Feature", "id": "layer-50858.692382", "geometry": {"type": "Point", "coordinates": [176.1729962, -37.6194514, 9.8]}, "geometry_name": "shape", "properties": {"fidn": "8584577PRA", "expsou": null, "nobjnm": null, "objnam": null, "quasou": null, "souacc": null, "tecsou": null, "verdat": null, "status": null, "inform": null, "ninfom": null, "ntxtds": null, "scamin": 21999, "txtdsc": null, "sordat": null, "sorind": null, "depth": 9.8}}, {"type": "Feature", "id": "layer-50858.692383", "geometry": {"type": "Point", "coordinates": [176.1271971, -37.6553659, 0.5]}, "geometry_name": "shape", "properties": {"fidn": "8584577PSA", "expsou": null, "nobjnm": null, "objnam": null, "quasou": null, "souacc": null, "tecsou": null, "verdat": null, "status": null, "inform": null, "ninfom": null, "ntxtds": null, "scamin": 21999, "txtdsc": null, "sordat": null, "sorind": null, "depth": 0.5}}, {"type": "Feature", "id": "layer-50858.692384", "geometry": {"type": "Point", "coordinates": [176.1729862, -37.6849078, 3.9]}, "geometry_name": "shape", "properties": {"fidn": "8584577PTA", "expsou": null, "nobjnm": null, "objnam": null, "quasou": null, "souacc": null, "tecsou": null, "verdat": null, "status": null, "inform": null, "ninfom": null, "ntxtds": null, "scamin": 21999, "txtdsc": null, "sordat": null, "sorind": null, "depth": 3.9}}, {"type": "Feature", "id": "layer-50858.692385", "geometry": {"type": "Point", "coordinates": [176.1838664, -37.6814562, -0.4]}, "geometry_name": "shape", "properties": {"fidn": "8584577PUA", "expsou": null, "nobjnm": null, "objnam": null, "quasou": null, "souacc": null, "tecsou": null, "verdat": null, "status": null, "inform": null, "ninfom": null, "ntxtds": null, "scamin": 21999, "txtdsc": null, "sordat": null, "sorind": null, "depth": -0.4}}, {"type": "Feature", "id": "layer-50858.692386", "geometry": {"type": "Point", "coordinates": [176.1718367, -37.674986, 3.2]}, "geometry_name": "shape", "properties": {"fidn": "8584577PVA", "expsou": null, "nobjnm": null, "objnam": null, "quasou": null, "souacc": null, "tecsou": null, "verdat": null, "status": null, "inform": null, "ninfom": null, "ntxtds": null, "scamin": 21999, "txtdsc": null, "sordat": null, "sorind": null, "depth": 3.2}}, {"type": "Feature", "id": "layer-50858.692387", "geometry": {"type": "Point", "coordinates": [176.1733945, -37.604541, 10.5]}, "geometry_name": "shape", "properties": {"fidn": "8584577PWA", "expsou": null, "nobjnm": null, "objnam": null, "quasou": null, "souacc": null, "tecsou": null, "verdat": null, "status": null, "inform": null, "ninfom": null, "ntxtds": null, "scamin": 21999, "txtdsc": null, "sordat": null, "sorind": null, "depth": 10.5}}, {"type": "Feature", "id": "layer-50858.692388", "geometry": {"type": "Point", "coordinates": [176.1461155, -37.6186304, 4.3]}, "geometry_name": "shape", "properties": {"fidn": "8584577PXA", "expsou": null, "nobjnm": null, "objnam": null, "quasou": null, "souacc": null, "tecsou": null, "verdat": null, "status": null, "inform": null, "ninfom": null, "ntxtds": null, "scamin": 21999, "txtdsc": null, "sordat": null, "sorind": null, "depth": 4.3}}, {"type": "Feature", "id": "layer-50858.692389", "geometry": {"type": "Point", "coordinates": [176.1820181, -37.6826146, -1]}, "geometry_name": "shape", "properties": {"fidn": "8584577PYA", "expsou": null, "nobjnm": null, "objnam": null, "quasou": null, "souacc": null, "tecsou": null, "verdat": null, "status": null, "inform": null, "ninfom": null, "ntxtds": null, "scamin": 21999, "txtdsc": null, "sordat": null, "sorind": null, "depth": -1}}, {"type": "Feature", "id": "layer-50858.692390", "geometry": {"type": "Point", "coordinates": [176.1916626, -37.6166089, 15.6]}, "geometry_name": "shape", "properties": {"fidn": "8584577PZA", "expsou": null, "nobjnm": null, "objnam": null, "quasou": null, "souacc": null, "tecsou": null, "verdat": null, "status": null, "inform": null, "ninfom": null, "ntxtds": null, "scamin": 21999, "txtdsc": null, "sordat": null, "sorind": null, "depth": 15.6}}, {"type": "Feature", "id": "layer-50858.692391", "geometry": {"type": "Point", "coordinates": [176.155558, -37.6522458, 1]}, "geometry_name": "shape", "properties": {"fidn": "8584577QAA", "expsou": null, "nobjnm": null, "objnam": null, "quasou": null, "souacc": null, "tecsou": null, "verdat": null, "status": null, "inform": null, "ninfom": null, "ntxtds": null, "scamin": 21999, "txtdsc": null, "sordat": null, "sorind": null, "depth": 1}}, {"type": "Feature", "id": "layer-50858.692392", "geometry": {"type": "Point", "coordinates": [176.1906653, -37.6242953, 11.6]}, "geometry_name": "shape", "properties": {"fidn": "8584577QBA", "expsou": null, "nobjnm": null, "objnam": null, "quasou": null, "souacc": null, "tecsou": null, "verdat": null, "status": null, "inform": null, "ninfom": null, "ntxtds": null, "scamin": 21999, "txtdsc": null, "sordat": null, "sorind": null, "depth": 11.6}}, {"type": "Feature", "id": "layer-50858.711284", "geometry": {"type": "Point", "coordinates": [176.0862524, -37.6405019, 0.5]}, "geometry_name": "shape", "properties": {"fidn": "8231312AAA", "expsou": null, "nobjnm": null, "objnam": null, "quasou": null, "souacc": null, "tecsou": null, "verdat": null, "status": null, "inform": null, "ninfom": null, "ntxtds": null, "scamin": 44999, "txtdsc": null, "sordat": null, "sorind": null, "depth": 0.5}}, {"type": "Feature", "id": "layer-50858.711285", "geometry": {"type": "Point", "coordinates": [176.1093978, -37.6520644, -0.1]}, "geometry_name": "shape", "properties": {"fidn": "8231312ABA", "expsou": null, "nobjnm": null, "objnam": null, "quasou": null, "souacc": null, "tecsou": null, "verdat": null, "status": null, "inform": null, "ninfom": null, "ntxtds": null, "scamin": 44999, "txtdsc": null, "sordat": null, "sorind": null, "depth": -0.1}}, {"type": "Feature", "id": "layer-50858.711286", "geometry": {"type": "Point", "coordinates": [176.1120719, -37.6557555, -0.5]}, "geometry_name": "shape", "properties": {"fidn": "8231312ACA", "expsou": null, "nobjnm": null, "objnam": null, "quasou": null, "souacc": null, "tecsou": null, "verdat": null, "status": null, "inform": null, "ninfom": null, "ntxtds": null, "scamin": 44999, "txtdsc": null, "sordat": null, "sorind": null, "depth": -0.5}}, {"type": "Feature", "id": "layer-50858.711287", "geometry": {"type": "Point", "coordinates": [176.1118729, -37.6446553, 11.6]}, "geometry_name": "shape", "properties": {"fidn": "8231312ADA", "expsou": null, "nobjnm": null, "objnam": null, "quasou": null, "souacc": null, "tecsou": null, "verdat": null, "status": null, "inform": null, "ninfom": null, "ntxtds": null, "scamin": 44999, "txtdsc": null, "sordat": null, "sorind": null, "depth": 11.6}}, {"type": "Feature", "id": "layer-50858.711288", "geometry": {"type": "Point", "coordinates": [176.1080767, -37.6485455, 0.2]}, "geometry_name": "shape", "properties": {"fidn": "8231312AEA", "expsou": null, "nobjnm": null, "objnam": null, "quasou": null, "souacc": null, "tecsou": null, "verdat": null, "status": null, "inform": null, "ninfom": null, "ntxtds": null, "scamin": 44999, "txtdsc": null, "sordat": null, "sorind": null, "depth": 0.2}}, {"type": "Feature", "id": "layer-50858.711289", "geometry": {"type": "Point", "coordinates": [176.1076807, -37.642717, 6.1]}, "geometry_name": "shape", "properties": {"fidn": "8231312AFA", "expsou": null, "nobjnm": null, "objnam": null, "quasou": null, "souacc": null, "tecsou": null, "verdat": null, "status": null, "inform": null, "ninfom": null, "ntxtds": null, "scamin": 44999, "txtdsc": null, "sordat": null, "sorind": null, "depth": 6.1}}, {"type": "Feature", "id": "layer-50858.711290", "geometry": {"type": "Point", "coordinates": [176.1086947, -37.6395928, -0.3]}, "geometry_name": "shape", "properties": {"fidn": "8231312AGA", "expsou": null, "nobjnm": null, "objnam": null, "quasou": null, "souacc": null, "tecsou": null, "verdat": null, "status": null, "inform": null, "ninfom": null, "ntxtds": null, "scamin": 44999, "txtdsc": null, "sordat": null, "sorind": null, "depth": -0.3}}, {"type": "Feature", "id": "layer-50858.711291", "geometry": {"type": "Point", "coordinates": [176.1092613, -37.65759, -0.6]}, "geometry_name": "shape", "properties": {"fidn": "8231312AHA", "expsou": null, "nobjnm": null, "objnam": null, "quasou": null, "souacc": null, "tecsou": null, "verdat": null, "status": null, "inform": null, "ninfom": null, "ntxtds": null, "scamin": 44999, "txtdsc": null, "sordat": null, "sorind": null, "depth": -0.6}}, {"type": "Feature", "id": "layer-50858.711292", "geometry": {"type": "Point", "coordinates": [176.0523394, -37.6253342, 1]}, "geometry_name": "shape", "properties": {"fidn": "8231312AIA", "expsou": null, "nobjnm": null, "objnam": null, "quasou": null, "souacc": null, "tecsou": null, "verdat": null, "status": null, "inform": null, "ninfom": null, "ntxtds": null, "scamin": 44999, "txtdsc": null, "sordat": null, "sorind": null, "depth": 1}}, {"type": "Feature", "id": "layer-50858.711293", "geometry": {"type": "Point", "coordinates": [176.0525722, -37.6449212, -0.3]}, "geometry_name": "shape", "properties": {"fidn": "8231312AJA", "expsou": null, "nobjnm": null, "objnam": null, "quasou": null, "souacc": null, "tecsou": null, "verdat": null, "status": null, "inform": null, "ninfom": null, "ntxtds": null, "scamin": 44999, "txtdsc": null, "sordat": null, "sorind": null, "depth": -0.3}}, {"type": "Feature", "id": "layer-50858.711294", "geometry": {"type": "Point", "coordinates": [176.0503207, -37.6366923, -0.7]}, "geometry_name": "shape", "properties": {"fidn": "8231312AKA", "expsou": null, "nobjnm": null, "objnam": null, "quasou": null, "souacc": null, "tecsou": null, "verdat": null, "status": null, "inform": null, "ninfom": null, "ntxtds": null, "scamin": 44999, "txtdsc": null, "sordat": null, "sorind": null, "depth": -0.7}}, {"type": "Feature", "id": "layer-50858.711295", "geometry": {"type": "Point", "coordinates": [176.0498638, -37.6483134, 4]}, "geometry_name": "shape", "properties": {"fidn": "8231312ALA", "expsou": null, "nobjnm": null, "objnam": null, "quasou": null, "souacc": null, "tecsou": null, "verdat": null, "status": null, "inform": null, "ninfom": null, "ntxtds": null, "scamin": 44999, "txtdsc": null, "sordat": null, "sorind": null, "depth": 4}}, {"type": "Feature", "id": "layer-50858.711296", "geometry": {"type": "Point", "coordinates": [176.049119, -37.6437397, 3.3]}, "geometry_name": "shape", "properties": {"fidn": "8231312AMA", "expsou": null, "nobjnm": null, "objnam": null, "quasou": null, "souacc": null, "tecsou": null, "verdat": null, "status": null, "inform": null, "ninfom": null, "ntxtds": null, "scamin": 44999, "txtdsc": null, "sordat": null, "sorind": null, "depth": 3.3}}, {"type": "Feature", "id": "layer-50858.711297", "geometry": {"type": "Point", "coordinates": [176.0500596, -37.6203589, 0.2]}, "geometry_name": "shape", "properties": {"fidn": "8231312ANA", "expsou": null, "nobjnm": null, "objnam": null, "quasou": null, "souacc": null, "tecsou": null, "verdat": null, "status": null, "inform": null, "ninfom": null, "ntxtds": null, "scamin": 44999, "txtdsc": null, "sordat": null, "sorind": null, "depth": 0.2}}, {"type": "Feature", "id": "layer-50858.711298", "geometry": {"type": "Point", "coordinates": [176.0503476, -37.6518339, -0.7]}, "geometry_name": "shape", "properties": {"fidn": "8231312AOA", "expsou": null, "nobjnm": null, "objnam": null, "quasou": null, "souacc": null, "tecsou": null, "verdat": null, "status": null, "inform": null, "ninfom": null, "ntxtds": null, "scamin": 44999, "txtdsc": null, "sordat": null, "sorind": null, "depth": -0.7}}, {"type": "Feature", "id": "layer-50858.711299", "geometry": {"type": "Point", "coordinates": [176.0962978, -37.6370704, 0.5]}, "geometry_name": "shape", "properties": {"fidn": "8231312APA", "expsou": null, "nobjnm": null, "objnam": null, "quasou": null, "souacc": null, "tecsou": null, "verdat": null, "status": null, "inform": null, "ninfom": null, "ntxtds": null, "scamin": 44999, "txtdsc": null, "sordat": null, "sorind": null, "depth": 0.5}}, {"type": "Feature", "id": "layer-50858.711300", "geometry": {"type": "Point", "coordinates": [176.0945355, -37.6295989, -0.2]}, "geometry_name": "shape", "properties": {"fidn": "8231312AQA", "expsou": null, "nobjnm": null, "objnam": null, "quasou": null, "souacc": null, "tecsou": null, "verdat": null, "status": null, "inform": null, "ninfom": null, "ntxtds": null, "scamin": 44999, "txtdsc": null, "sordat": null, "sorind": null, "depth": -0.2}}, {"type": "Feature", "id": "layer-50858.711301", "geometry": {"type": "Point", "coordinates": [176.0916989, -37.6277965, -0.2]}, "geometry_name": "shape", "properties": {"fidn": "8231312ARA", "expsou": null, "nobjnm": null, "objnam": null, "quasou": null, "souacc": null, "tecsou": null, "verdat": null, "status": null, "inform": null, "ninfom": null, "ntxtds": null, "scamin": 44999, "txtdsc": null, "sordat": null, "sorind": null, "depth": -0.2}}, {"type": "Feature", "id": "layer-50858.711302", "geometry": {"type": "Point", "coordinates": [176.0988761, -37.6272295, -0.5]}, "geometry_name": "shape", "properties": {"fidn": "8231312ASA", "expsou": null, "nobjnm": null, "objnam": null, "quasou": null, "souacc": null, "tecsou": null, "verdat": null, "status": null, "inform": null, "ninfom": null, "ntxtds": null, "scamin": 44999, "txtdsc": null, "sordat": null, "sorind": null, "depth": -0.5}}, {"type": "Feature", "id": "layer-50858.711303", "geometry": {"type": "Point", "coordinates": [176.1020305, -37.6302844, -0.8]}, "geometry_name": "shape", "properties": {"fidn": "8231312ATA", "expsou": null, "nobjnm": null, "objnam": null, "quasou": null, "souacc": null, "tecsou": null, "verdat": null, "status": null, "inform": null, "ninfom": null, "ntxtds": null, "scamin": 44999, "txtdsc": null, "sordat": null, "sorind": null, "depth": -0.8}}, {"type": "Feature", "id": "layer-50858.711304", "geometry": {"type": "Point", "coordinates": [176.0990042, -37.6334513, 1.9]}, "geometry_name": "shape", "properties": {"fidn": "8231312AUA", "expsou": null, "nobjnm": null, "objnam": null, "quasou": null, "souacc": null, "tecsou": null, "verdat": null, "status": null, "inform": null, "ninfom": null, "ntxtds": null, "scamin": 44999, "txtdsc": null, "sordat": null, "sorind": null, "depth": 1.9}}, {"type": "Feature", "id": "layer-50858.711305", "geometry": {"type": "Point", "coordinates": [176.0746341, -37.6334417, 2.7]}, "geometry_name": "shape", "properties": {"fidn": "8231312AVA", "expsou": null, "nobjnm": null, "objnam": null, "quasou": null, "souacc": null, "tecsou": null, "verdat": null, "status": null, "inform": null, "ninfom": null, "ntxtds": null, "scamin": 44999, "txtdsc": null, "sordat": null, "sorind": null, "depth": 2.7}}, {"type": "Feature", "id": "layer-50858.711306", "geometry": {"type": "Point", "coordinates": [176.0713464, -37.6479589, 0.2]}, "geometry_name": "shape", "properties": {"fidn": "8231312AWA", "expsou": null, "nobjnm": null, "objnam": null, "quasou": null, "souacc": null, "tecsou": null, "verdat": null, "status": null, "inform": null, "ninfom": null, "ntxtds": null, "scamin": 44999, "txtdsc": null, "sordat": null, "sorind": null, "depth": 0.2}}, {"type": "Feature", "id": "layer-50858.711307", "geometry": {"type": "Point", "coordinates": [176.0908405, -37.6531793, 3]}, "geometry_name": "shape", "properties": {"fidn": "8231312AXA", "expsou": null, "nobjnm": null, "objnam": null, "quasou": null, "souacc": null, "tecsou": null, "verdat": null, "status": null, "inform": null, "ninfom": null, "ntxtds": null, "scamin": 44999, "txtdsc": null, "sordat": null, "sorind": null, "depth": 3}}, {"type": "Feature", "id": "layer-50858.711308", "geometry": {"type": "Point", "coordinates": [176.0945711, -37.6510886, 3.3]}, "geometry_name": "shape", "properties": {"fidn": "8231312AYA", "expsou": null, "nobjnm": null, "objnam": null, "quasou": null, "souacc": null, "tecsou": null, "verdat": null, "status": null, "inform": null, "ninfom": null, "ntxtds": null, "scamin": 44999, "txtdsc": null, "sordat": null, "sorind": null, "depth": 3.3}}, {"type": "Feature", "id": "layer-50858.711309", "geometry": {"type": "Point", "coordinates": [176.0783495, -37.6506361, 0.6]}, "geometry_name": "shape", "properties": {"fidn": "8231312AZA", "expsou": null, "nobjnm": null, "objnam": null, "quasou": null, "souacc": null, "tecsou": null, "verdat": null, "status": null, "inform": null, "ninfom": null, "ntxtds": null, "scamin": 44999, "txtdsc": null, "sordat": null, "sorind": null, "depth": 0.6}}, {"type": "Feature", "id": "layer-50858.711310", "geometry": {"type": "Point", "coordinates": [176.0739029, -37.6505575, 0.5]}, "geometry_name": "shape", "properties": {"fidn": "8231312BAA", "expsou": null, "nobjnm": null, "objnam": null, "quasou": null, "souacc": null, "tecsou": null, "verdat": null, "status": null, "inform": null, "ninfom": null, "ntxtds": null, "scamin": 44999, "txtdsc": null, "sordat": null, "sorind": null, "depth": 0.5}}, {"type": "Feature", "id": "layer-50858.711311", "geometry": {"type": "Point", "coordinates": [176.0709057, -37.6574549, -0.8]}, "geometry_name": "shape", "properties": {"fidn": "8231312BBA", "expsou": null, "nobjnm": null, "objnam": null, "quasou": null, "souacc": null, "tecsou": null, "verdat": null, "status": null, "inform": null, "ninfom": null, "ntxtds": null, "scamin": 44999, "txtdsc": null, "sordat": null, "sorind": null, "depth": -0.8}}, {"type": "Feature", "id": "layer-50858.711312", "geometry": {"type": "Point", "coordinates": [176.0974682, -37.6531191, 0.5]}, "geometry_name": "shape", "properties": {"fidn": "8231312BCA", "expsou": null, "nobjnm": null, "objnam": null, "quasou": null, "souacc": null, "tecsou": null, "verdat": null, "status": null, "inform": null, "ninfom": null, "ntxtds": null, "scamin": 44999, "txtdsc": null, "sordat": null, "sorind": null, "depth": 0.5}}, {"type": "Feature", "id": "layer-50858.711313", "geometry": {"type": "Point", "coordinates": [176.0937695, -37.6548736, 0.4]}, "geometry_name": "shape", "properties": {"fidn": "8231312BDA", "expsou": null, "nobjnm": null, "objnam": null, "quasou": null, "souacc": null, "tecsou": null, "verdat": null, "status": null, "inform": null, "ninfom": null, "ntxtds": null, "scamin": 44999, "txtdsc": null, "sordat": null, "sorind": null, "depth": 0.4}}, {"type": "Feature", "id": "layer-50858.711314", "geometry": {"type": "Point", "coordinates": [176.0694002, -37.6522961, 0.1]}, "geometry_name": "shape", "properties": {"fidn": "8231312BEA", "expsou": null, "nobjnm": null, "objnam": null, "quasou": null, "souacc": null, "tecsou": null, "verdat": null, "status": null, "inform": null, "ninfom": null, "ntxtds": null, "scamin": 44999, "txtdsc": null, "sordat": null, "sorind": null, "depth": 0.1}}, {"type": "Feature", "id": "layer-50858.711315", "geometry": {"type": "Point", "coordinates": [176.0833965, -37.6514559, 0.5]}, "geometry_name": "shape", "properties": {"fidn": "8231312BFA", "expsou": null, "nobjnm": null, "objnam": null, "quasou": null, "souacc": null, "tecsou": null, "verdat": null, "status": null, "inform": null, "ninfom": null, "ntxtds": null, "scamin": 44999, "txtdsc": null, "sordat": null, "sorind": null, "depth": 0.5}}, {"type": "Feature", "id": "layer-50858.711316", "geometry": {"type": "Point", "coordinates": [176.0755463, -37.6460025, 0.1]}, "geometry_name": "shape", "properties": {"fidn": "8231312BGA", "expsou": null, "nobjnm": null, "objnam": null, "quasou": null, "souacc": null, "tecsou": null, "verdat": null, "status": null, "inform": null, "ninfom": null, "ntxtds": null, "scamin": 44999, "txtdsc": null, "sordat": null, "sorind": null, "depth": 0.1}}, {"type": "Feature", "id": "layer-50858.711317", "geometry": {"type": "Point", "coordinates": [176.0833477, -37.655939, -0.2]}, "geometry_name": "shape", "properties": {"fidn": "8231312BHA", "expsou": null, "nobjnm": null, "objnam": null, "quasou": null, "souacc": null, "tecsou": null, "verdat": null, "status": null, "inform": null, "ninfom": null, "ntxtds": null, "scamin": 44999, "txtdsc": null, "sordat": null, "sorind": null, "depth": -0.2}}, {"type": "Feature", "id": "layer-50858.711318", "geometry": {"type": "Point", "coordinates": [176.0789445, -37.6562545, -0.2]}, "geometry_name": "shape", "properties": {"fidn": "8231312BIA", "expsou": null, "nobjnm": null, "objnam": null, "quasou": null, "souacc": null, "tecsou": null, "verdat": null, "status": null, "inform": null, "ninfom": null, "ntxtds": null, "scamin": 44999, "txtdsc": null, "sordat": null, "sorind": null, "depth": -0.2}}, {"type": "Feature", "id": "layer-50858.711319", "geometry": {"type": "Point", "coordinates": [176.0632214, -37.6570914, -0.8]}, "geometry_name": "shape", "properties": {"fidn": "8231312BJA", "expsou": null, "nobjnm": null, "objnam": null, "quasou": null, "souacc": null, "tecsou": null, "verdat": null, "status": null, "inform": null, "ninfom": null, "ntxtds": null, "scamin": 44999, "txtdsc": null, "sordat": null, "sorind": null, "depth": -0.8}}, {"type": "Feature", "id": "layer-50858.711320", "geometry": {"type": "Point", "coordinates": [176.0755074, -37.6575824, -0.6]}, "geometry_name": "shape", "properties": {"fidn": "8231312BKA", "expsou": null, "nobjnm": null, "objnam": null, "quasou": null, "souacc": null, "tecsou": null, "verdat": null, "status": null, "inform": null, "ninfom": null, "ntxtds": null, "scamin": 44999, "txtdsc": null, "sordat": null, "sorind": null, "depth": -0.6}}, {"type": "Feature", "id": "layer-50858.711321", "geometry": {"type": "Point", "coordinates": [176.0608727, -37.6530219, 3.8]}, "geometry_name": "shape", "properties": {"fidn": "8231312BLA", "expsou": null, "nobjnm": null, "objnam": null, "quasou": null, "souacc": null, "tecsou": null, "verdat": null, "status": null, "inform": null, "ninfom": null, "ntxtds": null, "scamin": 44999, "txtdsc": null, "sordat": null, "sorind": null, "depth": 3.8}}, {"type": "Feature", "id": "layer-50858.711322", "geometry": {"type": "Point", "coordinates": [176.0719674, -37.6431535, -0.3]}, "geometry_name": "shape", "properties": {"fidn": "8231312BMA", "expsou": null, "nobjnm": null, "objnam": null, "quasou": null, "souacc": null, "tecsou": null, "verdat": null, "status": null, "inform": null, "ninfom": null, "ntxtds": null, "scamin": 44999, "txtdsc": null, "sordat": null, "sorind": null, "depth": -0.3}}, {"type": "Feature", "id": "layer-50858.711323", "geometry": {"type": "Point", "coordinates": [176.0595783, -37.6566674, -0.4]}, "geometry_name": "shape", "properties": {"fidn": "8231312BNA", "expsou": null, "nobjnm": null, "objnam": null, "quasou": null, "souacc": null, "tecsou": null, "verdat": null, "status": null, "inform": null, "ninfom": null, "ntxtds": null, "scamin": 44999, "txtdsc": null, "sordat": null, "sorind": null, "depth": -0.4}}, {"type": "Feature", "id": "layer-50858.711324", "geometry": {"type": "Point", "coordinates": [176.1038134, -37.6417396, 2.4]}, "geometry_name": "shape", "properties": {"fidn": "8231312BOA", "expsou": null, "nobjnm": null, "objnam": null, "quasou": null, "souacc": null, "tecsou": null, "verdat": null, "status": null, "inform": null, "ninfom": null, "ntxtds": null, "scamin": 44999, "txtdsc": null, "sordat": null, "sorind": null, "depth": 2.4}}, {"type": "Feature", "id": "layer-50858.711325", "geometry": {"type": "Point", "coordinates": [176.1047911, -37.6368721, 1.7]}, "geometry_name": "shape", "properties": {"fidn": "8231312BPA", "expsou": null, "nobjnm": null, "objnam": null, "quasou": null, "souacc": null, "tecsou": null, "verdat": null, "status": null, "inform": null, "ninfom": null, "ntxtds": null, "scamin": 44999, "txtdsc": null, "sordat": null, "sorind": null, "depth": 1.7}}, {"type": "Feature", "id": "layer-50858.711326", "geometry": {"type": "Point", "coordinates": [176.0878176, -37.6480661, -0.1]}, "geometry_name": "shape", "properties": {"fidn": "8231312BQA", "expsou": null, "nobjnm": null, "objnam": null, "quasou": null, "souacc": null, "tecsou": null, "verdat": null, "status": null, "inform": null, "ninfom": null, "ntxtds": null, "scamin": 44999, "txtdsc": null, "sordat": null, "sorind": null, "depth": -0.1}}, {"type": "Feature", "id": "layer-50858.711327", "geometry": {"type": "Point", "coordinates": [176.1113316, -37.6483116, -0.3]}, "geometry_name": "shape", "properties": {"fidn": "8231312BRA", "expsou": null, "nobjnm": null, "objnam": null, "quasou": null, "souacc": null, "tecsou": null, "verdat": null, "status": null, "inform": null, "ninfom": null, "ntxtds": null, "scamin": 44999, "txtdsc": null, "sordat": null, "sorind": null, "depth": -0.3}}, {"type": "Feature", "id": "layer-50858.711328", "geometry": {"type": "Point", "coordinates": [176.0524587, -37.6560356, -1.1]}, "geometry_name": "shape", "properties": {"fidn": "8231312BSA", "expsou": null, "nobjnm": null, "objnam": null, "quasou": null, "souacc": null, "tecsou": null, "verdat": null, "status": null, "inform": null, "ninfom": null, "ntxtds": null, "scamin": 44999, "txtdsc": null, "sordat": null, "sorind": null, "depth": -1.1}}, {"type": "Feature", "id": "layer-50858.711329", "geometry": {"type": "Point", "coordinates": [176.0563003, -37.6551998, -0.3]}, "geometry_name": "shape", "properties": {"fidn": "8231312BTA", "expsou": null, "nobjnm": null, "objnam": null, "quasou": null, "souacc": null, "tecsou": null, "verdat": null, "status": null, "inform": null, "ninfom": null, "ntxtds": null, "scamin": 44999, "txtdsc": null, "sordat": null, "sorind": null, "depth": -0.3}}, {"type": "Feature", "id": "layer-50858.711330", "geometry": {"type": "Point", "coordinates": [176.1005227, -37.6204273, -1.1]}, "geometry_name": "shape", "properties": {"fidn": "8231312BUA", "expsou": null, "nobjnm": null, "objnam": null, "quasou": null, "souacc": null, "tecsou": null, "verdat": null, "status": null, "inform": null, "ninfom": null, "ntxtds": null, "scamin": 44999, "txtdsc": null, "sordat": null, "sorind": null, "depth": -1.1}}, {"type": "Feature", "id": "layer-50858.711331", "geometry": {"type": "Point", "coordinates": [176.0956719, -37.619459, -1.4]}, "geometry_name": "shape", "properties": {"fidn": "8231312BVA", "expsou": null, "nobjnm": null, "objnam": null, "quasou": null, "souacc": null, "tecsou": null, "verdat": null, "status": null, "inform": null, "ninfom": null, "ntxtds": null, "scamin": 44999, "txtdsc": null, "sordat": null, "sorind": null, "depth": -1.4}}, {"type": "Feature", "id": "layer-50858.711332", "geometry": {"type": "Point", "coordinates": [176.0969404, -37.6232251, -1.1]}, "geometry_name": "shape", "properties": {"fidn": "8231312BWA", "expsou": null, "nobjnm": null, "objnam": null, "quasou": null, "souacc": null, "tecsou": null, "verdat": null, "status": null, "inform": null, "ninfom": null, "ntxtds": null, "scamin": 44999, "txtdsc": null, "sordat": null, "sorind": null, "depth": -1.1}}, {"type": "Feature", "id": "layer-50858.711333", "geometry": {"type": "Point", "coordinates": [176.0916618, -37.6245308, -0.8]}, "geometry_name": "shape", "properties": {"fidn": "8231312BXA", "expsou": null, "nobjnm": null, "objnam": null, "quasou": null, "souacc": null, "tecsou": null, "verdat": null, "status": null, "inform": null, "ninfom": null, "ntxtds": null, "scamin": 44999, "txtdsc": null, "sordat": null, "sorind": null, "depth": -0.8}}, {"type": "Feature", "id": "layer-50858.711334", "geometry": {"type": "Point", "coordinates": [176.0706865, -37.629589, 3.2]}, "geometry_name": "shape", "properties": {"fidn": "8231312BYA", "expsou": null, "nobjnm": null, "objnam": null, "quasou": null, "souacc": null, "tecsou": null, "verdat": null, "status": null, "inform": null, "ninfom": null, "ntxtds": null, "scamin": 44999, "txtdsc": null, "sordat": null, "sorind": null, "depth": 3.2}}, {"type": "Feature", "id": "layer-50858.711335", "geometry": {"type": "Point", "coordinates": [176.0751992, -37.6252664, -0.5]}, "geometry_name": "shape", "properties": {"fidn": "8231312BZA", "expsou": null, "nobjnm": null, "objnam": null, "quasou": null, "souacc": null, "tecsou": null, "verdat": null, "status": null, "inform": null, "ninfom": null, "ntxtds": null, "scamin": 44999, "txtdsc": null, "sordat": null, "sorind": null, "depth": -0.5}}, {"type": "Feature", "id": "layer-50858.711336", "geometry": {"type": "Point", "coordinates": [176.0708309, -37.6261208, -0.2]}, "geometry_name": "shape", "properties": {"fidn": "8231312CAA", "expsou": null, "nobjnm": null, "objnam": null, "quasou": null, "souacc": null, "tecsou": null, "verdat": null, "status": null, "inform": null, "ninfom": null, "ntxtds": null, "scamin": 44999, "txtdsc": null, "sordat": null, "sorind": null, "depth": -0.2}}, {"type": "Feature", "id": "layer-50858.711337", "geometry": {"type": "Point", "coordinates": [176.084646, -37.6296839, 0.2]}, "geometry_name": "shape", "properties": {"fidn": "8231312CBA", "expsou": null, "nobjnm": null, "objnam": null, "quasou": null, "souacc": null, "tecsou": null, "verdat": null, "status": null, "inform": null, "ninfom": null, "ntxtds": null, "scamin": 44999, "txtdsc": null, "sordat": null, "sorind": null, "depth": 0.2}}, {"type": "Feature", "id": "layer-50858.711338", "geometry": {"type": "Point", "coordinates": [176.0729529, -37.6224484, 2]}, "geometry_name": "shape", "properties": {"fidn": "8231312CCA", "expsou": null, "nobjnm": null, "objnam": null, "quasou": null, "souacc": null, "tecsou": null, "verdat": null, "status": null, "inform": null, "ninfom": null, "ntxtds": null, "scamin": 44999, "txtdsc": null, "sordat": null, "sorind": null, "depth": 2}}, {"type": "Feature", "id": "layer-50858.711339", "geometry": {"type": "Point", "coordinates": [176.08947, -37.6308623, 1.1]}, "geometry_name": "shape", "properties": {"fidn": "8231312CDA", "expsou": null, "nobjnm": null, "objnam": null, "quasou": null, "souacc": null, "tecsou": null, "verdat": null, "status": null, "inform": null, "ninfom": null, "ntxtds": null, "scamin": 44999, "txtdsc": null, "sordat": null, "sorind": null, "depth": 1.1}}, {"type": "Feature", "id": "layer-50858.711340", "geometry": {"type": "Point", "coordinates": [176.074834, -37.6301468, 0.1]}, "geometry_name": "shape", "properties": {"fidn": "8231312CEA", "expsou": null, "nobjnm": null, "objnam": null, "quasou": null, "souacc": null, "tecsou": null, "verdat": null, "status": null, "inform": null, "ninfom": null, "ntxtds": null, "scamin": 44999, "txtdsc": null, "sordat": null, "sorind": null, "depth": 0.1}}, {"type": "Feature", "id": "layer-50858.711341", "geometry": {"type": "Point", "coordinates": [176.0700527, -37.6337843, 1.8]}, "geometry_name": "shape", "properties": {"fidn": "8231312CFA", "expsou": null, "nobjnm": null, "objnam": null, "quasou": null, "souacc": null, "tecsou": null, "verdat": null, "status": null, "inform": null, "ninfom": null, "ntxtds": null, "scamin": 44999, "txtdsc": null, "sordat": null, "sorind": null, "depth": 1.8}}, {"type": "Feature", "id": "layer-50858.711342", "geometry": {"type": "Point", "coordinates": [176.0675032, -37.6473002, -0.4]}, "geometry_name": "shape", "properties": {"fidn": "8231312CGA", "expsou": null, "nobjnm": null, "objnam": null, "quasou": null, "souacc": null, "tecsou": null, "verdat": null, "status": null, "inform": null, "ninfom": null, "ntxtds": null, "scamin": 44999, "txtdsc": null, "sordat": null, "sorind": null, "depth": -0.4}}, {"type": "Feature", "id": "layer-50858.711343", "geometry": {"type": "Point", "coordinates": [176.0678939, -37.6376841, -0.8]}, "geometry_name": "shape", "properties": {"fidn": "8231312CHA", "expsou": null, "nobjnm": null, "objnam": null, "quasou": null, "souacc": null, "tecsou": null, "verdat": null, "status": null, "inform": null, "ninfom": null, "ntxtds": null, "scamin": 44999, "txtdsc": null, "sordat": null, "sorind": null, "depth": -0.8}}, {"type": "Feature", "id": "layer-50858.711344", "geometry": {"type": "Point", "coordinates": [176.0629362, -37.6468369, -0.2]}, "geometry_name": "shape", "properties": {"fidn": "8231312CIA", "expsou": null, "nobjnm": null, "objnam": null, "quasou": null, "souacc": null, "tecsou": null, "verdat": null, "status": null, "inform": null, "ninfom": null, "ntxtds": null, "scamin": 44999, "txtdsc": null, "sordat": null, "sorind": null, "depth": -0.2}}, {"type": "Feature", "id": "layer-50858.711345", "geometry": {"type": "Point", "coordinates": [176.0667437, -37.6291384, 7.4]}, "geometry_name": "shape", "properties": {"fidn": "8231312CJA", "expsou": null, "nobjnm": null, "objnam": null, "quasou": null, "souacc": null, "tecsou": null, "verdat": null, "status": null, "inform": null, "ninfom": null, "ntxtds": null, "scamin": 44999, "txtdsc": null, "sordat": null, "sorind": null, "depth": 7.4}}, {"type": "Feature", "id": "layer-50858.711346", "geometry": {"type": "Point", "coordinates": [176.0674747, -37.6252301, -0.2]}, "geometry_name": "shape", "properties": {"fidn": "8231312CKA", "expsou": null, "nobjnm": null, "objnam": null, "quasou": null, "souacc": null, "tecsou": null, "verdat": null, "status": null, "inform": null, "ninfom": null, "ntxtds": null, "scamin": 44999, "txtdsc": null, "sordat": null, "sorind": null, "depth": -0.2}}, {"type": "Feature", "id": "layer-50858.711347", "geometry": {"type": "Point", "coordinates": [176.0635071, -37.6294183, 0.2]}, "geometry_name": "shape", "properties": {"fidn": "8231312CLA", "expsou": null, "nobjnm": null, "objnam": null, "quasou": null, "souacc": null, "tecsou": null, "verdat": null, "status": null, "inform": null, "ninfom": null, "ntxtds": null, "scamin": 44999, "txtdsc": null, "sordat": null, "sorind": null, "depth": 0.2}}, {"type": "Feature", "id": "layer-50858.711348", "geometry": {"type": "Point", "coordinates": [176.0562143, -37.6338285, -0.8]}, "geometry_name": "shape", "properties": {"fidn": "8231312CMA", "expsou": null, "nobjnm": null, "objnam": null, "quasou": null, "souacc": null, "tecsou": null, "verdat": null, "status": null, "inform": null, "ninfom": null, "ntxtds": null, "scamin": 44999, "txtdsc": null, "sordat": null, "sorind": null, "depth": -0.8}}, {"type": "Feature", "id": "layer-50858.711349", "geometry": {"type": "Point", "coordinates": [176.0653168, -37.6356736, 1.8]}, "geometry_name": "shape", "properties": {"fidn": "8231312CNA", "expsou": null, "nobjnm": null, "objnam": null, "quasou": null, "souacc": null, "tecsou": null, "verdat": null, "status": null, "inform": null, "ninfom": null, "ntxtds": null, "scamin": 44999, "txtdsc": null, "sordat": null, "sorind": null, "depth": 1.8}}, {"type": "Feature", "id": "layer-50858.711350", "geometry": {"type": "Point", "coordinates": [176.0584491, -37.630484, -0.9]}, "geometry_name": "shape", "properties": {"fidn": "8231312COA", "expsou": null, "nobjnm": null, "objnam": null, "quasou": null, "souacc": null, "tecsou": null, "verdat": null, "status": null, "inform": null, "ninfom": null, "ntxtds": null, "scamin": 44999, "txtdsc": null, "sordat": null, "sorind": null, "depth": -0.9}}, {"type": "Feature", "id": "layer-50858.711351", "geometry": {"type": "Point", "coordinates": [176.0652216, -37.620309, -0.2]}, "geometry_name": "shape", "properties": {"fidn": "8231312CPA", "expsou": null, "nobjnm": null, "objnam": null, "quasou": null, "souacc": null, "tecsou": null, "verdat": null, "status": null, "inform": null, "ninfom": null, "ntxtds": null, "scamin": 44999, "txtdsc": null, "sordat": null, "sorind": null, "depth": -0.2}}, {"type": "Feature", "id": "layer-50858.711352", "geometry": {"type": "Point", "coordinates": [176.069426, -37.622096, -0.8]}, "geometry_name": "shape", "properties": {"fidn": "8231312CQA", "expsou": null, "nobjnm": null, "objnam": null, "quasou": null, "souacc": null, "tecsou": null, "verdat": null, "status": null, "inform": null, "ninfom": null, "ntxtds": null, "scamin": 44999, "txtdsc": null, "sordat": null, "sorind": null, "depth": -0.8}}, {"type": "Feature", "id": "layer-50858.711353", "geometry": {"type": "Point", "coordinates": [176.0628616, -37.6334283, 0.3]}, "geometry_name": "shape", "properties": {"fidn": "8231312CRA", "expsou": null, "nobjnm": null, "objnam": null, "quasou": null, "souacc": null, "tecsou": null, "verdat": null, "status": null, "inform": null, "ninfom": null, "ntxtds": null, "scamin": 44999, "txtdsc": null, "sordat": null, "sorind": null, "depth": 0.3}}, {"type": "Feature", "id": "layer-50858.711354", "geometry": {"type": "Point", "coordinates": [176.0663421, -37.632548, 2.9]}, "geometry_name": "shape", "properties": {"fidn": "8231312CSA", "expsou": null, "nobjnm": null, "objnam": null, "quasou": null, "souacc": null, "tecsou": null, "verdat": null, "status": null, "inform": null, "ninfom": null, "ntxtds": null, "scamin": 44999, "txtdsc": null, "sordat": null, "sorind": null, "depth": 2.9}}, {"type": "Feature", "id": "layer-50858.711355", "geometry": {"type": "Point", "coordinates": [176.0639074, -37.6501661, 0.7]}, "geometry_name": "shape", "properties": {"fidn": "8231312CTA", "expsou": null, "nobjnm": null, "objnam": null, "quasou": null, "souacc": null, "tecsou": null, "verdat": null, "status": null, "inform": null, "ninfom": null, "ntxtds": null, "scamin": 44999, "txtdsc": null, "sordat": null, "sorind": null, "depth": 0.7}}, {"type": "Feature", "id": "layer-50858.711356", "geometry": {"type": "Point", "coordinates": [176.0574193, -37.65181, 1.5]}, "geometry_name": "shape", "properties": {"fidn": "8231312CUA", "expsou": null, "nobjnm": null, "objnam": null, "quasou": null, "souacc": null, "tecsou": null, "verdat": null, "status": null, "inform": null, "ninfom": null, "ntxtds": null, "scamin": 44999, "txtdsc": null, "sordat": null, "sorind": null, "depth": 1.5}}, {"type": "Feature", "id": "layer-50858.711357", "geometry": {"type": "Point", "coordinates": [176.0537837, -37.6485622, 0.1]}, "geometry_name": "shape", "properties": {"fidn": "8231312CVA", "expsou": null, "nobjnm": null, "objnam": null, "quasou": null, "souacc": null, "tecsou": null, "verdat": null, "status": null, "inform": null, "ninfom": null, "ntxtds": null, "scamin": 44999, "txtdsc": null, "sordat": null, "sorind": null, "depth": 0.1}}, {"type": "Feature", "id": "layer-50858.711358", "geometry": {"type": "Point", "coordinates": [176.0536126, -37.6315278, -0.6]}, "geometry_name": "shape", "properties": {"fidn": "8231312CWA", "expsou": null, "nobjnm": null, "objnam": null, "quasou": null, "souacc": null, "tecsou": null, "verdat": null, "status": null, "inform": null, "ninfom": null, "ntxtds": null, "scamin": 44999, "txtdsc": null, "sordat": null, "sorind": null, "depth": -0.6}}, {"type": "Feature", "id": "layer-50858.711359", "geometry": {"type": "Point", "coordinates": [176.0780085, -37.6321884, 0.1]}, "geometry_name": "shape", "properties": {"fidn": "8231312CXA", "expsou": null, "nobjnm": null, "objnam": null, "quasou": null, "souacc": null, "tecsou": null, "verdat": null, "status": null, "inform": null, "ninfom": null, "ntxtds": null, "scamin": 44999, "txtdsc": null, "sordat": null, "sorind": null, "depth": 0.1}}, {"type": "Feature", "id": "layer-50858.711360", "geometry": {"type": "Point", "coordinates": [176.0797835, -37.6290957, -0.7]}, "geometry_name": "shape", "properties": {"fidn": "8231312CYA", "expsou": null, "nobjnm": null, "objnam": null, "quasou": null, "souacc": null, "tecsou": null, "verdat": null, "status": null, "inform": null, "ninfom": null, "ntxtds": null, "scamin": 44999, "txtdsc": null, "sordat": null, "sorind": null, "depth": -0.7}}, {"type": "Feature", "id": "layer-50858.711361", "geometry": {"type": "Point", "coordinates": [176.0815837, -37.6320407, 2.7]}, "geometry_name": "shape", "properties": {"fidn": "8231312CZA", "expsou": null, "nobjnm": null, "objnam": null, "quasou": null, "souacc": null, "tecsou": null, "verdat": null, "status": null, "inform": null, "ninfom": null, "ntxtds": null, "scamin": 44999, "txtdsc": null, "sordat": null, "sorind": null, "depth": 2.7}}, {"type": "Feature", "id": "layer-50858.711362", "geometry": {"type": "Point", "coordinates": [176.0905664, -37.6345978, 2.9]}, "geometry_name": "shape", "properties": {"fidn": "8231312DAA", "expsou": null, "nobjnm": null, "objnam": null, "quasou": null, "souacc": null, "tecsou": null, "verdat": null, "status": null, "inform": null, "ninfom": null, "ntxtds": null, "scamin": 44999, "txtdsc": null, "sordat": null, "sorind": null, "depth": 2.9}}, {"type": "Feature", "id": "layer-50858.711363", "geometry": {"type": "Point", "coordinates": [176.0944991, -37.6337997, 3.1]}, "geometry_name": "shape", "properties": {"fidn": "8231312DBA", "expsou": null, "nobjnm": null, "objnam": null, "quasou": null, "souacc": null, "tecsou": null, "verdat": null, "status": null, "inform": null, "ninfom": null, "ntxtds": null, "scamin": 44999, "txtdsc": null, "sordat": null, "sorind": null, "depth": 3.1}}, {"type": "Feature", "id": "layer-50858.711364", "geometry": {"type": "Point", "coordinates": [176.0874442, -37.6267315, -0.8]}, "geometry_name": "shape", "properties": {"fidn": "8231312DCA", "expsou": null, "nobjnm": null, "objnam": null, "quasou": null, "souacc": null, "tecsou": null, "verdat": null, "status": null, "inform": null, "ninfom": null, "ntxtds": null, "scamin": 44999, "txtdsc": null, "sordat": null, "sorind": null, "depth": -0.8}}, {"type": "Feature", "id": "layer-50858.711365", "geometry": {"type": "Point", "coordinates": [176.10455, -37.6330146, -0.3]}, "geometry_name": "shape", "properties": {"fidn": "8231312DDA", "expsou": null, "nobjnm": null, "objnam": null, "quasou": null, "souacc": null, "tecsou": null, "verdat": null, "status": null, "inform": null, "ninfom": null, "ntxtds": null, "scamin": 44999, "txtdsc": null, "sordat": null, "sorind": null, "depth": -0.3}}, {"type": "Feature", "id": "layer-50858.711366", "geometry": {"type": "Point", "coordinates": [176.0788384, -37.6452776, 0.1]}, "geometry_name": "shape", "properties": {"fidn": "8231312DEA", "expsou": null, "nobjnm": null, "objnam": null, "quasou": null, "souacc": null, "tecsou": null, "verdat": null, "status": null, "inform": null, "ninfom": null, "ntxtds": null, "scamin": 44999, "txtdsc": null, "sordat": null, "sorind": null, "depth": 0.1}}, {"type": "Feature", "id": "layer-50858.711367", "geometry": {"type": "Point", "coordinates": [176.0723203, -37.6362294, 0.2]}, "geometry_name": "shape", "properties": {"fidn": "8231312DFA", "expsou": null, "nobjnm": null, "objnam": null, "quasou": null, "souacc": null, "tecsou": null, "verdat": null, "status": null, "inform": null, "ninfom": null, "ntxtds": null, "scamin": 44999, "txtdsc": null, "sordat": null, "sorind": null, "depth": 0.2}}, {"type": "Feature", "id": "layer-50858.711368", "geometry": {"type": "Point", "coordinates": [176.0893999, -37.6377683, -0.9]}, "geometry_name": "shape", "properties": {"fidn": "8231312DGA", "expsou": null, "nobjnm": null, "objnam": null, "quasou": null, "souacc": null, "tecsou": null, "verdat": null, "status": null, "inform": null, "ninfom": null, "ntxtds": null, "scamin": 44999, "txtdsc": null, "sordat": null, "sorind": null, "depth": -0.9}}, {"type": "Feature", "id": "layer-50858.711369", "geometry": {"type": "Point", "coordinates": [176.0756871, -37.6419743, 0.3]}, "geometry_name": "shape", "properties": {"fidn": "8231312DHA", "expsou": null, "nobjnm": null, "objnam": null, "quasou": null, "souacc": null, "tecsou": null, "verdat": null, "status": null, "inform": null, "ninfom": null, "ntxtds": null, "scamin": 44999, "txtdsc": null, "sordat": null, "sorind": null, "depth": 0.3}}, {"type": "Feature", "id": "layer-50858.711370", "geometry": {"type": "Point", "coordinates": [176.0788052, -37.6397733, -0.6]}, "geometry_name": "shape", "properties": {"fidn": "8231312DIA", "expsou": null, "nobjnm": null, "objnam": null, "quasou": null, "souacc": null, "tecsou": null, "verdat": null, "status": null, "inform": null, "ninfom": null, "ntxtds": null, "scamin": 44999, "txtdsc": null, "sordat": null, "sorind": null, "depth": -0.6}}, {"type": "Feature", "id": "layer-50858.711371", "geometry": {"type": "Point", "coordinates": [176.1008258, -37.6383974, -0.5]}, "geometry_name": "shape", "properties": {"fidn": "8231312DJA", "expsou": null, "nobjnm": null, "objnam": null, "quasou": null, "souacc": null, "tecsou": null, "verdat": null, "status": null, "inform": null, "ninfom": null, "ntxtds": null, "scamin": 44999, "txtdsc": null, "sordat": null, "sorind": null, "depth": -0.5}}, {"type": "Feature", "id": "layer-50858.711372", "geometry": {"type": "Point", "coordinates": [176.0896669, -37.6450971, -0.3]}, "geometry_name": "shape", "properties": {"fidn": "8231312DKA", "expsou": null, "nobjnm": null, "objnam": null, "quasou": null, "souacc": null, "tecsou": null, "verdat": null, "status": null, "inform": null, "ninfom": null, "ntxtds": null, "scamin": 44999, "txtdsc": null, "sordat": null, "sorind": null, "depth": -0.3}}, {"type": "Feature", "id": "layer-50858.711373", "geometry": {"type": "Point", "coordinates": [176.0845901, -37.6457292, -0.1]}, "geometry_name": "shape", "properties": {"fidn": "8231312DLA", "expsou": null, "nobjnm": null, "objnam": null, "quasou": null, "souacc": null, "tecsou": null, "verdat": null, "status": null, "inform": null, "ninfom": null, "ntxtds": null, "scamin": 44999, "txtdsc": null, "sordat": null, "sorind": null, "depth": -0.1}}, {"type": "Feature", "id": "layer-50858.711374", "geometry": {"type": "Point", "coordinates": [176.0849242, -37.6373743, -0.8]}, "geometry_name": "shape", "properties": {"fidn": "8231312DMA", "expsou": null, "nobjnm": null, "objnam": null, "quasou": null, "souacc": null, "tecsou": null, "verdat": null, "status": null, "inform": null, "ninfom": null, "ntxtds": null, "scamin": 44999, "txtdsc": null, "sordat": null, "sorind": null, "depth": -0.8}}, {"type": "Feature", "id": "layer-50858.711375", "geometry": {"type": "Point", "coordinates": [176.0938289, -37.6393123, -1]}, "geometry_name": "shape", "properties": {"fidn": "8231312DNA", "expsou": null, "nobjnm": null, "objnam": null, "quasou": null, "souacc": null, "tecsou": null, "verdat": null, "status": null, "inform": null, "ninfom": null, "ntxtds": null, "scamin": 44999, "txtdsc": null, "sordat": null, "sorind": null, "depth": -1}}, {"type": "Feature", "id": "layer-50858.711376", "geometry": {"type": "Point", "coordinates": [176.0942331, -37.6447606, 0.8]}, "geometry_name": "shape", "properties": {"fidn": "8231312DOA", "expsou": null, "nobjnm": null, "objnam": null, "quasou": null, "souacc": null, "tecsou": null, "verdat": null, "status": null, "inform": null, "ninfom": null, "ntxtds": null, "scamin": 44999, "txtdsc": null, "sordat": null, "sorind": null, "depth": 0.8}}, {"type": "Feature", "id": "layer-50858.711377", "geometry": {"type": "Point", "coordinates": [176.0909194, -37.640819, 1.3]}, "geometry_name": "shape", "properties": {"fidn": "8231312DPA", "expsou": null, "nobjnm": null, "objnam": null, "quasou": null, "souacc": null, "tecsou": null, "verdat": null, "status": null, "inform": null, "ninfom": null, "ntxtds": null, "scamin": 44999, "txtdsc": null, "sordat": null, "sorind": null, "depth": 1.3}}, {"type": "Feature", "id": "layer-50858.711378", "geometry": {"type": "Point", "coordinates": [176.0977775, -37.6413131, 0.7]}, "geometry_name": "shape", "properties": {"fidn": "8231312DQA", "expsou": null, "nobjnm": null, "objnam": null, "quasou": null, "souacc": null, "tecsou": null, "verdat": null, "status": null, "inform": null, "ninfom": null, "ntxtds": null, "scamin": 44999, "txtdsc": null, "sordat": null, "sorind": null, "depth": 0.7}}, {"type": "Feature", "id": "layer-50858.711379", "geometry": {"type": "Point", "coordinates": [176.1145288, -37.6412367, 1.9]}, "geometry_name": "shape", "properties": {"fidn": "8231312DRA", "expsou": null, "nobjnm": null, "objnam": null, "quasou": null, "souacc": null, "tecsou": null, "verdat": null, "status": null, "inform": null, "ninfom": null, "ntxtds": null, "scamin": 44999, "txtdsc": null, "sordat": null, "sorind": null, "depth": 1.9}}, {"type": "Feature", "id": "layer-50858.711380", "geometry": {"type": "Point", "coordinates": [176.1001066, -37.6485521, 3]}, "geometry_name": "shape", "properties": {"fidn": "8231312DSA", "expsou": null, "nobjnm": null, "objnam": null, "quasou": null, "souacc": null, "tecsou": null, "verdat": null, "status": null, "inform": null, "ninfom": null, "ntxtds": null, "scamin": 44999, "txtdsc": null, "sordat": null, "sorind": null, "depth": 3}}, {"type": "Feature", "id": "layer-50858.711381", "geometry": {"type": "Point", "coordinates": [176.1013063, -37.6525552, 0.4]}, "geometry_name": "shape", "properties": {"fidn": "8231312DTA", "expsou": null, "nobjnm": null, "objnam": null, "quasou": null, "souacc": null, "tecsou": null, "verdat": null, "status": null, "inform": null, "ninfom": null, "ntxtds": null, "scamin": 44999, "txtdsc": null, "sordat": null, "sorind": null, "depth": 0.4}}, {"type": "Feature", "id": "layer-50858.711382", "geometry": {"type": "Point", "coordinates": [176.100337, -37.6450614, 3.5]}, "geometry_name": "shape", "properties": {"fidn": "8231312DUA", "expsou": null, "nobjnm": null, "objnam": null, "quasou": null, "souacc": null, "tecsou": null, "verdat": null, "status": null, "inform": null, "ninfom": null, "ntxtds": null, "scamin": 44999, "txtdsc": null, "sordat": null, "sorind": null, "depth": 3.5}}, {"type": "Feature", "id": "layer-50858.711383", "geometry": {"type": "Point", "coordinates": [176.0921773, -37.6481666, 4.4]}, "geometry_name": "shape", "properties": {"fidn": "8231312DVA", "expsou": null, "nobjnm": null, "objnam": null, "quasou": null, "souacc": null, "tecsou": null, "verdat": null, "status": null, "inform": null, "ninfom": null, "ntxtds": null, "scamin": 44999, "txtdsc": null, "sordat": null, "sorind": null, "depth": 4.4}}, {"type": "Feature", "id": "layer-50858.711384", "geometry": {"type": "Point", "coordinates": [176.0969917, -37.6468345, 5.9]}, "geometry_name": "shape", "properties": {"fidn": "8231312DWA", "expsou": null, "nobjnm": null, "objnam": null, "quasou": null, "souacc": null, "tecsou": null, "verdat": null, "status": null, "inform": null, "ninfom": null, "ntxtds": null, "scamin": 44999, "txtdsc": null, "sordat": null, "sorind": null, "depth": 5.9}}, {"type": "Feature", "id": "layer-50858.711385", "geometry": {"type": "Point", "coordinates": [176.1032606, -37.6494751, 1.4]}, "geometry_name": "shape", "properties": {"fidn": "8231312DXA", "expsou": null, "nobjnm": null, "objnam": null, "quasou": null, "souacc": null, "tecsou": null, "verdat": null, "status": null, "inform": null, "ninfom": null, "ntxtds": null, "scamin": 44999, "txtdsc": null, "sordat": null, "sorind": null, "depth": 1.4}}, {"type": "Feature", "id": "layer-50858.711386", "geometry": {"type": "Point", "coordinates": [176.1061969, -37.6535358, -0.3]}, "geometry_name": "shape", "properties": {"fidn": "8231312DYA", "expsou": null, "nobjnm": null, "objnam": null, "quasou": null, "souacc": null, "tecsou": null, "verdat": null, "status": null, "inform": null, "ninfom": null, "ntxtds": null, "scamin": 44999, "txtdsc": null, "sordat": null, "sorind": null, "depth": -0.3}}, {"type": "Feature", "id": "layer-50858.711387", "geometry": {"type": "Point", "coordinates": [176.1060814, -37.6457209, 4.1]}, "geometry_name": "shape", "properties": {"fidn": "8231312DZA", "expsou": null, "nobjnm": null, "objnam": null, "quasou": null, "souacc": null, "tecsou": null, "verdat": null, "status": null, "inform": null, "ninfom": null, "ntxtds": null, "scamin": 44999, "txtdsc": null, "sordat": null, "sorind": null, "depth": 4.1}}, {"type": "Feature", "id": "layer-50858.711388", "geometry": {"type": "Point", "coordinates": [176.0875134, -37.6550518, 0.2]}, "geometry_name": "shape", "properties": {"fidn": "8231312EAA", "expsou": null, "nobjnm": null, "objnam": null, "quasou": null, "souacc": null, "tecsou": null, "verdat": null, "status": null, "inform": null, "ninfom": null, "ntxtds": null, "scamin": 44999, "txtdsc": null, "sordat": null, "sorind": null, "depth": 0.2}}, {"type": "Feature", "id": "layer-50858.711389", "geometry": {"type": "Point", "coordinates": [176.1160323, -37.6508045, -0.3]}, "geometry_name": "shape", "properties": {"fidn": "8231312EBA", "expsou": null, "nobjnm": null, "objnam": null, "quasou": null, "souacc": null, "tecsou": null, "verdat": null, "status": null, "inform": null, "ninfom": null, "ntxtds": null, "scamin": 44999, "txtdsc": null, "sordat": null, "sorind": null, "depth": -0.3}}, {"type": "Feature", "id": "layer-50858.711390", "geometry": {"type": "Point", "coordinates": [176.0580669, -37.6267502, 0.3]}, "geometry_name": "shape", "properties": {"fidn": "8231312ECA", "expsou": null, "nobjnm": null, "objnam": null, "quasou": null, "souacc": null, "tecsou": null, "verdat": null, "status": null, "inform": null, "ninfom": null, "ntxtds": null, "scamin": 44999, "txtdsc": null, "sordat": null, "sorind": null, "depth": 0.3}}, {"type": "Feature", "id": "layer-50858.711391", "geometry": {"type": "Point", "coordinates": [176.0601806, -37.6227634, 9.2]}, "geometry_name": "shape", "properties": {"fidn": "8231312EDA", "expsou": null, "nobjnm": null, "objnam": null, "quasou": null, "souacc": null, "tecsou": null, "verdat": null, "status": null, "inform": null, "ninfom": null, "ntxtds": null, "scamin": 44999, "txtdsc": null, "sordat": null, "sorind": null, "depth": 9.2}}, {"type": "Feature", "id": "layer-50858.711392", "geometry": {"type": "Point", "coordinates": [176.0540371, -37.6215764, 1.8]}, "geometry_name": "shape", "properties": {"fidn": "8231312EEA", "expsou": null, "nobjnm": null, "objnam": null, "quasou": null, "souacc": null, "tecsou": null, "verdat": null, "status": null, "inform": null, "ninfom": null, "ntxtds": null, "scamin": 44999, "txtdsc": null, "sordat": null, "sorind": null, "depth": 1.8}}, {"type": "Feature", "id": "layer-50858.711393", "geometry": {"type": "Point", "coordinates": [176.0620535, -37.6427052, 0.2]}, "geometry_name": "shape", "properties": {"fidn": "8231312EFA", "expsou": null, "nobjnm": null, "objnam": null, "quasou": null, "souacc": null, "tecsou": null, "verdat": null, "status": null, "inform": null, "ninfom": null, "ntxtds": null, "scamin": 44999, "txtdsc": null, "sordat": null, "sorind": null, "depth": 0.2}}, {"type": "Feature", "id": "layer-50858.711394", "geometry": {"type": "Point", "coordinates": [176.0601924, -37.6367384, -1]}, "geometry_name": "shape", "properties": {"fidn": "8231312EGA", "expsou": null, "nobjnm": null, "objnam": null, "quasou": null, "souacc": null, "tecsou": null, "verdat": null, "status": null, "inform": null, "ninfom": null, "ntxtds": null, "scamin": 44999, "txtdsc": null, "sordat": null, "sorind": null, "depth": -1}}, {"type": "Feature", "id": "layer-50858.711395", "geometry": {"type": "Point", "coordinates": [176.0555066, -37.6417516, -0.9]}, "geometry_name": "shape", "properties": {"fidn": "8231312EHA", "expsou": null, "nobjnm": null, "objnam": null, "quasou": null, "souacc": null, "tecsou": null, "verdat": null, "status": null, "inform": null, "ninfom": null, "ntxtds": null, "scamin": 44999, "txtdsc": null, "sordat": null, "sorind": null, "depth": -0.9}}, {"type": "Feature", "id": "layer-50858.711396", "geometry": {"type": "Point", "coordinates": [176.0565938, -37.6460323, 1.4]}, "geometry_name": "shape", "properties": {"fidn": "8231312EIA", "expsou": null, "nobjnm": null, "objnam": null, "quasou": null, "souacc": null, "tecsou": null, "verdat": null, "status": null, "inform": null, "ninfom": null, "ntxtds": null, "scamin": 44999, "txtdsc": null, "sordat": null, "sorind": null, "depth": 1.4}}, {"type": "Feature", "id": "layer-50858.711397", "geometry": {"type": "Point", "coordinates": [176.0589801, -37.6408736, 0.6]}, "geometry_name": "shape", "properties": {"fidn": "8231312EJA", "expsou": null, "nobjnm": null, "objnam": null, "quasou": null, "souacc": null, "tecsou": null, "verdat": null, "status": null, "inform": null, "ninfom": null, "ntxtds": null, "scamin": 44999, "txtdsc": null, "sordat": null, "sorind": null, "depth": 0.6}}, {"type": "Feature", "id": "layer-50858.711398", "geometry": {"type": "Point", "coordinates": [176.062602, -37.6262173, 4]}, "geometry_name": "shape", "properties": {"fidn": "8231312EKA", "expsou": null, "nobjnm": null, "objnam": null, "quasou": null, "souacc": null, "tecsou": null, "verdat": null, "status": null, "inform": null, "ninfom": null, "ntxtds": null, "scamin": 44999, "txtdsc": null, "sordat": null, "sorind": null, "depth": 4}}, {"type": "Feature", "id": "layer-50858.711399", "geometry": {"type": "Point", "coordinates": [176.0592439, -37.6189744, -0.2]}, "geometry_name": "shape", "properties": {"fidn": "8231312ELA", "expsou": null, "nobjnm": null, "objnam": null, "quasou": null, "souacc": null, "tecsou": null, "verdat": null, "status": null, "inform": null, "ninfom": null, "ntxtds": null, "scamin": 44999, "txtdsc": null, "sordat": null, "sorind": null, "depth": -0.2}}, {"type": "Feature", "id": "layer-50858.711400", "geometry": {"type": "Point", "coordinates": [176.1183733, -37.6422599, 2.7]}, "geometry_name": "shape", "properties": {"fidn": "8231312EMA", "expsou": null, "nobjnm": null, "objnam": null, "quasou": null, "souacc": null, "tecsou": null, "verdat": null, "status": null, "inform": null, "ninfom": null, "ntxtds": null, "scamin": 44999, "txtdsc": null, "sordat": null, "sorind": null, "depth": 2.7}}, {"type": "Feature", "id": "layer-50858.711401", "geometry": {"type": "Point", "coordinates": [176.1192253, -37.6477789, 0.3]}, "geometry_name": "shape", "properties": {"fidn": "8231312ENA", "expsou": null, "nobjnm": null, "objnam": null, "quasou": null, "souacc": null, "tecsou": null, "verdat": null, "status": null, "inform": null, "ninfom": null, "ntxtds": null, "scamin": 44999, "txtdsc": null, "sordat": null, "sorind": null, "depth": 0.3}}, {"type": "Feature", "id": "layer-50858.711402", "geometry": {"type": "Point", "coordinates": [176.1213168, -37.6517046, -0.2]}, "geometry_name": "shape", "properties": {"fidn": "8231312EOA", "expsou": null, "nobjnm": null, "objnam": null, "quasou": null, "souacc": null, "tecsou": null, "verdat": null, "status": null, "inform": null, "ninfom": null, "ntxtds": null, "scamin": 44999, "txtdsc": null, "sordat": null, "sorind": null, "depth": -0.2}}, {"type": "Feature", "id": "layer-50858.711403", "geometry": {"type": "Point", "coordinates": [176.1161676, -37.6464685, 7.5]}, "geometry_name": "shape", "properties": {"fidn": "8231312EQA", "expsou": null, "nobjnm": null, "objnam": null, "quasou": null, "souacc": null, "tecsou": null, "verdat": null, "status": null, "inform": null, "ninfom": null, "ntxtds": null, "scamin": 44999, "txtdsc": null, "sordat": null, "sorind": null, "depth": 7.5}}, {"type": "Feature", "id": "layer-50858.711404", "geometry": {"type": "Point", "coordinates": [176.1206495, -37.6385654, -0.1]}, "geometry_name": "shape", "properties": {"fidn": "8231312ERA", "expsou": null, "nobjnm": null, "objnam": null, "quasou": null, "souacc": null, "tecsou": null, "verdat": null, "status": null, "inform": null, "ninfom": null, "ntxtds": null, "scamin": 44999, "txtdsc": null, "sordat": null, "sorind": null, "depth": -0.1}}, {"type": "Feature", "id": "layer-50858.711405", "geometry": {"type": "Point", "coordinates": [176.0646789, -37.6279253, 4.4]}, "geometry_name": "shape", "properties": {"fidn": "8231313AAA", "expsou": null, "nobjnm": null, "objnam": null, "quasou": null, "souacc": null, "tecsou": null, "verdat": null, "status": null, "inform": null, "ninfom": null, "ntxtds": null, "scamin": 21999, "txtdsc": null, "sordat": null, "sorind": null, "depth": 4.4}}, {"type": "Feature", "id": "layer-50858.711406", "geometry": {"type": "Point", "coordinates": [176.0589111, -37.6497739, 3.9]}, "geometry_name": "shape", "properties": {"fidn": "8231313ABA", "expsou": null, "nobjnm": null, "objnam": null, "quasou": null, "souacc": null, "tecsou": null, "verdat": null, "status": null, "inform": null, "ninfom": null, "ntxtds": null, "scamin": 21999, "txtdsc": null, "sordat": null, "sorind": null, "depth": 3.9}}, {"type": "Feature", "id": "layer-50858.711407", "geometry": {"type": "Point", "coordinates": [176.0614887, -37.6507941, 4.3]}, "geometry_name": "shape", "properties": {"fidn": "8231313ACA", "expsou": null, "nobjnm": null, "objnam": null, "quasou": null, "souacc": null, "tecsou": null, "verdat": null, "status": null, "inform": null, "ninfom": null, "ntxtds": null, "scamin": 21999, "txtdsc": null, "sordat": null, "sorind": null, "depth": 4.3}}, {"type": "Feature", "id": "layer-50858.711408", "geometry": {"type": "Point", "coordinates": [176.0599231, -37.6515513, 3.7]}, "geometry_name": "shape", "properties": {"fidn": "8231313ADA", "expsou": null, "nobjnm": null, "objnam": null, "quasou": null, "souacc": null, "tecsou": null, "verdat": null, "status": null, "inform": null, "ninfom": null, "ntxtds": null, "scamin": 21999, "txtdsc": null, "sordat": null, "sorind": null, "depth": 3.7}}, {"type": "Feature", "id": "layer-50858.711409", "geometry": {"type": "Point", "coordinates": [176.0931914, -37.6307274, 0.9]}, "geometry_name": "shape", "properties": {"fidn": "8231313AEA", "expsou": null, "nobjnm": null, "objnam": null, "quasou": null, "souacc": null, "tecsou": null, "verdat": null, "status": null, "inform": null, "ninfom": null, "ntxtds": null, "scamin": 21999, "txtdsc": null, "sordat": null, "sorind": null, "depth": 0.9}}, {"type": "Feature", "id": "layer-50858.711410", "geometry": {"type": "Point", "coordinates": [176.0871775, -37.6314553, 4.4]}, "geometry_name": "shape", "properties": {"fidn": "8231313AFA", "expsou": null, "nobjnm": null, "objnam": null, "quasou": null, "souacc": null, "tecsou": null, "verdat": null, "status": null, "inform": null, "ninfom": null, "ntxtds": null, "scamin": 21999, "txtdsc": null, "sordat": null, "sorind": null, "depth": 4.4}}, {"type": "Feature", "id": "layer-50858.711411", "geometry": {"type": "Point", "coordinates": [176.0905344, -37.6317601, 3.7]}, "geometry_name": "shape", "properties": {"fidn": "8231313AGA", "expsou": null, "nobjnm": null, "objnam": null, "quasou": null, "souacc": null, "tecsou": null, "verdat": null, "status": null, "inform": null, "ninfom": null, "ntxtds": null, "scamin": 21999, "txtdsc": null, "sordat": null, "sorind": null, "depth": 3.7}}, {"type": "Feature", "id": "layer-50858.711412", "geometry": {"type": "Point", "coordinates": [176.0955783, -37.6354796, 3.4]}, "geometry_name": "shape", "properties": {"fidn": "8231313AHA", "expsou": null, "nobjnm": null, "objnam": null, "quasou": null, "souacc": null, "tecsou": null, "verdat": null, "status": null, "inform": null, "ninfom": null, "ntxtds": null, "scamin": 21999, "txtdsc": null, "sordat": null, "sorind": null, "depth": 3.4}}, {"type": "Feature", "id": "layer-50858.711413", "geometry": {"type": "Point", "coordinates": [176.1015041, -37.6507291, 1.3]}, "geometry_name": "shape", "properties": {"fidn": "8231313AIA", "expsou": null, "nobjnm": null, "objnam": null, "quasou": null, "souacc": null, "tecsou": null, "verdat": null, "status": null, "inform": null, "ninfom": null, "ntxtds": null, "scamin": 21999, "txtdsc": null, "sordat": null, "sorind": null, "depth": 1.3}}, {"type": "Feature", "id": "layer-50858.711414", "geometry": {"type": "Point", "coordinates": [176.0955073, -37.6522783, 1.4]}, "geometry_name": "shape", "properties": {"fidn": "8231313AJA", "expsou": null, "nobjnm": null, "objnam": null, "quasou": null, "souacc": null, "tecsou": null, "verdat": null, "status": null, "inform": null, "ninfom": null, "ntxtds": null, "scamin": 21999, "txtdsc": null, "sordat": null, "sorind": null, "depth": 1.4}}, {"type": "Feature", "id": "layer-50858.711415", "geometry": {"type": "Point", "coordinates": [176.0666239, -37.6502972, 0.2]}, "geometry_name": "shape", "properties": {"fidn": "8231313AKA", "expsou": null, "nobjnm": null, "objnam": null, "quasou": null, "souacc": null, "tecsou": null, "verdat": null, "status": null, "inform": null, "ninfom": null, "ntxtds": null, "scamin": 21999, "txtdsc": null, "sordat": null, "sorind": null, "depth": 0.2}}, {"type": "Feature", "id": "layer-50858.711416", "geometry": {"type": "Point", "coordinates": [176.0560028, -37.6297499, 0.9]}, "geometry_name": "shape", "properties": {"fidn": "8231313ALA", "expsou": null, "nobjnm": null, "objnam": null, "quasou": null, "souacc": null, "tecsou": null, "verdat": null, "status": null, "inform": null, "ninfom": null, "ntxtds": null, "scamin": 21999, "txtdsc": null, "sordat": null, "sorind": null, "depth": 0.9}}, {"type": "Feature", "id": "layer-50858.711417", "geometry": {"type": "Point", "coordinates": [176.0604159, -37.6417535, 6.9]}, "geometry_name": "shape", "properties": {"fidn": "8231313AMA", "expsou": null, "nobjnm": null, "objnam": null, "quasou": null, "souacc": null, "tecsou": null, "verdat": null, "status": null, "inform": null, "ninfom": null, "ntxtds": null, "scamin": 21999, "txtdsc": null, "sordat": null, "sorind": null, "depth": 6.9}}, {"type": "Feature", "id": "layer-50858.711418", "geometry": {"type": "Point", "coordinates": [176.0565939, -37.6257185, 1.5]}, "geometry_name": "shape", "properties": {"fidn": "8231313ANA", "expsou": null, "nobjnm": null, "objnam": null, "quasou": null, "souacc": null, "tecsou": null, "verdat": null, "status": null, "inform": null, "ninfom": null, "ntxtds": null, "scamin": 21999, "txtdsc": null, "sordat": null, "sorind": null, "depth": 1.5}}, {"type": "Feature", "id": "layer-50858.711419", "geometry": {"type": "Point", "coordinates": [176.0620477, -37.6398404, 8.1]}, "geometry_name": "shape", "properties": {"fidn": "8231313AOA", "expsou": null, "nobjnm": null, "objnam": null, "quasou": null, "souacc": null, "tecsou": null, "verdat": null, "status": null, "inform": null, "ninfom": null, "ntxtds": null, "scamin": 21999, "txtdsc": null, "sordat": null, "sorind": null, "depth": 8.1}}, {"type": "Feature", "id": "layer-50858.711420", "geometry": {"type": "Point", "coordinates": [176.0984764, -37.6353181, 3.7]}, "geometry_name": "shape", "properties": {"fidn": "8231313APA", "expsou": null, "nobjnm": null, "objnam": null, "quasou": null, "souacc": null, "tecsou": null, "verdat": null, "status": null, "inform": null, "ninfom": null, "ntxtds": null, "scamin": 21999, "txtdsc": null, "sordat": null, "sorind": null, "depth": 3.7}}, {"type": "Feature", "id": "layer-50858.711421", "geometry": {"type": "Point", "coordinates": [176.0990659, -37.6368487, 3.1]}, "geometry_name": "shape", "properties": {"fidn": "8231313AQA", "expsou": null, "nobjnm": null, "objnam": null, "quasou": null, "souacc": null, "tecsou": null, "verdat": null, "status": null, "inform": null, "ninfom": null, "ntxtds": null, "scamin": 21999, "txtdsc": null, "sordat": null, "sorind": null, "depth": 3.1}}, {"type": "Feature", "id": "layer-50858.711422", "geometry": {"type": "Point", "coordinates": [176.078333, -37.6257969, 1.4]}, "geometry_name": "shape", "properties": {"fidn": "8231313ARA", "expsou": null, "nobjnm": null, "objnam": null, "quasou": null, "souacc": null, "tecsou": null, "verdat": null, "status": null, "inform": null, "ninfom": null, "ntxtds": null, "scamin": 21999, "txtdsc": null, "sordat": null, "sorind": null, "depth": 1.4}}, {"type": "Feature", "id": "layer-50858.711423", "geometry": {"type": "Point", "coordinates": [176.096002, -37.6314064, 1.6]}, "geometry_name": "shape", "properties": {"fidn": "8231313ASA", "expsou": null, "nobjnm": null, "objnam": null, "quasou": null, "souacc": null, "tecsou": null, "verdat": null, "status": null, "inform": null, "ninfom": null, "ntxtds": null, "scamin": 21999, "txtdsc": null, "sordat": null, "sorind": null, "depth": 1.6}}, {"type": "Feature", "id": "layer-50858.711424", "geometry": {"type": "Point", "coordinates": [176.1134752, -37.6545131, -0.2]}, "geometry_name": "shape", "properties": {"fidn": "8231313ATA", "expsou": null, "nobjnm": null, "objnam": null, "quasou": null, "souacc": null, "tecsou": null, "verdat": null, "status": null, "inform": null, "ninfom": null, "ntxtds": null, "scamin": 21999, "txtdsc": null, "sordat": null, "sorind": null, "depth": -0.2}}, {"type": "Feature", "id": "layer-50858.711425", "geometry": {"type": "Point", "coordinates": [176.0886155, -37.6289956, 0.2]}, "geometry_name": "shape", "properties": {"fidn": "8231313AUA", "expsou": null, "nobjnm": null, "objnam": null, "quasou": null, "souacc": null, "tecsou": null, "verdat": null, "status": null, "inform": null, "ninfom": null, "ntxtds": null, "scamin": 21999, "txtdsc": null, "sordat": null, "sorind": null, "depth": 0.2}}, {"type": "Feature", "id": "layer-50858.711426", "geometry": {"type": "Point", "coordinates": [176.0889428, -37.6397037, 0.4]}, "geometry_name": "shape", "properties": {"fidn": "8231313AVA", "expsou": null, "nobjnm": null, "objnam": null, "quasou": null, "souacc": null, "tecsou": null, "verdat": null, "status": null, "inform": null, "ninfom": null, "ntxtds": null, "scamin": 21999, "txtdsc": null, "sordat": null, "sorind": null, "depth": 0.4}}, {"type": "Feature", "id": "layer-50858.711427", "geometry": {"type": "Point", "coordinates": [176.104947, -37.6440159, 7.2]}, "geometry_name": "shape", "properties": {"fidn": "8231313AWA", "expsou": null, "nobjnm": null, "objnam": null, "quasou": null, "souacc": null, "tecsou": null, "verdat": null, "status": null, "inform": null, "ninfom": null, "ntxtds": null, "scamin": 21999, "txtdsc": null, "sordat": null, "sorind": null, "depth": 7.2}}, {"type": "Feature", "id": "layer-50858.711428", "geometry": {"type": "Point", "coordinates": [176.0771434, -37.6391233, -0.5]}, "geometry_name": "shape", "properties": {"fidn": "8231313AXA", "expsou": null, "nobjnm": null, "objnam": null, "quasou": null, "souacc": null, "tecsou": null, "verdat": null, "status": null, "inform": null, "ninfom": null, "ntxtds": null, "scamin": 21999, "txtdsc": null, "sordat": null, "sorind": null, "depth": -0.5}}, {"type": "Feature", "id": "layer-50858.711429", "geometry": {"type": "Point", "coordinates": [176.0778683, -37.6416965, -0.1]}, "geometry_name": "shape", "properties": {"fidn": "8231313AYA", "expsou": null, "nobjnm": null, "objnam": null, "quasou": null, "souacc": null, "tecsou": null, "verdat": null, "status": null, "inform": null, "ninfom": null, "ntxtds": null, "scamin": 21999, "txtdsc": null, "sordat": null, "sorind": null, "depth": -0.1}}, {"type": "Feature", "id": "layer-50858.711430", "geometry": {"type": "Point", "coordinates": [176.0827007, -37.6377313, 0.1]}, "geometry_name": "shape", "properties": {"fidn": "8231313AZA", "expsou": null, "nobjnm": null, "objnam": null, "quasou": null, "souacc": null, "tecsou": null, "verdat": null, "status": null, "inform": null, "ninfom": null, "ntxtds": null, "scamin": 21999, "txtdsc": null, "sordat": null, "sorind": null, "depth": 0.1}}, {"type": "Feature", "id": "layer-50858.711431", "geometry": {"type": "Point", "coordinates": [176.0951147, -37.6414141, 0.2]}, "geometry_name": "shape", "properties": {"fidn": "8231313BAA", "expsou": null, "nobjnm": null, "objnam": null, "quasou": null, "souacc": null, "tecsou": null, "verdat": null, "status": null, "inform": null, "ninfom": null, "ntxtds": null, "scamin": 21999, "txtdsc": null, "sordat": null, "sorind": null, "depth": 0.2}}, {"type": "Feature", "id": "layer-50858.711432", "geometry": {"type": "Point", "coordinates": [176.1029598, -37.6357943, 3.5]}, "geometry_name": "shape", "properties": {"fidn": "8231313BBA", "expsou": null, "nobjnm": null, "objnam": null, "quasou": null, "souacc": null, "tecsou": null, "verdat": null, "status": null, "inform": null, "ninfom": null, "ntxtds": null, "scamin": 21999, "txtdsc": null, "sordat": null, "sorind": null, "depth": 3.5}}, {"type": "Feature", "id": "layer-50858.711433", "geometry": {"type": "Point", "coordinates": [176.0932408, -37.6496187, 7.2]}, "geometry_name": "shape", "properties": {"fidn": "8231313BCA", "expsou": null, "nobjnm": null, "objnam": null, "quasou": null, "souacc": null, "tecsou": null, "verdat": null, "status": null, "inform": null, "ninfom": null, "ntxtds": null, "scamin": 21999, "txtdsc": null, "sordat": null, "sorind": null, "depth": 7.2}}, {"type": "Feature", "id": "layer-50858.711434", "geometry": {"type": "Point", "coordinates": [176.1054056, -37.6487284, 1]}, "geometry_name": "shape", "properties": {"fidn": "8231313BDA", "expsou": null, "nobjnm": null, "objnam": null, "quasou": null, "souacc": null, "tecsou": null, "verdat": null, "status": null, "inform": null, "ninfom": null, "ntxtds": null, "scamin": 21999, "txtdsc": null, "sordat": null, "sorind": null, "depth": 1}}, {"type": "Feature", "id": "layer-50858.711435", "geometry": {"type": "Point", "coordinates": [176.0964236, -37.643161, 5.5]}, "geometry_name": "shape", "properties": {"fidn": "8231313BEA", "expsou": null, "nobjnm": null, "objnam": null, "quasou": null, "souacc": null, "tecsou": null, "verdat": null, "status": null, "inform": null, "ninfom": null, "ntxtds": null, "scamin": 21999, "txtdsc": null, "sordat": null, "sorind": null, "depth": 5.5}}, {"type": "Feature", "id": "layer-50858.711436", "geometry": {"type": "Point", "coordinates": [176.0713989, -37.63144, 6.2]}, "geometry_name": "shape", "properties": {"fidn": "8231313BFA", "expsou": null, "nobjnm": null, "objnam": null, "quasou": null, "souacc": null, "tecsou": null, "verdat": null, "status": null, "inform": null, "ninfom": null, "ntxtds": null, "scamin": 21999, "txtdsc": null, "sordat": null, "sorind": null, "depth": 6.2}}, {"type": "Feature", "id": "layer-50858.711437", "geometry": {"type": "Point", "coordinates": [176.0838022, -37.6282636, 2.7]}, "geometry_name": "shape", "properties": {"fidn": "8231313BHA", "expsou": null, "nobjnm": null, "objnam": null, "quasou": null, "souacc": null, "tecsou": null, "verdat": null, "status": null, "inform": null, "ninfom": null, "ntxtds": null, "scamin": 21999, "txtdsc": null, "sordat": null, "sorind": null, "depth": 2.7}}, {"type": "Feature", "id": "layer-50858.711438", "geometry": {"type": "Point", "coordinates": [176.0743623, -37.6233795, 0.7]}, "geometry_name": "shape", "properties": {"fidn": "8231313BIA", "expsou": null, "nobjnm": null, "objnam": null, "quasou": null, "souacc": null, "tecsou": null, "verdat": null, "status": null, "inform": null, "ninfom": null, "ntxtds": null, "scamin": 21999, "txtdsc": null, "sordat": null, "sorind": null, "depth": 0.7}}, {"type": "Feature", "id": "layer-50858.711439", "geometry": {"type": "Point", "coordinates": [176.1116175, -37.6464376, 6.1]}, "geometry_name": "shape", "properties": {"fidn": "8231313BJA", "expsou": null, "nobjnm": null, "objnam": null, "quasou": null, "souacc": null, "tecsou": null, "verdat": null, "status": null, "inform": null, "ninfom": null, "ntxtds": null, "scamin": 21999, "txtdsc": null, "sordat": null, "sorind": null, "depth": 6.1}}, {"type": "Feature", "id": "layer-50858.711440", "geometry": {"type": "Point", "coordinates": [176.1077607, -37.6454273, 5.8]}, "geometry_name": "shape", "properties": {"fidn": "8231313BKA", "expsou": null, "nobjnm": null, "objnam": null, "quasou": null, "souacc": null, "tecsou": null, "verdat": null, "status": null, "inform": null, "ninfom": null, "ntxtds": null, "scamin": 21999, "txtdsc": null, "sordat": null, "sorind": null, "depth": 5.8}}, {"type": "Feature", "id": "layer-50858.711441", "geometry": {"type": "Point", "coordinates": [176.1101061, -37.6499022, 0.1]}, "geometry_name": "shape", "properties": {"fidn": "8231313BLA", "expsou": null, "nobjnm": null, "objnam": null, "quasou": null, "souacc": null, "tecsou": null, "verdat": null, "status": null, "inform": null, "ninfom": null, "ntxtds": null, "scamin": 21999, "txtdsc": null, "sordat": null, "sorind": null, "depth": 0.1}}, {"type": "Feature", "id": "layer-50858.711442", "geometry": {"type": "Point", "coordinates": [176.0513695, -37.6349714, -0.4]}, "geometry_name": "shape", "properties": {"fidn": "8231313BMA", "expsou": null, "nobjnm": null, "objnam": null, "quasou": null, "souacc": null, "tecsou": null, "verdat": null, "status": null, "inform": null, "ninfom": null, "ntxtds": null, "scamin": 21999, "txtdsc": null, "sordat": null, "sorind": null, "depth": -0.4}}, {"type": "Feature", "id": "layer-50858.711443", "geometry": {"type": "Point", "coordinates": [176.0516882, -37.6423697, 0.9]}, "geometry_name": "shape", "properties": {"fidn": "8231313BNA", "expsou": null, "nobjnm": null, "objnam": null, "quasou": null, "souacc": null, "tecsou": null, "verdat": null, "status": null, "inform": null, "ninfom": null, "ntxtds": null, "scamin": 21999, "txtdsc": null, "sordat": null, "sorind": null, "depth": 0.9}}, {"type": "Feature", "id": "layer-50858.711444", "geometry": {"type": "Point", "coordinates": [176.0529161, -37.6358631, 6]}, "geometry_name": "shape", "properties": {"fidn": "8231313BOA", "expsou": null, "nobjnm": null, "objnam": null, "quasou": null, "souacc": null, "tecsou": null, "verdat": null, "status": null, "inform": null, "ninfom": null, "ntxtds": null, "scamin": 21999, "txtdsc": null, "sordat": null, "sorind": null, "depth": 6}}, {"type": "Feature", "id": "layer-50858.711445", "geometry": {"type": "Point", "coordinates": [176.0508527, -37.6398476, 4.3]}, "geometry_name": "shape", "properties": {"fidn": "8231313BPA", "expsou": null, "nobjnm": null, "objnam": null, "quasou": null, "souacc": null, "tecsou": null, "verdat": null, "status": null, "inform": null, "ninfom": null, "ntxtds": null, "scamin": 21999, "txtdsc": null, "sordat": null, "sorind": null, "depth": 4.3}}, {"type": "Feature", "id": "layer-50858.711446", "geometry": {"type": "Point", "coordinates": [176.1028124, -37.6339745, 0.8]}, "geometry_name": "shape", "properties": {"fidn": "8231313BQA", "expsou": null, "nobjnm": null, "objnam": null, "quasou": null, "souacc": null, "tecsou": null, "verdat": null, "status": null, "inform": null, "ninfom": null, "ntxtds": null, "scamin": 21999, "txtdsc": null, "sordat": null, "sorind": null, "depth": 0.8}}, {"type": "Feature", "id": "layer-50858.711447", "geometry": {"type": "Point", "coordinates": [176.0882328, -37.6326943, 6]}, "geometry_name": "shape", "properties": {"fidn": "8231313BRA", "expsou": null, "nobjnm": null, "objnam": null, "quasou": null, "souacc": null, "tecsou": null, "verdat": null, "status": null, "inform": null, "ninfom": null, "ntxtds": null, "scamin": 21999, "txtdsc": null, "sordat": null, "sorind": null, "depth": 6}}, {"type": "Feature", "id": "layer-50858.711448", "geometry": {"type": "Point", "coordinates": [176.1004278, -37.6356705, 5.5]}, "geometry_name": "shape", "properties": {"fidn": "8231313BSA", "expsou": null, "nobjnm": null, "objnam": null, "quasou": null, "souacc": null, "tecsou": null, "verdat": null, "status": null, "inform": null, "ninfom": null, "ntxtds": null, "scamin": 21999, "txtdsc": null, "sordat": null, "sorind": null, "depth": 5.5}}, {"type": "Feature", "id": "layer-50858.711449", "geometry": {"type": "Point", "coordinates": [176.0989122, -37.6298606, 0.4]}, "geometry_name": "shape", "properties": {"fidn": "8231313BTA", "expsou": null, "nobjnm": null, "objnam": null, "quasou": null, "souacc": null, "tecsou": null, "verdat": null, "status": null, "inform": null, "ninfom": null, "ntxtds": null, "scamin": 21999, "txtdsc": null, "sordat": null, "sorind": null, "depth": 0.4}}, {"type": "Feature", "id": "layer-50858.711450", "geometry": {"type": "Point", "coordinates": [176.0874787, -37.6352044, 0.7]}, "geometry_name": "shape", "properties": {"fidn": "8231313BUA", "expsou": null, "nobjnm": null, "objnam": null, "quasou": null, "souacc": null, "tecsou": null, "verdat": null, "status": null, "inform": null, "ninfom": null, "ntxtds": null, "scamin": 21999, "txtdsc": null, "sordat": null, "sorind": null, "depth": 0.7}}, {"type": "Feature", "id": "layer-50858.711451", "geometry": {"type": "Point", "coordinates": [176.0768457, -37.6337834, 3]}, "geometry_name": "shape", "properties": {"fidn": "8231313BVA", "expsou": null, "nobjnm": null, "objnam": null, "quasou": null, "souacc": null, "tecsou": null, "verdat": null, "status": null, "inform": null, "ninfom": null, "ntxtds": null, "scamin": 21999, "txtdsc": null, "sordat": null, "sorind": null, "depth": 3}}, {"type": "Feature", "id": "layer-50858.711452", "geometry": {"type": "Point", "coordinates": [176.0717224, -37.6450695, 1.2]}, "geometry_name": "shape", "properties": {"fidn": "8231313BWA", "expsou": null, "nobjnm": null, "objnam": null, "quasou": null, "souacc": null, "tecsou": null, "verdat": null, "status": null, "inform": null, "ninfom": null, "ntxtds": null, "scamin": 21999, "txtdsc": null, "sordat": null, "sorind": null, "depth": 1.2}}, {"type": "Feature", "id": "layer-50858.711453", "geometry": {"type": "Point", "coordinates": [176.0693551, -37.6502136, 0.1]}, "geometry_name": "shape", "properties": {"fidn": "8231313BXA", "expsou": null, "nobjnm": null, "objnam": null, "quasou": null, "souacc": null, "tecsou": null, "verdat": null, "status": null, "inform": null, "ninfom": null, "ntxtds": null, "scamin": 21999, "txtdsc": null, "sordat": null, "sorind": null, "depth": 0.1}}, {"type": "Feature", "id": "layer-50858.711454", "geometry": {"type": "Point", "coordinates": [176.0958071, -37.6494775, 3.9]}, "geometry_name": "shape", "properties": {"fidn": "8231313BYA", "expsou": null, "nobjnm": null, "objnam": null, "quasou": null, "souacc": null, "tecsou": null, "verdat": null, "status": null, "inform": null, "ninfom": null, "ntxtds": null, "scamin": 21999, "txtdsc": null, "sordat": null, "sorind": null, "depth": 3.9}}, {"type": "Feature", "id": "layer-50858.711455", "geometry": {"type": "Point", "coordinates": [176.0743516, -37.6563231, 0.5]}, "geometry_name": "shape", "properties": {"fidn": "8231313BZA", "expsou": null, "nobjnm": null, "objnam": null, "quasou": null, "souacc": null, "tecsou": null, "verdat": null, "status": null, "inform": null, "ninfom": null, "ntxtds": null, "scamin": 21999, "txtdsc": null, "sordat": null, "sorind": null, "depth": 0.5}}, {"type": "Feature", "id": "layer-50858.711456", "geometry": {"type": "Point", "coordinates": [176.0601118, -37.6551006, 0.2]}, "geometry_name": "shape", "properties": {"fidn": "8231313CAA", "expsou": null, "nobjnm": null, "objnam": null, "quasou": null, "souacc": null, "tecsou": null, "verdat": null, "status": null, "inform": null, "ninfom": null, "ntxtds": null, "scamin": 21999, "txtdsc": null, "sordat": null, "sorind": null, "depth": 0.2}}, {"type": "Feature", "id": "layer-50858.711457", "geometry": {"type": "Point", "coordinates": [176.0617593, -37.6559005, 1.3]}, "geometry_name": "shape", "properties": {"fidn": "8231313CBA", "expsou": null, "nobjnm": null, "objnam": null, "quasou": null, "souacc": null, "tecsou": null, "verdat": null, "status": null, "inform": null, "ninfom": null, "ntxtds": null, "scamin": 21999, "txtdsc": null, "sordat": null, "sorind": null, "depth": 1.3}}, {"type": "Feature", "id": "layer-50858.711458", "geometry": {"type": "Point", "coordinates": [176.0810742, -37.6552698, 4.7]}, "geometry_name": "shape", "properties": {"fidn": "8231313CCA", "expsou": null, "nobjnm": null, "objnam": null, "quasou": null, "souacc": null, "tecsou": null, "verdat": null, "status": null, "inform": null, "ninfom": null, "ntxtds": null, "scamin": 21999, "txtdsc": null, "sordat": null, "sorind": null, "depth": 4.7}}, {"type": "Feature", "id": "layer-50858.711459", "geometry": {"type": "Point", "coordinates": [176.0721142, -37.6561667, 4.1]}, "geometry_name": "shape", "properties": {"fidn": "8231313CDA", "expsou": null, "nobjnm": null, "objnam": null, "quasou": null, "souacc": null, "tecsou": null, "verdat": null, "status": null, "inform": null, "ninfom": null, "ntxtds": null, "scamin": 21999, "txtdsc": null, "sordat": null, "sorind": null, "depth": 4.1}}, {"type": "Feature", "id": "layer-50858.711460", "geometry": {"type": "Point", "coordinates": [176.0638335, -37.6528318, 4.6]}, "geometry_name": "shape", "properties": {"fidn": "8231313CEA", "expsou": null, "nobjnm": null, "objnam": null, "quasou": null, "souacc": null, "tecsou": null, "verdat": null, "status": null, "inform": null, "ninfom": null, "ntxtds": null, "scamin": 21999, "txtdsc": null, "sordat": null, "sorind": null, "depth": 4.6}}, {"type": "Feature", "id": "layer-50858.711461", "geometry": {"type": "Point", "coordinates": [176.0527289, -37.6543569, -0.5]}, "geometry_name": "shape", "properties": {"fidn": "8231313CFA", "expsou": null, "nobjnm": null, "objnam": null, "quasou": null, "souacc": null, "tecsou": null, "verdat": null, "status": null, "inform": null, "ninfom": null, "ntxtds": null, "scamin": 21999, "txtdsc": null, "sordat": null, "sorind": null, "depth": -0.5}}, {"type": "Feature", "id": "layer-50858.711462", "geometry": {"type": "Point", "coordinates": [176.1027323, -37.6393868, 1.7]}, "geometry_name": "shape", "properties": {"fidn": "8231313CGA", "expsou": null, "nobjnm": null, "objnam": null, "quasou": null, "souacc": null, "tecsou": null, "verdat": null, "status": null, "inform": null, "ninfom": null, "ntxtds": null, "scamin": 21999, "txtdsc": null, "sordat": null, "sorind": null, "depth": 1.7}}, {"type": "Feature", "id": "layer-50858.711463", "geometry": {"type": "Point", "coordinates": [176.1020732, -37.6412031, 1.4]}, "geometry_name": "shape", "properties": {"fidn": "8231313CHA", "expsou": null, "nobjnm": null, "objnam": null, "quasou": null, "souacc": null, "tecsou": null, "verdat": null, "status": null, "inform": null, "ninfom": null, "ntxtds": null, "scamin": 21999, "txtdsc": null, "sordat": null, "sorind": null, "depth": 1.4}}, {"type": "Feature", "id": "layer-50858.711464", "geometry": {"type": "Point", "coordinates": [176.0790293, -37.627316, 0.2]}, "geometry_name": "shape", "properties": {"fidn": "8231313CIA", "expsou": null, "nobjnm": null, "objnam": null, "quasou": null, "souacc": null, "tecsou": null, "verdat": null, "status": null, "inform": null, "ninfom": null, "ntxtds": null, "scamin": 21999, "txtdsc": null, "sordat": null, "sorind": null, "depth": 0.2}}, {"type": "Feature", "id": "layer-50858.711465", "geometry": {"type": "Point", "coordinates": [176.078249, -37.6300336, 0.5]}, "geometry_name": "shape", "properties": {"fidn": "8231313CJA", "expsou": null, "nobjnm": null, "objnam": null, "quasou": null, "souacc": null, "tecsou": null, "verdat": null, "status": null, "inform": null, "ninfom": null, "ntxtds": null, "scamin": 21999, "txtdsc": null, "sordat": null, "sorind": null, "depth": 0.5}}, {"type": "Feature", "id": "layer-50858.711466", "geometry": {"type": "Point", "coordinates": [176.0692448, -37.6363069, 0.8]}, "geometry_name": "shape", "properties": {"fidn": "8231313CKA", "expsou": null, "nobjnm": null, "objnam": null, "quasou": null, "souacc": null, "tecsou": null, "verdat": null, "status": null, "inform": null, "ninfom": null, "ntxtds": null, "scamin": 21999, "txtdsc": null, "sordat": null, "sorind": null, "depth": 0.8}}, {"type": "Feature", "id": "layer-50858.711467", "geometry": {"type": "Point", "coordinates": [176.0632534, -37.6237521, 7.7]}, "geometry_name": "shape", "properties": {"fidn": "8231313CLA", "expsou": null, "nobjnm": null, "objnam": null, "quasou": null, "souacc": null, "tecsou": null, "verdat": null, "status": null, "inform": null, "ninfom": null, "ntxtds": null, "scamin": 21999, "txtdsc": null, "sordat": null, "sorind": null, "depth": 7.7}}, {"type": "Feature", "id": "layer-50858.711468", "geometry": {"type": "Point", "coordinates": [176.0675506, -37.635703, 2.9]}, "geometry_name": "shape", "properties": {"fidn": "8231313CMA", "expsou": null, "nobjnm": null, "objnam": null, "quasou": null, "souacc": null, "tecsou": null, "verdat": null, "status": null, "inform": null, "ninfom": null, "ntxtds": null, "scamin": 21999, "txtdsc": null, "sordat": null, "sorind": null, "depth": 2.9}}, {"type": "Feature", "id": "layer-50858.711469", "geometry": {"type": "Point", "coordinates": [176.068517, -37.6268626, 1.3]}, "geometry_name": "shape", "properties": {"fidn": "8231313CNA", "expsou": null, "nobjnm": null, "objnam": null, "quasou": null, "souacc": null, "tecsou": null, "verdat": null, "status": null, "inform": null, "ninfom": null, "ntxtds": null, "scamin": 21999, "txtdsc": null, "sordat": null, "sorind": null, "depth": 1.3}}, {"type": "Feature", "id": "layer-50858.711470", "geometry": {"type": "Point", "coordinates": [176.0591161, -37.6444056, 7.2]}, "geometry_name": "shape", "properties": {"fidn": "8231313COA", "expsou": null, "nobjnm": null, "objnam": null, "quasou": null, "souacc": null, "tecsou": null, "verdat": null, "status": null, "inform": null, "ninfom": null, "ntxtds": null, "scamin": 21999, "txtdsc": null, "sordat": null, "sorind": null, "depth": 7.2}}, {"type": "Feature", "id": "layer-50858.711471", "geometry": {"type": "Point", "coordinates": [176.064797, -37.6340425, 0.5]}, "geometry_name": "shape", "properties": {"fidn": "8231313CPA", "expsou": null, "nobjnm": null, "objnam": null, "quasou": null, "souacc": null, "tecsou": null, "verdat": null, "status": null, "inform": null, "ninfom": null, "ntxtds": null, "scamin": 21999, "txtdsc": null, "sordat": null, "sorind": null, "depth": 0.5}}, {"type": "Feature", "id": "layer-50858.711472", "geometry": {"type": "Point", "coordinates": [176.0584457, -37.6549265, 0.3]}, "geometry_name": "shape", "properties": {"fidn": "8231313CQA", "expsou": null, "nobjnm": null, "objnam": null, "quasou": null, "souacc": null, "tecsou": null, "verdat": null, "status": null, "inform": null, "ninfom": null, "ntxtds": null, "scamin": 21999, "txtdsc": null, "sordat": null, "sorind": null, "depth": 0.3}}, {"type": "Feature", "id": "layer-50858.711473", "geometry": {"type": "Point", "coordinates": [176.0528107, -37.6520207, 1.3]}, "geometry_name": "shape", "properties": {"fidn": "8231313CRA", "expsou": null, "nobjnm": null, "objnam": null, "quasou": null, "souacc": null, "tecsou": null, "verdat": null, "status": null, "inform": null, "ninfom": null, "ntxtds": null, "scamin": 21999, "txtdsc": null, "sordat": null, "sorind": null, "depth": 1.3}}, {"type": "Feature", "id": "layer-50858.711474", "geometry": {"type": "Point", "coordinates": [176.0548499, -37.6561196, 0.3]}, "geometry_name": "shape", "properties": {"fidn": "8231313CSA", "expsou": null, "nobjnm": null, "objnam": null, "quasou": null, "souacc": null, "tecsou": null, "verdat": null, "status": null, "inform": null, "ninfom": null, "ntxtds": null, "scamin": 21999, "txtdsc": null, "sordat": null, "sorind": null, "depth": 0.3}}, {"type": "Feature", "id": "layer-50858.711475", "geometry": {"type": "Point", "coordinates": [176.0563738, -37.6534305, 5.8]}, "geometry_name": "shape", "properties": {"fidn": "8231313CTA", "expsou": null, "nobjnm": null, "objnam": null, "quasou": null, "souacc": null, "tecsou": null, "verdat": null, "status": null, "inform": null, "ninfom": null, "ntxtds": null, "scamin": 21999, "txtdsc": null, "sordat": null, "sorind": null, "depth": 5.8}}, {"type": "Feature", "id": "layer-50858.711476", "geometry": {"type": "Point", "coordinates": [176.0531174, -37.6233949, 5.7]}, "geometry_name": "shape", "properties": {"fidn": "8231313CUA", "expsou": null, "nobjnm": null, "objnam": null, "quasou": null, "souacc": null, "tecsou": null, "verdat": null, "status": null, "inform": null, "ninfom": null, "ntxtds": null, "scamin": 21999, "txtdsc": null, "sordat": null, "sorind": null, "depth": 5.7}}, {"type": "Feature", "id": "layer-50858.711477", "geometry": {"type": "Point", "coordinates": [176.1149434, -37.6440749, 8.5]}, "geometry_name": "shape", "properties": {"fidn": "8231313CVA", "expsou": null, "nobjnm": null, "objnam": null, "quasou": null, "souacc": null, "tecsou": null, "verdat": null, "status": null, "inform": null, "ninfom": null, "ntxtds": null, "scamin": 21999, "txtdsc": null, "sordat": null, "sorind": null, "depth": 8.5}}, {"type": "Feature", "id": "layer-50858.711478", "geometry": {"type": "Point", "coordinates": [176.118649, -37.6441712, 6.9]}, "geometry_name": "shape", "properties": {"fidn": "8231313CWA", "expsou": null, "nobjnm": null, "objnam": null, "quasou": null, "souacc": null, "tecsou": null, "verdat": null, "status": null, "inform": null, "ninfom": null, "ntxtds": null, "scamin": 21999, "txtdsc": null, "sordat": null, "sorind": null, "depth": 6.9}}, {"type": "Feature", "id": "layer-50858.711479", "geometry": {"type": "Point", "coordinates": [176.1143929, -37.6514212, -0.1]}, "geometry_name": "shape", "properties": {"fidn": "8231313CXA", "expsou": null, "nobjnm": null, "objnam": null, "quasou": null, "souacc": null, "tecsou": null, "verdat": null, "status": null, "inform": null, "ninfom": null, "ntxtds": null, "scamin": 21999, "txtdsc": null, "sordat": null, "sorind": null, "depth": -0.1}}, {"type": "Feature", "id": "layer-50858.711480", "geometry": {"type": "Point", "coordinates": [176.1215218, -37.6477655, 0.6]}, "geometry_name": "shape", "properties": {"fidn": "8231313CYA", "expsou": null, "nobjnm": null, "objnam": null, "quasou": null, "souacc": null, "tecsou": null, "verdat": null, "status": null, "inform": null, "ninfom": null, "ntxtds": null, "scamin": 21999, "txtdsc": null, "sordat": null, "sorind": null, "depth": 0.6}}, {"type": "Feature", "id": "layer-50858.711481", "geometry": {"type": "Point", "coordinates": [176.1205308, -37.6416894, 6]}, "geometry_name": "shape", "properties": {"fidn": "8231313CZA", "expsou": null, "nobjnm": null, "objnam": null, "quasou": null, "souacc": null, "tecsou": null, "verdat": null, "status": null, "inform": null, "ninfom": null, "ntxtds": null, "scamin": 21999, "txtdsc": null, "sordat": null, "sorind": null, "depth": 6}}, {"type": "Feature", "id": "layer-50858.711482", "geometry": {"type": "Point", "coordinates": [176.1211709, -37.6452197, 9.2]}, "geometry_name": "shape", "properties": {"fidn": "8231313DAA", "expsou": null, "nobjnm": null, "objnam": null, "quasou": null, "souacc": null, "tecsou": null, "verdat": null, "status": null, "inform": null, "ninfom": null, "ntxtds": null, "scamin": 21999, "txtdsc": null, "sordat": null, "sorind": null, "depth": 9.2}}, {"type": "Feature", "id": "layer-50858.711483", "geometry": {"type": "Point", "coordinates": [176.0565984, -37.6442842, 0.2]}, "geometry_name": "shape", "properties": {"fidn": "8231313DBA", "expsou": null, "nobjnm": null, "objnam": null, "quasou": null, "souacc": null, "tecsou": null, "verdat": null, "status": null, "inform": null, "ninfom": null, "ntxtds": null, "scamin": 21999, "txtdsc": null, "sordat": null, "sorind": null, "depth": 0.2}}, {"type": "Feature", "id": "layer-50858.711484", "geometry": {"type": "Point", "coordinates": [176.0611776, -37.6445558, 1.1]}, "geometry_name": "shape", "properties": {"fidn": "8231313DDA", "expsou": null, "nobjnm": null, "objnam": null, "quasou": null, "souacc": null, "tecsou": null, "verdat": null, "status": null, "inform": null, "ninfom": null, "ntxtds": null, "scamin": 21999, "txtdsc": null, "sordat": null, "sorind": null, "depth": 1.1}}, {"type": "Feature", "id": "layer-50858.711485", "geometry": {"type": "Point", "coordinates": [176.0574975, -37.6190571, 4.2]}, "geometry_name": "shape", "properties": {"fidn": "8231313DEA", "expsou": null, "nobjnm": null, "objnam": null, "quasou": null, "souacc": null, "tecsou": null, "verdat": null, "status": null, "inform": null, "ninfom": null, "ntxtds": null, "scamin": 21999, "txtdsc": null, "sordat": null, "sorind": null, "depth": 4.2}}, {"type": "Feature", "id": "layer-50858.711486", "geometry": {"type": "Point", "coordinates": [176.0580752, -37.6213298, 8]}, "geometry_name": "shape", "properties": {"fidn": "8231313DFA", "expsou": null, "nobjnm": null, "objnam": null, "quasou": null, "souacc": null, "tecsou": null, "verdat": null, "status": null, "inform": null, "ninfom": null, "ntxtds": null, "scamin": 21999, "txtdsc": null, "sordat": null, "sorind": null, "depth": 8}}, {"type": "Feature", "id": "layer-50858.711487", "geometry": {"type": "Point", "coordinates": [176.0547978, -37.6255272, 1.7]}, "geometry_name": "shape", "properties": {"fidn": "8231313DGA", "expsou": null, "nobjnm": null, "objnam": null, "quasou": null, "souacc": null, "tecsou": null, "verdat": null, "status": null, "inform": null, "ninfom": null, "ntxtds": null, "scamin": 21999, "txtdsc": null, "sordat": null, "sorind": null, "depth": 1.7}}, {"type": "Feature", "id": "layer-50858.711488", "geometry": {"type": "Point", "coordinates": [176.0551016, -37.6235582, 4.1]}, "geometry_name": "shape", "properties": {"fidn": "8231313DHA", "expsou": null, "nobjnm": null, "objnam": null, "quasou": null, "souacc": null, "tecsou": null, "verdat": null, "status": null, "inform": null, "ninfom": null, "ntxtds": null, "scamin": 21999, "txtdsc": null, "sordat": null, "sorind": null, "depth": 4.1}}, {"type": "Feature", "id": "layer-50858.711489", "geometry": {"type": "Point", "coordinates": [176.0578343, -37.6238803, 3.7]}, "geometry_name": "shape", "properties": {"fidn": "8231313DIA", "expsou": null, "nobjnm": null, "objnam": null, "quasou": null, "souacc": null, "tecsou": null, "verdat": null, "status": null, "inform": null, "ninfom": null, "ntxtds": null, "scamin": 21999, "txtdsc": null, "sordat": null, "sorind": null, "depth": 3.7}}, {"type": "Feature", "id": "layer-50858.711490", "geometry": {"type": "Point", "coordinates": [176.0600759, -37.6408419, 4]}, "geometry_name": "shape", "properties": {"fidn": "8231314AAA", "expsou": null, "nobjnm": null, "objnam": null, "quasou": null, "souacc": null, "tecsou": null, "verdat": null, "status": null, "inform": null, "ninfom": null, "ntxtds": null, "scamin": 17999, "txtdsc": null, "sordat": null, "sorind": null, "depth": 4}}, {"type": "Feature", "id": "layer-50858.711491", "geometry": {"type": "Point", "coordinates": [176.0616879, -37.6391529, 3.6]}, "geometry_name": "shape", "properties": {"fidn": "8231314ABA", "expsou": null, "nobjnm": null, "objnam": null, "quasou": null, "souacc": null, "tecsou": null, "verdat": null, "status": null, "inform": null, "ninfom": null, "ntxtds": null, "scamin": 17999, "txtdsc": null, "sordat": null, "sorind": null, "depth": 3.6}}, {"type": "Feature", "id": "layer-50858.711492", "geometry": {"type": "Point", "coordinates": [176.0625246, -37.6243392, 10.4]}, "geometry_name": "shape", "properties": {"fidn": "8231314ACA", "expsou": null, "nobjnm": null, "objnam": null, "quasou": null, "souacc": null, "tecsou": null, "verdat": null, "status": null, "inform": null, "ninfom": null, "ntxtds": null, "scamin": 17999, "txtdsc": null, "sordat": null, "sorind": null, "depth": 10.4}}, {"type": "Feature", "id": "layer-50858.711493", "geometry": {"type": "Point", "coordinates": [176.0604676, -37.6192182, 1.2]}, "geometry_name": "shape", "properties": {"fidn": "8231314ADA", "expsou": null, "nobjnm": null, "objnam": null, "quasou": null, "souacc": null, "tecsou": null, "verdat": null, "status": null, "inform": null, "ninfom": null, "ntxtds": null, "scamin": 17999, "txtdsc": null, "sordat": null, "sorind": null, "depth": 1.2}}, {"type": "Feature", "id": "layer-50858.711494", "geometry": {"type": "Point", "coordinates": [176.1202587, -37.6399594, 2.8]}, "geometry_name": "shape", "properties": {"fidn": "8231314AEA", "expsou": null, "nobjnm": null, "objnam": null, "quasou": null, "souacc": null, "tecsou": null, "verdat": null, "status": null, "inform": null, "ninfom": null, "ntxtds": null, "scamin": 17999, "txtdsc": null, "sordat": null, "sorind": null, "depth": 2.8}}, {"type": "Feature", "id": "layer-50858.711495", "geometry": {"type": "Point", "coordinates": [176.120215, -37.6393416, 0.3]}, "geometry_name": "shape", "properties": {"fidn": "8231314AFA", "expsou": null, "nobjnm": null, "objnam": null, "quasou": null, "souacc": null, "tecsou": null, "verdat": null, "status": null, "inform": null, "ninfom": null, "ntxtds": null, "scamin": 17999, "txtdsc": null, "sordat": null, "sorind": null, "depth": 0.3}}, {"type": "Feature", "id": "layer-50858.711496", "geometry": {"type": "Point", "coordinates": [176.119121, -37.6470535, 4.1]}, "geometry_name": "shape", "properties": {"fidn": "8231314AGA", "expsou": null, "nobjnm": null, "objnam": null, "quasou": null, "souacc": null, "tecsou": null, "verdat": null, "status": null, "inform": null, "ninfom": null, "ntxtds": null, "scamin": 17999, "txtdsc": null, "sordat": null, "sorind": null, "depth": 4.1}}, {"type": "Feature", "id": "layer-50858.711497", "geometry": {"type": "Point", "coordinates": [176.1148832, -37.6525404, 1.2]}, "geometry_name": "shape", "properties": {"fidn": "8231314AHA", "expsou": null, "nobjnm": null, "objnam": null, "quasou": null, "souacc": null, "tecsou": null, "verdat": null, "status": null, "inform": null, "ninfom": null, "ntxtds": null, "scamin": 17999, "txtdsc": null, "sordat": null, "sorind": null, "depth": 1.2}}, {"type": "Feature", "id": "layer-50858.711498", "geometry": {"type": "Point", "coordinates": [176.1153876, -37.6499367, 0.1]}, "geometry_name": "shape", "properties": {"fidn": "8231314AIA", "expsou": null, "nobjnm": null, "objnam": null, "quasou": null, "souacc": null, "tecsou": null, "verdat": null, "status": null, "inform": null, "ninfom": null, "ntxtds": null, "scamin": 17999, "txtdsc": null, "sordat": null, "sorind": null, "depth": 0.1}}, {"type": "Feature", "id": "layer-50858.711499", "geometry": {"type": "Point", "coordinates": [176.1145261, -37.6421294, 4]}, "geometry_name": "shape", "properties": {"fidn": "8231314AJA", "expsou": null, "nobjnm": null, "objnam": null, "quasou": null, "souacc": null, "tecsou": null, "verdat": null, "status": null, "inform": null, "ninfom": null, "ntxtds": null, "scamin": 17999, "txtdsc": null, "sordat": null, "sorind": null, "depth": 4}}, {"type": "Feature", "id": "layer-50858.711500", "geometry": {"type": "Point", "coordinates": [176.1147237, -37.6407797, 3.1]}, "geometry_name": "shape", "properties": {"fidn": "8231314AKA", "expsou": null, "nobjnm": null, "objnam": null, "quasou": null, "souacc": null, "tecsou": null, "verdat": null, "status": null, "inform": null, "ninfom": null, "ntxtds": null, "scamin": 17999, "txtdsc": null, "sordat": null, "sorind": null, "depth": 3.1}}, {"type": "Feature", "id": "layer-50858.711501", "geometry": {"type": "Point", "coordinates": [176.1167155, -37.6408459, 6.7]}, "geometry_name": "shape", "properties": {"fidn": "8231314ALA", "expsou": null, "nobjnm": null, "objnam": null, "quasou": null, "souacc": null, "tecsou": null, "verdat": null, "status": null, "inform": null, "ninfom": null, "ntxtds": null, "scamin": 17999, "txtdsc": null, "sordat": null, "sorind": null, "depth": 6.7}}, {"type": "Feature", "id": "layer-50858.711502", "geometry": {"type": "Point", "coordinates": [176.0852699, -37.62862, 1.3]}, "geometry_name": "shape", "properties": {"fidn": "8231314AMA", "expsou": null, "nobjnm": null, "objnam": null, "quasou": null, "souacc": null, "tecsou": null, "verdat": null, "status": null, "inform": null, "ninfom": null, "ntxtds": null, "scamin": 17999, "txtdsc": null, "sordat": null, "sorind": null, "depth": 1.3}}, {"type": "Feature", "id": "layer-50858.711503", "geometry": {"type": "Point", "coordinates": [176.1189704, -37.6462222, 8]}, "geometry_name": "shape", "properties": {"fidn": "8231314ANA", "expsou": null, "nobjnm": null, "objnam": null, "quasou": null, "souacc": null, "tecsou": null, "verdat": null, "status": null, "inform": null, "ninfom": null, "ntxtds": null, "scamin": 17999, "txtdsc": null, "sordat": null, "sorind": null, "depth": 8}}, {"type": "Feature", "id": "layer-50858.711504", "geometry": {"type": "Point", "coordinates": [176.0790882, -37.6386073, 0.9]}, "geometry_name": "shape", "properties": {"fidn": "8231314AOA", "expsou": null, "nobjnm": null, "objnam": null, "quasou": null, "souacc": null, "tecsou": null, "verdat": null, "status": null, "inform": null, "ninfom": null, "ntxtds": null, "scamin": 17999, "txtdsc": null, "sordat": null, "sorind": null, "depth": 0.9}}, {"type": "Feature", "id": "layer-50858.711505", "geometry": {"type": "Point", "coordinates": [176.0837267, -37.6390032, 3.1]}, "geometry_name": "shape", "properties": {"fidn": "8231314APA", "expsou": null, "nobjnm": null, "objnam": null, "quasou": null, "souacc": null, "tecsou": null, "verdat": null, "status": null, "inform": null, "ninfom": null, "ntxtds": null, "scamin": 17999, "txtdsc": null, "sordat": null, "sorind": null, "depth": 3.1}}, {"type": "Feature", "id": "layer-50858.711506", "geometry": {"type": "Point", "coordinates": [176.0814201, -37.6379905, 3.7]}, "geometry_name": "shape", "properties": {"fidn": "8231314AQA", "expsou": null, "nobjnm": null, "objnam": null, "quasou": null, "souacc": null, "tecsou": null, "verdat": null, "status": null, "inform": null, "ninfom": null, "ntxtds": null, "scamin": 17999, "txtdsc": null, "sordat": null, "sorind": null, "depth": 3.7}}, {"type": "Feature", "id": "layer-50858.711507", "geometry": {"type": "Point", "coordinates": [176.1044755, -37.6407238, 3]}, "geometry_name": "shape", "properties": {"fidn": "8231314ARA", "expsou": null, "nobjnm": null, "objnam": null, "quasou": null, "souacc": null, "tecsou": null, "verdat": null, "status": null, "inform": null, "ninfom": null, "ntxtds": null, "scamin": 17999, "txtdsc": null, "sordat": null, "sorind": null, "depth": 3}}, {"type": "Feature", "id": "layer-50858.711508", "geometry": {"type": "Point", "coordinates": [176.0900944, -37.6435683, 1.8]}, "geometry_name": "shape", "properties": {"fidn": "8231314ASA", "expsou": null, "nobjnm": null, "objnam": null, "quasou": null, "souacc": null, "tecsou": null, "verdat": null, "status": null, "inform": null, "ninfom": null, "ntxtds": null, "scamin": 17999, "txtdsc": null, "sordat": null, "sorind": null, "depth": 1.8}}, {"type": "Feature", "id": "layer-50858.711509", "geometry": {"type": "Point", "coordinates": [176.1019808, -37.6437657, 6.1]}, "geometry_name": "shape", "properties": {"fidn": "8231314ATA", "expsou": null, "nobjnm": null, "objnam": null, "quasou": null, "souacc": null, "tecsou": null, "verdat": null, "status": null, "inform": null, "ninfom": null, "ntxtds": null, "scamin": 17999, "txtdsc": null, "sordat": null, "sorind": null, "depth": 6.1}}, {"type": "Feature", "id": "layer-50858.711510", "geometry": {"type": "Point", "coordinates": [176.1048276, -37.6391675, 7.5]}, "geometry_name": "shape", "properties": {"fidn": "8231314AUA", "expsou": null, "nobjnm": null, "objnam": null, "quasou": null, "souacc": null, "tecsou": null, "verdat": null, "status": null, "inform": null, "ninfom": null, "ntxtds": null, "scamin": 17999, "txtdsc": null, "sordat": null, "sorind": null, "depth": 7.5}}, {"type": "Feature", "id": "layer-50858.711511", "geometry": {"type": "Point", "coordinates": [176.0950837, -37.6281849, 0.1]}, "geometry_name": "shape", "properties": {"fidn": "8231314AVA", "expsou": null, "nobjnm": null, "objnam": null, "quasou": null, "souacc": null, "tecsou": null, "verdat": null, "status": null, "inform": null, "ninfom": null, "ntxtds": null, "scamin": 17999, "txtdsc": null, "sordat": null, "sorind": null, "depth": 0.1}}, {"type": "Feature", "id": "layer-50858.711512", "geometry": {"type": "Point", "coordinates": [176.0572347, -37.6279618, 1.2]}, "geometry_name": "shape", "properties": {"fidn": "8231314AWA", "expsou": null, "nobjnm": null, "objnam": null, "quasou": null, "souacc": null, "tecsou": null, "verdat": null, "status": null, "inform": null, "ninfom": null, "ntxtds": null, "scamin": 17999, "txtdsc": null, "sordat": null, "sorind": null, "depth": 1.2}}, {"type": "Feature", "id": "layer-50858.711513", "geometry": {"type": "Point", "coordinates": [176.0948599, -37.6320388, 4]}, "geometry_name": "shape", "properties": {"fidn": "8231314AXA", "expsou": null, "nobjnm": null, "objnam": null, "quasou": null, "souacc": null, "tecsou": null, "verdat": null, "status": null, "inform": null, "ninfom": null, "ntxtds": null, "scamin": 17999, "txtdsc": null, "sordat": null, "sorind": null, "depth": 4}}, {"type": "Feature", "id": "layer-50858.711514", "geometry": {"type": "Point", "coordinates": [176.083731, -37.6314847, 3.9]}, "geometry_name": "shape", "properties": {"fidn": "8231314AYA", "expsou": null, "nobjnm": null, "objnam": null, "quasou": null, "souacc": null, "tecsou": null, "verdat": null, "status": null, "inform": null, "ninfom": null, "ntxtds": null, "scamin": 17999, "txtdsc": null, "sordat": null, "sorind": null, "depth": 3.9}}, {"type": "Feature", "id": "layer-50858.711515", "geometry": {"type": "Point", "coordinates": [176.0792554, -37.6311297, 3.9]}, "geometry_name": "shape", "properties": {"fidn": "8231314AZA", "expsou": null, "nobjnm": null, "objnam": null, "quasou": null, "souacc": null, "tecsou": null, "verdat": null, "status": null, "inform": null, "ninfom": null, "ntxtds": null, "scamin": 17999, "txtdsc": null, "sordat": null, "sorind": null, "depth": 3.9}}, {"type": "Feature", "id": "layer-50858.711516", "geometry": {"type": "Point", "coordinates": [176.0791319, -37.6333222, 2.4]}, "geometry_name": "shape", "properties": {"fidn": "8231314BAA", "expsou": null, "nobjnm": null, "objnam": null, "quasou": null, "souacc": null, "tecsou": null, "verdat": null, "status": null, "inform": null, "ninfom": null, "ntxtds": null, "scamin": 17999, "txtdsc": null, "sordat": null, "sorind": null, "depth": 2.4}}, {"type": "Feature", "id": "layer-50858.711517", "geometry": {"type": "Point", "coordinates": [176.0882382, -37.6338125, 3.5]}, "geometry_name": "shape", "properties": {"fidn": "8231314BBA", "expsou": null, "nobjnm": null, "objnam": null, "quasou": null, "souacc": null, "tecsou": null, "verdat": null, "status": null, "inform": null, "ninfom": null, "ntxtds": null, "scamin": 17999, "txtdsc": null, "sordat": null, "sorind": null, "depth": 3.5}}, {"type": "Feature", "id": "layer-50858.711518", "geometry": {"type": "Point", "coordinates": [176.0855105, -37.634321, 4.7]}, "geometry_name": "shape", "properties": {"fidn": "8231314BCA", "expsou": null, "nobjnm": null, "objnam": null, "quasou": null, "souacc": null, "tecsou": null, "verdat": null, "status": null, "inform": null, "ninfom": null, "ntxtds": null, "scamin": 17999, "txtdsc": null, "sordat": null, "sorind": null, "depth": 4.7}}, {"type": "Feature", "id": "layer-50858.711519", "geometry": {"type": "Point", "coordinates": [176.0566734, -37.6489381, 1.6]}, "geometry_name": "shape", "properties": {"fidn": "8231314BDA", "expsou": null, "nobjnm": null, "objnam": null, "quasou": null, "souacc": null, "tecsou": null, "verdat": null, "status": null, "inform": null, "ninfom": null, "ntxtds": null, "scamin": 17999, "txtdsc": null, "sordat": null, "sorind": null, "depth": 1.6}}, {"type": "Feature", "id": "layer-50858.711520", "geometry": {"type": "Point", "coordinates": [176.0632138, -37.6483932, 0.5]}, "geometry_name": "shape", "properties": {"fidn": "8231314BEA", "expsou": null, "nobjnm": null, "objnam": null, "quasou": null, "souacc": null, "tecsou": null, "verdat": null, "status": null, "inform": null, "ninfom": null, "ntxtds": null, "scamin": 17999, "txtdsc": null, "sordat": null, "sorind": null, "depth": 0.5}}, {"type": "Feature", "id": "layer-50858.711521", "geometry": {"type": "Point", "coordinates": [176.0614018, -37.6464199, 0.7]}, "geometry_name": "shape", "properties": {"fidn": "8231314BFA", "expsou": null, "nobjnm": null, "objnam": null, "quasou": null, "souacc": null, "tecsou": null, "verdat": null, "status": null, "inform": null, "ninfom": null, "ntxtds": null, "scamin": 17999, "txtdsc": null, "sordat": null, "sorind": null, "depth": 0.7}}, {"type": "Feature", "id": "layer-50858.711522", "geometry": {"type": "Point", "coordinates": [176.0625277, -37.6201432, 0.3]}, "geometry_name": "shape", "properties": {"fidn": "8231314BGA", "expsou": null, "nobjnm": null, "objnam": null, "quasou": null, "souacc": null, "tecsou": null, "verdat": null, "status": null, "inform": null, "ninfom": null, "ntxtds": null, "scamin": 17999, "txtdsc": null, "sordat": null, "sorind": null, "depth": 0.3}}, {"type": "Feature", "id": "layer-50858.711523", "geometry": {"type": "Point", "coordinates": [176.0596313, -37.6198576, 1.1]}, "geometry_name": "shape", "properties": {"fidn": "8231314BHA", "expsou": null, "nobjnm": null, "objnam": null, "quasou": null, "souacc": null, "tecsou": null, "verdat": null, "status": null, "inform": null, "ninfom": null, "ntxtds": null, "scamin": 17999, "txtdsc": null, "sordat": null, "sorind": null, "depth": 1.1}}, {"type": "Feature", "id": "layer-50858.711524", "geometry": {"type": "Point", "coordinates": [176.0539406, -37.6336465, 6.6]}, "geometry_name": "shape", "properties": {"fidn": "8231314BIA", "expsou": null, "nobjnm": null, "objnam": null, "quasou": null, "souacc": null, "tecsou": null, "verdat": null, "status": null, "inform": null, "ninfom": null, "ntxtds": null, "scamin": 17999, "txtdsc": null, "sordat": null, "sorind": null, "depth": 6.6}}, {"type": "Feature", "id": "layer-50858.711525", "geometry": {"type": "Point", "coordinates": [176.0549837, -37.6315314, 5.4]}, "geometry_name": "shape", "properties": {"fidn": "8231314BJA", "expsou": null, "nobjnm": null, "objnam": null, "quasou": null, "souacc": null, "tecsou": null, "verdat": null, "status": null, "inform": null, "ninfom": null, "ntxtds": null, "scamin": 17999, "txtdsc": null, "sordat": null, "sorind": null, "depth": 5.4}}, {"type": "Feature", "id": "layer-50858.711526", "geometry": {"type": "Point", "coordinates": [176.0558501, -37.6324401, -0.3]}, "geometry_name": "shape", "properties": {"fidn": "8231314BKA", "expsou": null, "nobjnm": null, "objnam": null, "quasou": null, "souacc": null, "tecsou": null, "verdat": null, "status": null, "inform": null, "ninfom": null, "ntxtds": null, "scamin": 17999, "txtdsc": null, "sordat": null, "sorind": null, "depth": -0.3}}, {"type": "Feature", "id": "layer-50858.711527", "geometry": {"type": "Point", "coordinates": [176.051282, -37.6376186, 3.7]}, "geometry_name": "shape", "properties": {"fidn": "8231314BLA", "expsou": null, "nobjnm": null, "objnam": null, "quasou": null, "souacc": null, "tecsou": null, "verdat": null, "status": null, "inform": null, "ninfom": null, "ntxtds": null, "scamin": 17999, "txtdsc": null, "sordat": null, "sorind": null, "depth": 3.7}}, {"type": "Feature", "id": "layer-50858.711528", "geometry": {"type": "Point", "coordinates": [176.0521168, -37.6358049, 4.6]}, "geometry_name": "shape", "properties": {"fidn": "8231314BMA", "expsou": null, "nobjnm": null, "objnam": null, "quasou": null, "souacc": null, "tecsou": null, "verdat": null, "status": null, "inform": null, "ninfom": null, "ntxtds": null, "scamin": 17999, "txtdsc": null, "sordat": null, "sorind": null, "depth": 4.6}}, {"type": "Feature", "id": "layer-50858.711529", "geometry": {"type": "Point", "coordinates": [176.0677527, -37.6482426, 3.5]}, "geometry_name": "shape", "properties": {"fidn": "8231314BNA", "expsou": null, "nobjnm": null, "objnam": null, "quasou": null, "souacc": null, "tecsou": null, "verdat": null, "status": null, "inform": null, "ninfom": null, "ntxtds": null, "scamin": 17999, "txtdsc": null, "sordat": null, "sorind": null, "depth": 3.5}}, {"type": "Feature", "id": "layer-50858.711530", "geometry": {"type": "Point", "coordinates": [176.0649362, -37.6368419, 2.6]}, "geometry_name": "shape", "properties": {"fidn": "8231314BOA", "expsou": null, "nobjnm": null, "objnam": null, "quasou": null, "souacc": null, "tecsou": null, "verdat": null, "status": null, "inform": null, "ninfom": null, "ntxtds": null, "scamin": 17999, "txtdsc": null, "sordat": null, "sorind": null, "depth": 2.6}}, {"type": "Feature", "id": "layer-50858.711531", "geometry": {"type": "Point", "coordinates": [176.064739, -37.630637, 0.7]}, "geometry_name": "shape", "properties": {"fidn": "8231314BPA", "expsou": null, "nobjnm": null, "objnam": null, "quasou": null, "souacc": null, "tecsou": null, "verdat": null, "status": null, "inform": null, "ninfom": null, "ntxtds": null, "scamin": 17999, "txtdsc": null, "sordat": null, "sorind": null, "depth": 0.7}}, {"type": "Feature", "id": "layer-50858.711532", "geometry": {"type": "Point", "coordinates": [176.062683, -37.6305518, 0.3]}, "geometry_name": "shape", "properties": {"fidn": "8231314BQA", "expsou": null, "nobjnm": null, "objnam": null, "quasou": null, "souacc": null, "tecsou": null, "verdat": null, "status": null, "inform": null, "ninfom": null, "ntxtds": null, "scamin": 17999, "txtdsc": null, "sordat": null, "sorind": null, "depth": 0.3}}, {"type": "Feature", "id": "layer-50858.711533", "geometry": {"type": "Point", "coordinates": [176.0637141, -37.6364591, 1.5]}, "geometry_name": "shape", "properties": {"fidn": "8231314BRA", "expsou": null, "nobjnm": null, "objnam": null, "quasou": null, "souacc": null, "tecsou": null, "verdat": null, "status": null, "inform": null, "ninfom": null, "ntxtds": null, "scamin": 17999, "txtdsc": null, "sordat": null, "sorind": null, "depth": 1.5}}, {"type": "Feature", "id": "layer-50858.711534", "geometry": {"type": "Point", "coordinates": [176.0548856, -37.6341647, 0.9]}, "geometry_name": "shape", "properties": {"fidn": "8231314BSA", "expsou": null, "nobjnm": null, "objnam": null, "quasou": null, "souacc": null, "tecsou": null, "verdat": null, "status": null, "inform": null, "ninfom": null, "ntxtds": null, "scamin": 17999, "txtdsc": null, "sordat": null, "sorind": null, "depth": 0.9}}, {"type": "Feature", "id": "layer-50858.711535", "geometry": {"type": "Point", "coordinates": [176.0544909, -37.6323784, 4.8]}, "geometry_name": "shape", "properties": {"fidn": "8231314BTA", "expsou": null, "nobjnm": null, "objnam": null, "quasou": null, "souacc": null, "tecsou": null, "verdat": null, "status": null, "inform": null, "ninfom": null, "ntxtds": null, "scamin": 17999, "txtdsc": null, "sordat": null, "sorind": null, "depth": 4.8}}, {"type": "Feature", "id": "layer-50858.711536", "geometry": {"type": "Point", "coordinates": [176.0590156, -37.6472178, 6.6]}, "geometry_name": "shape", "properties": {"fidn": "8231314BUA", "expsou": null, "nobjnm": null, "objnam": null, "quasou": null, "souacc": null, "tecsou": null, "verdat": null, "status": null, "inform": null, "ninfom": null, "ntxtds": null, "scamin": 17999, "txtdsc": null, "sordat": null, "sorind": null, "depth": 6.6}}, {"type": "Feature", "id": "layer-50858.711537", "geometry": {"type": "Point", "coordinates": [176.0700995, -37.6322137, 3.4]}, "geometry_name": "shape", "properties": {"fidn": "8231314BVA", "expsou": null, "nobjnm": null, "objnam": null, "quasou": null, "souacc": null, "tecsou": null, "verdat": null, "status": null, "inform": null, "ninfom": null, "ntxtds": null, "scamin": 17999, "txtdsc": null, "sordat": null, "sorind": null, "depth": 3.4}}, {"type": "Feature", "id": "layer-50858.711538", "geometry": {"type": "Point", "coordinates": [176.0667312, -37.6310157, 6.8]}, "geometry_name": "shape", "properties": {"fidn": "8231314BWA", "expsou": null, "nobjnm": null, "objnam": null, "quasou": null, "souacc": null, "tecsou": null, "verdat": null, "status": null, "inform": null, "ninfom": null, "ntxtds": null, "scamin": 17999, "txtdsc": null, "sordat": null, "sorind": null, "depth": 6.8}}, {"type": "Feature", "id": "layer-50858.711539", "geometry": {"type": "Point", "coordinates": [176.0678291, -37.6330004, 6]}, "geometry_name": "shape", "properties": {"fidn": "8231314BXA", "expsou": null, "nobjnm": null, "objnam": null, "quasou": null, "souacc": null, "tecsou": null, "verdat": null, "status": null, "inform": null, "ninfom": null, "ntxtds": null, "scamin": 17999, "txtdsc": null, "sordat": null, "sorind": null, "depth": 6}}, {"type": "Feature", "id": "layer-50858.711540", "geometry": {"type": "Point", "coordinates": [176.06409, -37.6257106, 9.9]}, "geometry_name": "shape", "properties": {"fidn": "8231314BYA", "expsou": null, "nobjnm": null, "objnam": null, "quasou": null, "souacc": null, "tecsou": null, "verdat": null, "status": null, "inform": null, "ninfom": null, "ntxtds": null, "scamin": 17999, "txtdsc": null, "sordat": null, "sorind": null, "depth": 9.9}}, {"type": "Feature", "id": "layer-50858.711541", "geometry": {"type": "Point", "coordinates": [176.0663612, -37.625729, 3.1]}, "geometry_name": "shape", "properties": {"fidn": "8231314BZA", "expsou": null, "nobjnm": null, "objnam": null, "quasou": null, "souacc": null, "tecsou": null, "verdat": null, "status": null, "inform": null, "ninfom": null, "ntxtds": null, "scamin": 17999, "txtdsc": null, "sordat": null, "sorind": null, "depth": 3.1}}, {"type": "Feature", "id": "layer-50858.711542", "geometry": {"type": "Point", "coordinates": [176.0685854, -37.6282145, 4.3]}, "geometry_name": "shape", "properties": {"fidn": "8231314CAA", "expsou": null, "nobjnm": null, "objnam": null, "quasou": null, "souacc": null, "tecsou": null, "verdat": null, "status": null, "inform": null, "ninfom": null, "ntxtds": null, "scamin": 17999, "txtdsc": null, "sordat": null, "sorind": null, "depth": 4.3}}, {"type": "Feature", "id": "layer-50858.711543", "geometry": {"type": "Point", "coordinates": [176.0651313, -37.6380814, 7.3]}, "geometry_name": "shape", "properties": {"fidn": "8231314CBA", "expsou": null, "nobjnm": null, "objnam": null, "quasou": null, "souacc": null, "tecsou": null, "verdat": null, "status": null, "inform": null, "ninfom": null, "ntxtds": null, "scamin": 17999, "txtdsc": null, "sordat": null, "sorind": null, "depth": 7.3}}, {"type": "Feature", "id": "layer-50858.711544", "geometry": {"type": "Point", "coordinates": [176.0512371, -37.6195047, 1.3]}, "geometry_name": "shape", "properties": {"fidn": "8231314CCA", "expsou": null, "nobjnm": null, "objnam": null, "quasou": null, "souacc": null, "tecsou": null, "verdat": null, "status": null, "inform": null, "ninfom": null, "ntxtds": null, "scamin": 17999, "txtdsc": null, "sordat": null, "sorind": null, "depth": 1.3}}, {"type": "Feature", "id": "layer-50858.711545", "geometry": {"type": "Point", "coordinates": [176.0725132, -37.6303952, 0.5]}, "geometry_name": "shape", "properties": {"fidn": "8231314CDA", "expsou": null, "nobjnm": null, "objnam": null, "quasou": null, "souacc": null, "tecsou": null, "verdat": null, "status": null, "inform": null, "ninfom": null, "ntxtds": null, "scamin": 17999, "txtdsc": null, "sordat": null, "sorind": null, "depth": 0.5}}, {"type": "Feature", "id": "layer-50858.711546", "geometry": {"type": "Point", "coordinates": [176.0759155, -37.6309481, 3]}, "geometry_name": "shape", "properties": {"fidn": "8231314CEA", "expsou": null, "nobjnm": null, "objnam": null, "quasou": null, "souacc": null, "tecsou": null, "verdat": null, "status": null, "inform": null, "ninfom": null, "ntxtds": null, "scamin": 17999, "txtdsc": null, "sordat": null, "sorind": null, "depth": 3}}, {"type": "Feature", "id": "layer-50858.711547", "geometry": {"type": "Point", "coordinates": [176.0806406, -37.6302287, 1]}, "geometry_name": "shape", "properties": {"fidn": "8231314CFA", "expsou": null, "nobjnm": null, "objnam": null, "quasou": null, "souacc": null, "tecsou": null, "verdat": null, "status": null, "inform": null, "ninfom": null, "ntxtds": null, "scamin": 17999, "txtdsc": null, "sordat": null, "sorind": null, "depth": 1}}, {"type": "Feature", "id": "layer-50858.711548", "geometry": {"type": "Point", "coordinates": [176.07639, -37.6243819, 0.4]}, "geometry_name": "shape", "properties": {"fidn": "8231314CGA", "expsou": null, "nobjnm": null, "objnam": null, "quasou": null, "souacc": null, "tecsou": null, "verdat": null, "status": null, "inform": null, "ninfom": null, "ntxtds": null, "scamin": 17999, "txtdsc": null, "sordat": null, "sorind": null, "depth": 0.4}}, {"type": "Feature", "id": "layer-50858.711549", "geometry": {"type": "Point", "coordinates": [176.085935, -37.6303333, 0.4]}, "geometry_name": "shape", "properties": {"fidn": "8231314CHA", "expsou": null, "nobjnm": null, "objnam": null, "quasou": null, "souacc": null, "tecsou": null, "verdat": null, "status": null, "inform": null, "ninfom": null, "ntxtds": null, "scamin": 17999, "txtdsc": null, "sordat": null, "sorind": null, "depth": 0.4}}, {"type": "Feature", "id": "layer-50858.711550", "geometry": {"type": "Point", "coordinates": [176.0752654, -37.6289611, 0.2]}, "geometry_name": "shape", "properties": {"fidn": "8231314CIA", "expsou": null, "nobjnm": null, "objnam": null, "quasou": null, "souacc": null, "tecsou": null, "verdat": null, "status": null, "inform": null, "ninfom": null, "ntxtds": null, "scamin": 17999, "txtdsc": null, "sordat": null, "sorind": null, "depth": 0.2}}, {"type": "Feature", "id": "layer-50858.711551", "geometry": {"type": "Point", "coordinates": [176.0697127, -37.6303263, 6.6]}, "geometry_name": "shape", "properties": {"fidn": "8231314CJA", "expsou": null, "nobjnm": null, "objnam": null, "quasou": null, "souacc": null, "tecsou": null, "verdat": null, "status": null, "inform": null, "ninfom": null, "ntxtds": null, "scamin": 17999, "txtdsc": null, "sordat": null, "sorind": null, "depth": 6.6}}, {"type": "Feature", "id": "layer-50858.711552", "geometry": {"type": "Point", "coordinates": [176.052864, -37.6224215, 2.6]}, "geometry_name": "shape", "properties": {"fidn": "8231314CKA", "expsou": null, "nobjnm": null, "objnam": null, "quasou": null, "souacc": null, "tecsou": null, "verdat": null, "status": null, "inform": null, "ninfom": null, "ntxtds": null, "scamin": 17999, "txtdsc": null, "sordat": null, "sorind": null, "depth": 2.6}}, {"type": "Feature", "id": "layer-50858.711553", "geometry": {"type": "Point", "coordinates": [176.0525238, -37.6241557, 4.5]}, "geometry_name": "shape", "properties": {"fidn": "8231314CLA", "expsou": null, "nobjnm": null, "objnam": null, "quasou": null, "souacc": null, "tecsou": null, "verdat": null, "status": null, "inform": null, "ninfom": null, "ntxtds": null, "scamin": 17999, "txtdsc": null, "sordat": null, "sorind": null, "depth": 4.5}}, {"type": "Feature", "id": "layer-50858.711554", "geometry": {"type": "Point", "coordinates": [176.0516473, -37.6573217, 0.6]}, "geometry_name": "shape", "properties": {"fidn": "8231314CMA", "expsou": null, "nobjnm": null, "objnam": null, "quasou": null, "souacc": null, "tecsou": null, "verdat": null, "status": null, "inform": null, "ninfom": null, "ntxtds": null, "scamin": 17999, "txtdsc": null, "sordat": null, "sorind": null, "depth": 0.6}}, {"type": "Feature", "id": "layer-50858.711555", "geometry": {"type": "Point", "coordinates": [176.0544144, -37.6522558, 6]}, "geometry_name": "shape", "properties": {"fidn": "8231314CNA", "expsou": null, "nobjnm": null, "objnam": null, "quasou": null, "souacc": null, "tecsou": null, "verdat": null, "status": null, "inform": null, "ninfom": null, "ntxtds": null, "scamin": 17999, "txtdsc": null, "sordat": null, "sorind": null, "depth": 6}}, {"type": "Feature", "id": "layer-50858.711556", "geometry": {"type": "Point", "coordinates": [176.0575033, -37.6559649, 0.9]}, "geometry_name": "shape", "properties": {"fidn": "8231314COA", "expsou": null, "nobjnm": null, "objnam": null, "quasou": null, "souacc": null, "tecsou": null, "verdat": null, "status": null, "inform": null, "ninfom": null, "ntxtds": null, "scamin": 17999, "txtdsc": null, "sordat": null, "sorind": null, "depth": 0.9}}, {"type": "Feature", "id": "layer-50858.711557", "geometry": {"type": "Point", "coordinates": [176.0999243, -37.6378153, 0.2]}, "geometry_name": "shape", "properties": {"fidn": "8231314CPA", "expsou": null, "nobjnm": null, "objnam": null, "quasou": null, "souacc": null, "tecsou": null, "verdat": null, "status": null, "inform": null, "ninfom": null, "ntxtds": null, "scamin": 17999, "txtdsc": null, "sordat": null, "sorind": null, "depth": 0.2}}, {"type": "Feature", "id": "layer-50858.711558", "geometry": {"type": "Point", "coordinates": [176.1006668, -37.6397636, 0.1]}, "geometry_name": "shape", "properties": {"fidn": "8231314CQA", "expsou": null, "nobjnm": null, "objnam": null, "quasou": null, "souacc": null, "tecsou": null, "verdat": null, "status": null, "inform": null, "ninfom": null, "ntxtds": null, "scamin": 17999, "txtdsc": null, "sordat": null, "sorind": null, "depth": 0.1}}, {"type": "Feature", "id": "layer-50858.711559", "geometry": {"type": "Point", "coordinates": [176.1029734, -37.6402246, 2.4]}, "geometry_name": "shape", "properties": {"fidn": "8231314CRA", "expsou": null, "nobjnm": null, "objnam": null, "quasou": null, "souacc": null, "tecsou": null, "verdat": null, "status": null, "inform": null, "ninfom": null, "ntxtds": null, "scamin": 17999, "txtdsc": null, "sordat": null, "sorind": null, "depth": 2.4}}, {"type": "Feature", "id": "layer-50858.711560", "geometry": {"type": "Point", "coordinates": [176.1097006, -37.6443457, 12.2]}, "geometry_name": "shape", "properties": {"fidn": "8231314CSA", "expsou": null, "nobjnm": null, "objnam": null, "quasou": null, "souacc": null, "tecsou": null, "verdat": null, "status": null, "inform": null, "ninfom": null, "ntxtds": null, "scamin": 17999, "txtdsc": null, "sordat": null, "sorind": null, "depth": 12.2}}, {"type": "Feature", "id": "layer-50858.711561", "geometry": {"type": "Point", "coordinates": [176.1076251, -37.6438856, 11.8]}, "geometry_name": "shape", "properties": {"fidn": "8231314CTA", "expsou": null, "nobjnm": null, "objnam": null, "quasou": null, "souacc": null, "tecsou": null, "verdat": null, "status": null, "inform": null, "ninfom": null, "ntxtds": null, "scamin": 17999, "txtdsc": null, "sordat": null, "sorind": null, "depth": 11.8}}, {"type": "Feature", "id": "layer-50858.711562", "geometry": {"type": "Point", "coordinates": [176.0627833, -37.6553908, 4.7]}, "geometry_name": "shape", "properties": {"fidn": "8231314CUA", "expsou": null, "nobjnm": null, "objnam": null, "quasou": null, "souacc": null, "tecsou": null, "verdat": null, "status": null, "inform": null, "ninfom": null, "ntxtds": null, "scamin": 17999, "txtdsc": null, "sordat": null, "sorind": null, "depth": 4.7}}, {"type": "Feature", "id": "layer-50858.711563", "geometry": {"type": "Point", "coordinates": [176.0694997, -37.653325, 2.8]}, "geometry_name": "shape", "properties": {"fidn": "8231314CVA", "expsou": null, "nobjnm": null, "objnam": null, "quasou": null, "souacc": null, "tecsou": null, "verdat": null, "status": null, "inform": null, "ninfom": null, "ntxtds": null, "scamin": 17999, "txtdsc": null, "sordat": null, "sorind": null, "depth": 2.8}}, {"type": "Feature", "id": "layer-50858.711564", "geometry": {"type": "Point", "coordinates": [176.0640473, -37.6563254, 0.1]}, "geometry_name": "shape", "properties": {"fidn": "8231314CWA", "expsou": null, "nobjnm": null, "objnam": null, "quasou": null, "souacc": null, "tecsou": null, "verdat": null, "status": null, "inform": null, "ninfom": null, "ntxtds": null, "scamin": 17999, "txtdsc": null, "sordat": null, "sorind": null, "depth": 0.1}}, {"type": "Feature", "id": "layer-50858.711565", "geometry": {"type": "Point", "coordinates": [176.0984628, -37.6423762, 3.5]}, "geometry_name": "shape", "properties": {"fidn": "8231314CXA", "expsou": null, "nobjnm": null, "objnam": null, "quasou": null, "souacc": null, "tecsou": null, "verdat": null, "status": null, "inform": null, "ninfom": null, "ntxtds": null, "scamin": 17999, "txtdsc": null, "sordat": null, "sorind": null, "depth": 3.5}}, {"type": "Feature", "id": "layer-50858.711566", "geometry": {"type": "Point", "coordinates": [176.0965436, -37.6459095, 4.1]}, "geometry_name": "shape", "properties": {"fidn": "8231314CYA", "expsou": null, "nobjnm": null, "objnam": null, "quasou": null, "souacc": null, "tecsou": null, "verdat": null, "status": null, "inform": null, "ninfom": null, "ntxtds": null, "scamin": 17999, "txtdsc": null, "sordat": null, "sorind": null, "depth": 4.1}}, {"type": "Feature", "id": "layer-50858.711567", "geometry": {"type": "Point", "coordinates": [176.0937925, -37.6468645, 4]}, "geometry_name": "shape", "properties": {"fidn": "8231314CZA", "expsou": null, "nobjnm": null, "objnam": null, "quasou": null, "souacc": null, "tecsou": null, "verdat": null, "status": null, "inform": null, "ninfom": null, "ntxtds": null, "scamin": 17999, "txtdsc": null, "sordat": null, "sorind": null, "depth": 4}}, {"type": "Feature", "id": "layer-50858.711568", "geometry": {"type": "Point", "coordinates": [176.0801576, -37.6341193, 6.9]}, "geometry_name": "shape", "properties": {"fidn": "8231314DAA", "expsou": null, "nobjnm": null, "objnam": null, "quasou": null, "souacc": null, "tecsou": null, "verdat": null, "status": null, "inform": null, "ninfom": null, "ntxtds": null, "scamin": 17999, "txtdsc": null, "sordat": null, "sorind": null, "depth": 6.9}}, {"type": "Feature", "id": "layer-50858.711569", "geometry": {"type": "Point", "coordinates": [176.0844221, -37.6360221, 0.2]}, "geometry_name": "shape", "properties": {"fidn": "8231314DBA", "expsou": null, "nobjnm": null, "objnam": null, "quasou": null, "souacc": null, "tecsou": null, "verdat": null, "status": null, "inform": null, "ninfom": null, "ntxtds": null, "scamin": 17999, "txtdsc": null, "sordat": null, "sorind": null, "depth": 0.2}}, {"type": "Feature", "id": "layer-50858.711570", "geometry": {"type": "Point", "coordinates": [176.0722163, -37.6346521, 1.4]}, "geometry_name": "shape", "properties": {"fidn": "8231314DCA", "expsou": null, "nobjnm": null, "objnam": null, "quasou": null, "souacc": null, "tecsou": null, "verdat": null, "status": null, "inform": null, "ninfom": null, "ntxtds": null, "scamin": 17999, "txtdsc": null, "sordat": null, "sorind": null, "depth": 1.4}}, {"type": "Feature", "id": "layer-50858.711571", "geometry": {"type": "Point", "coordinates": [176.0510414, -37.6412991, 3.8]}, "geometry_name": "shape", "properties": {"fidn": "8231314DDA", "expsou": null, "nobjnm": null, "objnam": null, "quasou": null, "souacc": null, "tecsou": null, "verdat": null, "status": null, "inform": null, "ninfom": null, "ntxtds": null, "scamin": 17999, "txtdsc": null, "sordat": null, "sorind": null, "depth": 3.8}}, {"type": "Feature", "id": "layer-50858.711572", "geometry": {"type": "Point", "coordinates": [176.0524579, -37.6513391, 4]}, "geometry_name": "shape", "properties": {"fidn": "8231314DEA", "expsou": null, "nobjnm": null, "objnam": null, "quasou": null, "souacc": null, "tecsou": null, "verdat": null, "status": null, "inform": null, "ninfom": null, "ntxtds": null, "scamin": 17999, "txtdsc": null, "sordat": null, "sorind": null, "depth": 4}}, {"type": "Feature", "id": "layer-50858.711573", "geometry": {"type": "Point", "coordinates": [176.0500329, -37.6428138, 5.5]}, "geometry_name": "shape", "properties": {"fidn": "8231314DFA", "expsou": null, "nobjnm": null, "objnam": null, "quasou": null, "souacc": null, "tecsou": null, "verdat": null, "status": null, "inform": null, "ninfom": null, "ntxtds": null, "scamin": 17999, "txtdsc": null, "sordat": null, "sorind": null, "depth": 5.5}}, {"type": "Feature", "id": "layer-50858.711574", "geometry": {"type": "Point", "coordinates": [176.0499944, -37.6473728, 5.5]}, "geometry_name": "shape", "properties": {"fidn": "8231314DGA", "expsou": null, "nobjnm": null, "objnam": null, "quasou": null, "souacc": null, "tecsou": null, "verdat": null, "status": null, "inform": null, "ninfom": null, "ntxtds": null, "scamin": 17999, "txtdsc": null, "sordat": null, "sorind": null, "depth": 5.5}}, {"type": "Feature", "id": "layer-50858.711575", "geometry": {"type": "Point", "coordinates": [176.0509053, -37.6490549, 5.4]}, "geometry_name": "shape", "properties": {"fidn": "8231314DHA", "expsou": null, "nobjnm": null, "objnam": null, "quasou": null, "souacc": null, "tecsou": null, "verdat": null, "status": null, "inform": null, "ninfom": null, "ntxtds": null, "scamin": 17999, "txtdsc": null, "sordat": null, "sorind": null, "depth": 5.4}}, {"type": "Feature", "id": "layer-50858.711576", "geometry": {"type": "Point", "coordinates": [176.0529759, -37.6197005, 3.4]}, "geometry_name": "shape", "properties": {"fidn": "8231314DIA", "expsou": null, "nobjnm": null, "objnam": null, "quasou": null, "souacc": null, "tecsou": null, "verdat": null, "status": null, "inform": null, "ninfom": null, "ntxtds": null, "scamin": 17999, "txtdsc": null, "sordat": null, "sorind": null, "depth": 3.4}}, {"type": "Feature", "id": "layer-50858.711577", "geometry": {"type": "Point", "coordinates": [176.0515034, -37.6470211, 0.9]}, "geometry_name": "shape", "properties": {"fidn": "8231314DJA", "expsou": null, "nobjnm": null, "objnam": null, "quasou": null, "souacc": null, "tecsou": null, "verdat": null, "status": null, "inform": null, "ninfom": null, "ntxtds": null, "scamin": 17999, "txtdsc": null, "sordat": null, "sorind": null, "depth": 0.9}}, {"type": "Feature", "id": "layer-50858.711578", "geometry": {"type": "Point", "coordinates": [176.0511074, -37.64483, 1.4]}, "geometry_name": "shape", "properties": {"fidn": "8231314DKA", "expsou": null, "nobjnm": null, "objnam": null, "quasou": null, "souacc": null, "tecsou": null, "verdat": null, "status": null, "inform": null, "ninfom": null, "ntxtds": null, "scamin": 17999, "txtdsc": null, "sordat": null, "sorind": null, "depth": 1.4}}, {"type": "Feature", "id": "layer-50858.711579", "geometry": {"type": "Point", "coordinates": [176.1065979, -37.6410437, 7.1]}, "geometry_name": "shape", "properties": {"fidn": "8231314DLA", "expsou": null, "nobjnm": null, "objnam": null, "quasou": null, "souacc": null, "tecsou": null, "verdat": null, "status": null, "inform": null, "ninfom": null, "ntxtds": null, "scamin": 17999, "txtdsc": null, "sordat": null, "sorind": null, "depth": 7.1}}, {"type": "Feature", "id": "layer-50858.711580", "geometry": {"type": "Point", "coordinates": [176.1114279, -37.6476939, 4]}, "geometry_name": "shape", "properties": {"fidn": "8231314DMA", "expsou": null, "nobjnm": null, "objnam": null, "quasou": null, "souacc": null, "tecsou": null, "verdat": null, "status": null, "inform": null, "ninfom": null, "ntxtds": null, "scamin": 17999, "txtdsc": null, "sordat": null, "sorind": null, "depth": 4}}, {"type": "Feature", "id": "layer-50858.711581", "geometry": {"type": "Point", "coordinates": [176.1078408, -37.6470395, 4.3]}, "geometry_name": "shape", "properties": {"fidn": "8231314DNA", "expsou": null, "nobjnm": null, "objnam": null, "quasou": null, "souacc": null, "tecsou": null, "verdat": null, "status": null, "inform": null, "ninfom": null, "ntxtds": null, "scamin": 17999, "txtdsc": null, "sordat": null, "sorind": null, "depth": 4.3}}, {"type": "Feature", "id": "layer-50858.711582", "geometry": {"type": "Point", "coordinates": [176.1124446, -37.6410586, 3.5]}, "geometry_name": "shape", "properties": {"fidn": "8231314DOA", "expsou": null, "nobjnm": null, "objnam": null, "quasou": null, "souacc": null, "tecsou": null, "verdat": null, "status": null, "inform": null, "ninfom": null, "ntxtds": null, "scamin": 17999, "txtdsc": null, "sordat": null, "sorind": null, "depth": 3.5}}, {"type": "Feature", "id": "layer-50858.711583", "geometry": {"type": "Point", "coordinates": [176.1084568, -37.6511632, 0.2]}, "geometry_name": "shape", "properties": {"fidn": "8231314DPA", "expsou": null, "nobjnm": null, "objnam": null, "quasou": null, "souacc": null, "tecsou": null, "verdat": null, "status": null, "inform": null, "ninfom": null, "ntxtds": null, "scamin": 17999, "txtdsc": null, "sordat": null, "sorind": null, "depth": 0.2}}, {"type": "Feature", "id": "layer-50858.711584", "geometry": {"type": "Point", "coordinates": [176.1110763, -37.6544899, -0.4]}, "geometry_name": "shape", "properties": {"fidn": "8231314DQA", "expsou": null, "nobjnm": null, "objnam": null, "quasou": null, "souacc": null, "tecsou": null, "verdat": null, "status": null, "inform": null, "ninfom": null, "ntxtds": null, "scamin": 17999, "txtdsc": null, "sordat": null, "sorind": null, "depth": -0.4}}, {"type": "Feature", "id": "layer-50858.711585", "geometry": {"type": "Point", "coordinates": [176.1117005, -37.6550217, 1.7]}, "geometry_name": "shape", "properties": {"fidn": "8231314DRA", "expsou": null, "nobjnm": null, "objnam": null, "quasou": null, "souacc": null, "tecsou": null, "verdat": null, "status": null, "inform": null, "ninfom": null, "ntxtds": null, "scamin": 17999, "txtdsc": null, "sordat": null, "sorind": null, "depth": 1.7}}, {"type": "Feature", "id": "layer-50858.711586", "geometry": {"type": "Point", "coordinates": [176.110399, -37.6575013, 0.4]}, "geometry_name": "shape", "properties": {"fidn": "8231314DSA", "expsou": null, "nobjnm": null, "objnam": null, "quasou": null, "souacc": null, "tecsou": null, "verdat": null, "status": null, "inform": null, "ninfom": null, "ntxtds": null, "scamin": 17999, "txtdsc": null, "sordat": null, "sorind": null, "depth": 0.4}}, {"type": "Feature", "id": "layer-50858.711587", "geometry": {"type": "Point", "coordinates": [176.1096691, -37.6407241, 4]}, "geometry_name": "shape", "properties": {"fidn": "8231314DTA", "expsou": null, "nobjnm": null, "objnam": null, "quasou": null, "souacc": null, "tecsou": null, "verdat": null, "status": null, "inform": null, "ninfom": null, "ntxtds": null, "scamin": 17999, "txtdsc": null, "sordat": null, "sorind": null, "depth": 4}}, {"type": "Feature", "id": "layer-50858.711588", "geometry": {"type": "Point", "coordinates": [176.1087693, -37.6400833, 1.2]}, "geometry_name": "shape", "properties": {"fidn": "8231314DUA", "expsou": null, "nobjnm": null, "objnam": null, "quasou": null, "souacc": null, "tecsou": null, "verdat": null, "status": null, "inform": null, "ninfom": null, "ntxtds": null, "scamin": 17999, "txtdsc": null, "sordat": null, "sorind": null, "depth": 1.2}}, {"type": "Feature", "id": "layer-50858.711589", "geometry": {"type": "Point", "coordinates": [176.102504, -37.6384737, 4]}, "geometry_name": "shape", "properties": {"fidn": "8231314DVA", "expsou": null, "nobjnm": null, "objnam": null, "quasou": null, "souacc": null, "tecsou": null, "verdat": null, "status": null, "inform": null, "ninfom": null, "ntxtds": null, "scamin": 17999, "txtdsc": null, "sordat": null, "sorind": null, "depth": 4}}, {"type": "Feature", "id": "layer-50858.711590", "geometry": {"type": "Point", "coordinates": [176.0721156, -37.6353668, 3.5]}, "geometry_name": "shape", "properties": {"fidn": "8231314DWA", "expsou": null, "nobjnm": null, "objnam": null, "quasou": null, "souacc": null, "tecsou": null, "verdat": null, "status": null, "inform": null, "ninfom": null, "ntxtds": null, "scamin": 17999, "txtdsc": null, "sordat": null, "sorind": null, "depth": 3.5}}, {"type": "Feature", "id": "layer-50858.711591", "geometry": {"type": "Point", "coordinates": [176.0986764, -37.6502048, 2.5]}, "geometry_name": "shape", "properties": {"fidn": "8231314DXA", "expsou": null, "nobjnm": null, "objnam": null, "quasou": null, "souacc": null, "tecsou": null, "verdat": null, "status": null, "inform": null, "ninfom": null, "ntxtds": null, "scamin": 17999, "txtdsc": null, "sordat": null, "sorind": null, "depth": 2.5}}, {"type": "Feature", "id": "layer-50858.711592", "geometry": {"type": "Point", "coordinates": [176.0954881, -37.6437167, 4]}, "geometry_name": "shape", "properties": {"fidn": "8231314DYA", "expsou": null, "nobjnm": null, "objnam": null, "quasou": null, "souacc": null, "tecsou": null, "verdat": null, "status": null, "inform": null, "ninfom": null, "ntxtds": null, "scamin": 17999, "txtdsc": null, "sordat": null, "sorind": null, "depth": 4}}, {"type": "Feature", "id": "layer-50858.711593", "geometry": {"type": "Point", "coordinates": [176.0973425, -37.6446214, 2.2]}, "geometry_name": "shape", "properties": {"fidn": "8231314DZA", "expsou": null, "nobjnm": null, "objnam": null, "quasou": null, "souacc": null, "tecsou": null, "verdat": null, "status": null, "inform": null, "ninfom": null, "ntxtds": null, "scamin": 17999, "txtdsc": null, "sordat": null, "sorind": null, "depth": 2.2}}, {"type": "Feature", "id": "layer-50858.711594", "geometry": {"type": "Point", "coordinates": [176.05547, -37.6264138, 2.6]}, "geometry_name": "shape", "properties": {"fidn": "8231314EAA", "expsou": null, "nobjnm": null, "objnam": null, "quasou": null, "souacc": null, "tecsou": null, "verdat": null, "status": null, "inform": null, "ninfom": null, "ntxtds": null, "scamin": 17999, "txtdsc": null, "sordat": null, "sorind": null, "depth": 2.6}}, {"type": "Feature", "id": "layer-50858.711595", "geometry": {"type": "Point", "coordinates": [176.0549499, -37.6297192, 4.5]}, "geometry_name": "shape", "properties": {"fidn": "8231314EBA", "expsou": null, "nobjnm": null, "objnam": null, "quasou": null, "souacc": null, "tecsou": null, "verdat": null, "status": null, "inform": null, "ninfom": null, "ntxtds": null, "scamin": 17999, "txtdsc": null, "sordat": null, "sorind": null, "depth": 4.5}}, {"type": "Feature", "id": "layer-50858.711596", "geometry": {"type": "Point", "coordinates": [176.0615127, -37.6269997, 1.1]}, "geometry_name": "shape", "properties": {"fidn": "8231314ECA", "expsou": null, "nobjnm": null, "objnam": null, "quasou": null, "souacc": null, "tecsou": null, "verdat": null, "status": null, "inform": null, "ninfom": null, "ntxtds": null, "scamin": 17999, "txtdsc": null, "sordat": null, "sorind": null, "depth": 1.1}}, {"type": "Feature", "id": "layer-50858.711597", "geometry": {"type": "Point", "coordinates": [176.0555517, -37.6251115, 2.6]}, "geometry_name": "shape", "properties": {"fidn": "8231314EDA", "expsou": null, "nobjnm": null, "objnam": null, "quasou": null, "souacc": null, "tecsou": null, "verdat": null, "status": null, "inform": null, "ninfom": null, "ntxtds": null, "scamin": 17999, "txtdsc": null, "sordat": null, "sorind": null, "depth": 2.6}}, {"type": "Feature", "id": "layer-50858.711598", "geometry": {"type": "Point", "coordinates": [176.0552771, -37.6207169, 4.2]}, "geometry_name": "shape", "properties": {"fidn": "8231314EEA", "expsou": null, "nobjnm": null, "objnam": null, "quasou": null, "souacc": null, "tecsou": null, "verdat": null, "status": null, "inform": null, "ninfom": null, "ntxtds": null, "scamin": 17999, "txtdsc": null, "sordat": null, "sorind": null, "depth": 4.2}}, {"type": "Feature", "id": "layer-50858.711599", "geometry": {"type": "Point", "coordinates": [176.0522867, -37.6205078, 1.1]}, "geometry_name": "shape", "properties": {"fidn": "8231315AAA", "expsou": null, "nobjnm": null, "objnam": null, "quasou": null, "souacc": null, "tecsou": null, "verdat": null, "status": null, "inform": null, "ninfom": null, "ntxtds": null, "scamin": 29999, "txtdsc": null, "sordat": null, "sorind": null, "depth": 1.1}}, {"type": "Feature", "id": "layer-50858.711600", "geometry": {"type": "Point", "coordinates": [176.0902853, -37.6492818, 4.5]}, "geometry_name": "shape", "properties": {"fidn": "8231315ABA", "expsou": null, "nobjnm": null, "objnam": null, "quasou": null, "souacc": null, "tecsou": null, "verdat": null, "status": null, "inform": null, "ninfom": null, "ntxtds": null, "scamin": 29999, "txtdsc": null, "sordat": null, "sorind": null, "depth": 4.5}}, {"type": "Feature", "id": "layer-50858.711601", "geometry": {"type": "Point", "coordinates": [176.1029285, -37.6451372, 3.9]}, "geometry_name": "shape", "properties": {"fidn": "8231315ACA", "expsou": null, "nobjnm": null, "objnam": null, "quasou": null, "souacc": null, "tecsou": null, "verdat": null, "status": null, "inform": null, "ninfom": null, "ntxtds": null, "scamin": 29999, "txtdsc": null, "sordat": null, "sorind": null, "depth": 3.9}}, {"type": "Feature", "id": "layer-50858.711602", "geometry": {"type": "Point", "coordinates": [176.1021413, -37.6477299, 4.2]}, "geometry_name": "shape", "properties": {"fidn": "8231315ADA", "expsou": null, "nobjnm": null, "objnam": null, "quasou": null, "souacc": null, "tecsou": null, "verdat": null, "status": null, "inform": null, "ninfom": null, "ntxtds": null, "scamin": 29999, "txtdsc": null, "sordat": null, "sorind": null, "depth": 4.2}}, {"type": "Feature", "id": "layer-50858.711603", "geometry": {"type": "Point", "coordinates": [176.0986506, -37.6386058, 0.5]}, "geometry_name": "shape", "properties": {"fidn": "8231315AEA", "expsou": null, "nobjnm": null, "objnam": null, "quasou": null, "souacc": null, "tecsou": null, "verdat": null, "status": null, "inform": null, "ninfom": null, "ntxtds": null, "scamin": 29999, "txtdsc": null, "sordat": null, "sorind": null, "depth": 0.5}}, {"type": "Feature", "id": "layer-50858.711604", "geometry": {"type": "Point", "coordinates": [176.1002663, -37.6412642, 0.9]}, "geometry_name": "shape", "properties": {"fidn": "8231315AFA", "expsou": null, "nobjnm": null, "objnam": null, "quasou": null, "souacc": null, "tecsou": null, "verdat": null, "status": null, "inform": null, "ninfom": null, "ntxtds": null, "scamin": 29999, "txtdsc": null, "sordat": null, "sorind": null, "depth": 0.9}}, {"type": "Feature", "id": "layer-50858.711605", "geometry": {"type": "Point", "coordinates": [176.0906196, -37.6417158, 2.4]}, "geometry_name": "shape", "properties": {"fidn": "8231315AGA", "expsou": null, "nobjnm": null, "objnam": null, "quasou": null, "souacc": null, "tecsou": null, "verdat": null, "status": null, "inform": null, "ninfom": null, "ntxtds": null, "scamin": 29999, "txtdsc": null, "sordat": null, "sorind": null, "depth": 2.4}}, {"type": "Feature", "id": "layer-50858.711606", "geometry": {"type": "Point", "coordinates": [176.095867, -37.6423632, 3.9]}, "geometry_name": "shape", "properties": {"fidn": "8231315AHA", "expsou": null, "nobjnm": null, "objnam": null, "quasou": null, "souacc": null, "tecsou": null, "verdat": null, "status": null, "inform": null, "ninfom": null, "ntxtds": null, "scamin": 29999, "txtdsc": null, "sordat": null, "sorind": null, "depth": 3.9}}, {"type": "Feature", "id": "layer-50858.711607", "geometry": {"type": "Point", "coordinates": [176.1029006, -37.6374841, 6.8]}, "geometry_name": "shape", "properties": {"fidn": "8231315AIA", "expsou": null, "nobjnm": null, "objnam": null, "quasou": null, "souacc": null, "tecsou": null, "verdat": null, "status": null, "inform": null, "ninfom": null, "ntxtds": null, "scamin": 29999, "txtdsc": null, "sordat": null, "sorind": null, "depth": 6.8}}, {"type": "Feature", "id": "layer-50858.711608", "geometry": {"type": "Point", "coordinates": [176.09264, -37.6457948, 0.2]}, "geometry_name": "shape", "properties": {"fidn": "8231315AJA", "expsou": null, "nobjnm": null, "objnam": null, "quasou": null, "souacc": null, "tecsou": null, "verdat": null, "status": null, "inform": null, "ninfom": null, "ntxtds": null, "scamin": 29999, "txtdsc": null, "sordat": null, "sorind": null, "depth": 0.2}}, {"type": "Feature", "id": "layer-50858.711609", "geometry": {"type": "Point", "coordinates": [176.0960209, -37.6448598, 1.6]}, "geometry_name": "shape", "properties": {"fidn": "8231315AKA", "expsou": null, "nobjnm": null, "objnam": null, "quasou": null, "souacc": null, "tecsou": null, "verdat": null, "status": null, "inform": null, "ninfom": null, "ntxtds": null, "scamin": 29999, "txtdsc": null, "sordat": null, "sorind": null, "depth": 1.6}}, {"type": "Feature", "id": "layer-50858.711610", "geometry": {"type": "Point", "coordinates": [176.0963079, -37.6396455, -0.6]}, "geometry_name": "shape", "properties": {"fidn": "8231315ALA", "expsou": null, "nobjnm": null, "objnam": null, "quasou": null, "souacc": null, "tecsou": null, "verdat": null, "status": null, "inform": null, "ninfom": null, "ntxtds": null, "scamin": 29999, "txtdsc": null, "sordat": null, "sorind": null, "depth": -0.6}}, {"type": "Feature", "id": "layer-50858.711611", "geometry": {"type": "Point", "coordinates": [176.0843291, -37.6400283, -0.4]}, "geometry_name": "shape", "properties": {"fidn": "8231315AMA", "expsou": null, "nobjnm": null, "objnam": null, "quasou": null, "souacc": null, "tecsou": null, "verdat": null, "status": null, "inform": null, "ninfom": null, "ntxtds": null, "scamin": 29999, "txtdsc": null, "sordat": null, "sorind": null, "depth": -0.4}}, {"type": "Feature", "id": "layer-50858.711612", "geometry": {"type": "Point", "coordinates": [176.081285, -37.6389776, -0.4]}, "geometry_name": "shape", "properties": {"fidn": "8231315ANA", "expsou": null, "nobjnm": null, "objnam": null, "quasou": null, "souacc": null, "tecsou": null, "verdat": null, "status": null, "inform": null, "ninfom": null, "ntxtds": null, "scamin": 29999, "txtdsc": null, "sordat": null, "sorind": null, "depth": -0.4}}, {"type": "Feature", "id": "layer-50858.711613", "geometry": {"type": "Point", "coordinates": [176.0914089, -37.6396314, -0.7]}, "geometry_name": "shape", "properties": {"fidn": "8231315AOA", "expsou": null, "nobjnm": null, "objnam": null, "quasou": null, "souacc": null, "tecsou": null, "verdat": null, "status": null, "inform": null, "ninfom": null, "ntxtds": null, "scamin": 29999, "txtdsc": null, "sordat": null, "sorind": null, "depth": -0.7}}, {"type": "Feature", "id": "layer-50858.711614", "geometry": {"type": "Point", "coordinates": [176.0928928, -37.6427202, 3.8]}, "geometry_name": "shape", "properties": {"fidn": "8231315APA", "expsou": null, "nobjnm": null, "objnam": null, "quasou": null, "souacc": null, "tecsou": null, "verdat": null, "status": null, "inform": null, "ninfom": null, "ntxtds": null, "scamin": 29999, "txtdsc": null, "sordat": null, "sorind": null, "depth": 3.8}}, {"type": "Feature", "id": "layer-50858.711615", "geometry": {"type": "Point", "coordinates": [176.0861885, -37.643304, 0.3]}, "geometry_name": "shape", "properties": {"fidn": "8231315AQA", "expsou": null, "nobjnm": null, "objnam": null, "quasou": null, "souacc": null, "tecsou": null, "verdat": null, "status": null, "inform": null, "ninfom": null, "ntxtds": null, "scamin": 29999, "txtdsc": null, "sordat": null, "sorind": null, "depth": 0.3}}, {"type": "Feature", "id": "layer-50858.711616", "geometry": {"type": "Point", "coordinates": [176.0881351, -37.6422775, 1.2]}, "geometry_name": "shape", "properties": {"fidn": "8231315ARA", "expsou": null, "nobjnm": null, "objnam": null, "quasou": null, "souacc": null, "tecsou": null, "verdat": null, "status": null, "inform": null, "ninfom": null, "ntxtds": null, "scamin": 29999, "txtdsc": null, "sordat": null, "sorind": null, "depth": 1.2}}, {"type": "Feature", "id": "layer-50858.711617", "geometry": {"type": "Point", "coordinates": [176.0906164, -37.6297857, 0.1]}, "geometry_name": "shape", "properties": {"fidn": "8231315ASA", "expsou": null, "nobjnm": null, "objnam": null, "quasou": null, "souacc": null, "tecsou": null, "verdat": null, "status": null, "inform": null, "ninfom": null, "ntxtds": null, "scamin": 29999, "txtdsc": null, "sordat": null, "sorind": null, "depth": 0.1}}, {"type": "Feature", "id": "layer-50858.711618", "geometry": {"type": "Point", "coordinates": [176.0990694, -37.6314957, 0.4]}, "geometry_name": "shape", "properties": {"fidn": "8231315ATA", "expsou": null, "nobjnm": null, "objnam": null, "quasou": null, "souacc": null, "tecsou": null, "verdat": null, "status": null, "inform": null, "ninfom": null, "ntxtds": null, "scamin": 29999, "txtdsc": null, "sordat": null, "sorind": null, "depth": 0.4}}, {"type": "Feature", "id": "layer-50858.711619", "geometry": {"type": "Point", "coordinates": [176.0803416, -37.6263891, 1]}, "geometry_name": "shape", "properties": {"fidn": "8231315AUA", "expsou": null, "nobjnm": null, "objnam": null, "quasou": null, "souacc": null, "tecsou": null, "verdat": null, "status": null, "inform": null, "ninfom": null, "ntxtds": null, "scamin": 29999, "txtdsc": null, "sordat": null, "sorind": null, "depth": 1}}, {"type": "Feature", "id": "layer-50858.711620", "geometry": {"type": "Point", "coordinates": [176.082514, -37.6304884, 1.4]}, "geometry_name": "shape", "properties": {"fidn": "8231315AVA", "expsou": null, "nobjnm": null, "objnam": null, "quasou": null, "souacc": null, "tecsou": null, "verdat": null, "status": null, "inform": null, "ninfom": null, "ntxtds": null, "scamin": 29999, "txtdsc": null, "sordat": null, "sorind": null, "depth": 1.4}}, {"type": "Feature", "id": "layer-50858.711621", "geometry": {"type": "Point", "coordinates": [176.1002129, -37.6340766, 2.1]}, "geometry_name": "shape", "properties": {"fidn": "8231315AWA", "expsou": null, "nobjnm": null, "objnam": null, "quasou": null, "souacc": null, "tecsou": null, "verdat": null, "status": null, "inform": null, "ninfom": null, "ntxtds": null, "scamin": 29999, "txtdsc": null, "sordat": null, "sorind": null, "depth": 2.1}}, {"type": "Feature", "id": "layer-50858.711622", "geometry": {"type": "Point", "coordinates": [176.0828451, -37.6333824, 2.8]}, "geometry_name": "shape", "properties": {"fidn": "8231315AXA", "expsou": null, "nobjnm": null, "objnam": null, "quasou": null, "souacc": null, "tecsou": null, "verdat": null, "status": null, "inform": null, "ninfom": null, "ntxtds": null, "scamin": 29999, "txtdsc": null, "sordat": null, "sorind": null, "depth": 2.8}}, {"type": "Feature", "id": "layer-50858.711623", "geometry": {"type": "Point", "coordinates": [176.0802844, -37.6326303, 1.4]}, "geometry_name": "shape", "properties": {"fidn": "8231315AYA", "expsou": null, "nobjnm": null, "objnam": null, "quasou": null, "souacc": null, "tecsou": null, "verdat": null, "status": null, "inform": null, "ninfom": null, "ntxtds": null, "scamin": 29999, "txtdsc": null, "sordat": null, "sorind": null, "depth": 1.4}}, {"type": "Feature", "id": "layer-50858.711624", "geometry": {"type": "Point", "coordinates": [176.0953248, -37.6255487, -0.2]}, "geometry_name": "shape", "properties": {"fidn": "8231315AZA", "expsou": null, "nobjnm": null, "objnam": null, "quasou": null, "souacc": null, "tecsou": null, "verdat": null, "status": null, "inform": null, "ninfom": null, "ntxtds": null, "scamin": 29999, "txtdsc": null, "sordat": null, "sorind": null, "depth": -0.2}}, {"type": "Feature", "id": "layer-50858.711625", "geometry": {"type": "Point", "coordinates": [176.0973708, -37.6334486, 4.7]}, "geometry_name": "shape", "properties": {"fidn": "8231315BAA", "expsou": null, "nobjnm": null, "objnam": null, "quasou": null, "souacc": null, "tecsou": null, "verdat": null, "status": null, "inform": null, "ninfom": null, "ntxtds": null, "scamin": 29999, "txtdsc": null, "sordat": null, "sorind": null, "depth": 4.7}}, {"type": "Feature", "id": "layer-50858.711626", "geometry": {"type": "Point", "coordinates": [176.0918305, -37.6332664, 4.5]}, "geometry_name": "shape", "properties": {"fidn": "8231315BBA", "expsou": null, "nobjnm": null, "objnam": null, "quasou": null, "souacc": null, "tecsou": null, "verdat": null, "status": null, "inform": null, "ninfom": null, "ntxtds": null, "scamin": 29999, "txtdsc": null, "sordat": null, "sorind": null, "depth": 4.5}}, {"type": "Feature", "id": "layer-50858.711627", "geometry": {"type": "Point", "coordinates": [176.0623035, -37.6190716, 0.2]}, "geometry_name": "shape", "properties": {"fidn": "8231315BCA", "expsou": null, "nobjnm": null, "objnam": null, "quasou": null, "souacc": null, "tecsou": null, "verdat": null, "status": null, "inform": null, "ninfom": null, "ntxtds": null, "scamin": 29999, "txtdsc": null, "sordat": null, "sorind": null, "depth": 0.2}}, {"type": "Feature", "id": "layer-50858.711628", "geometry": {"type": "Point", "coordinates": [176.0560172, -37.6503568, 0.7]}, "geometry_name": "shape", "properties": {"fidn": "8231315BDA", "expsou": null, "nobjnm": null, "objnam": null, "quasou": null, "souacc": null, "tecsou": null, "verdat": null, "status": null, "inform": null, "ninfom": null, "ntxtds": null, "scamin": 29999, "txtdsc": null, "sordat": null, "sorind": null, "depth": 0.7}}, {"type": "Feature", "id": "layer-50858.711629", "geometry": {"type": "Point", "coordinates": [176.0636573, -37.6512295, 3.1]}, "geometry_name": "shape", "properties": {"fidn": "8231315BEA", "expsou": null, "nobjnm": null, "objnam": null, "quasou": null, "souacc": null, "tecsou": null, "verdat": null, "status": null, "inform": null, "ninfom": null, "ntxtds": null, "scamin": 29999, "txtdsc": null, "sordat": null, "sorind": null, "depth": 3.1}}, {"type": "Feature", "id": "layer-50858.711630", "geometry": {"type": "Point", "coordinates": [176.0612038, -37.6488379, 3.1]}, "geometry_name": "shape", "properties": {"fidn": "8231315BFA", "expsou": null, "nobjnm": null, "objnam": null, "quasou": null, "souacc": null, "tecsou": null, "verdat": null, "status": null, "inform": null, "ninfom": null, "ntxtds": null, "scamin": 29999, "txtdsc": null, "sordat": null, "sorind": null, "depth": 3.1}}, {"type": "Feature", "id": "layer-50858.711631", "geometry": {"type": "Point", "coordinates": [176.0536408, -37.6505737, 0.5]}, "geometry_name": "shape", "properties": {"fidn": "8231315BGA", "expsou": null, "nobjnm": null, "objnam": null, "quasou": null, "souacc": null, "tecsou": null, "verdat": null, "status": null, "inform": null, "ninfom": null, "ntxtds": null, "scamin": 29999, "txtdsc": null, "sordat": null, "sorind": null, "depth": 0.5}}, {"type": "Feature", "id": "layer-50858.711632", "geometry": {"type": "Point", "coordinates": [176.0633758, -37.6217386, 0.4]}, "geometry_name": "shape", "properties": {"fidn": "8231315BHA", "expsou": null, "nobjnm": null, "objnam": null, "quasou": null, "souacc": null, "tecsou": null, "verdat": null, "status": null, "inform": null, "ninfom": null, "ntxtds": null, "scamin": 29999, "txtdsc": null, "sordat": null, "sorind": null, "depth": 0.4}}, {"type": "Feature", "id": "layer-50858.711633", "geometry": {"type": "Point", "coordinates": [176.0533751, -37.6290072, -0.5]}, "geometry_name": "shape", "properties": {"fidn": "8231315BIA", "expsou": null, "nobjnm": null, "objnam": null, "quasou": null, "souacc": null, "tecsou": null, "verdat": null, "status": null, "inform": null, "ninfom": null, "ntxtds": null, "scamin": 29999, "txtdsc": null, "sordat": null, "sorind": null, "depth": -0.5}}, {"type": "Feature", "id": "layer-50858.711634", "geometry": {"type": "Point", "coordinates": [176.0539805, -37.6390152, -0.4]}, "geometry_name": "shape", "properties": {"fidn": "8231315BJA", "expsou": null, "nobjnm": null, "objnam": null, "quasou": null, "souacc": null, "tecsou": null, "verdat": null, "status": null, "inform": null, "ninfom": null, "ntxtds": null, "scamin": 29999, "txtdsc": null, "sordat": null, "sorind": null, "depth": -0.4}}, {"type": "Feature", "id": "layer-50858.711635", "geometry": {"type": "Point", "coordinates": [176.063388, -37.6350486, 0.9]}, "geometry_name": "shape", "properties": {"fidn": "8231315BKA", "expsou": null, "nobjnm": null, "objnam": null, "quasou": null, "souacc": null, "tecsou": null, "verdat": null, "status": null, "inform": null, "ninfom": null, "ntxtds": null, "scamin": 29999, "txtdsc": null, "sordat": null, "sorind": null, "depth": 0.9}}, {"type": "Feature", "id": "layer-50858.711636", "geometry": {"type": "Point", "coordinates": [176.065736, -37.6386125, 1.8]}, "geometry_name": "shape", "properties": {"fidn": "8231315BLA", "expsou": null, "nobjnm": null, "objnam": null, "quasou": null, "souacc": null, "tecsou": null, "verdat": null, "status": null, "inform": null, "ninfom": null, "ntxtds": null, "scamin": 29999, "txtdsc": null, "sordat": null, "sorind": null, "depth": 1.8}}, {"type": "Feature", "id": "layer-50858.711637", "geometry": {"type": "Point", "coordinates": [176.0560995, -37.6315778, 0.2]}, "geometry_name": "shape", "properties": {"fidn": "8231315BMA", "expsou": null, "nobjnm": null, "objnam": null, "quasou": null, "souacc": null, "tecsou": null, "verdat": null, "status": null, "inform": null, "ninfom": null, "ntxtds": null, "scamin": 29999, "txtdsc": null, "sordat": null, "sorind": null, "depth": 0.2}}, {"type": "Feature", "id": "layer-50858.711638", "geometry": {"type": "Point", "coordinates": [176.0556631, -37.6271651, 1.3]}, "geometry_name": "shape", "properties": {"fidn": "8231315BNA", "expsou": null, "nobjnm": null, "objnam": null, "quasou": null, "souacc": null, "tecsou": null, "verdat": null, "status": null, "inform": null, "ninfom": null, "ntxtds": null, "scamin": 29999, "txtdsc": null, "sordat": null, "sorind": null, "depth": 1.3}}, {"type": "Feature", "id": "layer-50858.711639", "geometry": {"type": "Point", "coordinates": [176.0667813, -37.6302032, 4]}, "geometry_name": "shape", "properties": {"fidn": "8231315BOA", "expsou": null, "nobjnm": null, "objnam": null, "quasou": null, "souacc": null, "tecsou": null, "verdat": null, "status": null, "inform": null, "ninfom": null, "ntxtds": null, "scamin": 29999, "txtdsc": null, "sordat": null, "sorind": null, "depth": 4}}, {"type": "Feature", "id": "layer-50858.711640", "geometry": {"type": "Point", "coordinates": [176.054665, -37.6355697, -0.7]}, "geometry_name": "shape", "properties": {"fidn": "8231315BPA", "expsou": null, "nobjnm": null, "objnam": null, "quasou": null, "souacc": null, "tecsou": null, "verdat": null, "status": null, "inform": null, "ninfom": null, "ntxtds": null, "scamin": 29999, "txtdsc": null, "sordat": null, "sorind": null, "depth": -0.7}}, {"type": "Feature", "id": "layer-50858.711641", "geometry": {"type": "Point", "coordinates": [176.0631398, -37.6375947, 2.3]}, "geometry_name": "shape", "properties": {"fidn": "8231315BQA", "expsou": null, "nobjnm": null, "objnam": null, "quasou": null, "souacc": null, "tecsou": null, "verdat": null, "status": null, "inform": null, "ninfom": null, "ntxtds": null, "scamin": 29999, "txtdsc": null, "sordat": null, "sorind": null, "depth": 2.3}}, {"type": "Feature", "id": "layer-50858.711642", "geometry": {"type": "Point", "coordinates": [176.064572, -37.6321127, 0.4]}, "geometry_name": "shape", "properties": {"fidn": "8231315BRA", "expsou": null, "nobjnm": null, "objnam": null, "quasou": null, "souacc": null, "tecsou": null, "verdat": null, "status": null, "inform": null, "ninfom": null, "ntxtds": null, "scamin": 29999, "txtdsc": null, "sordat": null, "sorind": null, "depth": 0.4}}, {"type": "Feature", "id": "layer-50858.711643", "geometry": {"type": "Point", "coordinates": [176.0690354, -37.6310209, 4.3]}, "geometry_name": "shape", "properties": {"fidn": "8231315BSA", "expsou": null, "nobjnm": null, "objnam": null, "quasou": null, "souacc": null, "tecsou": null, "verdat": null, "status": null, "inform": null, "ninfom": null, "ntxtds": null, "scamin": 29999, "txtdsc": null, "sordat": null, "sorind": null, "depth": 4.3}}, {"type": "Feature", "id": "layer-50858.711644", "geometry": {"type": "Point", "coordinates": [176.0687468, -37.6332899, 3.3]}, "geometry_name": "shape", "properties": {"fidn": "8231315BTA", "expsou": null, "nobjnm": null, "objnam": null, "quasou": null, "souacc": null, "tecsou": null, "verdat": null, "status": null, "inform": null, "ninfom": null, "ntxtds": null, "scamin": 29999, "txtdsc": null, "sordat": null, "sorind": null, "depth": 3.3}}, {"type": "Feature", "id": "layer-50858.711645", "geometry": {"type": "Point", "coordinates": [176.0662723, -37.6219919, -0.3]}, "geometry_name": "shape", "properties": {"fidn": "8231315BUA", "expsou": null, "nobjnm": null, "objnam": null, "quasou": null, "souacc": null, "tecsou": null, "verdat": null, "status": null, "inform": null, "ninfom": null, "ntxtds": null, "scamin": 29999, "txtdsc": null, "sordat": null, "sorind": null, "depth": -0.3}}, {"type": "Feature", "id": "layer-50858.711646", "geometry": {"type": "Point", "coordinates": [176.0655999, -37.6274585, 7.9]}, "geometry_name": "shape", "properties": {"fidn": "8231315BVA", "expsou": null, "nobjnm": null, "objnam": null, "quasou": null, "souacc": null, "tecsou": null, "verdat": null, "status": null, "inform": null, "ninfom": null, "ntxtds": null, "scamin": 29999, "txtdsc": null, "sordat": null, "sorind": null, "depth": 7.9}}, {"type": "Feature", "id": "layer-50858.711647", "geometry": {"type": "Point", "coordinates": [176.0661751, -37.6354547, 5.2]}, "geometry_name": "shape", "properties": {"fidn": "8231315BWA", "expsou": null, "nobjnm": null, "objnam": null, "quasou": null, "souacc": null, "tecsou": null, "verdat": null, "status": null, "inform": null, "ninfom": null, "ntxtds": null, "scamin": 29999, "txtdsc": null, "sordat": null, "sorind": null, "depth": 5.2}}, {"type": "Feature", "id": "layer-50858.711648", "geometry": {"type": "Point", "coordinates": [176.0699776, -37.6350683, 0.9]}, "geometry_name": "shape", "properties": {"fidn": "8231315BXA", "expsou": null, "nobjnm": null, "objnam": null, "quasou": null, "souacc": null, "tecsou": null, "verdat": null, "status": null, "inform": null, "ninfom": null, "ntxtds": null, "scamin": 29999, "txtdsc": null, "sordat": null, "sorind": null, "depth": 0.9}}, {"type": "Feature", "id": "layer-50858.711649", "geometry": {"type": "Point", "coordinates": [176.070512, -37.6279795, 0.5]}, "geometry_name": "shape", "properties": {"fidn": "8231315BYA", "expsou": null, "nobjnm": null, "objnam": null, "quasou": null, "souacc": null, "tecsou": null, "verdat": null, "status": null, "inform": null, "ninfom": null, "ntxtds": null, "scamin": 29999, "txtdsc": null, "sordat": null, "sorind": null, "depth": 0.5}}, {"type": "Feature", "id": "layer-50858.711650", "geometry": {"type": "Point", "coordinates": [176.0873078, -37.6293836, 0.6]}, "geometry_name": "shape", "properties": {"fidn": "8231315BZA", "expsou": null, "nobjnm": null, "objnam": null, "quasou": null, "souacc": null, "tecsou": null, "verdat": null, "status": null, "inform": null, "ninfom": null, "ntxtds": null, "scamin": 29999, "txtdsc": null, "sordat": null, "sorind": null, "depth": 0.6}}, {"type": "Feature", "id": "layer-50858.711651", "geometry": {"type": "Point", "coordinates": [176.072242, -37.6220238, 0.7]}, "geometry_name": "shape", "properties": {"fidn": "8231315CAA", "expsou": null, "nobjnm": null, "objnam": null, "quasou": null, "souacc": null, "tecsou": null, "verdat": null, "status": null, "inform": null, "ninfom": null, "ntxtds": null, "scamin": 29999, "txtdsc": null, "sordat": null, "sorind": null, "depth": 0.7}}, {"type": "Feature", "id": "layer-50858.711652", "geometry": {"type": "Point", "coordinates": [176.0820692, -37.6276909, 3.2]}, "geometry_name": "shape", "properties": {"fidn": "8231315CBA", "expsou": null, "nobjnm": null, "objnam": null, "quasou": null, "souacc": null, "tecsou": null, "verdat": null, "status": null, "inform": null, "ninfom": null, "ntxtds": null, "scamin": 29999, "txtdsc": null, "sordat": null, "sorind": null, "depth": 3.2}}, {"type": "Feature", "id": "layer-50858.711653", "geometry": {"type": "Point", "coordinates": [176.0701143, -37.6241839, -0.3]}, "geometry_name": "shape", "properties": {"fidn": "8231315CCA", "expsou": null, "nobjnm": null, "objnam": null, "quasou": null, "souacc": null, "tecsou": null, "verdat": null, "status": null, "inform": null, "ninfom": null, "ntxtds": null, "scamin": 29999, "txtdsc": null, "sordat": null, "sorind": null, "depth": -0.3}}, {"type": "Feature", "id": "layer-50858.711654", "geometry": {"type": "Point", "coordinates": [176.0727872, -37.6289109, 0.4]}, "geometry_name": "shape", "properties": {"fidn": "8231315CDA", "expsou": null, "nobjnm": null, "objnam": null, "quasou": null, "souacc": null, "tecsou": null, "verdat": null, "status": null, "inform": null, "ninfom": null, "ntxtds": null, "scamin": 29999, "txtdsc": null, "sordat": null, "sorind": null, "depth": 0.4}}, {"type": "Feature", "id": "layer-50858.711655", "geometry": {"type": "Point", "coordinates": [176.0588909, -37.6530419, 3.1]}, "geometry_name": "shape", "properties": {"fidn": "8231315CEA", "expsou": null, "nobjnm": null, "objnam": null, "quasou": null, "souacc": null, "tecsou": null, "verdat": null, "status": null, "inform": null, "ninfom": null, "ntxtds": null, "scamin": 29999, "txtdsc": null, "sordat": null, "sorind": null, "depth": 3.1}}, {"type": "Feature", "id": "layer-50858.711656", "geometry": {"type": "Point", "coordinates": [176.0545829, -37.653228, 0.7]}, "geometry_name": "shape", "properties": {"fidn": "8231315CFA", "expsou": null, "nobjnm": null, "objnam": null, "quasou": null, "souacc": null, "tecsou": null, "verdat": null, "status": null, "inform": null, "ninfom": null, "ntxtds": null, "scamin": 29999, "txtdsc": null, "sordat": null, "sorind": null, "depth": 0.7}}, {"type": "Feature", "id": "layer-50858.711657", "geometry": {"type": "Point", "coordinates": [176.1136303, -37.6483274, -0.2]}, "geometry_name": "shape", "properties": {"fidn": "8231315CGA", "expsou": null, "nobjnm": null, "objnam": null, "quasou": null, "souacc": null, "tecsou": null, "verdat": null, "status": null, "inform": null, "ninfom": null, "ntxtds": null, "scamin": 29999, "txtdsc": null, "sordat": null, "sorind": null, "depth": -0.2}}, {"type": "Feature", "id": "layer-50858.711658", "geometry": {"type": "Point", "coordinates": [176.1049948, -37.6356398, 0.9]}, "geometry_name": "shape", "properties": {"fidn": "8231315CHA", "expsou": null, "nobjnm": null, "objnam": null, "quasou": null, "souacc": null, "tecsou": null, "verdat": null, "status": null, "inform": null, "ninfom": null, "ntxtds": null, "scamin": 29999, "txtdsc": null, "sordat": null, "sorind": null, "depth": 0.9}}, {"type": "Feature", "id": "layer-50858.711659", "geometry": {"type": "Point", "coordinates": [176.0650937, -37.6489088, -0.3]}, "geometry_name": "shape", "properties": {"fidn": "8231315CIA", "expsou": null, "nobjnm": null, "objnam": null, "quasou": null, "souacc": null, "tecsou": null, "verdat": null, "status": null, "inform": null, "ninfom": null, "ntxtds": null, "scamin": 29999, "txtdsc": null, "sordat": null, "sorind": null, "depth": -0.3}}, {"type": "Feature", "id": "layer-50858.711660", "geometry": {"type": "Point", "coordinates": [176.0663414, -37.6531177, 3.7]}, "geometry_name": "shape", "properties": {"fidn": "8231315CJA", "expsou": null, "nobjnm": null, "objnam": null, "quasou": null, "souacc": null, "tecsou": null, "verdat": null, "status": null, "inform": null, "ninfom": null, "ntxtds": null, "scamin": 29999, "txtdsc": null, "sordat": null, "sorind": null, "depth": 3.7}}, {"type": "Feature", "id": "layer-50858.711661", "geometry": {"type": "Point", "coordinates": [176.0610568, -37.6542313, 4.9]}, "geometry_name": "shape", "properties": {"fidn": "8231315CKA", "expsou": null, "nobjnm": null, "objnam": null, "quasou": null, "souacc": null, "tecsou": null, "verdat": null, "status": null, "inform": null, "ninfom": null, "ntxtds": null, "scamin": 29999, "txtdsc": null, "sordat": null, "sorind": null, "depth": 4.9}}, {"type": "Feature", "id": "layer-50858.711662", "geometry": {"type": "Point", "coordinates": [176.0677721, -37.6566849, 0.2]}, "geometry_name": "shape", "properties": {"fidn": "8231315CLA", "expsou": null, "nobjnm": null, "objnam": null, "quasou": null, "souacc": null, "tecsou": null, "verdat": null, "status": null, "inform": null, "ninfom": null, "ntxtds": null, "scamin": 29999, "txtdsc": null, "sordat": null, "sorind": null, "depth": 0.2}}, {"type": "Feature", "id": "layer-50858.711663", "geometry": {"type": "Point", "coordinates": [176.0812828, -37.6572709, 0.1]}, "geometry_name": "shape", "properties": {"fidn": "8231315CMA", "expsou": null, "nobjnm": null, "objnam": null, "quasou": null, "souacc": null, "tecsou": null, "verdat": null, "status": null, "inform": null, "ninfom": null, "ntxtds": null, "scamin": 29999, "txtdsc": null, "sordat": null, "sorind": null, "depth": 0.1}}, {"type": "Feature", "id": "layer-50858.711664", "geometry": {"type": "Point", "coordinates": [176.0642936, -37.6542678, 7.7]}, "geometry_name": "shape", "properties": {"fidn": "8231315CNA", "expsou": null, "nobjnm": null, "objnam": null, "quasou": null, "souacc": null, "tecsou": null, "verdat": null, "status": null, "inform": null, "ninfom": null, "ntxtds": null, "scamin": 29999, "txtdsc": null, "sordat": null, "sorind": null, "depth": 7.7}}, {"type": "Feature", "id": "layer-50858.711665", "geometry": {"type": "Point", "coordinates": [176.0718165, -37.6544886, 8.1]}, "geometry_name": "shape", "properties": {"fidn": "8231315COA", "expsou": null, "nobjnm": null, "objnam": null, "quasou": null, "souacc": null, "tecsou": null, "verdat": null, "status": null, "inform": null, "ninfom": null, "ntxtds": null, "scamin": 29999, "txtdsc": null, "sordat": null, "sorind": null, "depth": 8.1}}, {"type": "Feature", "id": "layer-50858.711666", "geometry": {"type": "Point", "coordinates": [176.0786393, -37.6539396, 7.5]}, "geometry_name": "shape", "properties": {"fidn": "8231315CPA", "expsou": null, "nobjnm": null, "objnam": null, "quasou": null, "souacc": null, "tecsou": null, "verdat": null, "status": null, "inform": null, "ninfom": null, "ntxtds": null, "scamin": 29999, "txtdsc": null, "sordat": null, "sorind": null, "depth": 7.5}}, {"type": "Feature", "id": "layer-50858.711667", "geometry": {"type": "Point", "coordinates": [176.0903037, -37.6559418, 0.3]}, "geometry_name": "shape", "properties": {"fidn": "8231315CQA", "expsou": null, "nobjnm": null, "objnam": null, "quasou": null, "souacc": null, "tecsou": null, "verdat": null, "status": null, "inform": null, "ninfom": null, "ntxtds": null, "scamin": 29999, "txtdsc": null, "sordat": null, "sorind": null, "depth": 0.3}}, {"type": "Feature", "id": "layer-50858.711668", "geometry": {"type": "Point", "coordinates": [176.0848592, -37.6575039, 0.2]}, "geometry_name": "shape", "properties": {"fidn": "8231315CRA", "expsou": null, "nobjnm": null, "objnam": null, "quasou": null, "souacc": null, "tecsou": null, "verdat": null, "status": null, "inform": null, "ninfom": null, "ntxtds": null, "scamin": 29999, "txtdsc": null, "sordat": null, "sorind": null, "depth": 0.2}}, {"type": "Feature", "id": "layer-50858.711669", "geometry": {"type": "Point", "coordinates": [176.0780112, -37.6479675, 0.3]}, "geometry_name": "shape", "properties": {"fidn": "8231315CSA", "expsou": null, "nobjnm": null, "objnam": null, "quasou": null, "souacc": null, "tecsou": null, "verdat": null, "status": null, "inform": null, "ninfom": null, "ntxtds": null, "scamin": 29999, "txtdsc": null, "sordat": null, "sorind": null, "depth": 0.3}}, {"type": "Feature", "id": "layer-50858.711670", "geometry": {"type": "Point", "coordinates": [176.0978236, -37.6480418, 4.3]}, "geometry_name": "shape", "properties": {"fidn": "8231315CTA", "expsou": null, "nobjnm": null, "objnam": null, "quasou": null, "souacc": null, "tecsou": null, "verdat": null, "status": null, "inform": null, "ninfom": null, "ntxtds": null, "scamin": 29999, "txtdsc": null, "sordat": null, "sorind": null, "depth": 4.3}}, {"type": "Feature", "id": "layer-50858.711671", "geometry": {"type": "Point", "coordinates": [176.08476, -37.6490869, 0.3]}, "geometry_name": "shape", "properties": {"fidn": "8231315CUA", "expsou": null, "nobjnm": null, "objnam": null, "quasou": null, "souacc": null, "tecsou": null, "verdat": null, "status": null, "inform": null, "ninfom": null, "ntxtds": null, "scamin": 29999, "txtdsc": null, "sordat": null, "sorind": null, "depth": 0.3}}, {"type": "Feature", "id": "layer-50858.711672", "geometry": {"type": "Point", "coordinates": [176.0820704, -37.6468919, 0.2]}, "geometry_name": "shape", "properties": {"fidn": "8231315CVA", "expsou": null, "nobjnm": null, "objnam": null, "quasou": null, "souacc": null, "tecsou": null, "verdat": null, "status": null, "inform": null, "ninfom": null, "ntxtds": null, "scamin": 29999, "txtdsc": null, "sordat": null, "sorind": null, "depth": 0.2}}, {"type": "Feature", "id": "layer-50858.711673", "geometry": {"type": "Point", "coordinates": [176.0723621, -37.6327958, 2.5]}, "geometry_name": "shape", "properties": {"fidn": "8231315CWA", "expsou": null, "nobjnm": null, "objnam": null, "quasou": null, "souacc": null, "tecsou": null, "verdat": null, "status": null, "inform": null, "ninfom": null, "ntxtds": null, "scamin": 29999, "txtdsc": null, "sordat": null, "sorind": null, "depth": 2.5}}, {"type": "Feature", "id": "layer-50858.711674", "geometry": {"type": "Point", "coordinates": [176.0756143, -37.6352159, 4.5]}, "geometry_name": "shape", "properties": {"fidn": "8231315CXA", "expsou": null, "nobjnm": null, "objnam": null, "quasou": null, "souacc": null, "tecsou": null, "verdat": null, "status": null, "inform": null, "ninfom": null, "ntxtds": null, "scamin": 29999, "txtdsc": null, "sordat": null, "sorind": null, "depth": 4.5}}, {"type": "Feature", "id": "layer-50858.711675", "geometry": {"type": "Point", "coordinates": [176.0758095, -37.632131, 0.5]}, "geometry_name": "shape", "properties": {"fidn": "8231315CYA", "expsou": null, "nobjnm": null, "objnam": null, "quasou": null, "souacc": null, "tecsou": null, "verdat": null, "status": null, "inform": null, "ninfom": null, "ntxtds": null, "scamin": 29999, "txtdsc": null, "sordat": null, "sorind": null, "depth": 0.5}}, {"type": "Feature", "id": "layer-50858.711676", "geometry": {"type": "Point", "coordinates": [176.092015, -37.6361105, 0.9]}, "geometry_name": "shape", "properties": {"fidn": "8231315CZA", "expsou": null, "nobjnm": null, "objnam": null, "quasou": null, "souacc": null, "tecsou": null, "verdat": null, "status": null, "inform": null, "ninfom": null, "ntxtds": null, "scamin": 29999, "txtdsc": null, "sordat": null, "sorind": null, "depth": 0.9}}, {"type": "Feature", "id": "layer-50858.711677", "geometry": {"type": "Point", "coordinates": [176.0779313, -37.6345001, 7.2]}, "geometry_name": "shape", "properties": {"fidn": "8231315DAA", "expsou": null, "nobjnm": null, "objnam": null, "quasou": null, "souacc": null, "tecsou": null, "verdat": null, "status": null, "inform": null, "ninfom": null, "ntxtds": null, "scamin": 29999, "txtdsc": null, "sordat": null, "sorind": null, "depth": 7.2}}, {"type": "Feature", "id": "layer-50858.711678", "geometry": {"type": "Point", "coordinates": [176.1019723, -37.6324798, 0.6]}, "geometry_name": "shape", "properties": {"fidn": "8231315DBA", "expsou": null, "nobjnm": null, "objnam": null, "quasou": null, "souacc": null, "tecsou": null, "verdat": null, "status": null, "inform": null, "ninfom": null, "ntxtds": null, "scamin": 29999, "txtdsc": null, "sordat": null, "sorind": null, "depth": 0.6}}, {"type": "Feature", "id": "layer-50858.711679", "geometry": {"type": "Point", "coordinates": [176.086061, -37.6324935, 5.4]}, "geometry_name": "shape", "properties": {"fidn": "8231315DCA", "expsou": null, "nobjnm": null, "objnam": null, "quasou": null, "souacc": null, "tecsou": null, "verdat": null, "status": null, "inform": null, "ninfom": null, "ntxtds": null, "scamin": 29999, "txtdsc": null, "sordat": null, "sorind": null, "depth": 5.4}}, {"type": "Feature", "id": "layer-50858.711680", "geometry": {"type": "Point", "coordinates": [176.0941916, -37.6370896, 0.3]}, "geometry_name": "shape", "properties": {"fidn": "8231315DDA", "expsou": null, "nobjnm": null, "objnam": null, "quasou": null, "souacc": null, "tecsou": null, "verdat": null, "status": null, "inform": null, "ninfom": null, "ntxtds": null, "scamin": 29999, "txtdsc": null, "sordat": null, "sorind": null, "depth": 0.3}}, {"type": "Feature", "id": "layer-50858.711681", "geometry": {"type": "Point", "coordinates": [176.0854928, -37.6350596, 0.3]}, "geometry_name": "shape", "properties": {"fidn": "8231315DEA", "expsou": null, "nobjnm": null, "objnam": null, "quasou": null, "souacc": null, "tecsou": null, "verdat": null, "status": null, "inform": null, "ninfom": null, "ntxtds": null, "scamin": 29999, "txtdsc": null, "sordat": null, "sorind": null, "depth": 0.3}}, {"type": "Feature", "id": "layer-50858.711682", "geometry": {"type": "Point", "coordinates": [176.0893112, -37.6354384, 0.4]}, "geometry_name": "shape", "properties": {"fidn": "8231315DFA", "expsou": null, "nobjnm": null, "objnam": null, "quasou": null, "souacc": null, "tecsou": null, "verdat": null, "status": null, "inform": null, "ninfom": null, "ntxtds": null, "scamin": 29999, "txtdsc": null, "sordat": null, "sorind": null, "depth": 0.4}}, {"type": "Feature", "id": "layer-50858.711683", "geometry": {"type": "Point", "coordinates": [176.0970857, -37.6295549, 0.1]}, "geometry_name": "shape", "properties": {"fidn": "8231315DGA", "expsou": null, "nobjnm": null, "objnam": null, "quasou": null, "souacc": null, "tecsou": null, "verdat": null, "status": null, "inform": null, "ninfom": null, "ntxtds": null, "scamin": 29999, "txtdsc": null, "sordat": null, "sorind": null, "depth": 0.1}}, {"type": "Feature", "id": "layer-50858.711684", "geometry": {"type": "Point", "coordinates": [176.0487535, -37.622592, 3.2]}, "geometry_name": "shape", "properties": {"fidn": "8231315DHA", "expsou": null, "nobjnm": null, "objnam": null, "quasou": null, "souacc": null, "tecsou": null, "verdat": null, "status": null, "inform": null, "ninfom": null, "ntxtds": null, "scamin": 29999, "txtdsc": null, "sordat": null, "sorind": null, "depth": 3.2}}, {"type": "Feature", "id": "layer-50858.711685", "geometry": {"type": "Point", "coordinates": [176.050543, -37.647041, 2.5]}, "geometry_name": "shape", "properties": {"fidn": "8231315DIA", "expsou": null, "nobjnm": null, "objnam": null, "quasou": null, "souacc": null, "tecsou": null, "verdat": null, "status": null, "inform": null, "ninfom": null, "ntxtds": null, "scamin": 29999, "txtdsc": null, "sordat": null, "sorind": null, "depth": 2.5}}, {"type": "Feature", "id": "layer-50858.711686", "geometry": {"type": "Point", "coordinates": [176.0491546, -37.6394988, -0.6]}, "geometry_name": "shape", "properties": {"fidn": "8231315DJA", "expsou": null, "nobjnm": null, "objnam": null, "quasou": null, "souacc": null, "tecsou": null, "verdat": null, "status": null, "inform": null, "ninfom": null, "ntxtds": null, "scamin": 29999, "txtdsc": null, "sordat": null, "sorind": null, "depth": -0.6}}, {"type": "Feature", "id": "layer-50858.711687", "geometry": {"type": "Point", "coordinates": [176.0497164, -37.6497159, -0.6]}, "geometry_name": "shape", "properties": {"fidn": "8231315DKA", "expsou": null, "nobjnm": null, "objnam": null, "quasou": null, "souacc": null, "tecsou": null, "verdat": null, "status": null, "inform": null, "ninfom": null, "ntxtds": null, "scamin": 29999, "txtdsc": null, "sordat": null, "sorind": null, "depth": -0.6}}, {"type": "Feature", "id": "layer-50858.711688", "geometry": {"type": "Point", "coordinates": [176.0525776, -37.6481521, -0.2]}, "geometry_name": "shape", "properties": {"fidn": "8231315DLA", "expsou": null, "nobjnm": null, "objnam": null, "quasou": null, "souacc": null, "tecsou": null, "verdat": null, "status": null, "inform": null, "ninfom": null, "ntxtds": null, "scamin": 29999, "txtdsc": null, "sordat": null, "sorind": null, "depth": -0.2}}, {"type": "Feature", "id": "layer-50858.711689", "geometry": {"type": "Point", "coordinates": [176.0529622, -37.6411573, -0.4]}, "geometry_name": "shape", "properties": {"fidn": "8231315DMA", "expsou": null, "nobjnm": null, "objnam": null, "quasou": null, "souacc": null, "tecsou": null, "verdat": null, "status": null, "inform": null, "ninfom": null, "ntxtds": null, "scamin": 29999, "txtdsc": null, "sordat": null, "sorind": null, "depth": -0.4}}, {"type": "Feature", "id": "layer-50858.711690", "geometry": {"type": "Point", "coordinates": [176.0527406, -37.6339508, 0.2]}, "geometry_name": "shape", "properties": {"fidn": "8231315DNA", "expsou": null, "nobjnm": null, "objnam": null, "quasou": null, "souacc": null, "tecsou": null, "verdat": null, "status": null, "inform": null, "ninfom": null, "ntxtds": null, "scamin": 29999, "txtdsc": null, "sordat": null, "sorind": null, "depth": 0.2}}, {"type": "Feature", "id": "layer-50858.711691", "geometry": {"type": "Point", "coordinates": [176.1111163, -37.6430055, 6.2]}, "geometry_name": "shape", "properties": {"fidn": "8231315DOA", "expsou": null, "nobjnm": null, "objnam": null, "quasou": null, "souacc": null, "tecsou": null, "verdat": null, "status": null, "inform": null, "ninfom": null, "ntxtds": null, "scamin": 29999, "txtdsc": null, "sordat": null, "sorind": null, "depth": 6.2}}, {"type": "Feature", "id": "layer-50858.711692", "geometry": {"type": "Point", "coordinates": [176.1117724, -37.6510844, 0.1]}, "geometry_name": "shape", "properties": {"fidn": "8231315DPA", "expsou": null, "nobjnm": null, "objnam": null, "quasou": null, "souacc": null, "tecsou": null, "verdat": null, "status": null, "inform": null, "ninfom": null, "ntxtds": null, "scamin": 29999, "txtdsc": null, "sordat": null, "sorind": null, "depth": 0.1}}, {"type": "Feature", "id": "layer-50858.711693", "geometry": {"type": "Point", "coordinates": [176.1063356, -37.6501234, 0.5]}, "geometry_name": "shape", "properties": {"fidn": "8231315DQA", "expsou": null, "nobjnm": null, "objnam": null, "quasou": null, "souacc": null, "tecsou": null, "verdat": null, "status": null, "inform": null, "ninfom": null, "ntxtds": null, "scamin": 29999, "txtdsc": null, "sordat": null, "sorind": null, "depth": 0.5}}, {"type": "Feature", "id": "layer-50858.711694", "geometry": {"type": "Point", "coordinates": [176.1116527, -37.6401474, 0.3]}, "geometry_name": "shape", "properties": {"fidn": "8231315DRA", "expsou": null, "nobjnm": null, "objnam": null, "quasou": null, "souacc": null, "tecsou": null, "verdat": null, "status": null, "inform": null, "ninfom": null, "ntxtds": null, "scamin": 29999, "txtdsc": null, "sordat": null, "sorind": null, "depth": 0.3}}, {"type": "Feature", "id": "layer-50858.711695", "geometry": {"type": "Point", "coordinates": [176.1062219, -37.6386479, 1.3]}, "geometry_name": "shape", "properties": {"fidn": "8231315DSA", "expsou": null, "nobjnm": null, "objnam": null, "quasou": null, "souacc": null, "tecsou": null, "verdat": null, "status": null, "inform": null, "ninfom": null, "ntxtds": null, "scamin": 29999, "txtdsc": null, "sordat": null, "sorind": null, "depth": 1.3}}, {"type": "Feature", "id": "layer-50858.711696", "geometry": {"type": "Point", "coordinates": [176.1044303, -37.6511418, 0.5]}, "geometry_name": "shape", "properties": {"fidn": "8231315DTA", "expsou": null, "nobjnm": null, "objnam": null, "quasou": null, "souacc": null, "tecsou": null, "verdat": null, "status": null, "inform": null, "ninfom": null, "ntxtds": null, "scamin": 29999, "txtdsc": null, "sordat": null, "sorind": null, "depth": 0.5}}, {"type": "Feature", "id": "layer-50858.711697", "geometry": {"type": "Point", "coordinates": [176.0991385, -37.6511716, 1.4]}, "geometry_name": "shape", "properties": {"fidn": "8231315DUA", "expsou": null, "nobjnm": null, "objnam": null, "quasou": null, "souacc": null, "tecsou": null, "verdat": null, "status": null, "inform": null, "ninfom": null, "ntxtds": null, "scamin": 29999, "txtdsc": null, "sordat": null, "sorind": null, "depth": 1.4}}, {"type": "Feature", "id": "layer-50858.711698", "geometry": {"type": "Point", "coordinates": [176.1016003, -37.6431495, 3.9]}, "geometry_name": "shape", "properties": {"fidn": "8231315DVA", "expsou": null, "nobjnm": null, "objnam": null, "quasou": null, "souacc": null, "tecsou": null, "verdat": null, "status": null, "inform": null, "ninfom": null, "ntxtds": null, "scamin": 29999, "txtdsc": null, "sordat": null, "sorind": null, "depth": 3.9}}, {"type": "Feature", "id": "layer-50858.711699", "geometry": {"type": "Point", "coordinates": [176.106015, -37.6424639, 3.5]}, "geometry_name": "shape", "properties": {"fidn": "8231315DWA", "expsou": null, "nobjnm": null, "objnam": null, "quasou": null, "souacc": null, "tecsou": null, "verdat": null, "status": null, "inform": null, "ninfom": null, "ntxtds": null, "scamin": 29999, "txtdsc": null, "sordat": null, "sorind": null, "depth": 3.5}}, {"type": "Feature", "id": "layer-50858.711700", "geometry": {"type": "Point", "coordinates": [176.0913136, -37.6536813, 0.8]}, "geometry_name": "shape", "properties": {"fidn": "8231315DXA", "expsou": null, "nobjnm": null, "objnam": null, "quasou": null, "souacc": null, "tecsou": null, "verdat": null, "status": null, "inform": null, "ninfom": null, "ntxtds": null, "scamin": 29999, "txtdsc": null, "sordat": null, "sorind": null, "depth": 0.8}}, {"type": "Feature", "id": "layer-50858.711701", "geometry": {"type": "Point", "coordinates": [176.0865126, -37.6529508, 9.9]}, "geometry_name": "shape", "properties": {"fidn": "8231315DYA", "expsou": null, "nobjnm": null, "objnam": null, "quasou": null, "souacc": null, "tecsou": null, "verdat": null, "status": null, "inform": null, "ninfom": null, "ntxtds": null, "scamin": 29999, "txtdsc": null, "sordat": null, "sorind": null, "depth": 9.9}}, {"type": "Feature", "id": "layer-50858.711702", "geometry": {"type": "Point", "coordinates": [176.1045021, -37.6474335, 3.3]}, "geometry_name": "shape", "properties": {"fidn": "8231315DZA", "expsou": null, "nobjnm": null, "objnam": null, "quasou": null, "souacc": null, "tecsou": null, "verdat": null, "status": null, "inform": null, "ninfom": null, "ntxtds": null, "scamin": 29999, "txtdsc": null, "sordat": null, "sorind": null, "depth": 3.3}}, {"type": "Feature", "id": "layer-50858.711703", "geometry": {"type": "Point", "coordinates": [176.0870235, -37.6503153, 0.1]}, "geometry_name": "shape", "properties": {"fidn": "8231315EAA", "expsou": null, "nobjnm": null, "objnam": null, "quasou": null, "souacc": null, "tecsou": null, "verdat": null, "status": null, "inform": null, "ninfom": null, "ntxtds": null, "scamin": 29999, "txtdsc": null, "sordat": null, "sorind": null, "depth": 0.1}}, {"type": "Feature", "id": "layer-50858.711704", "geometry": {"type": "Point", "coordinates": [176.0614693, -37.6281994, 0.7]}, "geometry_name": "shape", "properties": {"fidn": "8231315EBA", "expsou": null, "nobjnm": null, "objnam": null, "quasou": null, "souacc": null, "tecsou": null, "verdat": null, "status": null, "inform": null, "ninfom": null, "ntxtds": null, "scamin": 29999, "txtdsc": null, "sordat": null, "sorind": null, "depth": 0.7}}, {"type": "Feature", "id": "layer-50858.711705", "geometry": {"type": "Point", "coordinates": [176.0566064, -37.6223778, 2.7]}, "geometry_name": "shape", "properties": {"fidn": "8231315ECA", "expsou": null, "nobjnm": null, "objnam": null, "quasou": null, "souacc": null, "tecsou": null, "verdat": null, "status": null, "inform": null, "ninfom": null, "ntxtds": null, "scamin": 29999, "txtdsc": null, "sordat": null, "sorind": null, "depth": 2.7}}, {"type": "Feature", "id": "layer-50858.711706", "geometry": {"type": "Point", "coordinates": [176.0604066, -37.6463093, 3.8]}, "geometry_name": "shape", "properties": {"fidn": "8231315EDA", "expsou": null, "nobjnm": null, "objnam": null, "quasou": null, "souacc": null, "tecsou": null, "verdat": null, "status": null, "inform": null, "ninfom": null, "ntxtds": null, "scamin": 29999, "txtdsc": null, "sordat": null, "sorind": null, "depth": 3.8}}, {"type": "Feature", "id": "layer-50858.711707", "geometry": {"type": "Point", "coordinates": [176.0558695, -37.6194669, 6.3]}, "geometry_name": "shape", "properties": {"fidn": "8231315EEA", "expsou": null, "nobjnm": null, "objnam": null, "quasou": null, "souacc": null, "tecsou": null, "verdat": null, "status": null, "inform": null, "ninfom": null, "ntxtds": null, "scamin": 29999, "txtdsc": null, "sordat": null, "sorind": null, "depth": 6.3}}, {"type": "Feature", "id": "layer-50858.711708", "geometry": {"type": "Point", "coordinates": [176.0613785, -37.631125, -0.4]}, "geometry_name": "shape", "properties": {"fidn": "8231315EFA", "expsou": null, "nobjnm": null, "objnam": null, "quasou": null, "souacc": null, "tecsou": null, "verdat": null, "status": null, "inform": null, "ninfom": null, "ntxtds": null, "scamin": 29999, "txtdsc": null, "sordat": null, "sorind": null, "depth": -0.4}}, {"type": "Feature", "id": "layer-50858.711709", "geometry": {"type": "Point", "coordinates": [176.0613102, -37.6338122, -0.5]}, "geometry_name": "shape", "properties": {"fidn": "8231315EGA", "expsou": null, "nobjnm": null, "objnam": null, "quasou": null, "souacc": null, "tecsou": null, "verdat": null, "status": null, "inform": null, "ninfom": null, "ntxtds": null, "scamin": 29999, "txtdsc": null, "sordat": null, "sorind": null, "depth": -0.5}}, {"type": "Feature", "id": "layer-50858.711710", "geometry": {"type": "Point", "coordinates": [176.0583079, -37.6386056, -0.8]}, "geometry_name": "shape", "properties": {"fidn": "8231315EHA", "expsou": null, "nobjnm": null, "objnam": null, "quasou": null, "souacc": null, "tecsou": null, "verdat": null, "status": null, "inform": null, "ninfom": null, "ntxtds": null, "scamin": 29999, "txtdsc": null, "sordat": null, "sorind": null, "depth": -0.8}}, {"type": "Feature", "id": "layer-50858.711711", "geometry": {"type": "Point", "coordinates": [176.0548873, -37.6446463, -0.5]}, "geometry_name": "shape", "properties": {"fidn": "8231315EIA", "expsou": null, "nobjnm": null, "objnam": null, "quasou": null, "souacc": null, "tecsou": null, "verdat": null, "status": null, "inform": null, "ninfom": null, "ntxtds": null, "scamin": 29999, "txtdsc": null, "sordat": null, "sorind": null, "depth": -0.5}}, {"type": "Feature", "id": "layer-50858.711712", "geometry": {"type": "Point", "coordinates": [176.0579393, -37.6479419, 3.2]}, "geometry_name": "shape", "properties": {"fidn": "8231315EJA", "expsou": null, "nobjnm": null, "objnam": null, "quasou": null, "souacc": null, "tecsou": null, "verdat": null, "status": null, "inform": null, "ninfom": null, "ntxtds": null, "scamin": 29999, "txtdsc": null, "sordat": null, "sorind": null, "depth": 3.2}}, {"type": "Feature", "id": "layer-50858.711713", "geometry": {"type": "Point", "coordinates": [176.0552688, -37.6473804, 0.3]}, "geometry_name": "shape", "properties": {"fidn": "8231315EKA", "expsou": null, "nobjnm": null, "objnam": null, "quasou": null, "souacc": null, "tecsou": null, "verdat": null, "status": null, "inform": null, "ninfom": null, "ntxtds": null, "scamin": 29999, "txtdsc": null, "sordat": null, "sorind": null, "depth": 0.3}}, {"type": "Feature", "id": "layer-50858.711714", "geometry": {"type": "Point", "coordinates": [176.0604552, -37.6390271, 1]}, "geometry_name": "shape", "properties": {"fidn": "8231315ELA", "expsou": null, "nobjnm": null, "objnam": null, "quasou": null, "souacc": null, "tecsou": null, "verdat": null, "status": null, "inform": null, "ninfom": null, "ntxtds": null, "scamin": 29999, "txtdsc": null, "sordat": null, "sorind": null, "depth": 1}}, {"type": "Feature", "id": "layer-50858.711715", "geometry": {"type": "Point", "coordinates": [176.0579119, -37.6442607, 3]}, "geometry_name": "shape", "properties": {"fidn": "8231315EMA", "expsou": null, "nobjnm": null, "objnam": null, "quasou": null, "souacc": null, "tecsou": null, "verdat": null, "status": null, "inform": null, "ninfom": null, "ntxtds": null, "scamin": 29999, "txtdsc": null, "sordat": null, "sorind": null, "depth": 3}}, {"type": "Feature", "id": "layer-50858.711716", "geometry": {"type": "Point", "coordinates": [176.0602217, -37.6250276, 3.4]}, "geometry_name": "shape", "properties": {"fidn": "8231315ENA", "expsou": null, "nobjnm": null, "objnam": null, "quasou": null, "souacc": null, "tecsou": null, "verdat": null, "status": null, "inform": null, "ninfom": null, "ntxtds": null, "scamin": 29999, "txtdsc": null, "sordat": null, "sorind": null, "depth": 3.4}}, {"type": "Feature", "id": "layer-50858.711717", "geometry": {"type": "Point", "coordinates": [176.1216109, -37.6494094, 0.2]}, "geometry_name": "shape", "properties": {"fidn": "8231315EOA", "expsou": null, "nobjnm": null, "objnam": null, "quasou": null, "souacc": null, "tecsou": null, "verdat": null, "status": null, "inform": null, "ninfom": null, "ntxtds": null, "scamin": 29999, "txtdsc": null, "sordat": null, "sorind": null, "depth": 0.2}}, {"type": "Feature", "id": "layer-50858.711718", "geometry": {"type": "Point", "coordinates": [176.1179147, -37.6398693, 1]}, "geometry_name": "shape", "properties": {"fidn": "8231315EPA", "expsou": null, "nobjnm": null, "objnam": null, "quasou": null, "souacc": null, "tecsou": null, "verdat": null, "status": null, "inform": null, "ninfom": null, "ntxtds": null, "scamin": 29999, "txtdsc": null, "sordat": null, "sorind": null, "depth": 1}}, {"type": "Feature", "id": "layer-50858.711719", "geometry": {"type": "Point", "coordinates": [176.116802, -37.6418879, 2.1]}, "geometry_name": "shape", "properties": {"fidn": "8231315EQA", "expsou": null, "nobjnm": null, "objnam": null, "quasou": null, "souacc": null, "tecsou": null, "verdat": null, "status": null, "inform": null, "ninfom": null, "ntxtds": null, "scamin": 29999, "txtdsc": null, "sordat": null, "sorind": null, "depth": 2.1}}, {"type": "Feature", "id": "layer-50858.711720", "geometry": {"type": "Point", "coordinates": [176.1202369, -37.6435917, 4.9]}, "geometry_name": "shape", "properties": {"fidn": "8231315ERA", "expsou": null, "nobjnm": null, "objnam": null, "quasou": null, "souacc": null, "tecsou": null, "verdat": null, "status": null, "inform": null, "ninfom": null, "ntxtds": null, "scamin": 29999, "txtdsc": null, "sordat": null, "sorind": null, "depth": 4.9}}, {"type": "Feature", "id": "layer-50858.711721", "geometry": {"type": "Point", "coordinates": [176.1179521, -37.648826, 0.1]}, "geometry_name": "shape", "properties": {"fidn": "8231315ESA", "expsou": null, "nobjnm": null, "objnam": null, "quasou": null, "souacc": null, "tecsou": null, "verdat": null, "status": null, "inform": null, "ninfom": null, "ntxtds": null, "scamin": 29999, "txtdsc": null, "sordat": null, "sorind": null, "depth": 0.1}}], "totalFeatures": "unknown", "numberReturned": 2085, "timeStamp": "2026-07-27T08:20:54.089Z", "crs": {"type": "name", "properties": {"name": "urn:ogc:def:crs:EPSG::4326"}}}