{"type": "FeatureCollection", "features": [{"type": "Feature", "id": "layer-50672.148207", "geometry": {"type": "LineString", "coordinates": [[176.0801053, -37.6579167], [176.0802744, -37.6573864], [176.0809398, -37.6569226], [176.0814055, -37.6567272], [176.0834221, -37.6563936], [176.0838789, -37.6563112], [176.0853677, -37.6558366], [176.0856551, -37.6556022], [176.0855298, -37.6553737], [176.0852901, -37.6553636], [176.0847668, -37.6553753], [176.0840077, -37.6554515], [176.0833296, -37.6556038], [176.0823051, -37.6556917], [176.0816382, -37.6555989], [176.0811449, -37.6555068], [176.0799933, -37.6555944], [176.0792895, -37.6556283], [176.0788843, -37.6556198], [176.0780668, -37.6558091], [176.0773032, -37.6559249], [176.0766584, -37.6558759], [176.07648, -37.6559894], [176.0761215, -37.6562542], [176.0753403, -37.6565472], [176.0747887, -37.6565831], [176.0744156, -37.6565573], [176.0740381, -37.6565499], [176.0737068, -37.6565682], [176.0733336, -37.6566049], [176.073216, -37.6566201], [176.0725753, -37.6567638], [176.0719168, -37.6569944], [176.0708675, -37.6571639], [176.0702235, -37.6572691], [176.0678389, -37.6571468], [176.0668195, -37.6569501], [176.0662195, -37.6568933], [176.0656063, -37.6568156], [176.0652331, -37.6567991], [176.0650436, -37.6567803], [176.0648433, -37.6567896], [176.0644275, -37.6568772], [176.0640472, -37.6568659], [176.0624086, -37.6565409], [176.0615023, -37.6564053], [176.0612464, -37.6563968], [176.0606166, -37.6563348], [176.0601197, -37.6561086], [176.0598946, -37.6559215], [176.0597166, -37.6557683], [176.0596118, -37.6556491], [176.0594696, -37.6555848], [176.059345, -37.6555692], [176.0592461, -37.6556232], [176.0591766, -37.6556996], [176.0590661, -37.6558152], [176.0588437, -37.6559136], [176.0586126, -37.6559786], [176.0582794, -37.6560182], [176.0575656, -37.6561507], [176.0572653, -37.6562161], [176.0568519, -37.6563109], [176.0565927, -37.6563483], [176.0564549, -37.6564303], [176.056267, -37.6566549], [176.0560312, -37.6567672], [176.0557751, -37.6568334], [176.0556157, -37.656768], [176.055458, -37.6567012], [176.0553603, -37.656693], [176.0549986, -37.6568239], [176.0547604, -37.6568852], [176.0544278, -37.6569956], [176.0541707, -37.6570814], [176.0538022, -37.6571945], [176.0532708, -37.657369], [176.0526435, -37.6575597], [176.0521344, -37.6577083], [176.0517453, -37.6578241], [176.0515516, -37.6579167]]}, "geometry_name": "shape", "properties": {"fidn": "8210361", "valdco": 0.0, "verdat": null, "inform": null, "ninfom": null, "ntxtds": null, "scamin": 44999, "txtdsc": null, "sordat": null, "sorind": null, "hypcat": null}}, {"type": "Feature", "id": "layer-50672.148272", "geometry": {"type": "LineString", "coordinates": [[176.1095769, -37.6579167], [176.1095769, -37.6576396], [176.1095975, -37.6574703], [176.1096456, -37.6572791], [176.10968, -37.6571371], [176.1097281, -37.6569732], [176.1099007, -37.656677], [176.1102875, -37.6560688], [176.1105598, -37.6556553], [176.1107946, -37.6553106], [176.1109185, -37.6551313], [176.1111417, -37.6550245], [176.1113836, -37.6549283], [176.1114379, -37.6548891], [176.1118007, -37.6545829], [176.1120772, -37.6543769], [176.1122672, -37.6542356], [176.1125906, -37.6539746], [176.1130768, -37.6536606], [176.1132582, -37.6534796], [176.1133367, -37.6534355], [176.113493, -37.6533296], [176.1135809, -37.6532637], [176.1137433, -37.6531523], [176.1140789, -37.652909], [176.1144591, -37.6524871], [176.1147404, -37.6522437], [176.1148367, -37.6521397], [176.1148873, -37.6518472], [176.1150053, -37.6515175], [176.1150687, -37.6513096], [176.1150687, -37.6511349], [176.1150296, -37.6502211], [176.1150511, -37.6500776], [176.1152097, -37.649752], [176.1152986, -37.649572], [176.1153849, -37.6494454], [176.1154079, -37.6493941], [176.1153964, -37.6492228], [176.1154603, -37.6491612], [176.1155216, -37.6491356], [176.1156631, -37.6491106], [176.1157994, -37.649077], [176.1159017, -37.6490568], [176.1160694, -37.6489809], [176.1165238, -37.648619], [176.1168877, -37.6482358], [176.1171444, -37.6480467], [176.1173007, -37.6478972], [176.1172972, -37.6478139], [176.1172472, -37.6477696], [176.1169205, -37.6477389], [176.1163549, -37.6477503], [176.1159863, -37.64779], [176.1159293, -37.6478193], [176.1158724, -37.6482868], [176.1157444, -37.6485831], [176.1156839, -37.6486916], [176.1155602, -37.648775], [176.1154345, -37.6487591], [176.1153531, -37.6486521], [176.1153462, -37.648539], [176.1153696, -37.6484455], [176.1154285, -37.6481739], [176.1154066, -37.6479902], [176.1153753, -37.6478971], [176.1152485, -37.6478289], [176.1151089, -37.6478017], [176.1144583, -37.6477701], [176.1137271, -37.6478188], [176.1135638, -37.6478289], [176.1127342, -37.6478917], [176.1124988, -37.6479239], [176.1114275, -37.6480929], [176.1112719, -37.6481157], [176.1104762, -37.6482164], [176.1097001, -37.6483246], [176.109597, -37.6483953], [176.1095872, -37.6485128], [176.1096432, -37.6486299], [176.1098032, -37.648661], [176.1101716, -37.6486952], [176.1104004, -37.6487511], [176.110678, -37.6489185], [176.1107899, -37.6491026], [176.1109715, -37.6495883], [176.1110775, -37.6496718], [176.1112193, -37.6496991], [176.1116324, -37.649734], [176.1121397, -37.6497239], [176.1125772, -37.649698], [176.1127438, -37.6497464], [176.1129097, -37.6498732], [176.1131592, -37.6502211], [176.1133032, -37.6504413], [176.1133986, -37.650633], [176.1133732, -37.6506996], [176.1126789, -37.6513042], [176.1125388, -37.6514507], [176.1121388, -37.6517586], [176.1120559, -37.6518394], [176.111945, -37.651931], [176.1118074, -37.6520295], [176.1116691, -37.6521177], [176.1115215, -37.6521945], [176.1113651, -37.6522494], [176.1112131, -37.6522895], [176.1110612, -37.6523119], [176.1109135, -37.6523187], [176.11084, -37.6523193], [176.1106787, -37.652301], [176.1106189, -37.6522827], [176.110536, -37.6522386], [176.1104114, -37.6521504], [176.1102645, -37.6520186], [176.1101872, -37.6518004], [176.1100536, -37.6514503], [176.1099738, -37.6513699], [176.1098382, -37.6513361], [176.109585, -37.6513233], [176.1092955, -37.6513488], [176.1086422, -37.6514052], [176.1082462, -37.6514088], [176.1077621, -37.6515517], [176.1072935, -37.6518254], [176.1069086, -37.6523097], [176.1066674, -37.6525502], [176.1064568, -37.652605], [176.1055119, -37.6527117], [176.1043892, -37.6528788], [176.1037609, -37.6529391], [176.1033777, -37.6530856], [176.1026592, -37.653748], [176.102361, -37.6545609], [176.1016147, -37.6550626], [176.1003937, -37.6558976], [176.0998045, -37.6563002], [176.0993392, -37.6566077], [176.0987132, -37.6570103], [176.0982659, -37.6572852], [176.09719, -37.6579167]]}, "geometry_name": "shape", "properties": {"fidn": "8227925", "valdco": 0.0, "verdat": null, "inform": null, "ninfom": null, "ntxtds": null, "scamin": 44999, "txtdsc": null, "sordat": null, "sorind": null, "hypcat": null}}, {"type": "Feature", "id": "layer-50672.148249", "geometry": {"type": "LineString", "coordinates": [[176.1216667, -37.6468446], [176.121385, -37.6468924], [176.1210779, -37.6469982], [176.1205929, -37.6471587], [176.1203279, -37.6472035], [176.120115, -37.6472364], [176.1200171, -37.64725], [176.1199134, -37.6472619], [176.1196889, -37.6472829], [176.1194609, -37.6472994], [176.1193538, -37.6473065], [176.1192525, -37.6473111], [176.1188138, -37.6473366], [176.1183407, -37.6473685], [176.1178858, -37.6474004], [176.1177787, -37.6474067], [176.117488, -37.6474235], [176.1170487, -37.6474353], [176.1165748, -37.6474608], [176.1164292, -37.6474451], [176.1162416, -37.6474294], [176.1160021, -37.6474412], [176.1155233, -37.6474726], [176.1149852, -37.6475236], [176.1144545, -37.64761], [176.114146, -37.6476433], [176.1136968, -37.6476689], [176.1134068, -37.6476843], [176.1132278, -37.6476983], [176.1128749, -37.6477454], [176.1125861, -37.647769], [176.1123578, -37.6478167], [176.1122576, -37.6478259], [176.1119764, -37.6478651], [176.1117913, -37.6478749], [176.111542, -37.6478828], [176.1113815, -37.6478946], [176.1101781, -37.6479622], [176.1097232, -37.6480244], [176.1091616, -37.648064], [176.1085076, -37.6481233], [176.1080313, -37.6481516], [176.107388, -37.6481261], [176.1068691, -37.6481601], [176.1064923, -37.6481968], [176.1061333, -37.6482194], [176.1059328, -37.6482177], [176.1056932, -37.6482552], [176.1054952, -37.648289], [176.1054088, -37.6483046], [176.1053282, -37.6483209], [176.1051865, -37.648352], [176.1050357, -37.6483905], [176.1048469, -37.6484444], [176.1047443, -37.6484745], [176.104643, -37.6485001], [176.1044415, -37.6485557], [176.1041145, -37.6486518], [176.1037164, -37.6487592], [176.1034391, -37.648827], [176.1029096, -37.6489966], [176.1021169, -37.649234], [176.1017224, -37.6493498], [176.1015198, -37.6494007], [176.1013599, -37.6494657], [176.1012028, -37.6496296], [176.1010962, -37.650118], [176.1004521, -37.6504469], [176.0997142, -37.6506673], [176.0988953, -37.6507216], [176.0974125, -37.6511873], [176.0973515, -37.651211], [176.0972292, -37.6512539], [176.0971072, -37.6512914], [176.096802, -37.6513764], [176.0966212, -37.651424], [176.0965291, -37.6514467], [176.096438, -37.6514669], [176.096256, -37.6515061], [176.0961004, -37.6515379], [176.0957519, -37.6516881], [176.0955258, -37.6518], [176.095287, -37.6519255], [176.094741, -37.65219], [176.0939427, -37.6524893], [176.0930776, -37.6527699], [176.0922374, -37.6530886], [176.091282, -37.653387], [176.0910559, -37.6534209], [176.0908918, -37.6534544], [176.0905929, -37.6535203], [176.0905293, -37.6535371], [176.0902752, -37.6536045], [176.0899482, -37.653707], [176.0897544, -37.6537729], [176.0894394, -37.653855], [176.089094, -37.6539771], [176.0888612, -37.6541463], [176.0887596, -37.6541978], [176.0887041, -37.6542196], [176.0886444, -37.6542345], [176.0885709, -37.6542562], [176.0885428, -37.6542637], [176.0884924, -37.6542711], [176.0881005, -37.654337], [176.0875113, -37.6544429], [176.0870783, -37.6545122], [176.0866087, -37.6545896], [176.085982, -37.6547173], [176.0852545, -37.6548788], [176.0847754, -37.6549738], [176.0844624, -37.6550625], [176.0842398, -37.6551073], [176.0840113, -37.6551404], [176.083569, -37.6552324], [176.083324, -37.6552556], [176.0832094, -37.6552739], [176.0811449, -37.6555068]]}, "geometry_name": "shape", "properties": {"fidn": "8210363", "valdco": 2, "verdat": null, "inform": null, "ninfom": null, "ntxtds": null, "scamin": 21999, "txtdsc": null, "sordat": null, "sorind": null, "hypcat": null}}, {"type": "Feature", "id": "layer-50672.148225", "geometry": {"type": "LineString", "coordinates": [[176.1216667, -37.6399737], [176.1213702, -37.6400293], [176.1203752, -37.6402667], [176.1196544, -37.6404092], [176.1185122, -37.6405046], [176.1179124, -37.6405195], [176.1161968, -37.6406901], [176.1156623, -37.64075], [176.1156129, -37.6408465], [176.1157137, -37.641015], [176.1157836, -37.6410804], [176.1159342, -37.6412102], [176.1164316, -37.6413454], [176.1167751, -37.6413323], [176.1170235, -37.6413678], [176.1181033, -37.6415085], [176.1182807, -37.6415302], [176.1188263, -37.641669], [176.1191761, -37.6417634], [176.1194875, -37.6419431], [176.1196456, -37.6421423], [176.1196684, -37.6422202], [176.1196154, -37.6424315], [176.1194491, -37.642574], [176.1191165, -37.6427425], [176.1188264, -37.6429674], [176.11849, -37.6430893], [176.1174582, -37.6430502], [176.1166536, -37.6428695], [176.1161777, -37.6426656], [176.1156893, -37.6425276], [176.115201, -37.6424994], [176.1149953, -37.6424886], [176.114725, -37.6424739], [176.1143012, -37.6423713], [176.1137423, -37.6424044], [176.1133742, -37.6423909], [176.1131694, -37.642358], [176.112885, -37.6422213], [176.1123092, -37.6420211], [176.1119381, -37.6419126], [176.1111533, -37.6418109], [176.1105519, -37.6416074], [176.1099804, -37.6412886], [176.1093534, -37.6409256], [176.1084705, -37.6405967], [176.1077625, -37.6402202], [176.1071483, -37.639881], [176.1063189, -37.6394055], [176.1058688, -37.6390433], [176.1053101, -37.6385888], [176.104585, -37.6378867], [176.1039068, -37.6373813], [176.1034314, -37.6369919], [176.1029685, -37.636652], [176.1022306, -37.6362247], [176.1010491, -37.6353055], [176.0998677, -37.6347017], [176.0995094, -37.6345389], [176.0990872, -37.6343591], [176.0988313, -37.6342777], [176.0985626, -37.6343082], [176.098482, -37.6343934], [176.0984005, -37.6345321], [176.0984192, -37.6348053], [176.0987019, -37.6349477], [176.0989324, -37.6350122], [176.0990596, -37.6351077], [176.0992379, -37.6354089], [176.0999115, -37.6360073], [176.1000692, -37.6361123], [176.1008785, -37.6369607], [176.1011302, -37.6371608], [176.1015311, -37.6373813], [176.1017614, -37.6375136], [176.1019444, -37.6376752], [176.1028448, -37.6383276], [176.1036253, -37.6389449], [176.1039039, -37.6393407], [176.1042054, -37.6396165], [176.1049117, -37.6403617], [176.1050785, -37.6405017], [176.1055837, -37.6409162], [176.1056124, -37.6409428], [176.1056584, -37.640983], [176.1057053, -37.6410432], [176.1056796, -37.6411563], [176.1055408, -37.6413103], [176.1054071, -37.6414071], [176.1052991, -37.6414194], [176.105193, -37.6414278], [176.1051424, -37.6414195], [176.1048912, -37.641373], [176.1047523, -37.6414453], [176.1047078, -37.6415952], [176.1048421, -37.6416953], [176.1056231, -37.6420327], [176.1063138, -37.642244], [176.106483, -37.642343], [176.1065719, -37.6424466], [176.1066058, -37.6425759], [176.1066068, -37.6425942], [176.1066011, -37.6426116], [176.1065883, -37.6426262], [176.1065689, -37.64264], [176.1065422, -37.6426519], [176.1065204, -37.6426592], [176.1065113, -37.6426629], [176.1065021, -37.6426647], [176.1064674, -37.6426705], [176.1064466, -37.6426738], [176.1064042, -37.6426775], [176.1063777, -37.6426783], [176.1063477, -37.6426783], [176.1063293, -37.6426792], [176.1063097, -37.6426783], [176.1061992, -37.6426765], [176.1056952, -37.6427104], [176.1051791, -37.6427238], [176.1050249, -37.6427279], [176.104766, -37.6427592], [176.1046169, -37.6427524], [176.1045528, -37.6427416], [176.1044389, -37.6427425], [176.1043341, -37.6427415], [176.104197, -37.6427265], [176.1038026, -37.6427413], [176.1035291, -37.6427593], [176.1030252, -37.6427816], [176.1028512, -37.642793], [176.1027567, -37.642803], [176.1026069, -37.6428186], [176.1024655, -37.6428341], [176.1022311, -37.6429675], [176.1019838, -37.6431845], [176.1018787, -37.6434402], [176.101781, -37.6434811], [176.1013705, -37.6434005], [176.1005303, -37.643084], [176.0998448, -37.6429199], [176.0992371, -37.6428717], [176.0987898, -37.6428741], [176.09758, -37.642895], [176.0962728, -37.6428673], [176.0959916, -37.6428106], [176.0957787, -37.6427204], [176.0955441, -37.6427062], [176.0954375, -37.6427288], [176.0953192, -37.6428405], [176.0953913, -37.6430821], [176.0953984, -37.64328], [176.0955797, -37.6434269], [176.0958463, -37.643492], [176.096127, -37.6435061], [176.096614, -37.643523], [176.0968663, -37.6435541], [176.0972757, -37.6436907], [176.0985339, -37.643931], [176.0995836, -37.6439969], [176.1000125, -37.6441401], [176.1004284, -37.6443097], [176.1006877, -37.6443922], [176.1010769, -37.6443988], [176.1011944, -37.6443998], [176.1012876, -37.6443989], [176.1013612, -37.6443989], [176.1014235, -37.6443972], [176.1015029, -37.6443954], [176.1020385, -37.6443973], [176.1023726, -37.644403], [176.1025717, -37.6444492], [176.1029016, -37.6445508], [176.1029581, -37.6445764], [176.1029995, -37.6445912], [176.1030386, -37.6446022], [176.103072, -37.6446095], [176.1031053, -37.6446149], [176.1031491, -37.6446195], [176.1031836, -37.6446214], [176.1031941, -37.6446224], [176.1032056, -37.6446214], [176.1032803, -37.6446178], [176.1033829, -37.6446161], [176.1034462, -37.6446206], [176.1035429, -37.6446371], [176.1035935, -37.6446445], [176.1036419, -37.6446527], [176.1037121, -37.6446693], [176.1037927, -37.6446912], [176.1038582, -37.6447114], [176.1039111, -37.6447307], [176.1039515, -37.6447472], [176.1039975, -37.6447682], [176.1040344, -37.6447884], [176.1040551, -37.6448031], [176.1040782, -37.6448214], [176.1041288, -37.6448544], [176.104222, -37.644913], [176.1044021, -37.6449692], [176.1046474, -37.6450568], [176.1048286, -37.6451105], [176.1051663, -37.6451218], [176.1054578, -37.6451416], [176.1057599, -37.6452094], [176.1067693, -37.6453451], [176.1069683, -37.6454553], [176.1071496, -37.6457881], [176.1072633, -37.6459831], [176.1074517, -37.6460934], [176.1078249, -37.6462799], [176.1080559, -37.6464184], [176.1083332, -37.6466077], [176.1095523, -37.6473369], [176.1096945, -37.6473651], [176.1113863, -37.6474528], [176.112776, -37.6474188], [176.1132137, -37.6474321], [176.1134482, -37.6474164], [176.1137987, -37.6473968], [176.1142972, -37.647279], [176.1143949, -37.6472544], [176.1151597, -37.6471765], [176.1157525, -37.6471867], [176.1162298, -37.6472507], [176.1168192, -37.6472248], [176.1177017, -37.647068], [176.1187863, -37.6469384], [176.1188554, -37.6469311], [176.1189269, -37.646921], [176.1190845, -37.6469037], [176.1191756, -37.6468974], [176.1192746, -37.6468928], [176.1194658, -37.6468892], [176.1195498, -37.6468901], [176.1196281, -37.6468929], [176.1197869, -37.6468975], [176.1199688, -37.6468985], [176.1201531, -37.6468931], [176.1202372, -37.6468866], [176.1203178, -37.6468785], [176.1204571, -37.6468611], [176.1205664, -37.6468447], [176.1207035, -37.6468191], [176.1207242, -37.6468126], [176.120746, -37.6468026], [176.1207691, -37.646788], [176.120791, -37.6467697], [176.1208348, -37.6467349], [176.1208751, -37.6467083], [176.1209269, -37.6466837], [176.1210052, -37.6466508], [176.1211065, -37.6466087], [176.1211641, -37.6465839], [176.1212264, -37.6465546], [176.1213438, -37.6464998], [176.1214336, -37.6464531], [176.1214773, -37.6464321], [176.1215304, -37.6464092], [176.1215925, -37.6463844], [176.1216667, -37.6463579]]}, "geometry_name": "shape", "properties": {"fidn": "8190993", "valdco": 5, "verdat": null, "inform": null, "ninfom": null, "ntxtds": null, "scamin": 21999, "txtdsc": null, "sordat": null, "sorind": null, "hypcat": null}}, {"type": "Feature", "id": "layer-50672.148250", "geometry": {"type": "LineString", "coordinates": [[176.0912456, -37.6475553], [176.0918585, -37.647073], [176.0922565, -37.6467624], [176.0928019, -37.6464167], [176.0932561, -37.6462373], [176.0952662, -37.6453298], [176.0961288, -37.6450653], [176.0964233, -37.6449388], [176.0966851, -37.6446904], [176.0967327, -37.6445555], [176.0967249, -37.6444323], [176.0967111, -37.6443829], [176.0966916, -37.644349], [176.0966272, -37.6442803], [176.0964753, -37.6441924], [176.0964279, -37.644175], [176.0963289, -37.6441556], [176.0962737, -37.6441519], [176.0960723, -37.6441638], [176.0960482, -37.6441647], [176.0959468, -37.6441665], [176.0957649, -37.6441672], [176.0946739, -37.6441005], [176.0942004, -37.6440273], [176.0939967, -37.6440098], [176.093878, -37.6439978], [176.0938377, -37.6439913], [176.0938147, -37.6439868], [176.0937801, -37.6439822], [176.0937065, -37.6439757], [176.0936075, -37.6439712], [176.09349, -37.6439692], [176.0933588, -37.6439692], [176.0932493, -37.6439719], [176.0923091, -37.6439861], [176.0917539, -37.6438144], [176.0913169, -37.643542], [176.0909042, -37.6433779], [176.0903298, -37.6430663], [176.0899903, -37.6427508], [176.0897397, -37.6423933], [176.0895844, -37.6420484], [176.0896101, -37.6416805], [176.0898826, -37.6413984], [176.0902219, -37.641239], [176.0907462, -37.6412349], [176.0927069, -37.6416444], [176.0932027, -37.6417235], [176.0942823, -37.6418939], [176.0949466, -37.6419779], [176.0955441, -37.6419957], [176.096005, -37.6420278], [176.0982518, -37.6420129], [176.1006069, -37.6418644], [176.1022777, -37.6418899], [176.1025549, -37.6418491], [176.1026383, -37.6416543], [176.1025806, -37.6413994], [176.1020292, -37.6404518], [176.1019381, -37.6401666], [176.102018, -37.6399371], [176.1022495, -37.6396867], [176.1023427, -37.6396291], [176.1025769, -37.6396001], [176.1027611, -37.6396684], [176.1029945, -37.6397612], [176.1031893, -37.6398496], [176.1032998, -37.6398766], [176.1033948, -37.6398714], [176.1034098, -37.6397634], [176.1033911, -37.6396853], [176.1032859, -37.6395959], [176.1027417, -37.6392139], [176.1021331, -37.6387877], [176.1018204, -37.6384442], [176.1015818, -37.6380883], [176.1012212, -37.6378186], [176.1009582, -37.6377176], [176.1007085, -37.6376064], [176.1003715, -37.637458], [176.0997004, -37.6373076], [176.0991863, -37.6372167], [176.0987364, -37.6371628], [176.0981581, -37.6369669], [176.0971985, -37.6365581], [176.0951342, -37.6360234], [176.0943254, -37.6357466], [176.0934805, -37.6356078], [176.093065, -37.6356146], [176.0926623, -37.6356759], [176.0921505, -37.6356682], [176.0914246, -37.6355925], [176.0906985, -37.6355416], [176.090306, -37.6354813], [176.0898657, -37.6353488], [176.0893718, -37.6352423], [176.0889612, -37.6351642], [176.0886578, -37.6350767], [176.0884996, -37.6349873], [176.0882393, -37.6348785], [176.0880513, -37.6348785], [176.0877447, -37.6348916], [176.0875658, -37.6348916], [176.0873116, -37.634885], [176.0862435, -37.6348653], [176.0860472, -37.634839], [176.0857875, -37.6348], [176.0857105, -37.6347766], [176.0856134, -37.6347191], [176.0855282, -37.6346478], [176.0853331, -37.634585], [176.0849451, -37.6346105]]}, "geometry_name": "shape", "properties": {"fidn": "8210655", "valdco": 2, "verdat": null, "inform": null, "ninfom": null, "ntxtds": null, "scamin": 21999, "txtdsc": null, "sordat": null, "sorind": null, "hypcat": null}}, {"type": "Feature", "id": "layer-50672.148268", "geometry": {"type": "LineString", "coordinates": [[176.0851735, -37.6353787], [176.0850434, -37.6354283], [176.0849279, -37.6355367], [176.0849219, -37.6356286], [176.0849693, -37.6358618], [176.084842, -37.6360408], [176.0842788, -37.6364193], [176.0840485, -37.6366431], [176.0837465, -37.6367612], [176.0835469, -37.6366513], [176.0835059, -37.6364559], [176.0834148, -37.6364487], [176.0831699, -37.6365078], [176.0829176, -37.6365923], [176.0828137, -37.636551], [176.082826, -37.6363641], [176.0831328, -37.6362107], [176.0835444, -37.6358553], [176.0839692, -37.6356192], [176.0846267, -37.6352425], [176.0848563, -37.6351189], [176.0849846, -37.6349343], [176.0850069, -37.6346949], [176.0849451, -37.6346105], [176.0847872, -37.6345516], [176.0844959, -37.6345359], [176.0840738, -37.6345751], [176.0830717, -37.6347871], [176.0827385, -37.6348617], [176.0824053, -37.6349383], [176.0819166, -37.6349442], [176.0814437, -37.6349568], [176.0811712, -37.6349422], [176.0807343, -37.6348912], [176.0804998, -37.6348362], [176.0800259, -37.6348283], [176.07951, -37.6348342], [176.0791693, -37.634845], [176.0786386, -37.6348941], [176.0783074, -37.6350233], [176.0781244, -37.6351297], [176.0778981, -37.6352883], [176.077333, -37.6355173], [176.0767563, -37.6357233], [176.0760824, -37.6359099], [176.0753402, -37.6360591], [176.074773, -37.636205], [176.0745654, -37.6362602], [176.0739052, -37.6363742], [176.0732194, -37.6364882], [176.0727641, -37.6365354], [176.0725153, -37.6365731], [176.0719259, -37.6366555], [176.0715734, -37.6366626], [176.0709959, -37.6366461], [176.0704479, -37.6366367], [176.0700578, -37.6366718], [176.069666, -37.6367545], [176.0693253, -37.6368817], [176.0688821, -37.6370144], [176.0684697, -37.6372045], [176.0681376, -37.6372986], [176.0676993, -37.6374941], [176.0671799, -37.6377296], [176.066553, -37.6380288], [176.0662944, -37.6382546], [176.0660488, -37.6385599], [176.0658747, -37.6387797], [176.0653527, -37.6390198], [176.0645708, -37.639451], [176.0642534, -37.6396745], [176.0641148, -37.6397994], [176.0639815, -37.6399624], [176.0637276, -37.6404485], [176.0633189, -37.6412568], [176.0625999, -37.6427297], [176.0623539, -37.6432195], [176.0620729, -37.6440695], [176.0620729, -37.6453146], [176.0621541, -37.6461134], [176.0624178, -37.6466584], [176.0627944, -37.6472277], [176.0631415, -37.6475468], [176.0634543, -37.647764], [176.0638287, -37.6481261], [176.064116, -37.6484252], [176.0646225, -37.6489457], [176.0647735, -37.649054], [176.0650342, -37.6492024], [176.0653866, -37.6493414], [176.0655962, -37.6492383], [176.0657447, -37.6490273], [176.066424, -37.6483607], [176.0673178, -37.6478553], [176.0679517, -37.647356], [176.0692913, -37.6460631], [176.0702296, -37.6451508], [176.0721294, -37.6437711], [176.072699, -37.6435401], [176.073308, -37.6432922], [176.0738335, -37.6428719], [176.0743453, -37.6424717], [176.0747436, -37.6421067], [176.0752173, -37.641826], [176.0755327, -37.6416048], [176.0766149, -37.640666], [176.077032, -37.6401495], [176.0774538, -37.6397025], [176.0777996, -37.6392682], [176.0778698, -37.6391718], [176.0781154, -37.6388972], [176.0784537, -37.638595], [176.0788236, -37.6384087], [176.0790322, -37.6383508], [176.0799286, -37.6382706], [176.0805578, -37.6381208], [176.0810411, -37.6379597], [176.0814499, -37.6377901], [176.0816832, -37.637733], [176.0819023, -37.6377189], [176.0821308, -37.6377139], [176.0826146, -37.6376059], [176.0827904, -37.6375384], [176.0830629, -37.6374465], [176.0832968, -37.6374395], [176.0833827, -37.6376703], [176.0833594, -37.6378585], [176.0832311, -37.6379527], [176.0830361, -37.6380214], [176.0829769, -37.6381215], [176.0831552, -37.6383493], [176.083442, -37.6385936], [176.083676, -37.6386572], [176.0843246, -37.6391777], [176.0850828, -37.639567], [176.0854111, -37.6396524], [176.0856711, -37.6396056], [176.0859949, -37.6393524], [176.0863242, -37.639185], [176.0871407, -37.6389511], [176.0875781, -37.6387741], [176.0890595, -37.6388854], [176.0899453, -37.6394033], [176.0910225, -37.6404589], [176.0932643, -37.6412843], [176.0941303, -37.6413429], [176.0948701, -37.6412362], [176.0951683, -37.6407764], [176.0954508, -37.6406005], [176.0957291, -37.6406003], [176.0960697, -37.640678], [176.0966591, -37.6406309], [176.0971241, -37.6404236], [176.098409, -37.6400057], [176.0988441, -37.6397785], [176.0990454, -37.6396978], [176.0990915, -37.6395105], [176.0987332, -37.6393104], [176.0979143, -37.6391001], [176.0970415, -37.6387348], [176.0966454, -37.6385692], [176.096151, -37.6383929], [176.0955091, -37.63816], [176.0952653, -37.6380805], [176.0950447, -37.6380487], [176.0949607, -37.6380184], [176.0948779, -37.6379909], [176.0947881, -37.637957], [176.0947375, -37.6379368], [176.0946856, -37.6379139], [176.0946351, -37.637891], [176.0945879, -37.6378671], [176.0945049, -37.6378241], [176.0944313, -37.6377819], [176.0942737, -37.6376976], [176.094116, -37.6376225], [176.09404, -37.6375821], [176.0939279, -37.6375514], [176.0926839, -37.6373606], [176.0922821, -37.6373017], [176.0917094, -37.6372004], [176.0911617, -37.6370394], [176.0907424, -37.636742], [176.0906167, -37.6365589], [176.0906084, -37.6364109], [176.0904993, -37.6363452], [176.0882661, -37.636182], [176.0874913, -37.6360237], [176.087001, -37.6356826], [176.0867307, -37.6355856], [176.086327, -37.63547], [176.0859274, -37.6354075], [176.0855319, -37.635407], [176.0851735, -37.6353787]]}, "geometry_name": "shape", "properties": {"fidn": "8214103", "valdco": 0.0, "verdat": null, "inform": null, "ninfom": null, "ntxtds": null, "scamin": 44999, "txtdsc": null, "sordat": null, "sorind": null, "hypcat": null}}, {"type": "Feature", "id": "layer-50672.148267", "geometry": {"type": "LineString", "coordinates": [[176.0898967, -37.6485935], [176.0904695, -37.6484064], [176.0910836, -37.647975], [176.0912456, -37.6475553], [176.0913093, -37.6472994], [176.0913908, -37.6470401], [176.0915481, -37.6466331], [176.0916795, -37.6463257], [176.0920922, -37.6455396], [176.0923648, -37.6452307], [176.0924003, -37.6450583], [176.0922759, -37.6447304], [176.0920627, -37.6444026], [176.0917783, -37.6443037], [176.0913816, -37.644153], [176.0913398, -37.6441238], [176.0912981, -37.6441055], [176.0912066, -37.6440728], [176.0911093, -37.6440505], [176.0910171, -37.6440396], [176.09093, -37.644047], [176.0908608, -37.6440614], [176.090362, -37.6441094], [176.0897862, -37.6442734], [176.0894379, -37.6444966], [176.0892538, -37.6446181], [176.0888849, -37.6446989], [176.088563, -37.6447607], [176.0882957, -37.6448048], [176.0873143, -37.6449735], [176.0868499, -37.6450087], [176.0854422, -37.6450732], [176.0850221, -37.6449677], [176.0848411, -37.643722], [176.0852138, -37.6428872], [176.085538, -37.6425238], [176.0857592, -37.6417971], [176.0853824, -37.6406922], [176.0848142, -37.640001], [176.0842526, -37.6396505], [176.0832254, -37.6389156], [176.0825288, -37.6384521], [176.0821947, -37.6381242], [176.0819566, -37.6380874], [176.0815265, -37.638127], [176.081172, -37.6382606], [176.0806791, -37.6384245], [176.0799801, -37.63866], [176.0792366, -37.6387731], [176.0786328, -37.6389982], [176.0780024, -37.6393678], [176.0779243, -37.6394431], [176.0776738, -37.6397477], [176.0775506, -37.6398761], [176.0773042, -37.6402064], [176.0771357, -37.640627], [176.0768958, -37.6409181], [176.0763214, -37.6415647], [176.0763072, -37.6417473], [176.0767251, -37.6419802], [176.0776515, -37.6426884], [176.0781463, -37.6431644], [176.0790021, -37.6437241], [176.0800018, -37.6445803], [176.0803287, -37.6448279], [176.0809675, -37.6451111], [176.0811666, -37.6452505], [176.0830127, -37.6461221], [176.0840875, -37.6468302], [176.0853466, -37.647636], [176.0856283, -37.6478972], [176.0860975, -37.6483607], [176.0865617, -37.6485909], [176.0866445, -37.6486459], [176.0867093, -37.6486791], [176.0867828, -37.6487008], [176.0868887, -37.6487266], [176.0870176, -37.6487375], [176.0871372, -37.6487375], [176.0872481, -37.6487192], [176.0877043, -37.648676], [176.0882404, -37.6486498], [176.0889509, -37.6485964], [176.0898967, -37.6485935]]}, "geometry_name": "shape", "properties": {"fidn": "8214102", "valdco": 0.0, "verdat": null, "inform": null, "ninfom": null, "ntxtds": null, "scamin": 44999, "txtdsc": null, "sordat": null, "sorind": null, "hypcat": null}}, {"type": "Feature", "id": "layer-50672.148255", "geometry": {"type": "LineString", "coordinates": [[176.0881347, -37.6499137], [176.0878701, -37.6501944], [176.0871851, -37.6505575], [176.0856601, -37.6513169], [176.0847436, -37.6515919], [176.083901, -37.6517437], [176.0836611, -37.6517838], [176.0833665, -37.6518279], [176.0831179, -37.6518646], [176.0830121, -37.6518898], [176.0828687, -37.651923], [176.0827124, -37.6519522], [176.0825741, -37.6519631], [176.0820627, -37.6519849], [176.0814922, -37.6520146], [176.0812292, -37.6520324], [176.0809807, -37.6520582], [176.0807408, -37.6520914], [176.0805111, -37.6521275], [176.0802618, -37.6521572], [176.0801379, -37.6521681], [176.0798887, -37.6521532], [176.0796222, -37.6521567], [176.0793131, -37.652175], [176.0789998, -37.6522409], [176.0788161, -37.6522517], [176.0785301, -37.6522741], [176.0778487, -37.6523399], [176.0771853, -37.6523984], [176.0769504, -37.6524127], [176.0767891, -37.6524161], [176.0763137, -37.6524377], [176.0756688, -37.6524906], [176.0740361, -37.6527266], [176.0717329, -37.6529057], [176.0704218, -37.6530648], [176.0694877, -37.6530851], [176.0687669, -37.6529766], [176.0681228, -37.6528647], [176.0675812, -37.652746], [176.0669286, -37.6524917], [176.0664381, -37.6522034], [176.0648301, -37.6514777], [176.0635591, -37.6505112], [176.0630601, -37.650067], [176.0628366, -37.6498479], [176.0624206, -37.6494024], [176.0621353, -37.6491532], [176.0620338, -37.6490582], [176.0619466, -37.6489631], [176.0618638, -37.648868], [176.0617311, -37.6486474], [176.0616645, -37.6484073], [176.0616185, -37.6481102], [176.0615212, -37.6477317], [176.0613318, -37.6473492], [176.0612192, -37.6470765], [176.0609429, -37.6463887], [176.0608524, -37.6453117], [176.0608387, -37.6452058], [176.0608337, -37.6449893], [176.0608337, -37.6448724], [176.060843, -37.6447842], [176.0608524, -37.6447332], [176.0608524, -37.6447292], [176.0609497, -37.644389], [176.0609583, -37.6443489], [176.0610599, -37.6440665], [176.0611751, -37.6437297], [176.0612724, -37.6433488], [176.0613458, -37.6430344], [176.0613833, -37.6429353], [176.061415, -37.6428768], [176.0614474, -37.6428327], [176.0614798, -37.6427703], [176.0615447, -37.6426059], [176.0615857, -37.6424994], [176.0616505, -37.6423676], [176.0618349, -37.6420308], [176.0619776, -37.6418149], [176.0628031, -37.6408027], [176.0633411, -37.6402518], [176.0639881, -37.6395155], [176.0644871, -37.6391526], [176.0649122, -37.638791], [176.0649727, -37.6387509], [176.0650829, -37.6386592], [176.0652212, -37.6385458], [176.0660567, -37.6378875], [176.0666179, -37.637668], [176.0670314, -37.6374695], [176.0672022, -37.6373486], [176.067285, -37.6372902], [176.0673585, -37.6372243], [176.0678437, -37.6367139], [176.0681393, -37.6360431], [176.0681713, -37.6358707], [176.0685481, -37.635246], [176.0687116, -37.6344489], [176.0688978, -37.6341011], [176.0691665, -37.6338553], [176.069483, -37.6335475], [176.0696306, -37.6334999], [176.0698237, -37.6334524], [176.0699663, -37.6334341], [176.0702115, -37.6334567], [176.0705243, -37.6335415], [176.0713555, -37.6337418], [176.0723331, -37.6339128], [176.072937, -37.6341098], [176.0736491, -37.6342831], [176.0741756, -37.6344232], [176.0744816, -37.634461], [176.0746398, -37.6345049], [176.0747408, -37.6345866], [176.0747878, -37.634696], [176.0747009, -37.6347801], [176.0745274, -37.6348136], [176.0742255, -37.6348584], [176.0732647, -37.6349713], [176.0721354, -37.6350597], [176.0716294, -37.6351225], [176.071269, -37.6350872], [176.0709186, -37.635099], [176.070625, -37.6350873], [176.0704082, -37.6352456], [176.07042, -37.6354133], [176.0705468, -37.6355169], [176.0707317, -37.6356498], [176.0708418, -37.6357317], [176.0710622, -37.6357826], [176.0717802, -37.6358476], [176.0725118, -37.6358503], [176.0733471, -37.635815], [176.0742765, -37.6357768], [176.074831, -37.6357401], [176.0757267, -37.6356383], [176.0765868, -37.6354591], [176.0773204, -37.6352997], [176.0781244, -37.6351297]]}, "geometry_name": "shape", "properties": {"fidn": "8210829", "valdco": 2, "verdat": null, "inform": null, "ninfom": null, "ntxtds": null, "scamin": 21999, "txtdsc": null, "sordat": null, "sorind": null, "hypcat": null}}, {"type": "Feature", "id": "layer-50672.148230", "geometry": {"type": "LineString", "coordinates": [[176.0766584, -37.6558759], [176.0762827, -37.6558403], [176.0759244, -37.6558158], [176.0756185, -37.6558071], [176.0754666, -37.6558037], [176.0753513, -37.6558214], [176.0751981, -37.6559112], [176.0749509, -37.656027], [176.0747586, -37.6560882], [176.0741418, -37.6561838], [176.073143, -37.6562853], [176.0727702, -37.6563133], [176.0724289, -37.6563472], [176.0721602, -37.6563879], [176.0716727, -37.6564212], [176.0709461, -37.656496], [176.0702109, -37.6565231], [176.0693433, -37.6565503], [176.0689757, -37.6565639], [176.0683517, -37.6565367], [176.0679358, -37.6565086], [176.0676515, -37.6564691], [176.0673515, -37.6564042], [176.066984, -37.6563498], [176.0660947, -37.6562741], [176.0658316, -37.6562345], [176.0655224, -37.6561554], [176.0652168, -37.6560791], [176.0647085, -37.6560367], [176.064218, -37.6560339], [176.0638404, -37.6560276], [176.0636567, -37.6560276], [176.0634723, -37.6560127], [176.0632785, -37.6559869], [176.0630761, -37.6559503], [176.0628011, -37.6559017], [176.0625368, -37.6558474], [176.062089, -37.6557739], [176.0615844, -37.6554688], [176.061403, -37.655254], [176.0612039, -37.6551409], [176.0601578, -37.6547948], [176.0598616, -37.6546864], [176.0596572, -37.6546912], [176.0595062, -37.6546864], [176.0592218, -37.6545781], [176.0590617, -37.6544984], [176.0589108, -37.6544392], [176.0587202, -37.6543823], [176.0585166, -37.6543382], [176.0583479, -37.6543284], [176.0582059, -37.6543144], [176.0580559, -37.6542952], [176.057137, -37.654097], [176.0568811, -37.6540197], [176.0558858, -37.6536857], [176.0557308, -37.6536371], [176.0556156, -37.6536005], [176.0553837, -37.6535198], [176.0550408, -37.6533855], [176.0547132, -37.6531576], [176.0542851, -37.6528749], [176.0540274, -37.6527019], [176.0538278, -37.6525595], [176.0533825, -37.6523397], [176.053142, -37.6521566], [176.0529475, -37.6519653], [176.0522258, -37.6514037], [176.0515656, -37.6508177], [176.0511766, -37.6503335], [176.0509411, -37.6500649], [176.0506903, -37.6498574], [176.050414, -37.6495885], [176.0502988, -37.6494127], [176.0502894, -37.6494018], [176.0502707, -37.6493726], [176.050257, -37.6493468], [176.0502433, -37.6493176], [176.0501144, -37.6491091], [176.0499538, -37.6489075], [176.0497924, -37.6487208], [176.0496635, -37.6485375], [176.0495943, -37.6484241], [176.0495122, -37.6482592], [176.049291, -37.6477792], [176.0490749, -37.64727], [176.0489374, -37.6468966], [176.0488545, -37.646589], [176.0488178, -37.6464349], [176.0487947, -37.6462814], [176.0487628, -37.6458699], [176.0486989, -37.6449996], [176.0486903, -37.6445746], [176.0487381, -37.6442196], [176.0487793, -37.6440168], [176.0488368, -37.6437208], [176.0489395, -37.6431833], [176.0489626, -37.6428574], [176.0490966, -37.6424215], [176.0492169, -37.642052], [176.0493782, -37.6415686], [176.0495071, -37.6411401], [176.0496181, -37.6407815], [176.0496735, -37.640624], [176.0499549, -37.639884], [176.0500916, -37.6393324], [176.0503014, -37.638809], [176.0504597, -37.6385162], [176.0506268, -37.6381629], [176.0508197, -37.6376067], [176.0511735, -37.6369966], [176.0514064, -37.6366456], [176.0519655, -37.6353893], [176.0522441, -37.634974], [176.0525437, -37.6344997], [176.0527914, -37.6341692], [176.0529041, -37.633979], [176.0530448, -37.6337056], [176.0531548, -37.6335795], [176.0532988, -37.6334686], [176.0534181, -37.6333378], [176.0535477, -37.633148], [176.0536311, -37.6329877]]}, "geometry_name": "shape", "properties": {"fidn": "8210362", "valdco": 2, "verdat": null, "inform": null, "ninfom": null, "ntxtds": null, "scamin": 21999, "txtdsc": null, "sordat": null, "sorind": null, "hypcat": null}}, {"type": "Feature", "id": "layer-50672.148244", "geometry": {"type": "LineString", "coordinates": [[176.0662352, -37.6491789], [176.0661042, -37.6492391], [176.0659901, -37.6492654], [176.0659016, -37.6493432], [176.0658944, -37.649436], [176.0659688, -37.6495141], [176.0661563, -37.6495732], [176.0663313, -37.6495763], [176.0665801, -37.6494802], [176.0668716, -37.6492739], [176.0671911, -37.6488649], [176.0673834, -37.6487171], [176.0679357, -37.6482876], [176.0687276, -37.6476236], [176.069157, -37.6473323], [176.0693738, -37.6471317], [176.0693697, -37.6470454], [176.0693138, -37.6470065], [176.0691961, -37.6469876], [176.0687696, -37.6471345], [176.0684426, -37.6473945], [176.068333, -37.6475195], [176.0676544, -37.6481062], [176.0668779, -37.6486568], [176.0662352, -37.6491789]]}, "geometry_name": "shape", "properties": {"fidn": "8210338", "valdco": 2, "verdat": null, "inform": null, "ninfom": null, "ntxtds": null, "scamin": 21999, "txtdsc": null, "sordat": null, "sorind": null, "hypcat": null}}, {"type": "Feature", "id": "layer-50672.148273", "geometry": {"type": "LineString", "coordinates": [[176.0675356, -37.6510726], [176.0663936, -37.6509706], [176.0661609, -37.6509485], [176.0659912, -37.6508722], [176.0658548, -37.6507769], [176.0658548, -37.6506957], [176.0659822, -37.6506192], [176.0662392, -37.6506031], [176.0665694, -37.6505867], [176.0669969, -37.6505469], [176.0672038, -37.6505001], [176.0673852, -37.6503922], [176.0676095, -37.6502435], [176.0677097, -37.6502141], [176.0677697, -37.6502312], [176.0677939, -37.6503102], [176.0678063, -37.6504497], [176.067789, -37.6507181], [176.0677499, -37.6509566], [176.0676279, -37.6510773], [176.0675356, -37.6510726]]}, "geometry_name": "shape", "properties": {"fidn": "8228030", "valdco": 0.0, "verdat": null, "inform": null, "ninfom": null, "ntxtds": null, "scamin": 44999, "txtdsc": null, "sordat": null, "sorind": null, "hypcat": null}}, {"type": "Feature", "id": "layer-50672.138550", "geometry": {"type": "LineString", "coordinates": [[176.0882295, -37.6496311], [176.088679, -37.6492108], [176.0893718, -37.6488124], [176.0898967, -37.6485935]]}, "geometry_name": "shape", "properties": {"fidn": "8210657", "valdco": 2, "verdat": null, "inform": null, "ninfom": null, "ntxtds": null, "scamin": 21999, "txtdsc": null, "sordat": null, "sorind": null, "hypcat": null}}, {"type": "Feature", "id": "layer-50672.138549", "geometry": {"type": "LineString", "coordinates": [[176.0876903, -37.6498406], [176.0876025, -37.6497242], [176.0876008, -37.6495641], [176.0876439, -37.6494326], [176.0876886, -37.6493683], [176.0878057, -37.6493231], [176.0879606, -37.6493176], [176.088107, -37.6494176], [176.0881702, -37.6494945], [176.0882295, -37.6496311], [176.0882235, -37.6498148], [176.0881347, -37.6499137], [176.087951, -37.6499514], [176.0878029, -37.6499278], [176.0876903, -37.6498406]]}, "geometry_name": "shape", "properties": {"fidn": "8210653", "valdco": 0.0, "verdat": null, "inform": null, "ninfom": null, "ntxtds": null, "scamin": 44999, "txtdsc": null, "sordat": null, "sorind": null, "hypcat": null}}, {"type": "Feature", "id": "layer-50672.148256", "geometry": {"type": "LineString", "coordinates": [[176.0629729, -37.6531714], [176.0632465, -37.6531845], [176.0642256, -37.653348], [176.0645444, -37.6534003], [176.0662653, -37.6536336], [176.0670887, -37.6536854], [176.0676374, -37.6537498], [176.0696359, -37.6537561], [176.0720448, -37.6534249], [176.0728623, -37.6533005], [176.0736564, -37.6531792], [176.0745479, -37.6530695], [176.0754028, -37.6529271], [176.0763595, -37.6528353], [176.0776526, -37.6527345], [176.078573, -37.652665], [176.0792245, -37.6526388], [176.0807927, -37.6525287], [176.0825849, -37.6522897], [176.0838018, -37.6521405], [176.0845373, -37.6520208], [176.0861047, -37.651436], [176.0875881, -37.6507805], [176.0884298, -37.650235], [176.0894686, -37.6497369], [176.0906558, -37.6493186], [176.091699, -37.6491837], [176.0926497, -37.6488184], [176.0934477, -37.6483036], [176.0938689, -37.6477134], [176.0946103, -37.6472756], [176.0961401, -37.646631], [176.097131, -37.6462994], [176.0982007, -37.6461366], [176.0988271, -37.6461392], [176.0991612, -37.6462268], [176.0998805, -37.6462575], [176.1011374, -37.6461194], [176.1024612, -37.6459184], [176.1034844, -37.6457346], [176.1037017, -37.6458016], [176.1037772, -37.6459691], [176.1037547, -37.6462637], [176.1032286, -37.6465491], [176.1025708, -37.6467855], [176.1015918, -37.6469107], [176.0999217, -37.6471829], [176.0992881, -37.6470809], [176.0988103, -37.6470999], [176.0973505, -37.6476402], [176.0971388, -37.6477244], [176.0964435, -37.648315], [176.0959845, -37.6486885], [176.0953928, -37.6492939], [176.094048, -37.6504565], [176.093584, -37.6507489], [176.0925068, -37.6517965], [176.0911947, -37.6526505], [176.0906048, -37.6530175], [176.0899566, -37.6532683], [176.0887278, -37.6535806], [176.0869236, -37.6540278], [176.0846524, -37.65461], [176.083071, -37.6548126], [176.0795309, -37.6550988], [176.0772751, -37.6552738], [176.075056, -37.6554925], [176.0723601, -37.655755], [176.0698683, -37.6560698], [176.0667299, -37.6558133], [176.0643091, -37.6554925], [176.063226, -37.6552316], [176.0623557, -37.6546915], [176.0621168, -37.6544565], [176.0617826, -37.6541684], [176.0615459, -37.6539558], [176.0614464, -37.6536703], [176.0616632, -37.6534641], [176.0620318, -37.6532496], [176.0623579, -37.6531583], [176.0629729, -37.6531714]]}, "geometry_name": "shape", "properties": {"fidn": "8211000", "valdco": 5, "verdat": null, "inform": null, "ninfom": null, "ntxtds": null, "scamin": 21999, "txtdsc": null, "sordat": null, "sorind": null, "hypcat": null}}, {"type": "Feature", "id": "layer-50672.148262", "geometry": {"type": "LineString", "coordinates": [[176.0548094, -37.6529554], [176.0550906, -37.6531817], [176.056045, -37.6535927], [176.0565061, -37.6537225], [176.0572849, -37.6539373], [176.0574077, -37.6539799], [176.0575802, -37.653956], [176.0577021, -37.6539367], [176.0577943, -37.6538842], [176.0578108, -37.6538119], [176.0577793, -37.6537415], [176.057687, -37.6536546], [176.0569304, -37.6533697], [176.0566314, -37.6531975], [176.0555479, -37.6527606], [176.0552696, -37.6525234], [176.0548874, -37.6522124], [176.0543382, -37.6518689], [176.0537441, -37.6514069], [176.0531305, -37.6508176], [176.0523305, -37.6501133], [176.0522228, -37.6500943], [176.0521099, -37.6501119], [176.0520249, -37.6501427], [176.0519924, -37.6502024], [176.0519641, -37.650274], [176.0520072, -37.6504297], [176.0526781, -37.6510973], [176.0533644, -37.6518293], [176.0541549, -37.652483], [176.0548094, -37.6529554]]}, "geometry_name": "shape", "properties": {"fidn": "8213975", "valdco": 5, "verdat": null, "inform": null, "ninfom": null, "ntxtds": null, "scamin": 21999, "txtdsc": null, "sordat": null, "sorind": null, "hypcat": null}}, {"type": "Feature", "id": "layer-50672.148261", "geometry": {"type": "LineString", "coordinates": [[176.0503316, -37.6486396], [176.0502687, -37.6485103], [176.0503124, -37.6483948], [176.050402, -37.6483111], [176.0505293, -37.6482956], [176.0506681, -37.6482812], [176.0507589, -37.6483275], [176.0508695, -37.6484499], [176.0511276, -37.6489052], [176.0512968, -37.6490984], [176.0513749, -37.649328], [176.0514096, -37.649414], [176.0514591, -37.6494468], [176.0516413, -37.6495668], [176.0517048, -37.649607], [176.0518659, -37.649813], [176.0519206, -37.6499059], [176.0518795, -37.6500059], [176.0517424, -37.6500909], [176.0516141, -37.6501288], [176.0514669, -37.6500821], [176.0512665, -37.6499062], [176.0511102, -37.649721], [176.0508531, -37.6493662], [176.0507232, -37.6491929], [176.0505637, -37.6489977], [176.0503316, -37.6486396]]}, "geometry_name": "shape", "properties": {"fidn": "8213974", "valdco": 5, "verdat": null, "inform": null, "ninfom": null, "ntxtds": null, "scamin": 21999, "txtdsc": null, "sordat": null, "sorind": null, "hypcat": null}}, {"type": "Feature", "id": "layer-50672.148263", "geometry": {"type": "LineString", "coordinates": [[176.0496679, -37.6463994], [176.0496047, -37.6464531], [176.0495647, -37.646572], [176.0495712, -37.6469583], [176.0496514, -37.6472774], [176.049706, -37.6474667], [176.0497469, -37.6475206], [176.0499466, -37.6475599], [176.0501663, -37.6475332], [176.0502175, -37.6474359], [176.0502047, -37.6472973], [176.050133, -37.6471394], [176.0499766, -37.6466009], [176.0499723, -37.6464687], [176.0499312, -37.6464185], [176.0497924, -37.6463875], [176.0496679, -37.6463994]]}, "geometry_name": "shape", "properties": {"fidn": "8213981", "valdco": 5, "verdat": null, "inform": null, "ninfom": null, "ntxtds": null, "scamin": 21999, "txtdsc": null, "sordat": null, "sorind": null, "hypcat": null}}, {"type": "Feature", "id": "layer-50672.148264", "geometry": {"type": "LineString", "coordinates": [[176.0494739, -37.6445715], [176.0495078, -37.6447202], [176.0496314, -37.6448067], [176.0497815, -37.6447961], [176.0498417, -37.6447013], [176.0498664, -37.6445755], [176.049917, -37.6438129], [176.0501917, -37.6428028], [176.0503727, -37.6421191], [176.0503852, -37.6420282], [176.0503243, -37.6419764], [176.0502247, -37.6419782], [176.0501505, -37.6421001], [176.049854, -37.6427069], [176.0498256, -37.6429079], [176.0496597, -37.643765], [176.0494739, -37.6445715]]}, "geometry_name": "shape", "properties": {"fidn": "8213983", "valdco": 5, "verdat": null, "inform": null, "ninfom": null, "ntxtds": null, "scamin": 21999, "txtdsc": null, "sordat": null, "sorind": null, "hypcat": null}}, {"type": "Feature", "id": "layer-50672.148270", "geometry": {"type": "LineString", "coordinates": [[176.0486684, -37.6579167], [176.0488005, -37.6578716], [176.0501648, -37.6573665], [176.0510111, -37.6570812], [176.0516343, -37.656917], [176.0517956, -37.6568546], [176.0520398, -37.6567629], [176.0526224, -37.6565937], [176.0529381, -37.656456], [176.0533112, -37.6563391], [176.0536206, -37.6562005], [176.0538753, -37.6561392], [176.0541715, -37.6560521], [176.0548676, -37.6558519], [176.0555784, -37.6558472], [176.0559325, -37.6557281], [176.0561717, -37.6556737], [176.0563748, -37.6556445], [176.056771, -37.6556004], [176.0571631, -37.6555929], [176.0574813, -37.6555424], [176.0575645, -37.6554978], [176.0576144, -37.6554448], [176.057625, -37.6553945], [176.0576216, -37.6552966], [176.0576514, -37.655146], [176.0577007, -37.6550645], [176.0578446, -37.6549751], [176.0579714, -37.654909], [176.058085, -37.6548319], [176.0581157, -37.6547247], [176.0580677, -37.6546594], [176.0579667, -37.6546363], [176.0576189, -37.6545723], [176.0572608, -37.6543849], [176.0570353, -37.6542726], [176.0567247, -37.6541823], [176.0565499, -37.6541847], [176.0563011, -37.6542106], [176.0559753, -37.6542342], [176.0557946, -37.6541164], [176.0556846, -37.6540136], [176.0556016, -37.6537899], [176.0554654, -37.653764], [176.0553647, -37.653757], [176.0552842, -37.6537906], [176.0552381, -37.653813], [176.0551827, -37.6538422], [176.0550861, -37.6538748], [176.0549385, -37.6538972], [176.0547901, -37.6538771], [176.0546716, -37.6538252], [176.0545561, -37.6537216], [176.0543873, -37.6533237], [176.0538897, -37.6530316], [176.0534602, -37.6527255], [176.0533417, -37.6526289], [176.0531225, -37.6525347], [176.0529211, -37.652417], [176.0527493, -37.652311], [176.0526101, -37.6521344], [176.0520385, -37.6515857], [176.0514135, -37.6510181], [176.0513157, -37.6508392], [176.0511854, -37.6507285], [176.0508745, -37.6502893], [176.0507597, -37.6501721], [176.0503051, -37.6499758], [176.0502002, -37.6498842], [176.050131, -37.6497772], [176.0500981, -37.6496071], [176.0501084, -37.6495123], [176.0499726, -37.6493553], [176.049913, -37.6492555], [176.0498431, -37.6491803], [176.0497937, -37.6490674], [176.0497279, -37.6489889], [176.0495839, -37.6488973], [176.0494884, -37.6487976], [176.0493415, -37.6485192], [176.0491852, -37.6482002], [176.0490562, -37.6479402], [176.0489597, -37.6477242], [176.0488769, -37.6475226], [176.0488034, -37.647321], [176.0487678, -37.6469014], [176.0486765, -37.6466502], [176.0486111, -37.6463396], [176.0485642, -37.6459733], [176.0485407, -37.6454435], [176.0485407, -37.6452094], [176.0484682, -37.6447346], [176.0485151, -37.6441988], [176.0485493, -37.6437986], [176.0485851, -37.6431025], [176.0486543, -37.6427033], [176.0488073, -37.6421884], [176.0488543, -37.6418594], [176.048978, -37.6413405], [176.0490334, -37.6410352], [176.0492339, -37.6406893], [176.0494343, -37.6401059], [176.0496135, -37.6394445], [176.049831, -37.639085], [176.0500187, -37.6385966], [176.0502063, -37.638003], [176.0504964, -37.6375722], [176.0506798, -37.6370533], [176.0509357, -37.6367107], [176.0510831, -37.6365034], [176.0511791, -37.6362547], [176.0512641, -37.6360561], [176.0514299, -37.6358323], [176.0517804, -37.6353694], [176.0518985, -37.635094], [176.0520377, -37.6349174], [176.0522836, -37.6343497], [176.0525229, -37.6340397], [176.0525934, -37.6339092], [176.0526266, -37.6336727], [176.0526942, -37.6335199], [176.052793, -37.633425], [176.0529857, -37.6333771], [176.0531957, -37.6333299], [176.0534667, -37.6331286], [176.0536311, -37.6329877], [176.0536314, -37.6329874], [176.0536878, -37.6329391], [176.0537363, -37.6328497], [176.0537641, -37.6327985], [176.0538054, -37.6327203], [176.0537958, -37.6325465], [176.0538592, -37.6323693], [176.0538734, -37.6321014], [176.0539647, -37.6318717], [176.054056, -37.6315459], [176.0541128, -37.6311395], [176.054093, -37.6305624], [176.0540876, -37.6293263], [176.0539973, -37.6283153], [176.0539826, -37.6279002], [176.0539919, -37.6275673], [176.053982, -37.6272703], [176.0540659, -37.6269052], [176.054135, -37.6264438], [176.054135, -37.6263437], [176.0540936, -37.6261631], [176.0540581, -37.6260387], [176.053892, -37.6259511], [176.0533796, -37.6258946], [176.0528138, -37.6258121], [176.0520576, -37.625771], [176.0517298, -37.6257532], [176.0514602, -37.6257344], [176.0512352, -37.6257242], [176.0509356, -37.6257569], [176.050641, -37.6258004], [176.0503694, -37.6258554], [176.0501346, -37.6259139], [176.0499091, -37.6259872], [176.0496555, -37.6260857], [176.0492918, -37.6262616], [176.0487205, -37.6265653], [176.048334, -37.6267588]]}, "geometry_name": "shape", "properties": {"fidn": "8214778", "valdco": 0.0, "verdat": null, "inform": null, "ninfom": null, "ntxtds": null, "scamin": 44999, "txtdsc": null, "sordat": null, "sorind": null, "hypcat": null}}, {"type": "Feature", "id": "layer-50672.148224", "geometry": {"type": "LineString", "coordinates": [[176.0571924, -37.6468283], [176.0571966, -37.6459329], [176.0576087, -37.6442971], [176.0577168, -37.6439044], [176.0579199, -37.6434433], [176.0581043, -37.6430366], [176.05827, -37.6426305], [176.0583946, -37.6423229], [176.0584825, -37.6421213], [176.0585747, -37.6419346], [176.0586208, -37.6418429], [176.0587822, -37.6415869], [176.0589017, -37.6414145], [176.0591229, -37.6411441], [176.059455, -37.6407523], [176.0597309, -37.6404189], [176.0599289, -37.6401554], [176.0601364, -37.639877], [176.0603532, -37.6396101], [176.06057, -37.6393644], [176.060758, -37.6390659], [176.0618072, -37.6375599], [176.0623702, -37.6372207], [176.063037, -37.6369668], [176.0636379, -37.6367288], [176.0638673, -37.6366242], [176.0639805, -37.6364934], [176.0648323, -37.6354251], [176.0657066, -37.6342888], [176.0659981, -37.6333843], [176.0659874, -37.6324034], [176.0657209, -37.6313999], [176.0653086, -37.6306141], [176.0651024, -37.6301307], [176.0650543, -37.6299647], [176.0650181, -37.6298629], [176.0649915, -37.6297392], [176.0647849, -37.6293897], [176.0646643, -37.6291599], [176.0644476, -37.6288523], [176.0640522, -37.6285219], [176.0638572, -37.6283118], [176.0634395, -37.6279065], [176.0631516, -37.6277002], [176.0628131, -37.6274127], [176.0618604, -37.6267158], [176.0613988, -37.6264665], [176.0607892, -37.6259776], [176.0605571, -37.6258186], [176.0602856, -37.6257558], [176.0598907, -37.6257106], [176.0594672, -37.6256939], [176.0589923, -37.6256675], [176.0585652, -37.625587], [176.0581407, -37.6255045], [176.0579523, -37.625459], [176.0574854, -37.6253753], [176.0571406, -37.6252282], [176.0569145, -37.6252006], [176.0565586, -37.6251679], [176.0562563, -37.6252546], [176.0560938, -37.6253233], [176.0559477, -37.625644], [176.0559108, -37.6259491], [176.0559189, -37.6261066], [176.0559535, -37.6261866], [176.0561916, -37.6264749], [176.0561658, -37.6266223], [176.0560382, -37.626794], [176.0556248, -37.6267548], [176.0553627, -37.6267617], [176.055271, -37.6268594], [176.0552049, -37.6271009], [176.0552177, -37.6277188], [176.0551893, -37.6281626], [176.0551929, -37.6284509], [176.055367, -37.6288467], [176.0555802, -37.6298588], [176.0555696, -37.6303445], [176.0555781, -37.6307355], [176.0556485, -37.6311377], [176.0556516, -37.6314785], [176.0556696, -37.6318996], [176.055632, -37.6320733], [176.0555683, -37.6323187], [176.0554622, -37.6327308], [176.0551899, -37.6334045], [176.0547663, -37.6339247], [176.0543925, -37.634525], [176.0542729, -37.6347043], [176.0541994, -37.6347994], [176.0541533, -37.6348544], [176.0541115, -37.6349203], [176.0540705, -37.634997], [176.054038, -37.6350813], [176.0540013, -37.6351695], [176.0539502, -37.6352571], [176.0538861, -37.6353448], [176.0538119, -37.6354255], [176.0537333, -37.6355206], [176.053631, -37.6358424], [176.053469, -37.6363444], [176.0533415, -37.6365901], [176.053263, -37.6367838], [176.0532125, -37.6368938], [176.053093, -37.6371063], [176.0528625, -37.6374866], [176.0527746, -37.6376808], [176.0526824, -37.6379117], [176.0520487, -37.6398345], [176.0518908, -37.6403975], [176.0517074, -37.6408147], [176.0513876, -37.6419034], [176.0510933, -37.642948], [176.0510225, -37.6432006], [176.050904, -37.6438931], [176.0508773, -37.6440391], [176.0508203, -37.6443996], [176.0508003, -37.6458569], [176.0508607, -37.6464872], [176.0509482, -37.6471162], [176.0509125, -37.6477907], [176.0509262, -37.6478898], [176.0509442, -37.6479591], [176.0509903, -37.6480656], [176.0510595, -37.6481607], [176.0511005, -37.6482122], [176.0512388, -37.6483222], [176.0515075, -37.6485601], [176.0517321, -37.6487701], [176.0519433, -37.6490796], [176.0520519, -37.6493897], [176.0521606, -37.6495684], [176.0525819, -37.6500448], [176.053307, -37.65074], [176.0541131, -37.6513775], [176.0547973, -37.6517621], [176.0552391, -37.6519644], [176.0562307, -37.6523403], [176.0566608, -37.6524477], [176.0577305, -37.6526274], [176.0578918, -37.6526418], [176.0580345, -37.6526458], [176.0581497, -37.6526458], [176.0582462, -37.6526383], [176.0583248, -37.6526274], [176.0583982, -37.6526091], [176.058458, -37.6525948], [176.0585135, -37.6525725], [176.0586151, -37.6525175], [176.0587159, -37.6524482], [176.058762, -37.6524041], [176.0587944, -37.6523565], [176.0588131, -37.6523016], [176.0588218, -37.6522397], [176.0588038, -37.652159], [176.0587483, -37.6520416], [176.0586518, -37.6518881], [176.0585185, -37.6517008], [176.0581684, -37.6512506], [176.0578035, -37.6506347], [176.057299, -37.6497259], [176.0571096, -37.6487256], [176.0569687, -37.647965], [176.0569773, -37.6476963], [176.0571924, -37.6468283]]}, "geometry_name": "shape", "properties": {"fidn": "8190238", "valdco": 2, "verdat": null, "inform": null, "ninfom": null, "ntxtds": null, "scamin": 21999, "txtdsc": null, "sordat": null, "sorind": null, "hypcat": null}}, {"type": "Feature", "id": "layer-50672.148221", "geometry": {"type": "LineString", "coordinates": [[176.0553098, -37.6459344], [176.0553866, -37.6454562], [176.0555145, -37.6451815], [176.0556343, -37.6449251], [176.0557316, -37.6447825], [176.0558187, -37.6446765], [176.0561671, -37.6443404], [176.0565808, -37.6437638], [176.0566716, -37.6435928], [176.0569306, -37.643211], [176.0573272, -37.642821], [176.0577132, -37.6424755], [176.0578218, -37.6420575], [176.058039, -37.6416335], [176.0583525, -37.6411762], [176.0587285, -37.6409446], [176.059051, -37.6402852], [176.0592756, -37.6400455], [176.0595335, -37.6397636], [176.0597777, -37.6394778], [176.0603034, -37.638963], [176.0605774, -37.6385489], [176.0608005, -37.638343], [176.0610908, -37.6380429], [176.0612092, -37.6378736], [176.0613104, -37.6376931], [176.0617177, -37.6371062], [176.061943, -37.6368273], [176.0620941, -37.636328], [176.0621262, -37.6360944], [176.0622397, -37.6358373], [176.0622614, -37.6356301], [176.0622801, -37.6354359], [176.0622895, -37.6353041], [176.0622801, -37.6351099], [176.0622347, -37.6346046], [176.0622328, -37.634043], [176.0622612, -37.6335229], [176.0623039, -37.6333306], [176.0622968, -37.6327597], [176.0623536, -37.6318608], [176.0623714, -37.6316205], [176.0622549, -37.6308913], [176.0620444, -37.6305096], [176.0613584, -37.6297548], [176.061234, -37.6290029], [176.0609532, -37.6288248], [176.0605836, -37.6286495], [176.0598895, -37.6281281], [176.0595763, -37.6278839], [176.0591157, -37.627283], [176.0588313, -37.6272078], [176.0586465, -37.6272502], [176.0581915, -37.6274933], [176.0579072, -37.6277195], [176.0578788, -37.6279767], [176.057759, -37.6289212], [176.0578954, -37.629871], [176.0577291, -37.6306376], [176.0576395, -37.6311024], [176.0573794, -37.6315976], [176.0570527, -37.6322591], [176.0567151, -37.6326718], [176.0563774, -37.6330195], [176.0560412, -37.6333723], [176.0559675, -37.633405], [176.0558869, -37.6334096], [176.0557241, -37.6333259], [176.0556247, -37.6333245], [176.0555887, -37.6333641], [176.0556195, -37.6334609], [176.055599, -37.6337742], [176.0555633, -37.6339103], [176.0554566, -37.6340007], [176.0552436, -37.6341049], [176.0550268, -37.634348], [176.0546962, -37.6348087], [176.0545778, -37.6349111], [176.054405, -37.6350796], [176.0543515, -37.6352695], [176.0541346, -37.6354622], [176.0540236, -37.6355321], [176.0539826, -37.6355682], [176.0539639, -37.635598], [176.0539143, -37.6357189], [176.0538787, -37.6359055], [176.0538076, -37.6361796], [176.0537543, -37.6364312], [176.0536384, -37.6366594], [176.053549, -37.6368412], [176.0535248, -37.6369891], [176.0534558, -37.6372537], [176.0533314, -37.6374855], [176.0532372, -37.6376836], [176.0531981, -37.6378587], [176.0531384, -37.6381316], [176.0530548, -37.6383327], [176.0529676, -37.638512], [176.0528835, -37.6386981], [176.0527769, -37.6389751], [176.052688, -37.6392605], [176.0525831, -37.6393733], [176.0524988, -37.6395123], [176.0524925, -37.6397976], [176.052457, -37.6400011], [176.0524042, -37.6401879], [176.0523013, -37.6404021], [176.0523006, -37.6407048], [176.0521758, -37.6410858], [176.0521371, -37.6413436], [176.0520812, -37.6416845], [176.0519763, -37.6420051], [176.051999, -37.6421277], [176.0520607, -37.6423812], [176.0519644, -37.6428608], [176.0519485, -37.6431639], [176.0519053, -37.6432735], [176.051823, -37.6434272], [176.0518025, -37.6435319], [176.0518539, -37.6439146], [176.0518971, -37.6441534], [176.0518621, -37.6443988], [176.0518025, -37.6446196], [176.0518004, -37.6449401], [176.0518313, -37.6456287], [176.0518907, -37.6458728], [176.0519238, -37.6461848], [176.0519197, -37.6464497], [176.0519259, -37.6466591], [176.0520185, -37.6471056], [176.0519905, -37.647404], [176.0521952, -37.6482464], [176.0524562, -37.6486371], [176.0528094, -37.6490237], [176.0530166, -37.6494005], [176.0531232, -37.6496007], [176.0534594, -37.6500045], [176.0538163, -37.6503779], [176.0541421, -37.6505757], [176.0542783, -37.6505097], [176.0542476, -37.650387], [176.0539259, -37.6501141], [176.0536539, -37.6498132], [176.0535292, -37.6494843], [176.0533375, -37.6490715], [176.053301, -37.6488592], [176.0533121, -37.6487241], [176.0535062, -37.6483524], [176.0537742, -37.6480702], [176.0539979, -37.6477682], [176.0543931, -37.647265], [176.0547829, -37.6467105], [176.0551985, -37.6461931], [176.0553098, -37.6459344]]}, "geometry_name": "shape", "properties": {"fidn": "8189668", "valdco": 0.0, "verdat": null, "inform": null, "ninfom": null, "ntxtds": null, "scamin": 44999, "txtdsc": null, "sordat": null, "sorind": null, "hypcat": null}}, {"type": "Feature", "id": "layer-50672.138552", "geometry": {"type": "LineString", "coordinates": [[176.0541366, -37.6188333], [176.0544493, -37.6193505], [176.0547628, -37.6197216], [176.0555356, -37.6205155], [176.0560372, -37.6208412], [176.0564774, -37.6211058], [176.0572553, -37.6218101], [176.0580077, -37.6223922], [176.0582022, -37.6225429], [176.0584069, -37.6226854], [176.0585661, -37.6228188], [176.0587754, -37.6229255], [176.0595022, -37.6234141], [176.0602597, -37.6239229], [176.0606896, -37.6242608], [176.061703, -37.6250546], [176.0628674, -37.6260975], [176.0631229, -37.6263103], [176.0637769, -37.6269587], [176.06447, -37.6274652], [176.0647396, -37.6276796], [176.0649202, -37.6278613], [176.0650032, -37.6280871], [176.0650506, -37.6283792], [176.0651157, -37.6287326], [176.0651927, -37.6289493], [176.0660107, -37.6294288], [176.0663604, -37.6295885], [176.0667814, -37.6297173], [176.0669304, -37.6298461], [176.0670016, -37.630083], [176.0669822, -37.6302427], [176.0668656, -37.630423], [176.0665936, -37.6305157], [176.0665043, -37.6305498], [176.0664266, -37.6305838], [176.0663604, -37.6306179], [176.0663057, -37.6306521], [176.0662626, -37.6306863], [176.0662309, -37.6307204], [176.0662093, -37.6307559], [176.0661929, -37.6307964], [176.0661812, -37.6308424], [176.0661743, -37.6308938], [176.0661721, -37.6309506], [176.0661748, -37.6310129], [176.066183, -37.6310809], [176.066207, -37.6311585], [176.0662499, -37.6312471], [176.0663118, -37.6313466], [176.0663926, -37.631457], [176.0664923, -37.6315782], [176.066611, -37.6317104], [176.066752, -37.6326678], [176.0665743, -37.633578], [176.066391, -37.6345215], [176.0660112, -37.6354682], [176.0657953, -37.6358706], [176.0653695, -37.6370789], [176.0650692, -37.6375914], [176.0647026, -37.6379432], [176.0638632, -37.638526], [176.0633014, -37.6387491], [176.0628177, -37.6389493], [176.0623487, -37.6391908], [176.0615908, -37.6398635], [176.0603686, -37.640899], [176.0595333, -37.6419539], [176.0591429, -37.6426313], [176.058956, -37.6431065], [176.0588209, -37.6434435], [176.0586573, -37.6438172], [176.0585512, -37.6441499], [176.0584039, -37.6445388], [176.058283, -37.6447687], [176.0582599, -37.6448638], [176.0582506, -37.6449778], [176.0582318, -37.6450838], [176.0582225, -37.6451938], [176.0582181, -37.6454612], [176.0582037, -37.6460798], [176.0581987, -37.6464349], [176.0582037, -37.6465449], [176.0582037, -37.6465816], [176.0582081, -37.64675], [176.0582174, -37.6468708], [176.0582398, -37.6469659], [176.0585324, -37.6473925], [176.0588858, -37.6479973], [176.0590711, -37.6487256], [176.059203, -37.6489065], [176.0594044, -37.6489235], [176.0598985, -37.6488557], [176.0601825, -37.6486693], [176.0602243, -37.6485708], [176.0602567, -37.6484682], [176.0602797, -37.6483434], [176.0602841, -37.6482116], [176.0602754, -37.6480834], [176.0602336, -37.6477649], [176.0601832, -37.6474356], [176.0601097, -37.6470913], [176.0598763, -37.6466351], [176.0597874, -37.6463044], [176.0598206, -37.6457519], [176.0599361, -37.6454669], [176.0600694, -37.645229], [176.06025, -37.644791], [176.060333, -37.6444141], [176.0605018, -37.6439714], [176.061106, -37.6427443], [176.0613371, -37.6422355], [176.0618043, -37.6414725], [176.0619135, -37.6413205], [176.0622479, -37.6409604], [176.0624847, -37.6406286], [176.062757, -37.6403284], [176.063037, -37.640065], [176.0632929, -37.639892], [176.0637237, -37.6396342], [176.0639881, -37.6395155]]}, "geometry_name": "shape", "properties": {"fidn": "8210826", "valdco": 5, "verdat": null, "inform": null, "ninfom": null, "ntxtds": null, "scamin": 21999, "txtdsc": null, "sordat": null, "sorind": null, "hypcat": null}}, {"type": "Feature", "id": "layer-50672.148223", "geometry": {"type": "LineString", "coordinates": [[176.051801, -37.6373149], [176.051758, -37.6376267], [176.0516877, -37.6378652], [176.0516703, -37.6381127], [176.0516877, -37.6382332], [176.0517837, -37.6383546], [176.0519448, -37.6382959], [176.0520494, -37.6381801], [176.0521836, -37.6379554], [176.0523525, -37.637585], [176.0524762, -37.6372573], [176.0528413, -37.6367652], [176.052982, -37.6365186], [176.0531258, -37.6362308], [176.0533212, -37.6358314], [176.0535029, -37.6355438], [176.0537514, -37.6350872], [176.0538834, -37.6348159], [176.05406, -37.6345133], [176.0543445, -37.6341234], [176.0544663, -37.6339543], [176.0546633, -37.6336668], [176.0548673, -37.6333355], [176.0550456, -37.6330397], [176.0551176, -37.6329034], [176.0551981, -37.6326635], [176.0552691, -37.6324299], [176.0552904, -37.6322895], [176.0553054, -37.632083], [176.0552548, -37.6318983], [176.0551976, -37.6318158], [176.0551959, -37.6315432], [176.0551787, -37.6314396], [176.0551222, -37.6309215], [176.055052, -37.6306133], [176.0550532, -37.6305045], [176.0549988, -37.6304649], [176.0549187, -37.6304534], [176.0548021, -37.6305253], [176.0547759, -37.6307661], [176.0547755, -37.6309791], [176.0547845, -37.6312937], [176.0548206, -37.6315155], [176.0548036, -37.6316649], [176.0547022, -37.631993], [176.0546885, -37.6320994], [176.0547211, -37.6323543], [176.0546963, -37.6324384], [176.0546371, -37.6324824], [176.0545435, -37.6324937], [176.0542439, -37.6325907], [176.0540118, -37.6328218], [176.0538343, -37.6331492], [176.0537509, -37.6333425], [176.0535496, -37.6335997], [176.0533178, -37.6338835], [176.0531909, -37.6340485], [176.053083, -37.6342447], [176.0529923, -37.6345242], [176.0528207, -37.6349386], [176.0526494, -37.6355132], [176.0525061, -37.6358918], [176.0524385, -37.6360945], [176.0523459, -37.6363276], [176.0522088, -37.636513], [176.051984, -37.6368971], [176.051801, -37.6373149]]}, "geometry_name": "shape", "properties": {"fidn": "8190162", "valdco": 5, "verdat": null, "inform": null, "ninfom": null, "ntxtds": null, "scamin": 21999, "txtdsc": null, "sordat": null, "sorind": null, "hypcat": null}}, {"type": "Feature", "id": "layer-50672.138539", "geometry": {"type": "LineString", "coordinates": [[176.0562446, -37.6323938], [176.0560929, -37.6323501], [176.0559191, -37.6323359], [176.0557918, -37.632371], [176.0556431, -37.6325423], [176.0555791, -37.6326882], [176.0555791, -37.6328714], [176.0556621, -37.632969], [176.0557657, -37.6330141], [176.0558966, -37.6330225], [176.0560142, -37.6330104], [176.0561187, -37.6328826], [176.0561138, -37.6327688], [176.0561508, -37.6326215], [176.0562643, -37.6324802], [176.0562446, -37.6323938]]}, "geometry_name": "shape", "properties": {"fidn": "8190159", "valdco": 0.0, "verdat": null, "inform": null, "ninfom": null, "ntxtds": null, "scamin": 44999, "txtdsc": null, "sordat": null, "sorind": null, "hypcat": null}}, {"type": "Feature", "id": "layer-50672.148226", "geometry": {"type": "LineString", "coordinates": [[176.0538054, -37.6327203], [176.0538526, -37.6326907], [176.0539022, -37.6326348], [176.0539374, -37.6325637], [176.0539717, -37.6324967], [176.0540302, -37.6322877], [176.0541473, -37.6318923], [176.0542525, -37.631545], [176.0543485, -37.6309465], [176.0543965, -37.6302963], [176.0544115, -37.6296548], [176.0544479, -37.6287173], [176.054572, -37.6280899], [176.0545994, -37.6277988], [176.0545676, -37.6272355], [176.0546383, -37.6266727], [176.0546472, -37.6263773], [176.0547975, -37.6259833], [176.0549293, -37.6258014], [176.0550466, -37.6256261], [176.055047, -37.625478], [176.0549162, -37.6253838], [176.0547435, -37.6253543], [176.0542138, -37.6253362], [176.0537722, -37.6252919], [176.053282, -37.6252462], [176.0527715, -37.6251628], [176.0523572, -37.6250304], [176.0521115, -37.6249133], [176.0521046, -37.6249096], [176.0519104, -37.6248055], [176.0515947, -37.6246878], [176.0512529, -37.6246169], [176.050866, -37.6245925], [176.0504914, -37.6245778], [176.050129, -37.6246316], [176.0496622, -37.6247146], [176.0491268, -37.6248115], [176.0490116, -37.6248293], [176.0489194, -37.6248516], [176.0487076, -37.6249026], [176.048334, -37.6249623]]}, "geometry_name": "shape", "properties": {"fidn": "8190995", "valdco": 2, "verdat": null, "inform": null, "ninfom": null, "ntxtds": null, "scamin": 21999, "txtdsc": null, "sordat": null, "sorind": null, "hypcat": null}}, {"type": "Feature", "id": "layer-50672.148257", "geometry": {"type": "LineString", "coordinates": [[176.0836606, -37.6283659], [176.0836095, -37.6282667], [176.0836661, -37.6281658], [176.0837861, -37.6281208], [176.0839866, -37.6281835], [176.0841992, -37.6282694], [176.0843895, -37.6283893], [176.0845437, -37.6284807], [176.0846291, -37.628584], [176.0845639, -37.6286904], [176.0844309, -37.6286553], [176.0842804, -37.6285297], [176.0841629, -37.6285036], [176.0840874, -37.6284886], [176.0838629, -37.6284259], [176.0836606, -37.6283659]]}, "geometry_name": "shape", "properties": {"fidn": "8211326", "valdco": 2, "verdat": null, "inform": null, "ninfom": null, "ntxtds": null, "scamin": 21999, "txtdsc": null, "sordat": null, "sorind": null, "hypcat": null}}, {"type": "Feature", "id": "layer-50672.138545", "geometry": {"type": "LineString", "coordinates": [[176.0827781, -37.6275972], [176.0829642, -37.6276851], [176.0830856, -37.6278332], [176.0830653, -37.6279855], [176.0830897, -37.6280712], [176.0831246, -37.6281595], [176.0830876, -37.6282282], [176.0829848, -37.6282512], [176.082881, -37.6282186], [176.0827493, -37.6281016], [176.0826556, -37.6280696], [176.0825401, -37.628035], [176.0823723, -37.6279643], [176.0822138, -37.6279222], [176.0820353, -37.6278849], [176.0819595, -37.6278643], [176.0818164, -37.6278062], [176.0816018, -37.6277148], [176.0813459, -37.6275734], [176.0811911, -37.6274872], [176.0811099, -37.6274804], [176.0809628, -37.6274708], [176.0808057, -37.6274249], [176.0806272, -37.6272639], [176.0805424, -37.6271061], [176.0805434, -37.6270069], [176.0805309, -37.626931], [176.0805885, -37.6268606], [176.0806954, -37.6268622], [176.0808177, -37.6268848], [176.0809237, -37.6269228], [176.0812908, -37.6270498], [176.0816951, -37.6271894], [176.081932, -37.6272736], [176.0822228, -37.627369], [176.0825487, -37.6274904], [176.0827781, -37.6275972]]}, "geometry_name": "shape", "properties": {"fidn": "8210310", "valdco": 2, "verdat": null, "inform": null, "ninfom": null, "ntxtds": null, "scamin": 21999, "txtdsc": null, "sordat": null, "sorind": null, "hypcat": null}}, {"type": "Feature", "id": "layer-50672.148253", "geometry": {"type": "LineString", "coordinates": [[176.0576344, -37.6188333], [176.057827, -37.6189301], [176.0585746, -37.6194368], [176.0591575, -37.6198532], [176.0593599, -37.6200251], [176.059858, -37.6203487], [176.060334, -37.6208169], [176.0606871, -37.6210693], [176.0611852, -37.6214277], [176.0623973, -37.6223224], [176.0628891, -37.6227942], [176.06363, -37.6235051], [176.064576, -37.6242905], [176.0652092, -37.6245836], [176.0657017, -37.6248648], [176.0661483, -37.6252309], [176.0665634, -37.6256238], [176.0670041, -37.625927], [176.0672483, -37.626143], [176.0674644, -37.6263556], [176.0676027, -37.6265097], [176.0677222, -37.6266558], [176.0678231, -37.6267916], [176.0679153, -37.6269233], [176.0680118, -37.6270626], [176.0681227, -37.6272127], [176.0682373, -37.6273553], [176.0683619, -37.6275169], [176.0691637, -37.6282019], [176.0696048, -37.6284467], [176.0703588, -37.6288913], [176.0706907, -37.629235], [176.0711435, -37.6295726], [176.0723232, -37.6308942], [176.0733028, -37.6315468], [176.0739439, -37.6318201], [176.0746548, -37.6320687], [176.0750928, -37.6322117], [176.075898, -37.6323749], [176.076712, -37.6325463], [176.0771598, -37.63264], [176.0775585, -37.6327471], [176.0780021, -37.6328731], [176.078552, -37.6329208], [176.0791506, -37.6329896], [176.0802191, -37.6332001], [176.0811046, -37.6333358], [176.081399, -37.6333201], [176.0814608, -37.6331903], [176.0813891, -37.6330034], [176.0812506, -37.6328755], [176.0809958, -37.6326611], [176.0803311, -37.6322801], [176.0800966, -37.6320889], [176.0793991, -37.6319496], [176.0780694, -37.6318103], [176.0775024, -37.6317065], [176.0770246, -37.6316899], [176.076846, -37.6317116], [176.0767632, -37.6317225], [176.0767171, -37.6317374], [176.0766573, -37.6317517], [176.0766018, -37.6317558], [176.0764873, -37.6317483], [176.0762892, -37.6317225], [176.0761004, -37.6316893], [176.0760313, -37.6316784], [176.0759204, -37.6316026], [176.0752289, -37.6312155], [176.0748371, -37.6310573], [176.0746976, -37.6309464], [176.0746827, -37.6308614], [176.0747154, -37.6307268], [176.0747421, -37.6306277], [176.0748578, -37.6305474], [176.0749975, -37.6305331], [176.0754855, -37.6305195], [176.0760035, -37.630571], [176.077089, -37.630577], [176.0781148, -37.630458], [176.0792261, -37.6305124], [176.0803117, -37.6306008], [176.0815768, -37.6306484], [176.0825684, -37.6306824], [176.0830642, -37.6307096], [176.0837353, -37.6307299], [176.0840986, -37.6307401], [176.0844405, -37.6307571], [176.0847568, -37.6307435], [176.0850517, -37.630696], [176.0852357, -37.6306805], [176.0853092, -37.630669], [176.0853877, -37.6306656], [176.0855073, -37.6306764], [176.0855671, -37.6306873], [176.0857328, -37.6307314], [176.0859906, -37.6307904], [176.086345, -37.6308523], [176.0866217, -37.6308999], [176.0872945, -37.6310269], [176.08769, -37.6310538], [176.0881152, -37.6310846], [176.0883705, -37.6311133], [176.0886278, -37.6311304], [176.0888852, -37.6311362], [176.0891998, -37.6311335], [176.0909195, -37.6312004], [176.0924328, -37.6312556], [176.0941445, -37.6315039], [176.0955663, -37.6318563], [176.0969696, -37.6321158], [176.0985017, -37.6323553], [176.0998065, -37.6325746], [176.1011215, -37.6331405], [176.1023738, -37.6342317], [176.1029551, -37.6347483], [176.1031658, -37.6351229], [176.1034377, -37.6355308], [176.103608, -37.6357193], [176.1037522, -37.6359629], [176.1039659, -37.6362688], [176.1040942, -37.6365917], [176.1044397, -37.6369939], [176.1046819, -37.6371724], [176.1048998, -37.6372808], [176.1050633, -37.6374146], [176.1052013, -37.637541], [176.1053358, -37.6376747], [176.1054497, -37.6378121], [176.1055233, -37.6379504], [176.1055773, -37.6380722], [176.1055837, -37.6380882], [176.1056105, -37.6383089], [176.1056622, -37.6384283], [176.1057854, -37.6386243], [176.1060353, -37.6388265], [176.1063345, -37.6391466], [176.1065882, -37.6393654], [176.1066975, -37.6394697], [176.1068565, -37.6395522], [176.1070348, -37.6396482], [176.1072777, -37.6397942], [176.1076417, -37.6398971], [176.1084062, -37.640098], [176.1089132, -37.6403022], [176.1091732, -37.6403616], [176.1096488, -37.6404221], [176.1100597, -37.6404753], [176.1103272, -37.6405372], [176.1106656, -37.6405769], [176.1111215, -37.6405967], [176.1120298, -37.6405401], [176.1124679, -37.6404976], [176.112849, -37.6404863], [176.1131603, -37.6404549], [176.1135604, -37.6404402], [176.1142744, -37.6403717], [176.1146912, -37.6403466], [176.115331, -37.6403918], [176.1160596, -37.6403918], [176.1169695, -37.6402901], [176.1179512, -37.6401503], [176.1185306, -37.6400196], [176.1195525, -37.6398242], [176.1213642, -37.6396726], [176.1216658, -37.6396819], [176.1216667, -37.6396817]]}, "geometry_name": "shape", "properties": {"fidn": "8210807", "valdco": 2, "verdat": null, "inform": null, "ninfom": null, "ntxtds": null, "scamin": 21999, "txtdsc": null, "sordat": null, "sorind": null, "hypcat": null}}, {"type": "Feature", "id": "layer-50672.148251", "geometry": {"type": "LineString", "coordinates": [[176.0851013, -37.6322822], [176.0853711, -37.6322695], [176.0858287, -37.632234], [176.0862898, -37.6322327], [176.0868817, -37.6321986], [176.0871812, -37.6321504], [176.0877644, -37.6320738], [176.0881998, -37.6319795], [176.0885049, -37.6320266], [176.0887003, -37.6321374], [176.0888304, -37.6322723], [176.0891444, -37.6323618], [176.0894614, -37.632423], [176.0898614, -37.6325284], [176.0905338, -37.6329053], [176.0906078, -37.6330419], [176.0905249, -37.633155], [176.0903472, -37.6332162], [176.0898407, -37.6332798], [176.0895178, -37.6333104], [176.0892187, -37.6333128], [176.088339, -37.633195], [176.0880221, -37.633155], [176.0870239, -37.6330796], [176.0861057, -37.6330513], [176.0855577, -37.6330207], [176.0852852, -37.6329854], [176.0851022, -37.6328905], [176.0848969, -37.6327498], [176.084607, -37.6325724], [176.0844586, -37.6324473], [176.0844566, -37.6322903], [176.0845925, -37.6322224], [176.0847141, -37.6322184], [176.0848355, -37.6322273], [176.0849589, -37.6322521], [176.0851013, -37.6322822]]}, "geometry_name": "shape", "properties": {"fidn": "8210676", "valdco": 5, "verdat": null, "inform": null, "ninfom": null, "ntxtds": null, "scamin": 21999, "txtdsc": null, "sordat": null, "sorind": null, "hypcat": null}}, {"type": "Feature", "id": "layer-50672.148265", "geometry": {"type": "LineString", "coordinates": [[176.0714173, -37.631952], [176.0712955, -37.6318085], [176.0712042, -37.6314852], [176.0711868, -37.6311671], [176.0712847, -37.6309735], [176.0715129, -37.6309665], [176.0719455, -37.6311135], [176.0722412, -37.6314887], [176.0723608, -37.631812], [176.0724716, -37.6319417], [176.0725597, -37.6319544], [176.0727913, -37.6318815], [176.073188, -37.6318844], [176.0733478, -37.6318824], [176.0734472, -37.6319204], [176.0736438, -37.6321228], [176.0736416, -37.6325014], [176.0734547, -37.6326518], [176.0728764, -37.6325637], [176.0723968, -37.632329], [176.0720151, -37.6322822], [176.0716173, -37.6321128], [176.0714173, -37.631952]]}, "geometry_name": "shape", "properties": {"fidn": "8214068", "valdco": 5, "verdat": null, "inform": null, "ninfom": null, "ntxtds": null, "scamin": 21999, "txtdsc": null, "sordat": null, "sorind": null, "hypcat": null}}, {"type": "Feature", "id": "layer-50672.148233", "geometry": {"type": "LineString", "coordinates": [[176.0660567, -37.6378875], [176.0661945, -37.6374284], [176.0662578, -37.6370994], [176.0662535, -37.6369894], [176.0662578, -37.6368726], [176.0662809, -37.6367517], [176.06631, -37.6364484], [176.066345, -37.6360427], [176.0664464, -37.6358028], [176.0666043, -37.6356094], [176.0666871, -37.6354628], [176.0667332, -37.6354003], [176.0667793, -37.6353528], [176.0668715, -37.6352434], [176.0669911, -37.6350818], [176.0673439, -37.6347782], [176.0675601, -37.6343919], [176.0676477, -37.6340898], [176.0677585, -37.6338336], [176.067877, -37.6336428], [176.0680932, -37.6333601], [176.0682197, -37.6330584], [176.0683569, -37.6327265], [176.0684339, -37.6324415], [176.0684931, -37.6321282], [176.0684842, -37.6320057], [176.0685198, -37.6314545], [176.0685464, -37.6310098], [176.0684457, -37.6306565], [176.0683894, -37.630428], [176.0684456, -37.6302949], [176.0685629, -37.6302426], [176.0686767, -37.6302419], [176.0688337, -37.6303526], [176.0689907, -37.6305632], [176.0691555, -37.6307209], [176.0693869, -37.6308603], [176.0694698, -37.6308787], [176.0697694, -37.6308311], [176.069889, -37.6307618], [176.0700136, -37.6306077], [176.0701939, -37.6304721], [176.0703396, -37.6303426], [176.0704025, -37.6301427], [176.0703264, -37.6299774], [176.0701784, -37.6298244], [176.0700066, -37.6296477], [176.0695594, -37.6291883], [176.0690588, -37.6288844], [176.0683406, -37.6284872], [176.0681673, -37.6282484], [176.0674004, -37.6273015], [176.0671529, -37.6269406], [176.0660762, -37.6259233], [176.0657622, -37.6256052], [176.0653309, -37.625049], [176.0649684, -37.6246535], [176.0647029, -37.6243916], [176.064576, -37.6242905]]}, "geometry_name": "shape", "properties": {"fidn": "8210827", "valdco": 5, "verdat": null, "inform": null, "ninfom": null, "ntxtds": null, "scamin": 21999, "txtdsc": null, "sordat": null, "sorind": null, "hypcat": null}}, {"type": "Feature", "id": "layer-50672.148258", "geometry": {"type": "LineString", "coordinates": [[176.0654133, -37.6359128], [176.0655006, -37.6358718], [176.0655829, -37.6357755], [176.0655978, -37.6356659], [176.065567, -37.6355965], [176.0654857, -37.635512], [176.0653627, -37.6354773], [176.0652347, -37.6354852], [176.0650998, -37.6355483], [176.0650443, -37.6356509], [176.0650433, -37.6357763], [176.0651097, -37.6358607], [176.0652069, -37.6359096], [176.0653121, -37.635927], [176.0654133, -37.6359128]]}, "geometry_name": "shape", "properties": {"fidn": "8211373", "valdco": 2, "verdat": null, "inform": null, "ninfom": null, "ntxtds": null, "scamin": 21999, "txtdsc": null, "sordat": null, "sorind": null, "hypcat": null}}, {"type": "Feature", "id": "layer-50672.148259", "geometry": {"type": "LineString", "coordinates": [[176.0811879, -37.6381797], [176.0811124, -37.6382025], [176.0808886, -37.6382522], [176.0806874, -37.638273], [176.0805916, -37.6382587], [176.0805719, -37.6382251], [176.0805874, -37.6381822], [176.080714, -37.638129], [176.0809943, -37.6380706], [176.0811449, -37.6380215], [176.0812946, -37.6379412], [176.0814552, -37.6378704], [176.0815359, -37.637849], [176.0816121, -37.6378588], [176.0816527, -37.6379248], [176.0816448, -37.6379749], [176.0815969, -37.6380263], [176.0815221, -37.6380639], [176.0811879, -37.6381797]]}, "geometry_name": "shape", "properties": {"fidn": "8212679", "valdco": 2, "verdat": null, "inform": null, "ninfom": null, "ntxtds": null, "scamin": 21999, "txtdsc": null, "sordat": null, "sorind": null, "hypcat": null}}, {"type": "Feature", "id": "layer-50672.148260", "geometry": {"type": "LineString", "coordinates": [[176.0825464, -37.6381604], [176.0825767, -37.6381128], [176.0826322, -37.6381047], [176.082808, -37.6381761], [176.082926, -37.6382673], [176.0834275, -37.6386593], [176.0843047, -37.6392954], [176.0845829, -37.6394559], [176.0847783, -37.6396241], [176.0847624, -37.6396672], [176.0847049, -37.6396946], [176.0844022, -37.6396059], [176.0842338, -37.6395319], [176.0832849, -37.6388945], [176.0828237, -37.6384107], [176.0825706, -37.638197], [176.0825464, -37.6381604]]}, "geometry_name": "shape", "properties": {"fidn": "8212682", "valdco": 2, "verdat": null, "inform": null, "ninfom": null, "ntxtds": null, "scamin": 21999, "txtdsc": null, "sordat": null, "sorind": null, "hypcat": null}}, {"type": "Feature", "id": "layer-50672.138548", "geometry": {"type": "LineString", "coordinates": [[176.0801003, -37.6346577], [176.0806774, -37.6345897], [176.0813333, -37.634554], [176.0814567, -37.634464], [176.0815751, -37.6342974], [176.0816056, -37.6339649], [176.081376, -37.6336783], [176.0801977, -37.6335615], [176.0795541, -37.6336705], [176.0790768, -37.6337442], [176.0779733, -37.6338834], [176.0775379, -37.634019], [176.0772316, -37.6341549], [176.0767436, -37.6344014], [176.0766616, -37.6346422], [176.0766901, -37.6349142], [176.0768825, -37.6350501], [176.077926, -37.6348282], [176.0791196, -37.6346937], [176.0801003, -37.6346577]]}, "geometry_name": "shape", "properties": {"fidn": "8210641", "valdco": 5, "verdat": null, "inform": null, "ninfom": null, "ntxtds": null, "scamin": 21999, "txtdsc": null, "sordat": null, "sorind": null, "hypcat": null}}, {"type": "Feature", "id": "layer-50672.138551", "geometry": {"type": "LineString", "coordinates": [[176.0991491, -37.6337119], [176.0992586, -37.6336485], [176.0993479, -37.6335112], [176.0993443, -37.633391], [176.0992872, -37.6332897], [176.0991919, -37.6332168], [176.0990634, -37.6331818], [176.0989372, -37.6331827], [176.0987777, -37.6332386], [176.0986813, -37.6333418], [176.0986515, -37.6334705], [176.0987099, -37.6336144], [176.0988456, -37.6337081], [176.099036, -37.6337346], [176.0991491, -37.6337119]]}, "geometry_name": "shape", "properties": {"fidn": "8210669", "valdco": 2, "verdat": null, "inform": null, "ninfom": null, "ntxtds": null, "scamin": 21999, "txtdsc": null, "sordat": null, "sorind": null, "hypcat": null}}, {"type": "Feature", "id": "layer-50672.148243", "geometry": {"type": "LineString", "coordinates": [[176.099139, -37.6380122], [176.0990199, -37.6381898], [176.0990527, -37.6383603], [176.0993326, -37.638545], [176.0998537, -37.638751], [176.1000442, -37.6388339], [176.1002705, -37.6388434], [176.1007231, -37.6387344], [176.1009494, -37.6386066], [176.1011132, -37.6383745], [176.1011787, -37.6382206], [176.1011936, -37.6381211], [176.1011132, -37.638069], [176.1008065, -37.6380454], [176.1004016, -37.6380477], [176.1002318, -37.6380738], [176.0998298, -37.6381235], [176.0996095, -37.6381472], [176.0994606, -37.6381188], [176.0993891, -37.637998], [176.0992676, -37.637964], [176.099139, -37.6380122]]}, "geometry_name": "shape", "properties": {"fidn": "8210322", "valdco": 0.0, "verdat": null, "inform": null, "ninfom": null, "ntxtds": null, "scamin": 44999, "txtdsc": null, "sordat": null, "sorind": null, "hypcat": null}}, {"type": "Feature", "id": "layer-50672.148242", "geometry": {"type": "LineString", "coordinates": [[176.1216667, -37.638775], [176.1215374, -37.6387711], [176.1211336, -37.6387958], [176.1204487, -37.639001], [176.1202332, -37.6390325], [176.120036, -37.6390102], [176.1197892, -37.6390074], [176.119525, -37.6390784], [176.1190319, -37.6393114], [176.1180421, -37.6395672], [176.1170668, -37.6398186], [176.1164833, -37.6399493], [176.116133, -37.6400671], [176.1157786, -37.6401334], [176.1154179, -37.6401764], [176.1147674, -37.640145], [176.1142562, -37.6401094], [176.1138964, -37.6401154], [176.1136466, -37.6401308], [176.1135224, -37.6401851], [176.1134502, -37.6401826], [176.1133183, -37.6401384], [176.1131163, -37.6400449], [176.1129947, -37.6400023], [176.1126773, -37.6399384], [176.1124203, -37.6398831], [176.1119326, -37.6397312], [176.1113576, -37.6395462], [176.1111207, -37.6394684], [176.1109519, -37.6394684], [176.1108097, -37.6395674], [176.1106958, -37.6398587], [176.110629, -37.6401162], [176.1105271, -37.6401693], [176.1099182, -37.6401303], [176.1096665, -37.6400693], [176.108718, -37.6399146], [176.1080625, -37.6397272], [176.1080017, -37.6397202], [176.1079546, -37.6397146], [176.1078867, -37.639699], [176.1078441, -37.6396871], [176.1077969, -37.6396715], [176.107744, -37.6396532], [176.1076877, -37.6396303], [176.1075161, -37.6395579], [176.1074654, -37.639536], [176.1074263, -37.6395167], [176.1073964, -37.6395021], [176.1073781, -37.639491], [176.1071697, -37.6393701], [176.1071374, -37.6393491], [176.1071018, -37.6393224], [176.1068803, -37.6392225], [176.1066864, -37.6389314], [176.106334, -37.6385151], [176.1061553, -37.6382605], [176.1060189, -37.637929], [176.1059543, -37.6377633], [176.1058774, -37.6375304], [176.1058774, -37.6373587], [176.105868, -37.6370808], [176.1057732, -37.6362872], [176.1057037, -37.6359952], [176.1056356, -37.6357389], [176.1054308, -37.6354959], [176.1053687, -37.6354505], [176.1053563, -37.6353657], [176.1053937, -37.6352631], [176.1053687, -37.635046], [176.105133, -37.6347658], [176.104865, -37.6344777], [176.1040517, -37.6330303], [176.103826, -37.6327408], [176.1032544, -37.6322218], [176.1026814, -37.6319504], [176.1021418, -37.631723], [176.1019043, -37.6315489], [176.1017753, -37.6312889], [176.1016781, -37.631117], [176.1015585, -37.6309446], [176.1013928, -37.630736], [176.1011235, -37.6305011], [176.1008555, -37.6302936], [176.1006197, -37.6299071], [176.1004117, -37.6295496], [176.1001495, -37.6292052], [176.0997218, -37.6289466], [176.0989952, -37.6286482], [176.0971377, -37.6274575], [176.0964411, -37.6272401], [176.0955519, -37.6271418], [176.094664, -37.6271213], [176.0942053, -37.6272466], [176.0939257, -37.6273379], [176.0934986, -37.6275303], [176.0931925, -37.6277663], [176.0930923, -37.6279993], [176.0931127, -37.6282808], [176.0933726, -37.628527], [176.0936859, -37.6286838], [176.0940423, -37.6288045], [176.0945408, -37.6288318], [176.0948041, -37.6287651], [176.0951497, -37.6286635], [176.0952854, -37.6286523], [176.095397, -37.6286957], [176.0954801, -37.6288526], [176.0955285, -37.6290176], [176.0956257, -37.6295346], [176.09571, -37.6300755], [176.095639, -37.6302027], [176.0954612, -37.6302056], [176.0944056, -37.6301519], [176.0938547, -37.630183], [176.0932423, -37.6301389], [176.0927289, -37.6300589], [176.0919859, -37.629839], [176.0918222, -37.6297215], [176.0917683, -37.6295893], [176.0918546, -37.6294422], [176.0919461, -37.6292838], [176.0920053, -37.6291767], [176.0919353, -37.6289413], [176.0917362, -37.6287401], [176.0914089, -37.6287055], [176.0910213, -37.628724], [176.0905098, -37.628761], [176.0900422, -37.6288015], [176.0893548, -37.6287616], [176.088851, -37.6285996], [176.0883726, -37.6283861], [176.0880134, -37.6283999], [176.0877323, -37.6284344], [176.0874484, -37.6285059], [176.0873267, -37.6286856], [176.0873875, -37.6287863], [176.0884177, -37.6292859], [176.0891025, -37.6295376], [176.0894988, -37.6296471], [176.0898927, -37.6297226], [176.09009, -37.6298488], [176.0900385, -37.6299784], [176.0899118, -37.6301381], [176.0895411, -37.6301694], [176.0885146, -37.6298039], [176.0883989, -37.629763], [176.0872864, -37.6291512], [176.0868107, -37.6289504], [176.086195, -37.628709], [176.0857344, -37.6285177], [176.0854329, -37.6283624], [176.0852065, -37.6281905], [176.084975, -37.6279941], [176.0845737, -37.627859], [176.0839397, -37.6277089], [176.0833836, -37.62757], [176.0827358, -37.6273293], [176.0821817, -37.6270411], [176.0818195, -37.626875], [176.0813634, -37.6266513], [176.0808946, -37.6263869], [176.0804811, -37.6261225], [176.0800123, -37.6257835], [176.0796623, -37.6254895], [176.0795297, -37.6253431], [176.0793972, -37.6252259], [176.0791762, -37.6251088], [176.0789037, -37.6250267], [176.0786386, -37.624974], [176.0784692, -37.6249623], [176.0782777, -37.624974], [176.0780862, -37.6249682], [176.0779315, -37.6249272], [176.0777253, -37.6247807], [176.0775854, -37.6246343], [176.0775265, -37.624482], [176.0774849, -37.6242783], [176.0773528, -37.6241597], [176.0768328, -37.6238919], [176.0764727, -37.6237337], [176.0762609, -37.6236495], [176.0760261, -37.6235469], [176.075331, -37.6232427], [176.074723, -37.623041], [176.0744801, -37.6228749], [176.0741536, -37.622738], [176.0739096, -37.6225446], [176.0736863, -37.6223828], [176.0735101, -37.6222663], [176.0733267, -37.622134], [176.0732572, -37.6220519]]}, "geometry_name": "shape", "properties": {"fidn": "8210314", "valdco": 0.0, "verdat": null, "inform": null, "ninfom": null, "ntxtds": null, "scamin": 44999, "txtdsc": null, "sordat": null, "sorind": null, "hypcat": null}}, {"type": "Feature", "id": "layer-50672.145633", "geometry": {"type": "LineString", "coordinates": [[176.1628078, -37.6722833], [176.1629283, -37.6720898], [176.163021, -37.671988], [176.163119, -37.6719081], [176.16323, -37.6718708], [176.1633412, -37.6717714], [176.1633967, -37.6716946], [176.1634471, -37.6716591], [176.1635316, -37.6715842], [176.1635869, -37.6715327], [176.1636528, -37.6714714], [176.1636851, -37.6714289], [176.1637431, -37.6713526], [176.1637792, -37.6713157], [176.1638978, -37.6712521], [176.1639907, -37.671246], [176.1640344, -37.6712697]]}, "geometry_name": "shape", "properties": {"fidn": "5272344", "valdco": 0.0, "verdat": null, "inform": null, "ninfom": null, "ntxtds": null, "scamin": 29999, "txtdsc": null, "sordat": null, "sorind": null, "hypcat": null}}, {"type": "Feature", "id": "layer-50672.137716", "geometry": {"type": "LineString", "coordinates": [[176.1632388, -37.6704709], [176.1632734, -37.6704462], [176.1634412, -37.6703396], [176.1634633, -37.6703318], [176.1634815, -37.6703319], [176.1635098, -37.6703374], [176.1635494, -37.6703511], [176.16358, -37.6703671], [176.1636026, -37.6703855], [176.163616, -37.6704075], [176.1636366, -37.6704378], [176.1636533, -37.6704648], [176.163656, -37.6704717], [176.1636557, -37.6704817], [176.1636523, -37.670493], [176.1636271, -37.670527], [176.1635767, -37.6705581], [176.1635279, -37.670581], [176.1634942, -37.6706035], [176.1634811, -37.6706243], [176.1634857, -37.6706383], [176.163521, -37.670645], [176.163544, -37.6706468], [176.1635767, -37.6706541], [176.1636092, -37.6706725], [176.1636448, -37.6707071], [176.1636752, -37.6707657], [176.1636854, -37.6707837], [176.1636984, -37.6708097], [176.1637559, -37.6709181], [176.1637577, -37.6709299], [176.1637563, -37.670943], [176.1637563, -37.6709434], [176.1637452, -37.6709596], [176.1636953, -37.670997], [176.1636726, -37.6710157], [176.1636371, -37.67104], [176.1635665, -37.6710788], [176.163519, -37.671089], [176.163496, -37.6710915], [176.1634711, -37.6710788], [176.1634689, -37.6710573], [176.1634694, -37.6710273], [176.1634709, -37.6709969], [176.1634507, -37.6708902], [176.1634353, -37.6708339], [176.1634246, -37.6707895], [176.1634134, -37.6707585], [176.1633882, -37.6707], [176.1633843, -37.6706831], [176.1633703, -37.6706611], [176.1632471, -37.6705473], [176.1632344, -37.6705165], [176.1632338, -37.6705117], [176.1632311, -37.6704911], [176.1632388, -37.6704709]]}, "geometry_name": "shape", "properties": {"fidn": "5151499", "valdco": 2, "verdat": null, "inform": null, "ninfom": null, "ntxtds": null, "scamin": 17999, "txtdsc": null, "sordat": null, "sorind": null, "hypcat": null}}, {"type": "Feature", "id": "layer-50672.148282", "geometry": {"type": "LineString", "coordinates": [[176.161396, -37.6715681], [176.1618295, -37.6713528], [176.1619219, -37.6712912], [176.1619803, -37.671223], [176.1621608, -37.6709217], [176.1622118, -37.6708528], [176.1623186, -37.6707084], [176.1624214, -37.6706156], [176.1625014, -37.6705696], [176.1628881, -37.6704159], [176.1630583, -37.670378], [176.1630665, -37.6703737], [176.1630881, -37.6703624], [176.1633206, -37.6702524], [176.1633509, -37.6702324], [176.163377, -37.670215], [176.1637301, -37.6699527], [176.1639361, -37.6697839], [176.1639902, -37.6697135], [176.1640182, -37.6696771], [176.1640686, -37.6695932], [176.1644213, -37.6688915], [176.1645957, -37.668478], [176.1645982, -37.6684716], [176.1648292, -37.6677481], [176.1649492, -37.6673505], [176.1649969, -37.6669015], [176.1650693, -37.6664844], [176.1650028, -37.6661162], [176.1650366, -37.6657431], [176.1648704, -37.6650017], [176.164672, -37.6645251], [176.1642292, -37.6637165], [176.1640777, -37.6632979], [176.1640588, -37.6632246], [176.1639793, -37.6629152], [176.1638862, -37.6624332], [176.1637133, -37.6615558], [176.1636202, -37.6611457], [176.1634933, -37.6606959], [176.1634538, -37.6605106], [176.1633746, -37.6603254], [176.1633447, -37.6602871], [176.1633074, -37.6602679], [176.1632383, -37.660245], [176.1631927, -37.6602391], [176.1631501, -37.6602403], [176.1631047, -37.6602478], [176.1630913, -37.66025], [176.1630537, -37.660273], [176.1629526, -37.6604267], [176.1628992, -37.6605088], [176.1628378, -37.6605691], [176.1627478, -37.6606159], [176.162606, -37.6606505], [176.1624496, -37.6606799], [176.1624401, -37.6606797], [176.1622702, -37.6606764], [176.1617916, -37.6606764], [176.1613508, -37.660702], [176.1611782, -37.660712], [176.1609869, -37.6607231], [176.1608571, -37.6607307], [176.1601655, -37.660831], [176.1595999, -37.6609233], [176.1585595, -37.6611581], [176.1583988, -37.6611661], [176.1581228, -37.6611262], [176.1574646, -37.6610333], [176.1573007, -37.6610152], [176.1571258, -37.6609963], [176.1563026, -37.6609635], [176.1560066, -37.6609403], [176.155839, -37.6608959], [176.1527742, -37.6601964], [176.1514614, -37.6599093], [176.150731, -37.6597778], [176.1492476, -37.6594763], [176.1478135, -37.659055], [176.1462033, -37.6585134], [176.1445002, -37.6579288], [176.1429519, -37.6574118], [176.1412052, -37.6568254], [176.1396378, -37.6564006], [176.1378726, -37.6557146], [176.1365026, -37.6553603], [176.1360464, -37.6552659], [176.1351294, -37.6549845], [176.1346175, -37.6547862], [176.1345388, -37.6547134], [176.1345256, -37.6546401], [176.1345869, -37.6545409], [176.1346858, -37.6545137], [176.1353816, -37.6543363], [176.1359703, -37.6541793], [176.1362557, -37.654149], [176.13643, -37.6541266], [176.1364812, -37.6541133], [176.136524, -37.6540886], [176.1365566, -37.6540432], [176.1365911, -37.65397], [176.1366531, -37.6537165], [176.1367644, -37.6532912], [176.1369201, -37.6528834], [176.137044, -37.6526937], [176.1371366, -37.6524448], [176.1372067, -37.6520955], [176.1371612, -37.6516619], [176.1370134, -37.6510929], [176.1369112, -37.6508126], [176.136602, -37.6501303], [176.1363601, -37.6497926], [176.1351109, -37.6484544], [176.1348915, -37.6482512], [176.1345494, -37.6479631], [176.1342736, -37.6477357], [176.1340639, -37.6475693], [176.1339205, -37.6474636], [176.1338288, -37.6474058], [176.1337357, -37.6473476], [176.1336363, -37.6472847], [176.1335305, -37.6472171], [176.1332125, -37.6470119], [176.1331942, -37.6470003], [176.1331862, -37.6469955], [176.1331664, -37.6469832], [176.1330362, -37.6469028], [176.1329859, -37.6468723], [176.132941, -37.646846], [176.1329016, -37.6468238], [176.1328677, -37.6468056], [176.1328369, -37.6467903], [176.1328078, -37.646777], [176.1327804, -37.6467658], [176.1327547, -37.6467567], [176.1327304, -37.6467495], [176.1327066, -37.6467441], [176.1326833, -37.6467404], [176.1326606, -37.6467385], [176.1326381, -37.6467383], [176.1326137, -37.6467396], [176.1325869, -37.6467424], [176.1325578, -37.6467465], [176.1325262, -37.6467521], [176.13249, -37.6467597], [176.1324471, -37.6467696], [176.1323978, -37.6467819], [176.1323418, -37.6467965], [176.1322813, -37.6468133], [176.1322224, -37.6468313], [176.1321657, -37.6468505], [176.132111, -37.6468709], [176.1320585, -37.6468924], [176.132008, -37.646914], [176.1319596, -37.6469353], [176.1319133, -37.6469564], [176.1318691, -37.6469773], [176.1318269, -37.6469979], [176.1317864, -37.6470183], [176.1317477, -37.6470385], [176.1317108, -37.6470584], [176.131674, -37.6470792], [176.1316292, -37.6471053], [176.1315756, -37.6471373], [176.1315132, -37.6471753], [176.131442, -37.6472192], [176.1313621, -37.6472673], [176.1312734, -37.6473188], [176.1311761, -37.6473738], [176.1309581, -37.647494], [176.1308446, -37.647559], [176.1307297, -37.647627], [176.1306136, -37.6476982], [176.1304898, -37.6477736], [176.1303167, -37.6478602], [176.1300866, -37.6479593], [176.1297993, -37.6480709], [176.1294553, -37.6481949], [176.1290936, -37.6483237], [176.1287404, -37.6484522], [176.1283957, -37.6485805], [176.1280595, -37.6487084], [176.1277099, -37.6488364], [176.1272912, -37.6489655], [176.1268005, -37.6490958], [176.1262379, -37.6492273], [176.1256169, -37.6493581], [176.1246803, -37.6495508], [176.1244047, -37.6496073], [176.1242576, -37.6496371], [176.1242438, -37.6496483], [176.124099, -37.6497657], [176.1240155, -37.6499378], [176.1239599, -37.6501292], [176.1238951, -37.6503574], [176.1237562, -37.6506812], [176.1236966, -37.6507888], [176.1235896, -37.6509168], [176.1233624, -37.6510859], [176.123136, -37.6512039], [176.1229736, -37.6512622], [176.1228083, -37.6512681], [176.1226219, -37.6512305], [176.1224941, -37.6512011], [176.1223765, -37.6511682], [176.1222649, -37.6511406], [176.1221152, -37.6510975], [176.1220704, -37.6510829], [176.1219932, -37.6510592], [176.1219552, -37.6510527], [176.1219138, -37.6510482], [176.121808, -37.6510399], [176.121748, -37.651038], [176.1216915, -37.6510399], [176.1216667, -37.651042]]}, "geometry_name": "shape", "properties": {"fidn": "8230238", "valdco": 0.0, "verdat": null, "inform": null, "ninfom": null, "ntxtds": null, "scamin": 29999, "txtdsc": null, "sordat": null, "sorind": null, "hypcat": null}}, {"type": "Feature", "id": "layer-50672.145305", "geometry": {"type": "LineString", "coordinates": [[176.1626545, -37.6717265], [176.1626198, -37.6717038], [176.1625878, -37.6716872], [176.1625488, -37.6716852], [176.1625056, -37.6716908], [176.1624644, -37.6717238], [176.1624371, -37.6717563], [176.1624024, -37.6718174], [176.1623789, -37.6718938], [176.1623634, -37.6719642], [176.1623653, -37.6720305], [176.1623742, -37.6720532], [176.1623943, -37.6720739], [176.1624117, -37.6720899], [176.1624437, -37.6720955], [176.1624789, -37.6720905], [176.1625147, -37.672077], [176.1625612, -37.6720532], [176.1625918, -37.6720267], [176.1626255, -37.6719981], [176.1626554, -37.6719636], [176.1626787, -37.6719083], [176.1626889, -37.67186], [176.1626917, -37.6718277], [176.1626889, -37.6717983], [176.1626744, -37.6717568], [176.1626545, -37.6717265]]}, "geometry_name": "shape", "properties": {"fidn": "5161203", "valdco": 0.0, "verdat": null, "inform": null, "ninfom": null, "ntxtds": null, "scamin": 29999, "txtdsc": null, "sordat": null, "sorind": null, "hypcat": null}}, {"type": "Feature", "id": "layer-50672.145812", "geometry": {"type": "LineString", "coordinates": [[176.1626003, -37.6723383], [176.162553, -37.6723045], [176.1625245, -37.6722993], [176.162496, -37.6722993], [176.1624515, -37.6723169], [176.1624285, -37.6723403], [176.1624215, -37.6723681], [176.1624199, -37.6723745], [176.1624392, -37.6724052], [176.1624761, -37.6724076]]}, "geometry_name": "shape", "properties": {"fidn": "5329172", "valdco": 0.0, "verdat": null, "inform": null, "ninfom": null, "ntxtds": null, "scamin": 29999, "txtdsc": null, "sordat": null, "sorind": null, "hypcat": null}}, {"type": "Feature", "id": "layer-50672.145505", "geometry": {"type": "LineString", "coordinates": [[176.1620921, -37.6725645], [176.1621605, -37.6725198], [176.162181, -37.6724974], [176.1621868, -37.6724873], [176.1621906, -37.672471], [176.1621804, -37.6724451], [176.1621689, -37.6724085], [176.1621627, -37.6723788], [176.1621381, -37.6722612], [176.1621269, -37.6721546], [176.1621235, -37.6721224], [176.162138, -37.672045], [176.1621645, -37.6719566], [176.1621602, -37.6719266], [176.162143, -37.6719016], [176.1621042, -37.6718636], [176.1620621, -37.6718338], [176.1620156, -37.6718132], [176.1619684, -37.6718029], [176.1619328, -37.6717937], [176.161873, -37.6717886], [176.1618378, -37.6717905], [176.161796, -37.6718118], [176.1617533, -37.6718552], [176.1617481, -37.6718802], [176.1617127, -37.6720496], [176.1617044, -37.6720892], [176.1616592, -37.6721918], [176.1615994, -37.6723469], [176.1615576, -37.6725245], [176.1615557, -37.6725512], [176.1615537, -37.6725756], [176.1615596, -37.6726172], [176.1615774, -37.6727052], [176.161597, -37.67278], [176.1616258, -37.6728466], [176.1616659, -37.6729116], [176.1616782, -37.6729385], [176.161684, -37.6729565], [176.1616893, -37.6729727], [176.1617082, -37.6730507], [176.1617177, -37.6730744], [176.1617247, -37.6730877], [176.1617415, -37.6730948], [176.1617635, -37.6730957], [176.1617859, -37.6730901], [176.1618066, -37.6730777], [176.1618201, -37.6730635], [176.1618632, -37.6729684], [176.1618865, -37.6728913], [176.1619329, -37.6727601], [176.1619416, -37.6727368], [176.1619646, -37.6726751], [176.1619838, -37.6726422], [176.1620101, -37.6726158], [176.1620921, -37.6725645]]}, "geometry_name": "shape", "properties": {"fidn": "5262635", "valdco": 2, "verdat": null, "inform": null, "ninfom": null, "ntxtds": null, "scamin": 17999, "txtdsc": null, "sordat": null, "sorind": null, "hypcat": null}}, {"type": "Feature", "id": "layer-50672.137720", "geometry": {"type": "LineString", "coordinates": [[176.1629302, -37.6729482], [176.1629234, -37.6729831], [176.1629171, -37.6730159], [176.1629162, -37.673065], [176.162919, -37.6730961], [176.1629314, -37.6731339], [176.1629799, -37.6731588], [176.1630332, -37.673177], [176.1630884, -37.67318], [176.1631653, -37.6731707], [176.1632323, -37.6731625]]}, "geometry_name": "shape", "properties": {"fidn": "5160989", "valdco": 0.0, "verdat": null, "inform": null, "ninfom": null, "ntxtds": null, "scamin": 29999, "txtdsc": null, "sordat": null, "sorind": null, "hypcat": null}}, {"type": "Feature", "id": "layer-50672.145298", "geometry": {"type": "LineString", "coordinates": [[176.1640011, -37.6741084], [176.1643461, -37.6742406], [176.1643845, -37.6742652], [176.1644091, -37.6742888], [176.1644638, -37.6744272], [176.1645116, -37.6746196], [176.1646845, -37.6749641], [176.1647891, -37.6751882], [176.1647947, -37.6752229], [176.1647933, -37.6752635], [176.1647471, -37.6754795], [176.1647286, -37.6755089], [176.164711, -37.6755343], [176.1646168, -37.6755849], [176.1644978, -37.6756333], [176.1644596, -37.675665], [176.1644364, -37.6757026], [176.1644126, -37.6757815], [176.1643976, -37.6758342], [176.1643862, -37.6758614], [176.1643462, -37.6758832], [176.164185, -37.6758876], [176.163905, -37.6758588], [176.1638109, -37.6758409], [176.1637785, -37.6758145], [176.1637294, -37.6757082], [176.1634661, -37.6755114], [176.1633962, -37.6753653], [176.1633335, -37.6751523], [176.1632365, -37.6750635], [176.1630397, -37.6749491], [176.1628841, -37.6747781], [176.1627423, -37.6746756], [176.1625715, -37.6746242], [176.1624347, -37.6745477], [176.1623309, -37.6744451], [176.1622714, -37.6743417], [176.1622648, -37.6739281], [176.1621731, -37.6735712], [176.162163, -37.6735318], [176.1620491, -37.6730811], [176.1620458, -37.6730324], [176.1620545, -37.6729987], [176.1620715, -37.6729738], [176.1620976, -37.6729573], [176.162127, -37.6729464], [176.1621549, -37.6729382], [176.1621811, -37.6729382], [176.1622073, -37.6729451], [176.1622581, -37.6729652], [176.1625213, -37.6732308], [176.1627915, -37.6734422], [176.1629516, -37.6735641], [176.1630004, -37.673593], [176.1630649, -37.6736248], [176.1633268, -37.6737035], [176.1633698, -37.6737243], [176.1634188, -37.6737493], [176.16365, -37.6739263], [176.1640011, -37.6741084]]}, "geometry_name": "shape", "properties": {"fidn": "5160990", "valdco": 0.0, "verdat": null, "inform": null, "ninfom": null, "ntxtds": null, "scamin": 29999, "txtdsc": null, "sordat": null, "sorind": null, "hypcat": null}}, {"type": "Feature", "id": "layer-50672.148238", "geometry": {"type": "LineString", "coordinates": [[176.1639022, -37.6788146], [176.1638671, -37.6788148], [176.1638431, -37.678816], [176.1638198, -37.6788183], [176.163787, -37.6788247], [176.1637638, -37.6788305], [176.1637172, -37.6788305], [176.1636568, -37.6788212], [176.1636117, -37.6788044], [176.1635898, -37.6787668], [176.1636007, -37.6787206], [176.1636182, -37.6786749], [176.1636357, -37.6786465], [176.1636546, -37.6786164], [176.1636611, -37.6785733], [176.1636582, -37.6785332], [176.1636472, -37.678515], [176.163632, -37.6785042], [176.1636088, -37.6784924], [176.1635855, -37.6784892], [176.1635476, -37.6784892], [176.1635236, -37.6784911], [176.1635112, -37.6784987], [176.1633982, -37.6786095], [176.1633254, -37.6786681], [176.1632652, -37.6787006], [176.1630759, -37.6787797], [176.1629678, -37.6788105], [176.1628617, -37.6788265], [176.1622333, -37.6788438], [176.1617275, -37.6788177], [176.1612783, -37.678816], [176.1608532, -37.6788186], [176.1604559, -37.6788799], [176.1601196, -37.6789337], [176.1598333, -37.6789537], [176.1596241, -37.6790678], [176.1594328, -37.6791357], [176.1592425, -37.6791724], [176.1591109, -37.6791994], [176.1590101, -37.6791545], [176.1589919, -37.6790883], [176.1590288, -37.6790133], [176.1591771, -37.6789071], [176.1592953, -37.6788573], [176.1592722, -37.6787865], [176.1592191, -37.6787497], [176.1590914, -37.6787627], [176.158824, -37.6788485], [176.1584709, -37.6790767], [176.1582763, -37.6793723], [176.1580689, -37.6795617], [176.1579933, -37.6796243], [176.1579841, -37.6796999], [176.1579943, -37.6798058], [176.1579609, -37.6799829], [176.1578752, -37.6801014], [176.157798, -37.680085], [176.157672, -37.6799931], [176.1576009, -37.679912], [176.1575563, -37.6798603], [176.1575143, -37.6797622], [176.1575418, -37.6797022], [176.1575966, -37.67966], [176.1576395, -37.6796355], [176.1577106, -37.6795244], [176.1577705, -37.6793579], [176.1579461, -37.6791144], [176.1580526, -37.6790139], [176.1582794, -37.678842], [176.1585217, -37.6787115], [176.1586098, -37.6786712], [176.158859, -37.6785979], [176.1591073, -37.6785459], [176.159346, -37.6784896], [176.1595727, -37.67843], [176.1597246, -37.6784279], [176.1599572, -37.6784825], [176.1607899, -37.6784359], [176.1615853, -37.6784457], [176.1625161, -37.6783422], [176.162856, -37.6782696], [176.1631695, -37.6781557], [176.1634949, -37.677983], [176.1637344, -37.6776654], [176.163747, -37.6776207], [176.1638417, -37.6772847], [176.1639585, -37.6768242], [176.1639812, -37.6767094], [176.1639727, -37.676585], [176.1639709, -37.6765233], [176.1639698, -37.6764877], [176.1639869, -37.6763904], [176.1640296, -37.676327], [176.1641171, -37.6762813], [176.1641292, -37.676275], [176.1641435, -37.6762343], [176.164133, -37.6761844], [176.1641321, -37.67618], [176.1640948, -37.6761492], [176.1640552, -37.6761415], [176.1640068, -37.6761438], [176.1639332, -37.6761782], [176.163808, -37.6761699], [176.1637165, -37.6761166], [176.1636311, -37.676008], [176.1635123, -37.6758829], [176.163243, -37.6755942], [176.1628829, -37.6752884], [176.1624274, -37.6749814], [176.162195, -37.6747954], [176.161948, -37.6746659], [176.1618118, -37.6744957], [176.1617163, -37.6742487], [176.1617295, -37.6741901], [176.161781, -37.6740578], [176.1617733, -37.6739808], [176.1616625, -37.6737838], [176.161427, -37.6735538], [176.1614025, -37.6734519], [176.1614141, -37.6733721], [176.161424, -37.6732555], [176.1614128, -37.6732089], [176.1613844, -37.6731848], [176.1613103, -37.6731626], [176.1611752, -37.6731298], [176.1610792, -37.6731122], [176.1609923, -37.6731068], [176.1609362, -37.6730879], [176.1609197, -37.6730507], [176.1609247, -37.673007], [176.1609553, -37.6729672], [176.1609753, -37.6729488], [176.1609894, -37.6729253], [176.1610013, -37.6729], [176.161041, -37.6727165], [176.1610972, -37.6726024], [176.1611496, -37.6724696], [176.16125, -37.6723208], [176.1613362, -37.6718156], [176.1613382, -37.6717757], [176.1613425, -37.6716895]]}, "geometry_name": "shape", "properties": {"fidn": "8199820", "valdco": 0.0, "verdat": null, "inform": null, "ninfom": null, "ntxtds": null, "scamin": 29999, "txtdsc": null, "sordat": null, "sorind": null, "hypcat": null}}, {"type": "Feature", "id": "layer-50672.148202", "geometry": {"type": "LineString", "coordinates": [[176.1216667, -37.659013], [176.1218333, -37.6590835], [176.1219013, -37.6590971], [176.1219669, -37.6590826], [176.1221062, -37.6589934], [176.1221807, -37.6588478], [176.1222324, -37.6587418], [176.1222987, -37.6586059], [176.1224011, -37.6584035], [176.1225709, -37.6582148], [176.1227496, -37.6580593], [176.1229204, -37.6579286], [176.1230835, -37.6578229], [176.1232386, -37.6577414], [176.1233834, -37.6576718], [176.1235168, -37.6576087], [176.123639, -37.6575523], [176.1237497, -37.6575025], [176.1238492, -37.6574593], [176.1239395, -37.6574219], [176.1240337, -37.6573848], [176.1241338, -37.6573471], [176.1242399, -37.657309], [176.1243521, -37.6572703], [176.1244702, -37.6572311], [176.1245906, -37.6571926], [176.1247041, -37.6571581], [176.1248103, -37.6571276], [176.1249092, -37.6571011], [176.1250008, -37.6570787], [176.1250851, -37.6570604], [176.1254437, -37.6569878], [176.1254534, -37.6569852], [176.1254718, -37.6569795], [176.1254988, -37.6569708], [176.1255345, -37.6569591], [176.1255788, -37.6569443], [176.1256318, -37.6569262], [176.1256926, -37.6569003], [176.1257611, -37.6568646], [176.1258372, -37.6568192], [176.1258747, -37.6567944], [176.125908, -37.656772], [176.125937, -37.6567523], [176.1259617, -37.6567351], [176.1259836, -37.6567195], [176.1260056, -37.6567036], [176.126028, -37.6566872], [176.126141, -37.6566029], [176.1262055, -37.656555], [176.1262665, -37.65651], [176.1263052, -37.6564818], [176.1263425, -37.6564548], [176.1263955, -37.6564169], [176.1264289, -37.6563933], [176.126491, -37.6563499], [176.1265055, -37.6563396], [176.1265333, -37.6563194], [176.1265464, -37.6563092], [176.1265591, -37.6562988], [176.1265712, -37.656288], [176.1265828, -37.656277], [176.1265939, -37.6562657], [176.1266044, -37.6562541], [176.1266144, -37.6562421], [176.1266239, -37.6562299], [176.1266329, -37.6562174], [176.1266413, -37.6562046], [176.1266493, -37.6561914], [176.1266566, -37.656178], [176.1266635, -37.6561642], [176.1266699, -37.6561502], [176.1266757, -37.6561359], [176.126681, -37.6561212], [176.1266857, -37.6561063], [176.1266901, -37.6560919], [176.126694, -37.656078], [176.1266976, -37.6560648], [176.1267008, -37.6560521], [176.1267032, -37.656041], [176.1267049, -37.656032], [176.1267056, -37.656025], [176.1267055, -37.65602], [176.1267049, -37.6560162], [176.1267041, -37.6560124], [176.126702, -37.656005], [176.1267005, -37.6560014], [176.1266986, -37.6559981], [176.1266962, -37.655995], [176.1266932, -37.6559921], [176.1266895, -37.6559893], [176.1266838, -37.6559855], [176.1266759, -37.6559807], [176.1266657, -37.6559747], [176.1266534, -37.6559676], [176.1266313, -37.6559555], [176.1266225, -37.655951], [176.1266152, -37.6559476], [176.1266086, -37.6559446], [176.1265955, -37.6559391], [176.1265827, -37.6559341], [176.1265764, -37.6559318], [176.126564, -37.6559275], [176.1265518, -37.6559238], [176.1265458, -37.6559221], [176.126534, -37.6559191], [176.1265282, -37.6559178], [176.1265168, -37.6559156], [176.1265112, -37.6559147], [176.1265001, -37.6559132], [176.1264894, -37.6559123], [176.1264841, -37.655912], [176.1264789, -37.6559118], [176.1264737, -37.6559118], [176.1264686, -37.6559119], [176.1264586, -37.6559124], [176.1264537, -37.6559129], [176.1264489, -37.6559135], [176.1264426, -37.6559145], [176.1264276, -37.6559176], [176.1264025, -37.6559231], [176.126277, -37.655951], [176.1262323, -37.6559608], [176.1261888, -37.6559703], [176.1260229, -37.6560061], [176.1259021, -37.6560325], [176.1257841, -37.6560586], [176.1257069, -37.6560758], [176.125631, -37.6560929], [176.1255179, -37.6561191], [176.12548, -37.6561281], [176.1254353, -37.656139], [176.1253807, -37.6561527], [176.1253163, -37.6561692], [176.125242, -37.6561884], [176.1250664, -37.6562378], [176.1248821, -37.6562931], [176.1246893, -37.6563544], [176.1244903, -37.656421], [176.1242931, -37.6564913], [176.1240983, -37.656565], [176.1239058, -37.6566422], [176.1237157, -37.6567229], [176.1235297, -37.656805], [176.1233576, -37.656877], [176.1232011, -37.6569366], [176.1230603, -37.656984], [176.122935, -37.6570192], [176.1228243, -37.6570429], [176.1224763, -37.6571104], [176.1222204, -37.6571597], [176.1221031, -37.6571827], [176.1220081, -37.657202], [176.1219353, -37.6572177], [176.1218849, -37.6572298], [176.1218568, -37.6572382], [176.1218333, -37.6572468], [176.1216667, -37.6572832]]}, "geometry_name": "shape", "properties": {"fidn": "8182917", "valdco": 0.0, "verdat": null, "inform": null, "ninfom": null, "ntxtds": null, "scamin": 29999, "txtdsc": null, "sordat": null, "sorind": null, "hypcat": null}}, {"type": "Feature", "id": "layer-50672.148208", "geometry": {"type": "LineString", "coordinates": [[176.1216667, -37.6164948], [176.122239, -37.6167032], [176.122431, -37.616757], [176.1225234, -37.6167947], [176.1227398, -37.6168896], [176.1230032, -37.6169928], [176.1231553, -37.6169902], [176.123301, -37.616994], [176.1233862, -37.617033], [176.1234789, -37.6170916], [176.123594, -37.6171406], [176.1239374, -37.6172464], [176.1243047, -37.6174343], [176.124629, -37.6175982], [176.1248045, -37.6177517], [176.1250946, -37.6180381], [176.125146, -37.6181486], [176.125283, -37.618371], [176.125603, -37.6191771], [176.1257074, -37.6193709], [176.1257234, -37.6194393], [176.1257452, -37.6195257], [176.1257335, -37.6196566], [176.1257178, -37.6197957], [176.125783, -37.6201383], [176.1257863, -37.6201603], [176.1257833, -37.6201852], [176.1257802, -37.6202131], [176.12577, -37.6202421], [176.1257626, -37.6202593], [176.125744, -37.6202765], [176.1257173, -37.6202871], [176.1256824, -37.620294], [176.1256296, -37.6202958], [176.1255795, -37.620294], [176.1255295, -37.6202873], [176.1254855, -37.6202774], [176.1254255, -37.6202525], [176.1253453, -37.6202071], [176.1253155, -37.6201882], [176.1252972, -37.6201736], [176.1252865, -37.6201615], [176.1252767, -37.6201472], [176.1252633, -37.6201135], [176.1252028, -37.6199976], [176.1251639, -37.619888], [176.1251422, -37.6198188], [176.1251389, -37.6197918], [176.1251401, -37.619764], [176.1251526, -37.6197233], [176.1251506, -37.619653], [176.1251433, -37.6195742], [176.1250467, -37.6191395], [176.1248076, -37.6186445], [176.1247174, -37.6184472], [176.1246453, -37.6182437], [176.1245996, -37.6181696], [176.124553, -37.6181144], [176.1244878, -37.6180614], [176.1241909, -37.6178611], [176.1240895, -37.6178103], [176.1240104, -37.617788], [176.1239579, -37.6177834], [176.1238962, -37.6177971], [176.123864, -37.6178282], [176.1238575, -37.6178679], [176.123879, -37.6179149], [176.1239128, -37.6179575], [176.1239236, -37.6179663], [176.1239437, -37.6179773], [176.1239731, -37.6180028], [176.1239917, -37.6180225], [176.1239978, -37.6180495], [176.1239917, -37.6180763], [176.1239777, -37.6180904], [176.1239557, -37.6181006], [176.1239237, -37.6181065], [176.1239034, -37.6181042], [176.1238865, -37.6180951], [176.1233154, -37.6177394], [176.1232901, -37.6177271], [176.1232692, -37.6177176], [176.1232526, -37.617711], [176.1232404, -37.6177074], [176.1232317, -37.6177064], [176.1232208, -37.6177064], [176.1232066, -37.6177071], [176.123189, -37.6177085], [176.1231681, -37.6177107], [176.1231458, -37.6177138], [176.1231248, -37.6177184], [176.1231052, -37.6177245], [176.1230868, -37.6177321], [176.1230697, -37.6177411], [176.1230533, -37.6177512], [176.1230373, -37.6177624], [176.1230217, -37.6177745], [176.1230067, -37.6177877], [176.1229928, -37.6178012], [176.1229815, -37.6178139], [176.1229727, -37.6178258], [176.1229665, -37.6178369], [176.1229628, -37.6178472], [176.1229606, -37.617858], [176.1229596, -37.6178697], [176.1229596, -37.6178824], [176.1229609, -37.617896], [176.1229636, -37.61791], [176.1229685, -37.6179232], [176.1229756, -37.6179355], [176.122985, -37.6179471], [176.1229965, -37.6179578], [176.1230086, -37.617968], [176.1230207, -37.6179779], [176.1230328, -37.6179873], [176.123045, -37.6179964], [176.1230587, -37.618006], [176.1230787, -37.6180188], [176.1231053, -37.6180349], [176.1231386, -37.6180543], [176.1231783, -37.618077], [176.1232188, -37.6180999], [176.1232568, -37.6181212], [176.1232924, -37.6181409], [176.1233554, -37.6181755], [176.1233807, -37.6181899], [176.1234011, -37.6182022], [176.1234165, -37.6182123], [176.1234269, -37.6182204], [176.1234444, -37.618235], [176.1234537, -37.6182426], [176.1234633, -37.6182503], [176.1234738, -37.6182592], [176.1234888, -37.6182755], [176.1235085, -37.6182999], [176.123533, -37.6183324], [176.1235624, -37.6183731], [176.1237479, -37.6186505], [176.1239151, -37.6188966], [176.1240367, -37.6191383], [176.1241224, -37.6193543], [176.1242102, -37.6196789], [176.1243172, -37.6200223], [176.1244215, -37.6204311], [176.1245857, -37.6209505], [176.124771, -37.6215079], [176.1249871, -37.6222912], [176.1251517, -37.6229382], [176.1251974, -37.6235889], [176.1252032, -37.6242089], [176.1251463, -37.6249767], [176.125108, -37.6254569], [176.1250076, -37.6261555], [176.1249161, -37.6266274], [176.1247536, -37.6272985], [176.1245317, -37.6279438], [176.1243854, -37.6286992], [176.1242866, -37.6292033], [176.1241642, -37.6300858], [176.1241675, -37.6308516], [176.1241968, -37.63156], [176.124382, -37.6324365], [176.124561, -37.6332393], [176.1248453, -37.6338491], [176.1253118, -37.6346195], [176.125376, -37.6347098], [176.1257959, -37.6351777], [176.1259687, -37.6352951], [176.1262217, -37.6354625], [176.1264676, -37.6356251], [176.1266775, -37.6357354], [176.1267294, -37.6357626], [176.1269086, -37.6358826], [176.1274257, -37.6363234], [176.1274916, -37.6363804], [176.1275448, -37.6364293], [176.1275852, -37.6364699], [176.127613, -37.6365023], [176.1276302, -37.6365282], [176.1276466, -37.6365559], [176.1276637, -37.6365866], [176.1276814, -37.6366202], [176.1276996, -37.6366566], [176.1277184, -37.6366923], [176.1277378, -37.6367252], [176.1277577, -37.6367552], [176.1277782, -37.6367823], [176.1277997, -37.6368074], [176.1278236, -37.636833], [176.1278501, -37.6368593], [176.127879, -37.6368863], [176.1279102, -37.6369138], [176.1279407, -37.6369397], [176.1279691, -37.6369628], [176.1279955, -37.6369833], [176.1280197, -37.6370012], [176.1280427, -37.6370171], [176.1280663, -37.6370325], [176.1280906, -37.6370475], [176.1281154, -37.6370621], [176.1281408, -37.6370764], [176.1281673, -37.6370917], [176.1281947, -37.6371081], [176.1282232, -37.6371259], [176.1282528, -37.6371448], [176.1282842, -37.6371677], [176.1283187, -37.6371979], [176.1283562, -37.6372353], [176.1283968, -37.63728], [176.1284798, -37.6373781], [176.1285166, -37.637421], [176.12855, -37.6374593], [176.12858, -37.637493], [176.1286127, -37.6375255], [176.1286527, -37.6375592], [176.1287, -37.6375941], [176.1287547, -37.6376302], [176.1288151, -37.6376671], [176.1288751, -37.6377027], [176.1289342, -37.637737], [176.1289922, -37.6377698], [176.1290994, -37.6378289], [176.1291401, -37.6378518], [176.1291713, -37.6378699], [176.1291929, -37.6378832], [176.1292109, -37.6378949], [176.1292398, -37.6379125], [176.1292803, -37.6379364], [176.1293324, -37.6379667], [176.1293952, -37.6380027], [176.1294561, -37.638038], [176.1295111, -37.6380701], [176.12956, -37.6380992], [176.129603, -37.6381253], [176.1296418, -37.638149], [176.1296793, -37.6381715], [176.1297155, -37.6381928], [176.1297504, -37.638213], [176.1297859, -37.6382338], [176.1298366, -37.638268], [176.1299056, -37.6383185], [176.129993, -37.6383854], [176.1300986, -37.6384685], [176.1301085, -37.6384762], [176.1301196, -37.6384842], [176.1301318, -37.6384925], [176.1301452, -37.6385013], [176.1301597, -37.6385104], [176.1301753, -37.6385198], [176.130192, -37.6385296], [176.1302099, -37.6385398], [176.1302289, -37.6385503], [176.130249, -37.6385612], [176.1302703, -37.6385725], [176.130433, -37.638658], [176.1305024, -37.6386948], [176.1305638, -37.6387275], [176.1306174, -37.6387563], [176.1307023, -37.6388024], [176.1307409, -37.6388223], [176.1307792, -37.6388409], [176.1308172, -37.6388582], [176.1308549, -37.6388742], [176.1308923, -37.638889], [176.1309299, -37.6389027], [176.1309745, -37.6389202], [176.1310281, -37.6389427], [176.1310907, -37.6389704], [176.1311624, -37.6390031], [176.1312431, -37.6390409], [176.1313328, -37.6390838], [176.1317695, -37.6393755], [176.1319529, -37.6395276], [176.1319836, -37.6395586], [176.1319995, -37.6395849], [176.1320072, -37.6396241], [176.1320007, -37.6396615], [176.1319736, -37.639694], [176.1319446, -37.6397179], [176.1318987, -37.639731], [176.1318237, -37.6397208], [176.1317659, -37.6396963], [176.1315292, -37.639581], [176.1313385, -37.6394843], [176.1310564, -37.6393735], [176.1309505, -37.6393468], [176.1308471, -37.63932], [176.130576, -37.6392683], [176.1304455, -37.6392251], [176.1303329, -37.639188], [176.1302384, -37.6391571], [176.1301618, -37.6391322], [176.1301024, -37.6391132], [176.1300463, -37.6390945], [176.1299888, -37.6390743], [176.1299299, -37.6390527], [176.1298696, -37.6390295], [176.1298069, -37.6390043], [176.1297374, -37.6389745], [176.1296608, -37.6389399], [176.1295771, -37.6389004], [176.1293946, -37.6388116], [176.1293121, -37.6387736], [176.1292387, -37.6387421], [176.1291743, -37.6387172], [176.1291186, -37.6386987], [176.1290615, -37.6386828], [176.1289977, -37.6386674], [176.1289274, -37.6386527], [176.1288505, -37.6386385], [176.128767, -37.6386249], [176.1286765, -37.6386112], [176.1285789, -37.6385975], [176.1284742, -37.6385837], [176.1283624, -37.6385697], [176.1282456, -37.6385554], [176.1281283, -37.63854], [176.1280106, -37.6385235], [176.1278925, -37.6385059], [176.1277741, -37.6384872], [176.1276528, -37.6384713], [176.127527, -37.6384608], [176.1273967, -37.6384558], [176.1272619, -37.6384562], [176.1271225, -37.638462], [176.1269781, -37.6384731], [176.1268286, -37.6384895], [176.1266738, -37.638511], [176.1265138, -37.6385378], [176.126336, -37.6385713], [176.1261035, -37.6386163], [176.125814, -37.6386731], [176.1254676, -37.6387415], [176.1250642, -37.6388217], [176.1233162, -37.6391169], [176.123256, -37.6391238], [176.1232053, -37.6391295], [176.1231642, -37.6391339], [176.1231326, -37.6391371], [176.1231106, -37.6391391], [176.123093, -37.63914], [176.1230748, -37.63914], [176.123056, -37.639139], [176.1230366, -37.6391372], [176.1230165, -37.6391344], [176.1229741, -37.6391252], [176.1228877, -37.6391039], [176.1227573, -37.6390707], [176.1225828, -37.6390254], [176.1223643, -37.6389681], [176.1221406, -37.6389086], [176.1219506, -37.6388565], [176.1217942, -37.6388118], [176.1216714, -37.6387745], [176.1216667, -37.6387729]]}, "geometry_name": "shape", "properties": {"fidn": "8182897", "valdco": 0.0, "verdat": null, "inform": null, "ninfom": null, "ntxtds": null, "scamin": 29999, "txtdsc": null, "sordat": null, "sorind": null, "hypcat": null}}, {"type": "Feature", "id": "layer-50672.148205", "geometry": {"type": "LineString", "coordinates": [[176.1242236, -37.6163384], [176.1243586, -37.616399], [176.1245155, -37.6164911], [176.1246496, -37.6165855], [176.1247337, -37.6166598], [176.1248115, -37.6167192], [176.1249028, -37.6167952], [176.1249693, -37.6168554], [176.1250751, -37.6169347], [176.1251555, -37.6169864], [176.1252401, -37.617033], [176.1253408, -37.6171047], [176.1255832, -37.6173241], [176.1258139, -37.6175397], [176.1258705, -37.6176033], [176.1258765, -37.6176121], [176.1261005, -37.6179424], [176.1261572, -37.6180415], [176.1264666, -37.618779], [176.1266487, -37.6191236], [176.1267647, -37.6194791], [176.1268211, -37.6197164], [176.1268795, -37.6201067], [176.1268166, -37.6207373], [176.126598, -37.6215035], [176.1265128, -37.6219955], [176.1265621, -37.6229065], [176.1266812, -37.6235198], [176.1267573, -37.6241259], [176.126824, -37.6247387], [176.1269907, -37.6256522], [176.12702, -37.6262218], [176.1270937, -37.6270013], [176.1271017, -37.6279147], [176.1271197, -37.6286247], [176.1270989, -37.6290684], [176.1271137, -37.6292931], [176.1271328, -37.6296918], [176.1272176, -37.6303978], [176.1272723, -37.6310026], [176.1273713, -37.6317025], [176.1275325, -37.632225], [176.1279194, -37.6332352], [176.1280894, -37.633676], [176.1283399, -37.6341164], [176.1285765, -37.6344255], [176.1288365, -37.634747], [176.1291751, -37.6352558], [176.1295806, -37.6358235], [176.1301229, -37.6365014], [176.1302828, -37.6366899], [176.1304376, -37.6368039], [176.1308616, -37.6370776], [176.1311703, -37.6372829], [176.1315408, -37.6375042], [176.1317447, -37.6375937], [176.1319961, -37.6376886], [176.1323485, -37.6377976], [176.1328568, -37.6379316], [176.1332788, -37.6380679], [176.1338985, -37.6382462], [176.1342678, -37.6384245], [176.1346768, -37.638623], [176.1353358, -37.6389068], [176.1357372, -37.6391291], [176.1360928, -37.6393493], [176.1363174, -37.6395475], [176.1363731, -37.6396212], [176.1364235, -37.6396907], [176.1364686, -37.6397559], [176.1365083, -37.6398168], [176.1365427, -37.6398735], [176.1365717, -37.6399258], [176.1365964, -37.6399744], [176.1366206, -37.6400207], [176.1366445, -37.6400648], [176.1366681, -37.6401068], [176.1366913, -37.6401467], [176.1367142, -37.6401843], [176.1367369, -37.6402198], [176.13676, -37.6402525], [176.1367838, -37.6402823], [176.1368083, -37.6403092], [176.1368335, -37.6403331], [176.1368593, -37.6403541], [176.1368858, -37.6403722], [176.1369088, -37.6403831], [176.1369325, -37.6403937], [176.1369569, -37.6404039], [176.1369819, -37.6404139], [176.1370076, -37.6404237], [176.1370341, -37.6404331], [176.1370611, -37.6404422], [176.1371263, -37.640463], [176.1375264, -37.6405895], [176.1387551, -37.6411282], [176.1394346, -37.6414418], [176.1397791, -37.6415416], [176.1398429, -37.6415359], [176.1398967, -37.6415125], [176.1399454, -37.6414931], [176.1399784, -37.6414695], [176.1400131, -37.6414421], [176.1400304, -37.6414117], [176.1400426, -37.6413868], [176.1400495, -37.6413551], [176.1400426, -37.6413109], [176.1399209, -37.6410781], [176.1395901, -37.6405519], [176.1389873, -37.6397347], [176.1377729, -37.6384418], [176.1372014, -37.637693], [176.1371467, -37.6374402], [176.1372144, -37.6371817], [176.13738, -37.636995], [176.137604, -37.6368563], [176.1377599, -37.6368047], [176.1379295, -37.6368053], [176.1381421, -37.636896], [176.1383509, -37.6370009], [176.1400154, -37.638297], [176.1419847, -37.6398504], [176.1421894, -37.6400007], [176.1432765, -37.6411157], [176.1457183, -37.6427066], [176.1462063, -37.6429395], [176.146682, -37.6430561], [176.1473336, -37.6432839], [176.1477985, -37.64361], [176.1481223, -37.6437688], [176.1482205, -37.6438153], [176.148293, -37.643832], [176.1483898, -37.643855], [176.1485273, -37.6438869], [176.1486571, -37.6439214], [176.1488626, -37.64402], [176.1489443, -37.6440822], [176.1489675, -37.644098]]}, "geometry_name": "shape", "properties": {"fidn": "8182895", "valdco": 0.0, "verdat": null, "inform": null, "ninfom": null, "ntxtds": null, "scamin": 29999, "txtdsc": null, "sordat": null, "sorind": null, "hypcat": null}}, {"type": "Feature", "id": "layer-50672.137854", "geometry": {"type": "LineString", "coordinates": [[176.1644721, -37.6772762], [176.1644419, -37.6771656], [176.1644337, -37.6771383], [176.1644228, -37.6770374], [176.1644446, -37.6769774], [176.1645373, -37.6769092], [176.1646273, -37.6768929], [176.1646963, -37.676872]]}, "geometry_name": "shape", "properties": {"fidn": "5333962", "valdco": 0.0, "verdat": null, "inform": null, "ninfom": null, "ntxtds": null, "scamin": 29999, "txtdsc": null, "sordat": null, "sorind": null, "hypcat": null}}, {"type": "Feature", "id": "layer-50672.138538", "geometry": {"type": "LineString", "coordinates": [[176.1216667, -37.6568065], [176.1216558, -37.6568105], [176.1214441, -37.6568729], [176.1212964, -37.656917], [176.1211718, -37.6569611], [176.1209924, -37.657067], [176.1207388, -37.6572394], [176.1205595, -37.6573677], [176.120486, -37.6574152], [176.1204032, -37.6574553], [176.1202555, -37.6575103], [176.1199883, -37.6575693], [176.1196756, -37.6576242], [176.119417, -37.6576609], [176.1192053, -37.6576975], [176.1189985, -37.6577485], [176.1187774, -37.6578218], [176.1185387, -37.6579167]]}, "geometry_name": "shape", "properties": {"fidn": "8189707", "valdco": 0.0, "verdat": null, "inform": null, "ninfom": null, "ntxtds": null, "scamin": 44999, "txtdsc": null, "sordat": null, "sorind": null, "hypcat": null}}, {"type": "Feature", "id": "layer-50672.148292", "geometry": {"type": "LineString", "coordinates": [[176.1216667, -37.6572827], [176.1213321, -37.6573589], [176.1204195, -37.6579167]]}, "geometry_name": "shape", "properties": {"fidn": "8231301", "valdco": 0.0, "verdat": null, "inform": null, "ninfom": null, "ntxtds": null, "scamin": 44999, "txtdsc": null, "sordat": null, "sorind": null, "hypcat": null}}, {"type": "Feature", "id": "layer-50672.148222", "geometry": {"type": "LineString", "coordinates": [[176.1110177, -37.6579167], [176.1109259, -37.6577048], [176.1109022, -37.6574905], [176.1109467, -37.6571891], [176.1110592, -37.656744], [176.1113139, -37.6560658], [176.1114443, -37.655835], [176.1115178, -37.6557172], [176.1117109, -37.6555122], [176.1117937, -37.6554354], [176.1118442, -37.6553948], [176.1119277, -37.6553398], [176.1120012, -37.6552997], [176.1121481, -37.6552304], [176.1123419, -37.6551388], [176.1124845, -37.655058], [176.1126783, -37.6549297], [176.1129499, -37.6547322], [176.1133254, -37.6543802], [176.1139029, -37.6539773], [176.1144551, -37.6536202], [176.114701, -37.6534035], [176.1150682, -37.6531562], [176.1154474, -37.6529938], [176.1157643, -37.6527583], [176.1158828, -37.652584], [176.1159418, -37.652242], [176.1158727, -37.6520623], [176.1157344, -37.6517409], [176.1156467, -37.6512906], [176.1156266, -37.6507238], [176.1155583, -37.6505799], [176.1155422, -37.6504915], [176.1156103, -37.650269], [176.1156821, -37.6501622], [176.1156978, -37.6500906], [176.1157107, -37.6499373], [176.115648, -37.6498151], [176.1155954, -37.6497313], [176.1155798, -37.6496785], [176.1155846, -37.6495771], [176.1156446, -37.6495245], [176.1157169, -37.6495049], [176.1157753, -37.6495254], [176.1162229, -37.64968], [176.1163537, -37.6497663], [176.1166176, -37.6500097], [176.116963, -37.6502279], [176.1170826, -37.6502825], [176.1172422, -37.6502525], [176.1173419, -37.6501539], [176.1173574, -37.6500077], [176.1172843, -37.6498579], [176.1172806, -37.6497335], [176.11734, -37.6496873], [176.1174862, -37.6496873], [176.1176214, -37.6497419], [176.1178406, -37.6498993], [176.1179235, -37.6500477], [176.1180707, -37.6502958], [176.1183677, -37.6504421], [176.1187889, -37.650433], [176.1189841, -37.6504756], [176.1191713, -37.650557], [176.1193938, -37.6505334], [176.1195413, -37.650457], [176.1196591, -37.6504244], [176.1198393, -37.6504858], [176.1203594, -37.6507065], [176.1204775, -37.6508105], [176.1207783, -37.6511231], [176.1209242, -37.6511809], [176.1210646, -37.6511885], [176.12124, -37.6511657], [176.1214411, -37.6510794], [176.1216667, -37.6510431]]}, "geometry_name": "shape", "properties": {"fidn": "8189710", "valdco": 0.0, "verdat": null, "inform": null, "ninfom": null, "ntxtds": null, "scamin": 44999, "txtdsc": null, "sordat": null, "sorind": null, "hypcat": null}}, {"type": "Feature", "id": "layer-50672.138547", "geometry": {"type": "LineString", "coordinates": [[176.1193849, -37.6495], [176.11953, -37.6494929], [176.1196929, -37.6495165], [176.1197717, -37.6496392], [176.1197759, -37.6497732], [176.1197374, -37.6499027], [176.1196307, -37.649971], [176.1195093, -37.6499639], [176.1193819, -37.649832], [176.1193197, -37.6496837], [176.1193849, -37.6495]]}, "geometry_name": "shape", "properties": {"fidn": "8210369", "valdco": 0.0, "verdat": null, "inform": null, "ninfom": null, "ntxtds": null, "scamin": 44999, "txtdsc": null, "sordat": null, "sorind": null, "hypcat": null}}, {"type": "Feature", "id": "layer-50672.148271", "geometry": {"type": "LineString", "coordinates": [[176.1201759, -37.6433856], [176.1203163, -37.6433706], [176.1204647, -37.6433899], [176.1205915, -37.6434157], [176.1206709, -37.6434626], [176.1207144, -37.6435379], [176.1207067, -37.6436173], [176.1206536, -37.6436818], [176.1205565, -37.6437268], [176.1203568, -37.6437612], [176.1202407, -37.6437612], [176.1200707, -37.6437526], [176.1199412, -37.6436882], [176.1199134, -37.6436254], [176.1198955, -37.6435379], [176.1199672, -37.6434708], [176.1200491, -37.6434342], [176.1201759, -37.6433856]]}, "geometry_name": "shape", "properties": {"fidn": "8220516", "valdco": 5, "verdat": null, "inform": null, "ninfom": null, "ntxtds": null, "scamin": 21999, "txtdsc": null, "sordat": null, "sorind": null, "hypcat": null}}, {"type": "Feature", "id": "layer-50672.148217", "geometry": {"type": "LineString", "coordinates": [[176.1145806, -37.6414622], [176.1147246, -37.6414319], [176.1148044, -37.6413514], [176.1147925, -37.6412577], [176.1147437, -37.6411697], [176.1146211, -37.641111], [176.1144509, -37.6410703], [176.1142856, -37.6411108], [176.1141699, -37.6411654], [176.114117, -37.6412335], [176.1141242, -37.6413017], [176.1141533, -37.6413599], [176.1142604, -37.6414158], [176.1143878, -37.6414546], [176.1145806, -37.6414622]]}, "geometry_name": "shape", "properties": {"fidn": "8189393", "valdco": 2, "verdat": null, "inform": null, "ninfom": null, "ntxtds": null, "scamin": 21999, "txtdsc": null, "sordat": null, "sorind": null, "hypcat": null}}, {"type": "Feature", "id": "layer-50672.148218", "geometry": {"type": "LineString", "coordinates": [[176.114509, -37.6450388], [176.1145193, -37.645213], [176.1143403, -37.6453111], [176.1140847, -37.6453407], [176.1134012, -37.6453215], [176.1132171, -37.6453307], [176.1130571, -37.6453407], [176.1129073, -37.6453561], [176.1127554, -37.6453817], [176.1126748, -37.6453972], [176.1125873, -37.6454118], [176.1124202, -37.6454769], [176.1120688, -37.645626], [176.1117651, -37.6457136], [176.1113958, -37.6456189], [176.1110296, -37.6455077], [176.1106656, -37.6454221], [176.1105909, -37.6454092], [176.1104895, -37.6453909], [176.1102293, -37.645345], [176.11009, -37.6453229], [176.1099715, -37.6452881], [176.1099105, -37.6452761], [176.1097424, -37.6452459], [176.1096285, -37.6452239], [176.10924, -37.6451383], [176.1085819, -37.644956], [176.1080043, -37.6446813], [176.107644, -37.6445629], [176.1072986, -37.6443238], [176.1069569, -37.6441096], [176.1069224, -37.6440975], [176.1069027, -37.6440902], [176.106881, -37.6440838], [176.1068453, -37.6440774], [176.1068118, -37.6440711], [176.1067946, -37.6440655], [176.106783, -37.6440609], [176.1067647, -37.6440545], [176.1067128, -37.6440426], [176.1066369, -37.644027], [176.1065921, -37.6440187], [176.1065816, -37.6440178], [176.1065725, -37.6440151], [176.1065528, -37.6440114], [176.1064321, -37.6439839], [176.1064009, -37.6439747], [176.1063433, -37.6439573], [176.1062951, -37.6439417], [176.1062686, -37.6439317], [176.1062467, -37.6439215], [176.1062294, -37.6439142], [176.1061961, -37.643895], [176.1061788, -37.6438821], [176.1061477, -37.6438584], [176.1061236, -37.6438372], [176.106111, -37.6438263], [176.1060741, -37.6437851], [176.1060669, -37.643716], [176.1060758, -37.6436212], [176.1061622, -37.6434129], [176.1064093, -37.6433229], [176.1067101, -37.6433347], [176.1069691, -37.6432921], [176.1072371, -37.6432613], [176.1075408, -37.6432827], [176.1077082, -37.6433088], [176.108323, -37.6434494], [176.1086333, -37.6434867], [176.1089043, -37.6435246], [176.1092933, -37.6435988], [176.1093416, -37.6436171], [176.10939, -37.6436318], [176.1094649, -37.6436501], [176.1095696, -37.6436785], [176.1097365, -37.6437271], [176.1098274, -37.6437538], [176.1098769, -37.6437665], [176.1099298, -37.6437794], [176.1099805, -37.6437877], [176.1100277, -37.6437923], [176.1101647, -37.6437968], [176.1103501, -37.6438024], [176.1104998, -37.6438116], [176.1107484, -37.6438319], [176.1110812, -37.6438604], [176.111276, -37.6439054], [176.1117655, -37.6440446], [176.1120003, -37.6441174], [176.1125909, -37.6442407], [176.1127249, -37.644295], [176.1137125, -37.6444509], [176.1142632, -37.644543], [176.1144445, -37.6447646], [176.114509, -37.6450388]]}, "geometry_name": "shape", "properties": {"fidn": "8189419", "valdco": 10, "verdat": null, "inform": null, "ninfom": null, "ntxtds": null, "scamin": 21999, "txtdsc": null, "sordat": null, "sorind": null, "hypcat": null}}, {"type": "Feature", "id": "layer-50672.145928", "geometry": {"type": "LineString", "coordinates": [[176.1798838, -37.6687024], [176.1798888, -37.6687123], [176.1799117, -37.6687291], [176.1799238, -37.6687504], [176.1799453, -37.6688122], [176.1799509, -37.6688258], [176.1799552, -37.6688364], [176.1799774, -37.6688611], [176.1799907, -37.66887], [176.1800087, -37.6688725], [176.1800237, -37.668872], [176.1800333, -37.6688717], [176.1800707, -37.6688659], [176.1803201, -37.6689662], [176.1803227, -37.6689672], [176.1803487, -37.6689872], [176.1803694, -37.669032], [176.1803785, -37.6690503], [176.180389, -37.6690651], [176.1804005, -37.6690778], [176.1804154, -37.6690907], [176.1804558, -37.6691126], [176.1805157, -37.6691373], [176.1805695, -37.6691667], [176.1806095, -37.6692007], [176.1806668, -37.6692579], [176.1806893, -37.6692803], [176.1807677, -37.6693052], [176.1808959, -37.6693999], [176.1809105, -37.6694117], [176.1810293, -37.6695051], [176.1812296, -37.6696588], [176.1813356, -37.6697375], [176.1814231, -37.6697934], [176.1815395, -37.6698611], [176.1816178, -37.6699058], [176.1816765, -37.6699416], [176.1817123, -37.6699654], [176.1817503, -37.6699956], [176.1817848, -37.6700257], [176.1818401, -37.670078], [176.1820291, -37.6702665], [176.1822595, -37.6704936], [176.1824992, -37.6707315], [176.1827157, -37.6709484], [176.1828817, -37.6711113], [176.1829589, -37.67119], [176.1829911, -37.6712285], [176.1830152, -37.6712606], [176.1830372, -37.6712945], [176.1830579, -37.6713338], [176.1830867, -37.6713979], [176.183111, -37.6714674], [176.1831294, -37.6715351], [176.1831398, -37.6716019], [176.1831403, -37.6716299], [176.1831411, -37.6716735], [176.1831353, -37.671753], [176.1831261, -37.67183], [176.1831204, -37.6718914], [176.1831169, -37.6719334], [176.183118, -37.6719617], [176.183125, -37.6719929], [176.1831434, -37.6720479], [176.1831792, -37.6721339], [176.1832178, -37.672214], [176.1832356, -37.672251], [176.1833151, -37.6724085], [176.1834362, -37.6726419], [176.1835387, -37.6728433], [176.1835972, -37.6729558], [176.1836125, -37.6729852], [176.183647, -37.6730483], [176.1836598, -37.6730758], [176.183669, -37.6730968], [176.1836771, -37.673117], [176.1836828, -37.6731426], [176.1836897, -37.6731857], [176.1836933, -37.6732415], [176.183692, -37.6733056], [176.1836864, -37.6733779], [176.1836807, -37.6734181], [176.1836702, -37.6734685], [176.1836369, -37.673595], [176.1836186, -37.6736718], [176.1836105, -37.6737386], [176.1836036, -37.6738678], [176.1835955, -37.674038], [176.1835887, -37.6741259], [176.1835829, -37.6741744], [176.1835761, -37.6742074], [176.1835703, -37.6742257], [176.1835633, -37.6742403], [176.1835565, -37.6742541], [176.183546, -37.6742669], [176.1835324, -37.6742807], [176.1835059, -37.6743036], [176.1834368, -37.6743558], [176.1833952, -37.6743905], [176.1833849, -37.6744006], [176.1833803, -37.6744043], [176.1833768, -37.6744097], [176.1833711, -37.674417], [176.1833572, -37.6744336], [176.1833412, -37.6744555], [176.183325, -37.6744821], [176.1832941, -37.6745325], [176.1832341, -37.6746176], [176.1831535, -37.674721], [176.1830937, -37.6747915], [176.183044, -37.6748438], [176.183005, -37.6748804], [176.1829773, -37.6749014], [176.1829623, -37.6749106], [176.1829521, -37.6749152], [176.182944, -37.6749179], [176.1829348, -37.674917], [176.1829233, -37.6749124], [176.1829118, -37.6749014], [176.182899, -37.6748777], [176.1828909, -37.6748511], [176.1828887, -37.6748337], [176.1828909, -37.6748182], [176.1828979, -37.6747998], [176.1829841, -37.6746433], [176.1830336, -37.6745398], [176.1830844, -37.6744153], [176.183158, -37.6742212], [176.1832201, -37.6740528], [176.183257, -37.6739631], [176.1832869, -37.673898], [176.1833122, -37.6738339], [176.1833248, -37.6737983], [176.1833374, -37.6737479], [176.1833639, -37.6736041], [176.1833812, -37.6735117], [176.1833903, -37.6734512], [176.1833903, -37.6734156], [176.1833869, -37.6733871], [176.1833799, -37.6733588], [176.1833673, -37.6733249], [176.183343, -37.6732691], [176.1833084, -37.6732068], [176.1832681, -37.6731436], [176.1832244, -37.6730841], [176.1831979, -37.6730516], [176.1831783, -37.6730274], [176.1831553, -37.673], [176.1831299, -37.6729734], [176.1830757, -37.6729213], [176.1830066, -37.6728608], [176.1829098, -37.6727766], [176.1828799, -37.6727482], [176.1828695, -37.6727382], [176.1828637, -37.672729], [176.1828534, -37.6727153], [176.1828477, -37.6727034], [176.1828372, -37.6726778], [176.1828281, -37.6726447], [176.1828189, -37.6725962], [176.1828027, -37.6725001], [176.1827818, -37.6723748], [176.1827577, -37.6722393], [176.1827289, -37.6721074], [176.1826954, -37.6719848], [176.182663, -37.6718813], [176.18264, -37.6718181], [176.1826135, -37.6717577], [176.1825674, -37.6716662], [176.1825143, -37.671571], [176.182458, -37.6714822], [176.182391, -37.6713879], [176.1822966, -37.671258], [176.1822345, -37.6711654], [176.1821329, -37.6710043], [176.1820892, -37.6709375], [176.1820523, -37.6708872], [176.1820235, -37.6708515], [176.1819924, -37.6708195], [176.1819382, -37.6707683], [176.1818646, -37.6707033], [176.1816848, -37.6705449], [176.1816445, -37.6705073], [176.1816065, -37.6704698], [176.1815536, -37.670414], [176.1815259, -37.6703812], [176.1813979, -37.67023], [176.1813369, -37.6701632], [176.1812793, -37.6701056], [176.1811952, -37.670025], [176.1811306, -37.6699692], [176.1810777, -37.669928], [176.1810455, -37.6699033], [176.1810096, -37.6698795], [176.1809371, -37.6698356], [176.1808855, -37.6698076], [176.180807, -37.6697651], [176.1807143, -37.6697134], [176.1806273, -37.6696616], [176.1805271, -37.6695967], [176.1804049, -37.6695125], [176.180307, -37.6694942], [176.1802977, -37.6694942], [176.1802598, -37.6694942], [176.1800859, -37.6694459], [176.1800533, -37.6694343], [176.1800273, -37.6694352], [176.180014, -37.6694402]]}, "geometry_name": "shape", "properties": {"fidn": "5367416", "valdco": 0.0, "verdat": null, "inform": null, "ninfom": null, "ntxtds": null, "scamin": 29999, "txtdsc": null, "sordat": null, "sorind": null, "hypcat": null}}, {"type": "Feature", "id": "layer-50672.145443", "geometry": {"type": "LineString", "coordinates": [[176.1795282, -37.6686875], [176.1795358, -37.6687089], [176.1795409, -37.6687417], [176.1795352, -37.6687692], [176.1795314, -37.6687912], [176.1795295, -37.6688076], [176.1795289, -37.6688213], [176.1795289, -37.6688352], [176.1795251, -37.6688585], [176.1795259, -37.6688798], [176.1795276, -37.668919], [176.1795309, -37.6689429], [176.179541, -37.669014], [176.1795523, -37.6690375], [176.1795573, -37.6690412], [176.179563, -37.6690445], [176.1795694, -37.6690472], [176.1795765, -37.6690497], [176.1795844, -37.669052], [176.1795931, -37.6690541], [176.1796026, -37.6690561], [176.1796128, -37.6690578], [176.1796246, -37.6690594], [176.1796386, -37.6690611], [176.1796547, -37.6690627], [176.1796731, -37.6690644], [176.1796936, -37.669066], [176.1797154, -37.6690675], [176.1797357, -37.6690686], [176.179769, -37.6690669], [176.1797725, -37.6690653], [176.1798023, -37.669052], [176.179821, -37.6690388], [176.1798439, -37.6690256], [176.1798648, -37.6690189], [176.1798756, -37.6690137], [176.1799039, -37.6690138], [176.1799473, -37.6690142], [176.1799927, -37.6690156], [176.1800212, -37.6690168], [176.1800643, -37.6690187], [176.1800766, -37.6690191], [176.1802724, -37.6690511], [176.1803023, -37.669062], [176.1803158, -37.669067], [176.1803486, -37.6690925], [176.1803959, -37.6691171], [176.1804972, -37.6691839], [176.1805536, -37.6692233], [176.1805637, -37.66923], [176.1806644, -37.669297], [176.1806713, -37.6693016], [176.1806737, -37.6693032], [176.1806827, -37.6693109], [176.1807112, -37.6693348], [176.1807298, -37.6693522], [176.1807434, -37.6693688], [176.1807515, -37.6693842], [176.1807539, -37.6693979], [176.1807528, -37.6694127], [176.1807481, -37.6694281], [176.1807321, -37.669463], [176.1807206, -37.6694804], [176.1807055, -37.6694959], [176.1806927, -37.6695061], [176.1806894, -37.6695088], [176.1806698, -37.6695188], [176.1806653, -37.6695207], [176.1806596, -37.6695234], [176.1806538, -37.6695243], [176.180648, -37.6695261], [176.1806214, -37.6695307], [176.1805904, -37.6695317], [176.1805559, -37.669529], [176.1805177, -37.6695244], [176.1804718, -37.6695153], [176.1804614, -37.6695134], [176.1804061, -37.6694969], [176.1803957, -37.6694932], [176.1803865, -37.6694905], [176.1803773, -37.6694868], [176.1803682, -37.6694822], [176.1803588, -37.6694786], [176.1803496, -37.6694741], [176.1803404, -37.6694686], [176.1803323, -37.669464], [176.1802999, -37.6694432], [176.1802998, -37.6694432], [176.1802967, -37.6694412], [176.1802407, -37.6694236], [176.1801813, -37.6694195], [176.1801169, -37.669413], [176.180081, -37.6694146], [176.1800544, -37.669426], [176.1800533, -37.6694343]]}, "geometry_name": "shape", "properties": {"fidn": "5241144", "valdco": 2, "verdat": null, "inform": null, "ninfom": null, "ntxtds": null, "scamin": 17999, "txtdsc": null, "sordat": null, "sorind": null, "hypcat": null}}, {"type": "Feature", "id": "layer-50672.137818", "geometry": {"type": "LineString", "coordinates": [[176.1798334, -37.6686843], [176.1797559, -37.6687057], [176.1796485, -37.6686993], [176.1796294, -37.668699], [176.1795282, -37.6686875], [176.1794961, -37.6686785], [176.1794744, -37.6686698], [176.1794683, -37.6686594], [176.179463, -37.6686475], [176.1794624, -37.6686351], [176.1794656, -37.6686224], [176.1794795, -37.6686113], [176.179504, -37.6685957], [176.1795202, -37.6685815], [176.1795368, -37.6685649], [176.1795849, -37.6684884], [176.1796112, -37.6684278], [176.1796227, -37.668384], [176.1796324, -37.6683499], [176.1796374, -37.6683231], [176.1796423, -37.6682976], [176.1796533, -37.6682604]]}, "geometry_name": "shape", "properties": {"fidn": "5275346", "valdco": 0.0, "verdat": null, "inform": null, "ninfom": null, "ntxtds": null, "scamin": 29999, "txtdsc": null, "sordat": null, "sorind": null, "hypcat": null}}, {"type": "Feature", "id": "layer-50672.145440", "geometry": {"type": "LineString", "coordinates": [[176.1739607, -37.664959], [176.1740045, -37.6649981], [176.1740512, -37.6650502], [176.1740815, -37.6651413], [176.1740985, -37.6652802], [176.1741127, -37.6654247], [176.1741183, -37.6655097], [176.1741132, -37.6655898], [176.1741132, -37.6656514], [176.1741166, -37.6657649], [176.1741321, -37.6659073], [176.1741324, -37.6659924], [176.1741295, -37.6660142], [176.1741243, -37.6660534], [176.174095, -37.6661069], [176.1740591, -37.6661645], [176.1740167, -37.6662264], [176.1739804, -37.6663177], [176.1739769, -37.6666183], [176.1739865, -37.6667058], [176.1739911, -37.6669252], [176.1739083, -37.667165], [176.1738486, -37.6672783], [176.1737906, -37.6674878], [176.173628, -37.6677651], [176.173631, -37.6678589], [176.1736454, -37.6679229], [176.1736186, -37.6680379], [176.1735669, -37.6681003], [176.1734597, -37.6682211], [176.1733346, -37.6684545], [176.1732666, -37.6686829], [176.1732419, -37.668845], [176.1731445, -37.6690555], [176.1730565, -37.6694197], [176.1729299, -37.669901], [176.1728712, -37.6700312], [176.1727445, -37.6703407], [176.1726954, -37.6704586], [176.1727044, -37.6705052], [176.1727164, -37.6705417], [176.1727194, -37.6705765], [176.1727133, -37.6706095], [176.1726983, -37.6706408], [176.1726742, -37.6706703], [176.1726408, -37.6706982], [176.1725943, -37.6707246], [176.1725337, -37.6707497], [176.1724588, -37.6707735], [176.1724238, -37.6707865], [176.1723974, -37.6708036], [176.1723594, -37.6708458], [176.1723306, -37.670886], [176.1723178, -37.6709089], [176.1723063, -37.6709382], [176.1722926, -37.6709739], [176.1722788, -37.671063]]}, "geometry_name": "shape", "properties": {"fidn": "5240362", "valdco": 2, "verdat": null, "inform": null, "ninfom": null, "ntxtds": null, "scamin": 17999, "txtdsc": null, "sordat": null, "sorind": null, "hypcat": null}}, {"type": "Feature", "id": "layer-50672.145444", "geometry": {"type": "LineString", "coordinates": [[176.1724236, -37.6701884], [176.172601, -37.6701473], [176.1726955, -37.6701058], [176.1727331, -37.6700476], [176.1727338, -37.6700465], [176.1728144, -37.6699005], [176.1728577, -37.669667], [176.1728543, -37.6695362], [176.1727604, -37.6693664], [176.1727516, -37.6693354], [176.1727582, -37.6692902], [176.1727714, -37.6692564], [176.1727966, -37.6691851], [176.1728185, -37.6691182], [176.1728324, -37.669066], [176.1728542, -37.6689607], [176.172884, -37.6688096], [176.1729037, -37.6687116], [176.1729141, -37.6686696], [176.172929, -37.6686201], [176.1729382, -37.6685927], [176.1729578, -37.6685478], [176.1729623, -37.6685359], [176.1729681, -37.6685258], [176.1729854, -37.6684983], [176.1729969, -37.668481], [176.1730867, -37.6683665]]}, "geometry_name": "shape", "properties": {"fidn": "5241145", "valdco": 0.0, "verdat": null, "inform": null, "ninfom": null, "ntxtds": null, "scamin": 29999, "txtdsc": null, "sordat": null, "sorind": null, "hypcat": null}}, {"type": "Feature", "id": "layer-50672.145285", "geometry": {"type": "LineString", "coordinates": [[176.1725431, -37.6710523], [176.172539, -37.6709152], [176.172542, -37.6709068], [176.1725438, -37.6709047], [176.1725534, -37.6708871], [176.1725706, -37.6708692], [176.1725887, -37.6708573], [176.1726121, -37.6708489], [176.172632, -37.6708468], [176.1726554, -37.6708481], [176.1726973, -37.6708533], [176.1727362, -37.6708633], [176.1727678, -37.6708754], [176.1727919, -37.6708893], [176.1728085, -37.670905], [176.1728188, -37.6709224], [176.1728326, -37.6709394], [176.1728519, -37.6709557], [176.1728767, -37.6709714], [176.1729069, -37.6709863], [176.172942, -37.6710008], [176.1729818, -37.6710147], [176.1730262, -37.6710282], [176.1730752, -37.6710413], [176.1731255, -37.6710524], [176.1731718, -37.6710595], [176.173214, -37.6710624], [176.1732522, -37.6710612], [176.1733718, -37.6710388], [176.1734778, -37.6710177], [176.1735569, -37.6709874], [176.1736303, -37.6709413], [176.1737195, -37.6708528], [176.1737858, -37.6707895], [176.1738152, -37.6707766], [176.1738536, -37.6707682], [176.1739456, -37.6707641], [176.1740477, -37.6707711], [176.1741538, -37.6707882], [176.1742197, -37.6708018], [176.1742503, -37.6708152], [176.1742653, -37.6708258], [176.174275, -37.6708374], [176.1742935, -37.6708814], [176.1742927, -37.6709345], [176.174257, -37.6710845], [176.174252, -37.671098], [176.1742466, -37.6711122], [176.1740275, -37.6715186], [176.1740203, -37.6715289], [176.174011, -37.6715404], [176.1739872, -37.6715631], [176.1739443, -37.6716123], [176.1738643, -37.6717048], [176.1738246, -37.671749], [176.173797, -37.671762], [176.1737727, -37.67177], [176.1737382, -37.6717704], [176.1737087, -37.6717654], [176.1736389, -37.6717427], [176.1735785, -37.6717137], [176.1735608, -37.6717001], [176.1735531, -37.6716859], [176.1735547, -37.6716582], [176.173547, -37.6716072], [176.1735285, -37.6715831], [176.1735095, -37.6715709], [176.1734809, -37.6715583], [176.1734565, -37.6715507], [176.1734125, -37.6715498], [176.1733737, -37.6715532], [176.1733352, -37.6715616], [176.1733055, -37.6715737], [176.1732657, -37.6716094], [176.1732135, -37.6716489], [176.1731936, -37.6716546], [176.1731769, -37.6716533], [176.1730801, -37.6716422], [176.1729409, -37.6716211], [176.1727998, -37.6715732], [176.1727751, -37.6715578], [176.1727227, -37.6715082], [176.1726998, -37.6714887], [176.1726767, -37.671464], [176.1726524, -37.671433], [176.172627, -37.6713955], [176.1726004, -37.6713516], [176.1725512, -37.6713183]]}, "geometry_name": "shape", "properties": {"fidn": "5151502", "valdco": 5, "verdat": null, "inform": null, "ninfom": null, "ntxtds": null, "scamin": 17999, "txtdsc": null, "sordat": null, "sorind": null, "hypcat": null}}, {"type": "Feature", "id": "layer-50672.137850", "geometry": {"type": "LineString", "coordinates": [[176.1650973, -37.6703812], [176.1650514, -37.6703761], [176.1649389, -37.6703949], [176.1648328, -37.6704096], [176.1647395, -37.6704203], [176.1646826, -37.6704355], [176.164634, -37.6704553], [176.1646004, -37.6704818], [176.1645593, -37.6705629], [176.1645195, -37.6706619], [176.1644649, -37.6707953]]}, "geometry_name": "shape", "properties": {"fidn": "5329155", "valdco": 0.0, "verdat": null, "inform": null, "ninfom": null, "ntxtds": null, "scamin": 29999, "txtdsc": null, "sordat": null, "sorind": null, "hypcat": null}}, {"type": "Feature", "id": "layer-50672.145811", "geometry": {"type": "LineString", "coordinates": [[176.1658586, -37.6669866], [176.1658118, -37.6674556], [176.1657339, -37.6679058], [176.1656718, -37.6684172], [176.165657, -37.6684685], [176.1656464, -37.6684959], [176.1655748, -37.6687603], [176.1655284, -37.6688098], [176.1654874, -37.6688214], [176.1654423, -37.6688119], [176.1654277, -37.6687803], [176.1655105, -37.6684014], [176.1655147, -37.6683622], [176.1655145, -37.6683375], [176.1654475, -37.6679159], [176.1654375, -37.6678624], [176.1654408, -37.6678035], [176.1654689, -37.6676934], [176.1654989, -37.6675209], [176.165502, -37.6674487], [176.1655174, -37.6673662], [176.1656474, -37.66701], [176.1656502, -37.6669828], [176.1656555, -37.6669469], [176.1656476, -37.6667721], [176.1656063, -37.666512], [176.1655741, -37.6661171], [176.1655733, -37.6661032], [176.1655776, -37.6660952], [176.1655876, -37.6660912], [176.1655988, -37.6660918], [176.1656081, -37.6661001], [176.1656194, -37.6661193], [176.1657262, -37.6662886], [176.1657977, -37.6664918], [176.1658342, -37.6667334], [176.1658586, -37.6669866]]}, "geometry_name": "shape", "properties": {"fidn": "5328933", "valdco": 2, "verdat": null, "inform": null, "ninfom": null, "ntxtds": null, "scamin": 17999, "txtdsc": null, "sordat": null, "sorind": null, "hypcat": null}}, {"type": "Feature", "id": "layer-50672.145306", "geometry": {"type": "LineString", "coordinates": [[176.1654229, -37.6634823], [176.1654055, -37.6635399], [176.1653895, -37.6637073], [176.1653872, -37.6637752], [176.1653906, -37.6638182], [176.1653963, -37.6638466], [176.1654057, -37.6638749], [176.1654102, -37.6638905], [176.1654194, -37.6639097], [176.1654322, -37.6639371], [176.1654552, -37.6639783], [176.1655738, -37.6641898], [176.1656199, -37.6642787], [176.1656625, -37.6643692], [176.1656971, -37.6644508], [176.1657155, -37.6645002], [176.1657282, -37.6645432], [176.1657385, -37.6645899], [176.1657477, -37.6646458], [176.1657534, -37.6647108], [176.165757, -37.6647959], [176.1657639, -37.6649287], [176.1657757, -37.6650316], [176.1658477, -37.6652501], [176.1658639, -37.6653371], [176.1658834, -37.6654277], [176.1658904, -37.6654626], [176.1658985, -37.6654909], [176.1659066, -37.6655238], [176.1659385, -37.665709], [176.1659494, -37.6658468], [176.165961, -37.6659063], [176.1659644, -37.665953], [176.165962, -37.6660125], [176.1659529, -37.6661142], [176.1659494, -37.6661517], [176.1659494, -37.6661792], [176.1659552, -37.6662231], [176.1659544, -37.6665107], [176.1659478, -37.6665508], [176.1659364, -37.6665862], [176.165925, -37.6666179], [176.1659204, -37.6666415], [176.1659102, -37.6666788], [176.1659102, -37.6666987], [176.1659193, -37.6667096], [176.1659267, -37.6667207], [176.1660389, -37.6667902], [176.1660445, -37.6667936], [176.1660507, -37.6667975]]}, "geometry_name": "shape", "properties": {"fidn": "5161236", "valdco": 0.0, "verdat": null, "inform": null, "ninfom": null, "ntxtds": null, "scamin": 29999, "txtdsc": null, "sordat": null, "sorind": null, "hypcat": null}}, {"type": "Feature", "id": "layer-50672.145294", "geometry": {"type": "LineString", "coordinates": [[176.1738666, -37.6650564], [176.1738715, -37.6650781], [176.173883, -37.6650927], [176.1739314, -37.6651557], [176.1739463, -37.6651824], [176.1739591, -37.6652126], [176.1739613, -37.665219], [176.1739636, -37.6652317], [176.173967, -37.6652575], [176.173967, -37.6652839], [176.1739636, -37.6653106], [176.1739602, -37.6653239], [176.1739499, -37.6653636], [176.1739395, -37.6653901], [176.1739256, -37.6654176], [176.1738544, -37.6655256], [176.1738382, -37.6655531], [176.1738243, -37.6655816], [176.1738117, -37.6656107], [176.1738002, -37.6656447], [176.173791, -37.6656823], [176.1737842, -37.6657235], [176.1737737, -37.6658168], [176.1737703, -37.665868], [176.1737692, -37.6659212], [176.1737699, -37.6659941], [176.1737703, -37.6660374], [176.1737808, -37.6662892], [176.1737808, -37.6663523], [176.1737773, -37.6664137], [176.1738303, -37.6665725], [176.1738858, -37.6666909], [176.1739037, -37.6667169], [176.1739167, -37.6667439], [176.173926, -37.6667719], [176.1739317, -37.6668008], [176.1739337, -37.6668307], [176.1739321, -37.6668616], [176.1739266, -37.6668933], [176.1739156, -37.6669246], [176.1738989, -37.6669555], [176.1738764, -37.6669859], [176.1738481, -37.6670158], [176.1738228, -37.6670521], [176.1738046, -37.6670865], [176.1737756, -37.6671662], [176.1737656, -37.6671839], [176.173748, -37.6672035], [176.1736038, -37.6673296], [176.1735838, -37.667351], [176.1735673, -37.6673893], [176.1735501, -37.6674443], [176.1735144, -37.6676324], [176.1735151, -37.6676842], [176.1735305, -37.6678129], [176.1735206, -37.6679236], [176.1734875, -37.6680869], [176.1733814, -37.6682081], [176.1732938, -37.668261], [176.1732077, -37.6682979]]}, "geometry_name": "shape", "properties": {"fidn": "5158776", "valdco": 0.0, "verdat": null, "inform": null, "ninfom": null, "ntxtds": null, "scamin": 29999, "txtdsc": null, "sordat": null, "sorind": null, "hypcat": null}}, {"type": "Feature", "id": "layer-50672.145265", "geometry": {"type": "LineString", "coordinates": [[176.177463, -37.6673855], [176.1773826, -37.6674023], [176.1772872, -37.6674413], [176.1772349, -37.6674843], [176.1772086, -37.6675303], [176.1772033, -37.6675782], [176.17721, -37.6676258], [176.1772283, -37.6676731], [176.1772584, -37.6677201], [176.1773002, -37.6677666], [176.1773517, -37.6678107], [176.1773941, -37.6678275], [176.1774372, -37.6678457], [176.177489, -37.6678526], [176.1775436, -37.667848], [176.1775925, -37.6678343], [176.17764, -37.6678166], [176.177689, -37.6677877], [176.1777523, -37.6677512], [176.1777839, -37.6677135], [176.1778024, -37.6676675], [176.1778053, -37.6675943], [176.1777965, -37.6675463], [176.1777728, -37.6675124], [176.1777378, -37.6674828], [176.1776907, -37.6674542], [176.1776314, -37.6674267], [176.1775697, -37.667399], [176.1775245, -37.6673867], [176.177463, -37.6673855]]}, "geometry_name": "shape", "properties": {"fidn": "5151568", "valdco": 2, "verdat": null, "inform": null, "ninfom": null, "ntxtds": null, "scamin": 17999, "txtdsc": null, "sordat": null, "sorind": null, "hypcat": null}}, {"type": "Feature", "id": "layer-50672.145810", "geometry": {"type": "LineString", "coordinates": [[176.1787804, -37.6691491], [176.1787975, -37.6691264], [176.1788125, -37.6691074], [176.1788253, -37.6690921], [176.1788361, -37.6690804], [176.1788448, -37.6690721], [176.1788529, -37.6690641], [176.1788606, -37.6690558], [176.1788678, -37.6690473], [176.1788746, -37.6690386], [176.1788815, -37.6690304], [176.1788891, -37.6690238], [176.1788975, -37.6690187], [176.1789065, -37.6690152], [176.1789164, -37.6690132], [176.1789272, -37.669012], [176.1789389, -37.6690112], [176.1789516, -37.669011], [176.1789654, -37.6690114], [176.1789815, -37.6690115], [176.1790027, -37.6690103], [176.1790289, -37.6690077], [176.1790602, -37.6690036], [176.1790962, -37.6689979], [176.179131, -37.6689868], [176.1791626, -37.668969], [176.179191, -37.6689446], [176.1792163, -37.6689135], [176.1792382, -37.6688787], [176.179256, -37.6688466], [176.1792698, -37.6688177], [176.1792795, -37.6687919], [176.1792852, -37.6687691], [176.179289, -37.668748], [176.1792915, -37.6687279], [176.179293, -37.6687089], [176.1792932, -37.6686908], [176.1792923, -37.6686723], [176.1792899, -37.6686487], [176.1792861, -37.6686197], [176.1792808, -37.6685852], [176.1792741, -37.6685455], [176.1792652, -37.6685056], [176.1792537, -37.6684685], [176.1792396, -37.6684341], [176.1792229, -37.6684025], [176.1792045, -37.6683735], [176.1791881, -37.6683464], [176.1791739, -37.6683211], [176.1791621, -37.6682976], [176.1791527, -37.668276], [176.1791459, -37.6682564], [176.1791422, -37.668239], [176.1791414, -37.6682238], [176.1791438, -37.6682107], [176.1791506, -37.6681989], [176.17917, -37.668183], [176.1792029, -37.6681625], [176.1792494, -37.6681372], [176.1793095, -37.6681073], [176.1793776, -37.6680581], [176.1794012, -37.6680223], [176.1794269, -37.6679494], [176.1794438, -37.6678612], [176.1794531, -37.667758], [176.1794535, -37.6677285], [176.1794894, -37.667597], [176.1795673, -37.6674285], [176.1796172, -37.6673344], [176.1796977, -37.6671716], [176.1797428, -37.6670114], [176.179757, -37.6668641], [176.1797415, -37.6666881], [176.17974, -37.6666714], [176.1797456, -37.6665524], [176.1797626, -37.6664901], [176.179791, -37.6664419], [176.1798335, -37.6663994], [176.1798958, -37.6663427], [176.1800411, -37.6661886], [176.180052, -37.6661712]]}, "geometry_name": "shape", "properties": {"fidn": "5328876", "valdco": 5, "verdat": null, "inform": null, "ninfom": null, "ntxtds": null, "scamin": 17999, "txtdsc": null, "sordat": null, "sorind": null, "hypcat": null}}, {"type": "Feature", "id": "layer-50672.146463", "geometry": {"type": "LineString", "coordinates": [[176.1782858, -37.6689428], [176.1783129, -37.6687718], [176.1783248, -37.6685424], [176.1783075, -37.6684611], [176.1782595, -37.6683493], [176.1780862, -37.6680042], [176.1780158, -37.6678298], [176.177972, -37.6676353], [176.177972, -37.6674041], [176.1779624, -37.6673167], [176.1779456, -37.6672337], [176.1778827, -37.6670337], [176.1777756, -37.66675], [176.1777387, -37.6666664], [176.177713, -37.6666027], [176.1776789, -37.6664377], [176.1776678, -37.6663909], [176.1776392, -37.6662705], [176.1776109, -37.6662167], [176.1775694, -37.6661712], [176.1775341, -37.6661341], [176.1774897, -37.6661049], [176.1773792, -37.6660577], [176.1772771, -37.666028], [176.1771811, -37.6660158], [176.1769532, -37.6660076], [176.1766924, -37.6659881], [176.1765978, -37.6659834], [176.1765228, -37.6659759], [176.1764435, -37.6659815], [176.1763273, -37.6659759], [176.1762452, -37.6659787], [176.1761488, -37.666007], [176.1760836, -37.6660467], [176.1760581, -37.666092], [176.1760185, -37.6661345], [176.1759636, -37.666177], [176.1759571, -37.666182], [176.1757081, -37.6662955], [176.1754999, -37.6664123], [176.1754465, -37.6664549], [176.1753905, -37.6665222], [176.1751811, -37.6669226], [176.1750916, -37.6671123], [176.1749555, -37.6673162], [176.1747715, -37.6675474], [176.1746229, -37.6677126], [176.1746102, -37.6677239], [176.174592, -37.6677306], [176.1745768, -37.6677302], [176.174559, -37.6677273], [176.1745435, -37.667723], [176.1745302, -37.6677137], [176.1745239, -37.667694], [176.1745275, -37.6676755], [176.1745448, -37.6676477], [176.1745452, -37.667622], [176.1745294, -37.6675805], [176.1745009, -37.6675525], [176.1744492, -37.6675307], [176.1743894, -37.6675235], [176.1743262, -37.6675272], [176.174276, -37.667546], [176.1742549, -37.6675674], [176.1742477, -37.6675939], [176.1742593, -37.667625], [176.1742791, -37.6676475], [176.1742833, -37.6676571], [176.1742854, -37.6676672], [176.1742823, -37.66769], [176.1742618, -37.6677234], [176.1742307, -37.6677402], [176.1741839, -37.6677544], [176.1741363, -37.6677638], [176.1740776, -37.6677657], [176.1739971, -37.6677481], [176.1739355, -37.6677239], [176.1739282, -37.6677199], [176.1739215, -37.6677145], [176.1739106, -37.6676783], [176.1739074, -37.6676513], [176.1739114, -37.6676365], [176.1739155, -37.667628], [176.173918, -37.6676241], [176.1739275, -37.667612], [176.1741349, -37.6674026], [176.1742798, -37.6672478], [176.1742965, -37.6672233], [176.1743035, -37.6671987], [176.1742871, -37.6670858], [176.1742831, -37.6670681], [176.174276, -37.66705], [176.1742274, -37.6669418], [176.1741988, -37.6667733], [176.1741731, -37.666581], [176.1741747, -37.6665584], [176.1741744, -37.6665419], [176.1741896, -37.6664782], [176.1742002, -37.6664603], [176.1742089, -37.666445], [176.1744164, -37.6661997], [176.1744729, -37.6661055], [176.1744871, -37.6660671], [176.1744902, -37.6660343], [176.1744909, -37.6660267], [176.1744673, -37.6659732], [176.1744312, -37.6659484], [176.174349, -37.6659018], [176.1742541, -37.6658463], [176.174209, -37.66579], [176.1741958, -37.6657335], [176.174194, -37.6655955], [176.1742005, -37.6654927], [176.1742203, -37.6653878], [176.1742458, -37.6653028], [176.1742547, -37.6652506], [176.1742647, -37.665188], [176.1742691, -37.6651138], [176.1742775, -37.6649966]]}, "geometry_name": "shape", "properties": {"fidn": "7838941", "valdco": 5, "verdat": null, "inform": null, "ninfom": null, "ntxtds": null, "scamin": 17999, "txtdsc": null, "sordat": null, "sorind": null, "hypcat": null}}, {"type": "Feature", "id": "layer-50672.146462", "geometry": {"type": "LineString", "coordinates": [[176.1777261, -37.6659345], [176.1777603, -37.6659612], [176.1777919, -37.6659842], [176.1778209, -37.6660036], [176.1778472, -37.6660193], [176.1778712, -37.6660316], [176.1778957, -37.6660429], [176.1779213, -37.6660536], [176.1779479, -37.6660638], [176.1779757, -37.6660734], [176.1780045, -37.6660824], [176.1780346, -37.6660908], [176.1780659, -37.6660985], [176.1780983, -37.6661056], [176.1781319, -37.6661119], [176.1781646, -37.6661177], [176.1781955, -37.666123], [176.1782247, -37.6661277], [176.1782787, -37.6661357], [176.1783074, -37.6661402], [176.1783383, -37.6661454], [176.1783715, -37.6661512], [176.1784071, -37.6661577], [176.1784468, -37.6661647], [176.1784923, -37.6661722], [176.1785434, -37.66618], [176.1786002, -37.6661883], [176.1786612, -37.6661967], [176.1787175, -37.666204], [176.1787678, -37.66621], [176.178812, -37.6662146], [176.1788502, -37.6662178], [176.1788857, -37.6662203], [176.1789231, -37.6662228], [176.1789627, -37.6662253], [176.1790477, -37.6662302], [176.179093, -37.6662324], [176.1791398, -37.6662341], [176.1791883, -37.6662354], [176.1792384, -37.6662363], [176.1792874, -37.6662368], [176.1793284, -37.6662365], [176.1793612, -37.6662356], [176.1793858, -37.6662341], [176.1794022, -37.6662318], [176.1794159, -37.666229], [176.1794297, -37.6662256], [176.1794437, -37.6662217], [176.1794578, -37.6662173], [176.1794722, -37.6662117], [176.1794878, -37.6662023], [176.1795046, -37.6661889], [176.1795227, -37.6661715], [176.179542, -37.66615]]}, "geometry_name": "shape", "properties": {"fidn": "7828152", "valdco": 10, "verdat": null, "inform": null, "ninfom": null, "ntxtds": null, "scamin": 17999, "txtdsc": null, "sordat": null, "sorind": null, "hypcat": null}}, {"type": "Feature", "id": "layer-50672.145441", "geometry": {"type": "LineString", "coordinates": [[176.1805821, -37.6652138], [176.1805712, -37.6652301], [176.1804482, -37.6655069], [176.1803629, -37.6656296], [176.1802788, -37.6657514], [176.1802205, -37.6658193], [176.1801598, -37.6659033], [176.1801369, -37.6659517], [176.1801229, -37.6659812], [176.1800906, -37.6660607], [176.1800629, -37.6661369], [176.180052, -37.6661712], [176.1800469, -37.6661871], [176.1800354, -37.666232], [176.1800318, -37.6662821], [176.1800245, -37.6663868], [176.1800114, -37.6664292], [176.179987, -37.6664725], [176.1799046, -37.666584], [176.1799003, -37.666596], [176.1798838, -37.6666428], [176.1798813, -37.6666603], [176.17988, -37.6666691], [176.1798813, -37.6667198], [176.179886, -37.6669089], [176.1798847, -37.6669409], [176.1798845, -37.6669537], [176.1798836, -37.667016], [176.1798791, -37.6670902], [176.179871, -37.667168], [176.179855, -37.6672862], [176.1798397, -37.6673606], [176.1797936, -37.6675611], [176.1797788, -37.6676063]]}, "geometry_name": "shape", "properties": {"fidn": "5241139", "valdco": 0.0, "verdat": null, "inform": null, "ninfom": null, "ntxtds": null, "scamin": 29999, "txtdsc": null, "sordat": null, "sorind": null, "hypcat": null}}, {"type": "Feature", "id": "layer-50672.137849", "geometry": {"type": "LineString", "coordinates": [[176.1801369, -37.6659517], [176.1802106, -37.6656412], [176.1802071, -37.6655039], [176.180201, -37.6653902], [176.1802106, -37.6652906], [176.1802323, -37.6652408], [176.1802529, -37.6651845]]}, "geometry_name": "shape", "properties": {"fidn": "5328875", "valdco": 5, "verdat": null, "inform": null, "ninfom": null, "ntxtds": null, "scamin": 17999, "txtdsc": null, "sordat": null, "sorind": null, "hypcat": null}}, {"type": "Feature", "id": "layer-50672.136424", "geometry": {"type": "LineString", "coordinates": [[176.1805951, -37.6651575], [176.1806201, -37.6651025], [176.1807974, -37.6647711], [176.1808371, -37.664698]]}, "geometry_name": "shape", "properties": {"fidn": "235812", "valdco": 0.0, "verdat": null, "inform": null, "ninfom": null, "ntxtds": null, "scamin": 29999, "txtdsc": null, "sordat": null, "sorind": null, "hypcat": null}}, {"type": "Feature", "id": "layer-50672.139493", "geometry": {"type": "LineString", "coordinates": [[176.1803682, -37.6644495], [176.1803751, -37.6644196], [176.1803872, -37.6643628], [176.1804011, -37.6642997], [176.180415, -37.6642402], [176.1804286, -37.6641852], [176.1804414, -37.664133], [176.1804896, -37.6639592], [176.180531, -37.6638272], [176.1805656, -37.6637257], [176.1806151, -37.6635718], [176.1806473, -37.6634592], [176.1806749, -37.6633649], [176.1807037, -37.6632817], [176.1807163, -37.6632496], [176.1807293, -37.663218], [176.1807485, -37.6631874], [176.1807694, -37.6631525], [176.1808037, -37.6631012], [176.1808556, -37.6630307], [176.1809132, -37.6629511], [176.180958, -37.662886], [176.1809868, -37.6628394], [176.1810145, -37.6627927], [176.1810386, -37.662747], [176.1810617, -37.662702], [176.1810813, -37.6626608], [176.1811043, -37.6626069], [176.1811169, -37.662572], [176.1811272, -37.6625355], [176.1811421, -37.6624502], [176.1811491, -37.6623523], [176.1811513, -37.6622233], [176.1811513, -37.6621261], [176.1811547, -37.6620913], [176.1811639, -37.662041], [176.1811812, -37.6619779], [176.1812042, -37.6619156], [176.181226, -37.6618653], [176.1812469, -37.6618249], [176.1812778, -37.6617764], [176.1813032, -37.6617425], [176.1813158, -37.661727], [176.1813307, -37.6617104], [176.1813469, -37.6616931], [176.181355, -37.6616894], [176.1813711, -37.6616858], [176.1814276, -37.661683], [176.1815598, -37.6616913]]}, "geometry_name": "shape", "properties": {"fidn": "235542", "valdco": 2, "verdat": null, "inform": null, "ninfom": null, "ntxtds": null, "scamin": 17999, "txtdsc": null, "sordat": null, "sorind": null, "hypcat": null}}, {"type": "Feature", "id": "layer-50672.146453", "geometry": {"type": "LineString", "coordinates": [[176.1805677, -37.6629424], [176.1805842, -37.6628073], [176.1806049, -37.6625758], [176.1806466, -37.6623839], [176.1807029, -37.6621859], [176.1807436, -37.6619293], [176.1808156, -37.6615538], [176.1808719, -37.661269], [176.1809635, -37.6609723], [176.180978, -37.6608766], [176.1810051, -37.6607538], [176.1810342, -37.6606331], [176.1810467, -37.6605353], [176.1810446, -37.6604458], [176.181053, -37.6603335], [176.1810592, -37.6602585], [176.1810675, -37.6602128], [176.1810904, -37.6601191], [176.1811426, -37.6598802]]}, "geometry_name": "shape", "properties": {"fidn": "7835425", "valdco": 10, "verdat": null, "inform": null, "ninfom": null, "ntxtds": null, "scamin": 17999, "txtdsc": null, "sordat": null, "sorind": null, "hypcat": null}}, {"type": "Feature", "id": "layer-50672.136422", "geometry": {"type": "LineString", "coordinates": [[176.1807293, -37.663218], [176.1806952, -37.6630166], [176.1806708, -37.6627802], [176.1806754, -37.6626051], [176.1807025, -37.6625432], [176.1807976, -37.6622656], [176.1808912, -37.6618807], [176.1809742, -37.6616015], [176.1810361, -37.6612363], [176.1810625, -37.6611059], [176.1810828, -37.6609616], [176.1810949, -37.6608213], [176.1811508, -37.6606477], [176.1811945, -37.6605707], [176.1812649, -37.6604353], [176.1812947, -37.6603566], [176.1813246, -37.6602851], [176.1813396, -37.6602531], [176.1813511, -37.660221], [176.1813707, -37.6601634], [176.1813765, -37.6601313], [176.181381, -37.6600891], [176.1813867, -37.6599775], [176.1813888, -37.6597705], [176.1813981, -37.6597303]]}, "geometry_name": "shape", "properties": {"fidn": "234046", "valdco": 5, "verdat": null, "inform": null, "ninfom": null, "ntxtds": null, "scamin": 17999, "txtdsc": null, "sordat": null, "sorind": null, "hypcat": null}}, {"type": "Feature", "id": "layer-50672.138360", "geometry": {"type": "LineString", "coordinates": [[176.175766, -37.6580034], [176.1757198, -37.6579686], [176.1756789, -37.6579108], [176.175638, -37.657841], [176.175597, -37.6577761], [176.1755898, -37.6577135], [176.175597, -37.6576244], [176.1756235, -37.6575546], [176.1756596, -37.6574608], [176.1756813, -37.6573814], [176.1757318, -37.6572394], [176.1757631, -37.6571142], [176.1757799, -37.6570324], [176.1757823, -37.6569049], [176.1757968, -37.6568206], [176.1758329, -37.6567147], [176.1758858, -37.6565872], [176.1759388, -37.6564861], [176.1759989, -37.6563874], [176.1760856, -37.6562238], [176.1761867, -37.6560722], [176.1762709, -37.6559109], [176.1763142, -37.6557954], [176.1763335, -37.655716], [176.1763599, -37.6556294], [176.1764033, -37.6555451], [176.1764297, -37.655485], [176.1764418, -37.6554441], [176.1764442, -37.6554031], [176.176461, -37.6553021], [176.1764827, -37.6552419], [176.1765188, -37.6551962], [176.1765789, -37.6551456], [176.1766559, -37.6550951], [176.1766969, -37.655047], [176.1767257, -37.6549988], [176.1767715, -37.654917], [176.1768448, -37.6548205], [176.1769368, -37.6547051], [176.1770001, -37.6546427], [176.1770747, -37.6545849], [176.1771927, -37.6545098]]}, "geometry_name": "shape", "properties": {"fidn": "7977459", "valdco": 10, "verdat": null, "inform": null, "ninfom": null, "ntxtds": null, "scamin": 17999, "txtdsc": null, "sordat": null, "sorind": null, "hypcat": null}}, {"type": "Feature", "id": "layer-50672.146471", "geometry": {"type": "LineString", "coordinates": [[176.1690154, -37.6585096], [176.1689589, -37.6585485], [176.1689193, -37.6585806], [176.1688966, -37.6586059], [176.1688907, -37.6586243], [176.1688977, -37.6586373], [176.1689085, -37.6586478], [176.1689229, -37.658656], [176.1689408, -37.6586619], [176.1689618, -37.6586655], [176.1689834, -37.6586676], [176.1690052, -37.6586683], [176.1690272, -37.6586676], [176.1690494, -37.6586654], [176.1690713, -37.6586609], [176.1690928, -37.6586539], [176.1691137, -37.6586443], [176.1691342, -37.6586322], [176.1691532, -37.6586189], [176.16917, -37.6586054], [176.1691847, -37.6585915], [176.1691972, -37.6585774], [176.1692083, -37.6585638], [176.1692191, -37.6585523], [176.1692297, -37.6585427], [176.16924, -37.6585352], [176.1692504, -37.6585293], [176.1692619, -37.6585242], [176.1692745, -37.6585198], [176.1692882, -37.6585161], [176.1693032, -37.6585132], [176.1693203, -37.6585121], [176.1693397, -37.6585131], [176.1693615, -37.6585162], [176.1693856, -37.6585213], [176.1694103, -37.6585251], [176.1694351, -37.6585258], [176.1694598, -37.6585236], [176.1694844, -37.6585183], [176.169537, -37.6585033], [176.1695659, -37.6584948], [176.1695965, -37.6584856], [176.1696279, -37.6584764], [176.1696579, -37.6584687], [176.1696863, -37.6584625], [176.1697132, -37.658458], [176.1697391, -37.6584549], [176.1697669, -37.6584528], [176.1697971, -37.6584516], [176.1698297, -37.6584514], [176.1698648, -37.6584519], [176.169903, -37.658453], [176.1699449, -37.6584544], [176.1699902, -37.6584561], [176.1700391, -37.6584582], [176.1700873, -37.6584592], [176.1701317, -37.658458], [176.1701721, -37.6584547], [176.1702087, -37.6584493], [176.1702401, -37.6584421], [176.1702643, -37.6584337], [176.1702812, -37.6584242], [176.1702907, -37.6584135], [176.1702942, -37.6584019], [176.1702963, -37.6583903], [176.1702975, -37.6583787], [176.1702979, -37.6583672], [176.1702973, -37.6583557], [176.1702944, -37.658344], [176.1702886, -37.6583319], [176.1702802, -37.6583196], [176.170269, -37.658307], [176.170255, -37.6582965], [176.1702384, -37.6582892], [176.1702191, -37.6582851], [176.170197, -37.6582842], [176.1701741, -37.6582851], [176.1701525, -37.6582856], [176.1701322, -37.6582858], [176.1701134, -37.6582857], [176.1700958, -37.6582852], [176.1700793, -37.6582842], [176.1700636, -37.6582829], [176.1700489, -37.6582811], [176.170035, -37.6582787], [176.1700203, -37.6582746], [176.1700046, -37.6582684], [176.1699879, -37.6582602], [176.1699701, -37.65825], [176.1699498, -37.6582393], [176.1699267, -37.6582287], [176.1699006, -37.658218], [176.1698715, -37.6582073], [176.1698421, -37.6581978], [176.1698147, -37.6581905], [176.1697893, -37.6581854], [176.1697659, -37.6581824], [176.1697442, -37.6581815], [176.1697237, -37.658182], [176.1697044, -37.6581841], [176.1696863, -37.6581878], [176.1696693, -37.6581929], [176.1696525, -37.6581994], [176.1696361, -37.6582072], [176.1696198, -37.6582163], [176.1696037, -37.6582267], [176.1695867, -37.6582368], [176.1695685, -37.6582462], [176.1695491, -37.658255], [176.1695068, -37.6582717], [176.1694839, -37.6582812], [176.1694598, -37.6582917], [176.1694346, -37.6583032], [176.1694087, -37.6583153], [176.1693825, -37.6583273], [176.169303, -37.6583631], [176.1692786, -37.6583751], [176.1692563, -37.6583872], [176.1692361, -37.6583994], [176.169218, -37.6584116], [176.1691717, -37.6584431], [176.1691586, -37.6584519], [176.1691385, -37.6584623], [176.169108, -37.6584754], [176.1690669, -37.6584912], [176.1690154, -37.6585096]]}, "geometry_name": "shape", "properties": {"fidn": "7842248", "valdco": 5, "verdat": null, "inform": null, "ninfom": null, "ntxtds": null, "scamin": 17999, "txtdsc": null, "sordat": null, "sorind": null, "hypcat": null}}, {"type": "Feature", "id": "layer-50672.145479", "geometry": {"type": "LineString", "coordinates": [[176.1653315, -37.6595547], [176.1653177, -37.6595492], [176.1652959, -37.6595355], [176.165282, -37.6595255], [176.1652716, -37.6595145], [176.1652601, -37.659498], [176.1652578, -37.659487], [176.1652567, -37.6594697], [176.1652578, -37.6594476], [176.165259, -37.6594385], [176.1652624, -37.659432], [176.1652648, -37.6594266], [176.1652786, -37.6594129], [176.16529, -37.6594056], [176.165313, -37.6593936], [176.1653326, -37.6593863], [176.1653591, -37.659379], [176.1654179, -37.6593652], [176.1654984, -37.6593488], [176.1657162, -37.6593084], [176.1660547, -37.6592458], [176.1661422, -37.6592297], [176.1661989, -37.6592218], [176.1662363, -37.6592193], [176.166286, -37.6592193], [176.1663824, -37.6592275], [176.1664373, -37.6592358], [176.1666788, -37.6592572], [176.166901, -37.6592874], [176.1671383, -37.6593176], [176.1672798, -37.6593351], [176.1672846, -37.6593357], [176.1673423, -37.6593387], [176.1674764, -37.6593506], [176.167542, -37.6593435], [176.1675912, -37.6593293], [176.1676806, -37.6592807], [176.1677339, -37.6592442], [176.1678087, -37.6591883], [176.1678696, -37.6591663], [176.1679338, -37.6591492], [176.1681097, -37.6591089], [176.1683335, -37.6590523], [176.1686767, -37.6589834], [176.1688731, -37.6589682], [176.1692198, -37.6589084], [176.1696897, -37.6588455], [176.1698483, -37.6588623], [176.1699106, -37.6588578], [176.1703248, -37.6588274], [176.1708149, -37.6587716], [176.1710517, -37.6587376], [176.1710895, -37.6587354], [176.1711244, -37.6587371], [176.1713884, -37.6587862], [176.1714782, -37.6587948], [176.1715684, -37.6587896], [176.1720679, -37.6587179], [176.1722619, -37.6586773], [176.1725492, -37.6586187], [176.1729591, -37.6585327], [176.1732061, -37.6584943], [176.1734275, -37.6584321], [176.1735757, -37.6583973], [176.1736837, -37.6583809], [176.1738868, -37.6583516], [176.174057, -37.6583022], [176.1742418, -37.6582583], [176.1744962, -37.6582143], [176.1746374, -37.6581822], [176.1747951, -37.6581525], [176.1748972, -37.6581259], [176.1749636, -37.6581163], [176.1749919, -37.6581214], [176.1750119, -37.6581345]]}, "geometry_name": "shape", "properties": {"fidn": "5258885", "valdco": 0.0, "verdat": null, "inform": null, "ninfom": null, "ntxtds": null, "scamin": 29999, "txtdsc": null, "sordat": null, "sorind": null, "hypcat": null}}, {"type": "Feature", "id": "layer-50672.145284", "geometry": {"type": "LineString", "coordinates": [[176.166286, -37.6592193], [176.166285, -37.6592057], [176.1662829, -37.6591789], [176.1663119, -37.6591715], [176.1663658, -37.6591715], [176.166388, -37.6591721], [176.1664904, -37.6591667], [176.166542, -37.6591477], [176.1665969, -37.6591229], [176.1666695, -37.6590974], [176.1667442, -37.6590864], [176.1668747, -37.6590726], [176.1668969, -37.6590758], [176.1669867, -37.6590945], [176.1671016, -37.6591035], [176.1673694, -37.6590653], [176.1675312, -37.6590531], [176.1676992, -37.659033], [176.1678053, -37.6590159], [176.1678785, -37.6589838], [176.1679591, -37.6589468], [176.1680583, -37.6589255], [176.1681007, -37.658923], [176.1681408, -37.6589248], [176.1682232, -37.6589408], [176.1683407, -37.6589351], [176.1684518, -37.6589027], [176.1686059, -37.6588816], [176.1688127, -37.6588973], [176.1688181, -37.6588977], [176.168952, -37.6588876], [176.1691023, -37.6588826], [176.1693474, -37.6588484], [176.1697109, -37.6587905], [176.1697956, -37.6587719], [176.1699835, -37.6587308], [176.1701409, -37.6586932], [176.1702676, -37.6586626], [176.1703568, -37.6586445], [176.1704529, -37.6586375], [176.170542, -37.6586319], [176.1706367, -37.6586347], [176.1707161, -37.6586389], [176.1707969, -37.6586403], [176.1708526, -37.6586361], [176.1709123, -37.6586286], [176.171206, -37.6585813], [176.171495, -37.6585581], [176.1716796, -37.6585415], [176.1719606, -37.6585162], [176.1721949, -37.6584735], [176.1727794, -37.6583898], [176.1730158, -37.6583497], [176.1732414, -37.6583146], [176.17358, -37.6582456], [176.1736146, -37.658237], [176.1738604, -37.6581762], [176.1739308, -37.658179], [176.1740056, -37.6581922], [176.174009, -37.6581928], [176.1740639, -37.6581928], [176.1741623, -37.6581779], [176.1742284, -37.6581667], [176.1742921, -37.6581558], [176.1744996, -37.6581008], [176.1747153, -37.6580749], [176.1748659, -37.658062], [176.1749307, -37.6580683], [176.1749583, -37.6580829], [176.1749798, -37.6580943], [176.1749919, -37.6581214]]}, "geometry_name": "shape", "properties": {"fidn": "5151496", "valdco": 2, "verdat": null, "inform": null, "ninfom": null, "ntxtds": null, "scamin": 17999, "txtdsc": null, "sordat": null, "sorind": null, "hypcat": null}}, {"type": "Feature", "id": "layer-50672.145936", "geometry": {"type": "LineString", "coordinates": [[176.1653983, -37.6633576], [176.1652913, -37.6632646], [176.1651993, -37.6631725], [176.1651224, -37.6630813], [176.1650606, -37.6629909], [176.1650099, -37.6629024], [176.1649628, -37.6628173], [176.1649189, -37.6627357], [176.1648784, -37.6626576], [176.164841, -37.6625828], [176.1648068, -37.6625105], [176.1647755, -37.6624407], [176.1647473, -37.6623734], [176.1647221, -37.6623091], [176.164701, -37.6622524], [176.164684, -37.6622044], [176.1646712, -37.6621649], [176.1646624, -37.6621337], [176.1646549, -37.6621064], [176.1646478, -37.6620812], [176.164641, -37.6620582], [176.1646112, -37.6619615], [176.1645821, -37.6618654], [176.1645568, -37.6617809], [176.1645413, -37.6617271], [176.1645337, -37.6617001], [176.1645263, -37.6616729], [176.1645191, -37.6616452], [176.1645121, -37.6616169], [176.1645052, -37.661588], [176.1644986, -37.6615586], [176.164492, -37.6615287], [176.1644855, -37.6614985], [176.1644791, -37.6614679], [176.1644665, -37.6614056], [176.1644603, -37.6613738], [176.1644481, -37.6613091], [176.164442, -37.661276], [176.1644302, -37.6612079], [176.1644244, -37.6611729], [176.1644187, -37.6611371], [176.1644131, -37.6611006], [176.1644078, -37.6610632], [176.1644026, -37.6610251], [176.1643977, -37.6609862], [176.1643931, -37.6609475], [176.1643888, -37.6609088], [176.1643848, -37.6608704], [176.1643812, -37.6608324], [176.1643781, -37.660797], [176.1643754, -37.6607647], [176.1643732, -37.6607356], [176.1643714, -37.6607095], [176.1643699, -37.6606843], [176.1643686, -37.660659], [176.1643675, -37.6606338], [176.1643658, -37.660585], [176.1643643, -37.6605353], [176.1643643, -37.6605228], [176.1643649, -37.6605065], [176.1643662, -37.6604863], [176.1643681, -37.6604621], [176.1643704, -37.6604349], [176.1643725, -37.6604073], [176.1643742, -37.6603794], [176.164377, -37.6603227], [176.1643795, -37.6602914], [176.1643833, -37.6602569], [176.1643885, -37.6602194], [176.1644009, -37.6601411], [176.1644059, -37.660107], [176.16441, -37.6600768], [176.1644161, -37.6600253], [176.1644194, -37.66], [176.164423, -37.6599746], [176.1644269, -37.6599489], [176.1644317, -37.6599221], [176.1644377, -37.6598933], [176.164445, -37.6598623], [176.1644536, -37.6598293], [176.1644627, -37.6597963], [176.1644701, -37.6597686], [176.1644759, -37.6597464], [176.1644799, -37.6597296], [176.1644849, -37.6597068], [176.1644873, -37.659697], [176.1644896, -37.6596883], [176.1644948, -37.6596694], [176.1644979, -37.6596575], [176.1645045, -37.659635], [176.1645075, -37.6596256], [176.1645108, -37.6596156], [176.1645145, -37.659605], [176.164533, -37.659554], [176.1645533, -37.659499], [176.1645637, -37.6594715], [176.1645737, -37.6594459], [176.1645833, -37.6594222], [176.1645924, -37.6594004], [176.1646012, -37.6593796], [176.1646098, -37.6593598], [176.1646261, -37.6593231], [176.1646406, -37.6592918], [176.1646469, -37.6592786], [176.1646579, -37.6592568], [176.1646626, -37.6592477], [176.1646669, -37.6592398], [176.1646708, -37.659233], [176.1646804, -37.6592167], [176.1646861, -37.6592073], [176.1646908, -37.6592], [176.164715, -37.6591632], [176.1647238, -37.6591501], [176.1647336, -37.6591358], [176.1647382, -37.6591292], [176.1647494, -37.6591138], [176.1647549, -37.6591065], [176.1647604, -37.6590995], [176.1647724, -37.6590848], [176.1647801, -37.6590756], [176.1647995, -37.6590531], [176.1648301, -37.6590362], [176.1648604, -37.6590207], [176.1648904, -37.6590065], [176.1649201, -37.6589936], [176.1649495, -37.6589821], [176.1649786, -37.6589718], [176.1650067, -37.6589624], [176.1650591, -37.6589455], [176.1650834, -37.658938], [176.1651064, -37.6589311], [176.1651282, -37.6589248], [176.1651492, -37.6589194], [176.1651693, -37.6589147], [176.1651887, -37.6589109], [176.1652073, -37.6589079], [176.1652251, -37.6589057], [176.1652433, -37.6589042], [176.1652649, -37.6589031], [176.1652899, -37.6589025], [176.1653185, -37.6589024], [176.1653506, -37.6589026], [176.1653989, -37.658911], [176.1654103, -37.6589181], [176.1654205, -37.6589247], [176.1654294, -37.6589308], [176.1654369, -37.6589363], [176.1654432, -37.6589413], [176.1654482, -37.6589458], [176.165452, -37.6589499], [176.165455, -37.6589542], [176.1654573, -37.6589589], [176.1654591, -37.658964], [176.1654601, -37.6589694], [176.1654605, -37.6589752], [176.1654602, -37.6589814], [176.1654593, -37.658988], [176.1654257, -37.6589944], [176.1653696, -37.6590055], [176.1653472, -37.6590102], [176.1653278, -37.6590144], [176.1653086, -37.6590187], [176.1652699, -37.6590277], [176.1652503, -37.6590324], [176.165231, -37.6590372], [176.1652179, -37.6590406], [176.165212, -37.6590421], [176.1651751, -37.6590519], [176.1651572, -37.6590569], [176.1651399, -37.659062], [176.1651232, -37.6590672], [176.1651072, -37.6590725], [176.1650917, -37.6590779], [176.1650771, -37.6590833], [176.1650632, -37.6590887], [176.1650502, -37.6590941], [176.1650379, -37.6590995], [176.1650267, -37.6591047], [176.1650076, -37.659114], [176.1649997, -37.6591181], [176.1649865, -37.6591255], [176.1649806, -37.6591292], [176.1649699, -37.6591363], [176.1649602, -37.6591435], [176.1649556, -37.6591471], [176.1649422, -37.6591583], [176.1649295, -37.6591695], [176.1649213, -37.6591772], [176.1649173, -37.6591812], [176.16491, -37.659189], [176.1649095, -37.6591895], [176.1649016, -37.6591987], [176.1648977, -37.6592036], [176.1648937, -37.659209], [176.1648891, -37.6592156], [176.1648838, -37.6592238], [176.1648777, -37.6592335], [176.164871, -37.6592447], [176.1648634, -37.6592578], [176.1648548, -37.6592731], [176.1648454, -37.6592907], [176.164835, -37.6593106], [176.1648239, -37.6593321], [176.1648135, -37.6593529], [176.1648037, -37.659373], [176.1647945, -37.6593923], [176.164786, -37.6594108], [176.1647779, -37.6594289], [176.1647704, -37.659446], [176.1647625, -37.6594646], [176.1647553, -37.6594821], [176.1647414, -37.6595171], [176.1647346, -37.6595347], [176.1647213, -37.6595707], [176.1647136, -37.6595924], [176.1647047, -37.6596183], [176.1646832, -37.6596829]]}, "geometry_name": "shape", "properties": {"fidn": "5368228", "valdco": 0.0, "verdat": null, "inform": null, "ninfom": null, "ntxtds": null, "scamin": 29999, "txtdsc": null, "sordat": null, "sorind": null, "hypcat": null}}, {"type": "Feature", "id": "layer-50672.145935", "geometry": {"type": "LineString", "coordinates": [[176.1646741, -37.6597155], [176.1646673, -37.6597391], [176.1646601, -37.6597621], [176.1646527, -37.6597846], [176.1646371, -37.6598291], [176.1646302, -37.6598536], [176.1646242, -37.6598802], [176.164619, -37.6599089], [176.1646076, -37.6599855], [176.164603, -37.6600157], [176.1646013, -37.6600283], [176.1645997, -37.6600411], [176.1645984, -37.6600541], [176.1645973, -37.6600672], [176.1645917, -37.6601387], [176.1645904, -37.6601608], [176.1645899, -37.660183], [176.1645901, -37.6602055], [176.1645911, -37.6602282], [176.1645923, -37.6602508], [176.164593, -37.6602729], [176.1645932, -37.6602945], [176.1645929, -37.6603156], [176.1645921, -37.6603361], [176.1645908, -37.6603564], [176.164589, -37.6603765], [176.1645867, -37.6603963], [176.1645839, -37.6604162], [176.1645813, -37.6604385], [176.1645788, -37.6604635], [176.1645765, -37.6604911], [176.1645745, -37.6605227], [176.1645748, -37.6605738], [176.164578, -37.6606491], [176.1645841, -37.6607484], [176.1645931, -37.6608712], [176.1646022, -37.660987], [176.1646097, -37.6610786], [176.1646158, -37.6611459], [176.1646204, -37.6611891], [176.1646243, -37.6612192], [176.1646283, -37.6612486], [176.1646363, -37.6613053], [176.1646405, -37.6613327], [176.1646448, -37.6613596], [176.1646492, -37.661386], [176.1646538, -37.6614118], [176.1646586, -37.6614374], [176.1646637, -37.6614637], [176.1646692, -37.6614909], [176.1646751, -37.6615189], [176.1646814, -37.6615477], [176.1646881, -37.6615775], [176.1646952, -37.6616082], [176.1647027, -37.6616398], [176.1647106, -37.6616724], [176.1647196, -37.661706], [176.1647299, -37.6617407], [176.1647416, -37.6617763], [176.1647546, -37.6618131], [176.1647672, -37.6618481], [176.1647781, -37.6618793], [176.1647873, -37.6619066], [176.1647947, -37.6619301], [176.1648092, -37.6619777], [176.1648339, -37.6620547], [176.1648411, -37.6620763], [176.1648561, -37.6621208], [176.1648637, -37.6621438], [176.1648712, -37.6621672], [176.1648785, -37.6621912], [176.1648858, -37.6622158], [176.1648939, -37.662242], [176.1649036, -37.6622706], [176.1649149, -37.6623017], [176.1649278, -37.6623351], [176.1649423, -37.6623707], [176.1649585, -37.6624083], [176.1649764, -37.6624477], [176.164996, -37.6624889], [176.1650183, -37.6625326], [176.1650453, -37.6625797], [176.1650773, -37.6626304], [176.1651142, -37.6626845], [176.1651551, -37.6627418], [176.1651957, -37.6628005], [176.1652357, -37.6628602], [176.165275, -37.6629211], [176.1653134, -37.6629824], [176.1653493, -37.663037], [176.1653821, -37.6630833], [176.1654119, -37.6631213], [176.1654387, -37.663151], [176.165466, -37.6631765], [176.1654951, -37.6631997], [176.1655262, -37.6632205], [176.1655591, -37.6632391], [176.1655906, -37.6632553], [176.1656175, -37.663269], [176.1656399, -37.6632803], [176.1656577, -37.6632891], [176.1656723, -37.6632962], [176.1656981, -37.6633083], [176.1657094, -37.6633134], [176.1657199, -37.663318], [176.1657301, -37.6633223], [176.1657401, -37.6633264], [176.1657993, -37.6633483], [176.1658163, -37.6633541], [176.1658423, -37.6633626], [176.1658774, -37.6633738], [176.1659639, -37.663401], [176.1659982, -37.6634119], [176.1660242, -37.6634204], [176.1660419, -37.6634264], [176.1660546, -37.6634309], [176.1660782, -37.6634397], [176.1660891, -37.6634439], [176.1661006, -37.6634486], [176.1661154, -37.6634548], [176.1661558, -37.663472], [176.1662004, -37.6634913], [176.1662266, -37.6635029], [176.1662784, -37.6635273], [176.1662999, -37.6635368], [176.1663297, -37.6635492], [176.1663677, -37.6635645], [176.166414, -37.6635827], [176.1664543, -37.6635984], [176.1664702, -37.6636052], [176.1665056, -37.6636217]]}, "geometry_name": "shape", "properties": {"fidn": "5368227", "valdco": 0.0, "verdat": null, "inform": null, "ninfom": null, "ntxtds": null, "scamin": 29999, "txtdsc": null, "sordat": null, "sorind": null, "hypcat": null}}, {"type": "Feature", "id": "layer-50672.137748", "geometry": {"type": "LineString", "coordinates": [[176.1664543, -37.6635984], [176.1664917, -37.6635583], [176.1665273, -37.6635253], [176.1665545, -37.6634782], [176.1665671, -37.6634403], [176.1665732, -37.6634228], [176.166577, -37.6634083], [176.1665781, -37.6633943], [176.1665765, -37.6633847], [176.166566, -37.6633772], [176.1665473, -37.663372], [176.1665143, -37.6633698], [176.1662789, -37.6633416], [176.1661662, -37.6633326], [176.1660591, -37.6633299], [176.1659895, -37.6633259], [176.1659261, -37.6633156], [176.1658382, -37.6632896], [176.1656669, -37.663226], [176.1655924, -37.6631684], [176.1655194, -37.6631168]]}, "geometry_name": "shape", "properties": {"fidn": "5222187", "valdco": 2, "verdat": null, "inform": null, "ninfom": null, "ntxtds": null, "scamin": 17999, "txtdsc": null, "sordat": null, "sorind": null, "hypcat": null}}, {"type": "Feature", "id": "layer-50672.145612", "geometry": {"type": "LineString", "coordinates": [[176.1666434, -37.6636048], [176.1666396, -37.6635587], [176.1666304, -37.6635032], [176.1666349, -37.6634755], [176.1666503, -37.6634527], [176.1666754, -37.6634379], [176.1666932, -37.6634334], [176.1667161, -37.6634322], [176.1667362, -37.6634216], [176.1667453, -37.6634058], [176.1667433, -37.6633835], [176.1667434, -37.6633628], [176.1667505, -37.6633516], [176.1667643, -37.6633455], [176.1667901, -37.6633477], [176.1668226, -37.6633589], [176.1668621, -37.6633772], [176.1668948, -37.6633923], [176.166949, -37.6634165], [176.1670024, -37.6634442], [176.1670334, -37.6634632], [176.167076, -37.6634887], [176.1671054, -37.6635215], [176.1671545, -37.6635745]]}, "geometry_name": "shape", "properties": {"fidn": "5280418", "valdco": 2, "verdat": null, "inform": null, "ninfom": null, "ntxtds": null, "scamin": 17999, "txtdsc": null, "sordat": null, "sorind": null, "hypcat": null}}, {"type": "Feature", "id": "layer-50672.145307", "geometry": {"type": "LineString", "coordinates": [[176.1718992, -37.6727522], [176.1719702, -37.6727896], [176.1720435, -37.6727725], [176.1721105, -37.6727348], [176.1721632, -37.6726837], [176.1721766, -37.6726181], [176.1721427, -37.6725427], [176.1720342, -37.6724608], [176.1719355, -37.6724193], [176.1718731, -37.6724086]]}, "geometry_name": "shape", "properties": {"fidn": "5166674", "valdco": 2, "verdat": null, "inform": null, "ninfom": null, "ntxtds": null, "scamin": 17999, "txtdsc": null, "sordat": null, "sorind": null, "hypcat": null}}, {"type": "Feature", "id": "layer-50672.145311", "geometry": {"type": "LineString", "coordinates": [[176.1768243, -37.6728699], [176.1766565, -37.6729959], [176.1766151, -37.673027], [176.1765737, -37.6730699], [176.1765347, -37.6731346], [176.1764983, -37.6732211], [176.1764598, -37.673305], [176.1764152, -37.6734339], [176.176373, -37.6735387], [176.1763498, -37.6736629], [176.1763628, -37.6737431], [176.1763908, -37.6738057], [176.1764299, -37.6738556], [176.1765186, -37.6739232], [176.1765829, -37.6739511], [176.1766319, -37.6739906], [176.1766839, -37.6740267], [176.1767336, -37.6740572], [176.1767787, -37.6740814], [176.1768192, -37.6740992], [176.1768552, -37.6741107], [176.1768876, -37.674117], [176.1769201, -37.6741218], [176.1769526, -37.6741254], [176.1769854, -37.6741279], [176.1770184, -37.6741291], [176.1771269, -37.6741379], [176.177157, -37.6741389], [176.1771845, -37.6741426], [176.1772089, -37.6741494], [176.1772302, -37.6741591], [176.1772485, -37.6741719], [176.1772639, -37.6741858], [176.1772764, -37.6741986], [176.177286, -37.6742102], [176.1772928, -37.6742206], [176.1772965, -37.6742301], [176.1772946, -37.6742417], [176.1772863, -37.6742565], [176.1772715, -37.6742745], [176.1772502, -37.6742956], [176.1772256, -37.6743191], [176.1772147, -37.6743409], [176.1772084, -37.6743612], [176.1771971, -37.6743857], [176.1771903, -37.6744105], [176.177187, -37.6744352], [176.1771865, -37.6744596], [176.1771889, -37.6744837], [176.1771941, -37.6745074], [176.1772019, -37.6745308], [176.1772105, -37.6745532], [176.17722, -37.6745745], [176.1772302, -37.6745948], [176.1772412, -37.6746141], [176.1772722, -37.674665]]}, "geometry_name": "shape", "properties": {"fidn": "5172271", "valdco": 2, "verdat": null, "inform": null, "ninfom": null, "ntxtds": null, "scamin": 17999, "txtdsc": null, "sordat": null, "sorind": null, "hypcat": null}}, {"type": "Feature", "id": "layer-50672.139489", "geometry": {"type": "LineString", "coordinates": [[176.1681957, -37.6264229], [176.1681887, -37.6264083], [176.1680703, -37.6261373], [176.1680472, -37.626075], [176.1680368, -37.626032], [176.1680334, -37.6259963], [176.1680344, -37.6259789], [176.1680391, -37.6259625], [176.1680449, -37.625945], [176.168053, -37.6259285], [176.1680701, -37.6259002], [176.1680839, -37.6258827], [176.1680897, -37.6258773], [176.1680965, -37.6258736], [176.1681116, -37.62587], [176.1681449, -37.6258681], [176.1681633, -37.62587], [176.1681842, -37.6258736], [176.168207, -37.6258809], [176.1682313, -37.6258956], [176.1682601, -37.6259157], [176.1683372, -37.6259661], [176.1683683, -37.6259835], [176.1683809, -37.6259898], [176.1683937, -37.6259935], [176.1684155, -37.6259971], [176.1684374, -37.6259963], [176.1684592, -37.6259908], [176.1684776, -37.6259825], [176.1684914, -37.6259706], [176.1685006, -37.625956], [176.168511, -37.6259248], [176.1685226, -37.6258946], [176.1685305, -37.6258598], [176.1685398, -37.6258205], [176.1685582, -37.6257738], [176.1685616, -37.6257684], [176.168564, -37.6257628], [176.1685685, -37.6257573], [176.1685881, -37.6257326], [176.1686261, -37.6256969], [176.1686533, -37.625677], [176.1686651, -37.6256684], [176.168702, -37.6256484], [176.168717, -37.6256411], [176.1687319, -37.6256365], [176.1687596, -37.6256301], [176.1688194, -37.625619], [176.1688759, -37.6256145], [176.1689034, -37.6256145], [176.1689299, -37.6256182], [176.1689479, -37.6256221], [176.1689587, -37.6256245], [176.1689886, -37.6256336], [176.1690462, -37.6256574], [176.1690721, -37.625672], [176.1690728, -37.6256725], [176.1691142, -37.6256959], [176.1691579, -37.6257178], [176.1691774, -37.6257288], [176.1691809, -37.6257315], [176.1692074, -37.6257526]]}, "geometry_name": "shape", "properties": {"fidn": "234204", "valdco": 5, "verdat": null, "inform": null, "ninfom": null, "ntxtds": null, "scamin": 17999, "txtdsc": null, "sordat": null, "sorind": null, "hypcat": null}}, {"type": "Feature", "id": "layer-50672.148278", "geometry": {"type": "LineString", "coordinates": [[176.1854405, -37.6292738], [176.1853123, -37.6293155], [176.1852856, -37.6293161], [176.1852625, -37.6293162], [176.185243, -37.6293159], [176.1852271, -37.6293151], [176.1852143, -37.6293138], [176.1852005, -37.6293101], [176.1851842, -37.6293036], [176.1851656, -37.6292942], [176.1851446, -37.6292819], [176.1850548, -37.6292254], [176.1849942, -37.6291875], [176.1849644, -37.6291691], [176.1849524, -37.6291621], [176.1849387, -37.6291568], [176.1849227, -37.6291535], [176.1849043, -37.629152], [176.1848836, -37.6291523], [176.1847664, -37.6291607], [176.1847335, -37.6291624], [176.1847029, -37.6291633], [176.1846888, -37.629163], [176.1846756, -37.6291622], [176.1846632, -37.6291607], [176.1846518, -37.6291586], [176.1846414, -37.6291552], [176.1846322, -37.6291496], [176.1846243, -37.6291417], [176.1846176, -37.6291316], [176.1846119, -37.6291195], [176.1846043, -37.6291078], [176.1845935, -37.6290977], [176.1845796, -37.6290891], [176.1845626, -37.629082], [176.1845411, -37.6290763], [176.1845105, -37.6290715], [176.1844701, -37.6290677], [176.1844202, -37.6290647], [176.1843606, -37.6290626], [176.1840018, -37.6290626], [176.1838549, -37.6290492], [176.1837585, -37.6290243], [176.1836453, -37.6289975], [176.1835827, -37.6289802], [176.1834671, -37.6289573], [176.1833347, -37.6289151], [176.1831757, -37.6288749], [176.1829614, -37.6288442], [176.1828079, -37.628824], [176.18184, -37.6285481], [176.1813468, -37.6284508], [176.1808373, -37.6282628], [176.1803727, -37.6278381], [176.1801892, -37.6275399], [176.1796306, -37.6270582], [176.1790373, -37.6266769], [176.1785638, -37.6263055], [176.1781145, -37.6256664], [176.1774853, -37.6249849], [176.1771797, -37.6247895], [176.1765778, -37.6242848], [176.1763424, -37.6241546], [176.175883, -37.6238486], [176.1757087, -37.6235954], [176.1755712, -37.6233957]]}, "geometry_name": "shape", "properties": {"fidn": "8228593", "valdco": 5, "verdat": null, "inform": null, "ninfom": null, "ntxtds": null, "scamin": 17999, "txtdsc": null, "sordat": null, "sorind": null, "hypcat": null}}, {"type": "Feature", "id": "layer-50672.149915", "geometry": {"type": "LineString", "coordinates": [[176.1972828, -37.6270909], [176.1970972, -37.6264852], [176.1972609, -37.62594], [176.1972741, -37.6257571], [176.1971503, -37.6253632], [176.1970796, -37.6246422], [176.1970311, -37.624502], [176.1970176, -37.6244628], [176.1969513, -37.6241744], [176.1968319, -37.6239528], [176.1965312, -37.6237558], [176.1962482, -37.6235659], [176.1959475, -37.6233513], [176.1957441, -37.6230946], [176.1954699, -37.6223067], [176.1954311, -37.6221718], [176.1948333, -37.6200914], [176.1947518, -37.6199836], [176.1947334, -37.619968], [176.1947172, -37.6199561], [176.1947127, -37.6199451], [176.194708, -37.6199361], [176.1946931, -37.6199186], [176.1946321, -37.6198555], [176.1945457, -37.6197721], [176.1944467, -37.6196825], [176.1942545, -37.6195279], [176.1938871, -37.6192469], [176.1936729, -37.6190858], [176.1934864, -37.6189422], [176.1931974, -37.6187124], [176.1930007, -37.6185486], [176.1929303, -37.6184892], [176.1928797, -37.6184434], [176.1928394, -37.6184067], [176.1928059, -37.6183738], [176.1927773, -37.6183446], [176.1927543, -37.618318], [176.1927174, -37.6182777], [176.1926862, -37.6182511], [176.1926713, -37.6182402], [176.1926551, -37.6182246], [176.1926218, -37.6181834], [176.1925791, -37.618135], [176.1925249, -37.6180846], [176.1924791, -37.6180434], [176.1924675, -37.6180315], [176.1924639, -37.6180233], [176.1924605, -37.618016], [176.1924503, -37.618004], [176.1924076, -37.6179629], [176.1923558, -37.6179125], [176.192334, -37.6178879], [176.1923154, -37.6178631], [176.1922728, -37.6178146], [176.1922188, -37.6177643], [176.1921544, -37.6177056], [176.1920852, -37.6176306], [176.1920242, -37.6175639], [176.1919884, -37.6175272], [176.1919344, -37.6174806], [176.1918365, -37.6174], [176.1917731, -37.6173516], [176.191704, -37.617302], [176.1915532, -37.6172032], [176.1914738, -37.6171557], [176.1913968, -37.6171126], [176.1913206, -37.6170724], [176.191247, -37.6170367], [176.1911331, -37.6169828], [176.1910996, -37.6169654], [176.1910825, -37.6169534], [176.191064, -37.6169415], [176.1910501, -37.6169379], [176.1910294, -37.6169306], [176.1909812, -37.6169086], [176.1908005, -37.6168227], [176.1906104, -37.6167329], [176.1905517, -37.6167073], [176.1905184, -37.6166945], [176.1904965, -37.6166881], [176.1904781, -37.6166808], [176.1904493, -37.6166652], [176.1904252, -37.6166525], [176.1904009, -37.616646], [176.1903872, -37.6166433], [176.190371, -37.6166368], [176.1903284, -37.6166141], [176.1902801, -37.6165893], [176.1902317, -37.6165728], [176.1901822, -37.6165564], [176.1901316, -37.6165345], [176.1900544, -37.616496], [176.1900314, -37.6164859], [176.1900107, -37.6164832], [176.1899981, -37.6164814], [176.1899808, -37.6164749], [176.1899337, -37.6164511], [176.1898485, -37.6164101], [176.1897045, -37.6163515], [176.1895686, -37.6162975], [176.1895307, -37.6162801], [176.1895181, -37.6162736], [176.1895136, -37.6162709], [176.1895112, -37.6162682], [176.189479, -37.6162508], [176.1894259, -37.6162298], [176.189396, -37.6162196], [176.189373, -37.6162096], [176.1893546, -37.6162004], [176.1893499, -37.6161977], [176.1893465, -37.6161959], [176.1893442, -37.616194], [176.189342, -37.6161913], [176.1893201, -37.6161794], [176.189297, -37.6161758], [176.1892798, -37.6161721], [176.1892533, -37.6161621], [176.1892177, -37.6161456], [176.1891727, -37.6161208], [176.1890841, -37.6160769], [176.1890508, -37.6160633], [176.1889817, -37.6160404], [176.1889668, -37.6160331], [176.1889597, -37.6160294], [176.1889576, -37.6160275], [176.1889552, -37.6160248], [176.1889264, -37.6160093], [176.1888827, -37.6159928], [176.1888573, -37.6159854], [176.1888366, -37.6159772], [176.1888055, -37.6159608], [176.1887733, -37.6159462], [176.1887515, -37.6159389], [176.188725, -37.6159324], [176.1886583, -37.6159132], [176.1885719, -37.6158812], [176.1885281, -37.6158638], [176.1884948, -37.6158482], [176.1884694, -37.6158364], [176.1884556, -37.6158263], [176.188436, -37.6158144], [176.1884016, -37.615807], [176.188383, -37.6157943], [176.1883613, -37.6157824], [176.1883382, -37.6157787], [176.1883233, -37.6157759], [176.1883026, -37.6157686], [176.1882416, -37.6157403], [176.1881748, -37.6157082], [176.1881206, -37.615689], [176.1880792, -37.6156753], [176.1880643, -37.615668], [176.1880573, -37.6156644], [176.1880551, -37.6156625], [176.1880528, -37.6156598], [176.1880206, -37.6156424], [176.1879676, -37.6156213], [176.1879376, -37.6156113], [176.1879145, -37.6156013], [176.1878962, -37.6155921], [176.1878917, -37.6155894], [176.1878881, -37.6155875], [176.1878859, -37.6155857], [176.1878836, -37.6155829], [176.187864, -37.615571], [176.1878467, -37.6155673], [176.1878352, -37.6155646], [176.1878155, -37.6155563], [176.1877286, -37.6155081], [176.1876935, -37.6154886], [176.1876498, -37.6154713], [176.1876131, -37.6154529], [176.1874806, -37.6153779], [176.1873897, -37.6153239], [176.187293, -37.6152599], [176.1871883, -37.6151858], [176.1870778, -37.6151024], [176.1869028, -37.6149661], [176.1868578, -37.6149268], [176.1868395, -37.6149076], [176.1868256, -37.6148855], [176.1867991, -37.614859], [176.1867819, -37.6148416], [176.1867635, -37.6148159], [176.1867439, -37.614784], [176.1867232, -37.6147436], [176.1867023, -37.6147053], [176.186684, -37.6146759], [176.1866701, -37.6146559], [176.1866586, -37.6146448], [176.1866483, -37.6146365], [176.1866379, -37.6146228], [176.1866276, -37.6146055], [176.1866183, -37.6145836], [176.1865976, -37.614545], [176.1865873, -37.6145313], [176.1865779, -37.6145231], [176.1865666, -37.614514], [176.1865538, -37.6144992], [176.1865378, -37.6144782], [176.1865216, -37.6144525], [176.1864939, -37.6144059], [176.186487, -37.6143913], [176.1864847, -37.6143821], [176.1864813, -37.6143721], [176.1864698, -37.6143556], [176.186425, -37.6143015], [176.1863972, -37.6142696], [176.1863755, -37.6142394], [176.1863582, -37.6142119], [176.1863477, -37.6141862], [176.1863362, -37.6141606], [176.1863166, -37.6141295], [176.1862556, -37.6140554], [176.1861221, -37.6138955], [176.1860099, -37.6137441], [176.1857902, -37.613449], [176.185634, -37.6130491], [176.1856012, -37.6127374], [176.1856265, -37.6125313], [176.185634, -37.6124706], [176.1856122, -37.6122655], [176.1852952, -37.6118681], [176.1852481, -37.6117894], [176.1852014, -37.6116924], [176.1850764, -37.6113145], [176.1847765, -37.6101092], [176.184666, -37.6096195], [176.1844053, -37.6087161], [176.1843425, -37.6080958], [176.184304, -37.6077641], [176.1842124, -37.6073877], [176.1840793, -37.6070513], [176.1837392, -37.6063973], [176.1836254, -37.6061333], [176.1834934, -37.6058996], [176.1832124, -37.6055303], [176.1829313, -37.6052694], [176.1826929, -37.6050018], [176.1819205, -37.6045152]]}, "geometry_name": "shape", "properties": {"fidn": "8395785", "valdco": 15, "verdat": null, "inform": null, "ninfom": null, "ntxtds": null, "scamin": 17999, "txtdsc": null, "sordat": null, "sorind": null, "hypcat": null}}, {"type": "Feature", "id": "layer-50672.148237", "geometry": {"type": "LineString", "coordinates": [[176.1975, -37.6149429], [176.197086, -37.6148264], [176.196061, -37.6145623], [176.1952322, -37.614304], [176.1948333, -37.6141965], [176.1947961, -37.6141793], [176.1947689, -37.6141666], [176.1947426, -37.6141542], [176.1947172, -37.6141421], [176.194669, -37.6141185], [176.1946449, -37.6141065], [176.1946194, -37.6140936], [176.1945923, -37.6140797], [176.1945337, -37.614049], [176.1944611, -37.6140105], [176.1944084, -37.6139823], [176.1943647, -37.6139591], [176.1943385, -37.6139449], [176.1943212, -37.6139353], [176.1942731, -37.6139073], [176.1941748, -37.613849], [176.1941462, -37.6138319], [176.1941152, -37.613813], [176.1940818, -37.6137925], [176.1940462, -37.6137703], [176.1940087, -37.6137467], [176.1939713, -37.6137227], [176.1939343, -37.6136984], [176.1938975, -37.6136738], [176.1938609, -37.6136489], [176.1936033, -37.6134716], [176.1935484, -37.6134341], [176.1934983, -37.6134], [176.193453, -37.6133695], [176.1934122, -37.6133423], [176.1933741, -37.6133174], [176.1933384, -37.6132944], [176.1933051, -37.6132735], [176.1932742, -37.6132545], [176.1932442, -37.6132366], [176.1932146, -37.6132191], [176.1931852, -37.613202], [176.1931561, -37.6131854], [176.1931275, -37.6131694], [176.1931002, -37.6131543], [176.1930741, -37.6131403], [176.1930493, -37.6131273], [176.1930258, -37.6131153], [176.1930047, -37.6131047], [176.192986, -37.6130955], [176.1929698, -37.6130878], [176.192956, -37.6130815], [176.1929441, -37.6130762], [176.1929337, -37.6130718], [176.1929247, -37.6130681], [176.1929058, -37.6130609], [176.1929016, -37.6130591], [176.1928984, -37.6130575], [176.192896, -37.6130562], [176.192894, -37.6130549], [176.1928904, -37.6130521], [176.1928872, -37.6130492], [176.1928838, -37.6130463], [176.1928802, -37.6130434], [176.1928782, -37.613042], [176.1928738, -37.6130393], [176.1928714, -37.613038], [176.1928683, -37.6130365], [176.1928642, -37.6130348], [176.192859, -37.6130328], [176.1928463, -37.6130281], [176.1928403, -37.613026], [176.1928351, -37.6130243], [176.192819, -37.6130196], [176.1928156, -37.6130184], [176.1928093, -37.6130159], [176.1928037, -37.6130133], [176.1927989, -37.6130108], [176.1927968, -37.6130095], [176.1927931, -37.6130067], [176.1927895, -37.6130036], [176.1927871, -37.6130018], [176.1927811, -37.6129977], [176.1927721, -37.6129923], [176.1927605, -37.6129862], [176.1927464, -37.6129795], [176.1927298, -37.612972], [176.1926936, -37.6129565], [176.1926782, -37.6129497], [176.1926649, -37.6129437], [176.1926538, -37.6129385], [176.1926428, -37.612933], [176.1926285, -37.6129257], [176.19259, -37.6129052], [176.1925253, -37.6128703], [176.192486, -37.6128492], [176.1924756, -37.6128433], [176.1924645, -37.6128365], [176.1924531, -37.6128297], [176.192427, -37.6128135], [176.1923829, -37.6127854], [176.1923518, -37.6127652], [176.1923202, -37.6127443], [176.1923043, -37.6127335], [176.1922885, -37.6127225], [176.1922727, -37.6127113], [176.1922407, -37.6126881], [176.1922079, -37.6126639], [176.1921911, -37.6126514], [176.1921742, -37.6126386], [176.192157, -37.6126254], [176.1921396, -37.6126117], [176.192122, -37.6125977], [176.1921027, -37.612582], [176.1920754, -37.6125593], [176.1920393, -37.6125287], [176.1919945, -37.6124904], [176.1919045, -37.6124129], [176.1918427, -37.6123593], [176.1918369, -37.6123545], [176.1918222, -37.6123426], [176.1917927, -37.612319], [176.1917708, -37.612302], [176.19176, -37.6122939], [176.1917491, -37.612286], [176.1917361, -37.6122769], [176.1917181, -37.6122646], [176.191698, -37.6122511], [176.191677, -37.6122374], [176.1916696, -37.6122328], [176.1916323, -37.6122104], [176.1916177, -37.6122018], [176.191596, -37.6121893], [176.1915834, -37.6121826], [176.1915726, -37.6121772], [176.1915564, -37.6121695], [176.1915323, -37.6121577], [176.1914672, -37.6121273], [176.1914306, -37.6121096], [176.1913972, -37.6120927], [176.1913664, -37.6120766], [176.191352, -37.6120689], [176.1913383, -37.6120614], [176.1913254, -37.6120541], [176.1913133, -37.6120471], [176.1913021, -37.6120403], [176.1912656, -37.6120176], [176.1912608, -37.6120144], [176.1912555, -37.6120106], [176.1912515, -37.6120076], [176.1912276, -37.6119888], [176.1912228, -37.6119851], [176.1912134, -37.6119781], [176.1912083, -37.611974], [176.1911864, -37.6119547], [176.1911583, -37.6119296], [176.1911354, -37.6119082], [176.1911237, -37.6118968], [176.1911116, -37.6118848], [176.191098, -37.6118711], [176.1910828, -37.6118556], [176.1910475, -37.6118189], [176.1910285, -37.6117982], [176.1910094, -37.6117765], [176.1909904, -37.6117536], [176.1909714, -37.6117296], [176.1909535, -37.6117067], [176.1909382, -37.6116875], [176.1909253, -37.6116719], [176.190915, -37.61166], [176.1909068, -37.6116511], [176.1908999, -37.6116434], [176.1908942, -37.6116367], [176.1908897, -37.6116311], [176.1908863, -37.6116264], [176.1908832, -37.6116219], [176.1908803, -37.6116173], [176.1908777, -37.6116128], [176.1908751, -37.611608], [176.1908686, -37.6115965], [176.1908162, -37.611506], [176.1908081, -37.6114976], [176.1908014, -37.6114908], [176.1907962, -37.6114857], [176.1907897, -37.6114797], [176.1907869, -37.6114768], [176.1907841, -37.6114735], [176.1907813, -37.6114699], [176.1907784, -37.611466], [176.1907694, -37.611453], [176.1907631, -37.6114429], [176.19076, -37.6114373], [176.1907537, -37.6114249], [176.1907451, -37.6114089], [176.1907341, -37.6113895], [176.1907287, -37.6113808], [176.1907238, -37.6113735], [176.1907193, -37.6113676], [176.1907154, -37.6113631], [176.1907101, -37.6113574], [176.1907087, -37.611356], [176.1907075, -37.6113553], [176.1907067, -37.6113546], [176.1907057, -37.6113527], [176.1907046, -37.6113502], [176.1907039, -37.6113481], [176.1907031, -37.6113452], [176.190701, -37.6113366], [176.1906998, -37.6113294], [176.1906986, -37.6113191], [176.1906973, -37.6113056], [176.1906959, -37.6112892], [176.1906947, -37.6112724], [176.1906935, -37.6112532], [176.1906926, -37.6112347], [176.190692, -37.6112157], [176.1906912, -37.611184], [176.1906909, -37.6111643], [176.190691, -37.6111575], [176.1906912, -37.6111511], [176.1906915, -37.6111451], [176.190692, -37.6111395], [176.1906927, -37.6111341], [176.1906937, -37.6111286], [176.1906951, -37.611123], [176.1906967, -37.6111173], [176.1906985, -37.6111118], [176.1907015, -37.6111033], [176.1907027, -37.6111002], [176.190705, -37.6110954], [176.1907061, -37.6110933], [176.1907097, -37.6110874], [176.1907121, -37.6110832], [176.1907157, -37.6110765], [176.1907181, -37.6110718], [176.1907195, -37.6110685], [176.1907212, -37.6110641], [176.1907232, -37.6110586], [176.1907323, -37.6110323], [176.190734, -37.6110281], [176.1907359, -37.6110238], [176.1907382, -37.6110192], [176.1907408, -37.6110143], [176.1907462, -37.6110062], [176.190755, -37.6109942], [176.1907672, -37.6109782], [176.1907964, -37.6109405], [176.190807, -37.6109263], [176.1908143, -37.610916], [176.1908185, -37.6109093], [176.1908242, -37.6108986], [176.1908323, -37.6108815], [176.1908372, -37.6108722], [176.1908436, -37.6108604], [176.1908517, -37.6108461], [176.1908596, -37.6108317], [176.190866, -37.6108195], [176.1908709, -37.6108093], [176.1908743, -37.6108012], [176.1908774, -37.6107921], [176.1908817, -37.6107785], [176.1908873, -37.6107604], [176.1908941, -37.6107378], [176.1909016, -37.6107121], [176.190909, -37.6106859], [176.1909161, -37.610659], [176.190923, -37.6106316], [176.1909296, -37.6106046], [176.1909352, -37.61058], [176.1909399, -37.6105578], [176.1909437, -37.6105382], [176.1909466, -37.6105206], [176.1909487, -37.6105041], [176.1909501, -37.6104884], [176.1909508, -37.6104737], [176.1909507, -37.6104596], [176.1909501, -37.6104449], [176.1909491, -37.6104294], [176.1909475, -37.6104132], [176.1909456, -37.6103967], [176.1909437, -37.6103822], [176.1909418, -37.6103697], [176.19094, -37.6103594], [176.1909382, -37.6103509], [176.1909346, -37.6103352], [176.1909327, -37.6103279], [176.1909287, -37.6103142], [176.1909248, -37.6103019], [176.1909228, -37.6102962], [176.1909208, -37.6102909], [176.1909187, -37.6102859], [176.1909165, -37.6102812], [176.1909121, -37.6102726], [176.19091, -37.6102681], [176.1909081, -37.6102635], [176.1908925, -37.6102231], [176.1908909, -37.6102185], [176.1908894, -37.6102138], [176.1908881, -37.6102091], [176.1908855, -37.6101991], [176.1908837, -37.6101935], [176.1908814, -37.6101875], [176.1908787, -37.6101811], [176.1908702, -37.6101624], [176.1908691, -37.61016], [176.1908679, -37.6101579], [176.1908666, -37.610156], [176.1908634, -37.6101524], [176.1908602, -37.6101483], [176.1908497, -37.6101334], [176.1908429, -37.6101233], [176.1908367, -37.6101138], [176.1908311, -37.6101049], [176.1908218, -37.6100889], [176.1908162, -37.6100802], [176.1908093, -37.6100706], [176.1908012, -37.61006], [176.1907922, -37.610049], [176.1907847, -37.6100394], [176.1907789, -37.6100318], [176.1907748, -37.610026], [176.1907722, -37.6100219], [176.19077, -37.6100179], [176.1907679, -37.6100138], [176.1907659, -37.6100095], [176.190762, -37.6100005], [176.1907584, -37.6099916], [176.1907551, -37.6099827], [176.1907538, -37.6099784], [176.1907527, -37.6099742], [176.1907518, -37.6099701], [176.1907511, -37.6099662], [176.1907506, -37.6099624], [176.1907504, -37.6099589], [176.1907503, -37.6099555], [176.1907506, -37.6099489], [176.190751, -37.6099457], [176.1907521, -37.6099391], [176.1907559, -37.6099215], [176.1907569, -37.6099153], [176.1907579, -37.6099083], [176.1907587, -37.6099002], [176.1907597, -37.6098895], [176.1907643, -37.6098268], [176.1907662, -37.6097974], [176.1907679, -37.609767], [176.1907693, -37.6097359], [176.1907706, -37.6097038], [176.1907716, -37.6096727], [176.1907723, -37.6096463], [176.1907726, -37.6096247], [176.1907726, -37.6096079], [176.1907723, -37.6095949], [176.1907718, -37.6095825], [176.1907712, -37.6095705], [176.1907705, -37.6095591], [176.1907684, -37.6095356], [176.1907652, -37.6095084], [176.1907633, -37.6094939], [176.1907602, -37.6094722], [176.1907591, -37.6094654], [176.1907582, -37.609461], [176.1907573, -37.6094575], [176.1907563, -37.6094544], [176.1907552, -37.6094518], [176.1907511, -37.609444], [176.1907502, -37.6094421], [176.1907494, -37.6094399], [176.1907487, -37.6094371], [176.1907475, -37.6094298], [176.1907469, -37.6094254], [176.1907458, -37.6094148], [176.1907448, -37.609402], [176.1907445, -37.6093949], [176.1907443, -37.6093873], [176.1907441, -37.6093707], [176.190743, -37.6093427], [176.1907423, -37.6093327], [176.1907413, -37.6093225], [176.1907398, -37.609312], [176.190738, -37.6093014], [176.1907359, -37.6092905], [176.1907335, -37.6092794], [176.1907308, -37.6092681], [176.1907279, -37.6092565], [176.1907246, -37.6092448], [176.1907211, -37.6092328], [176.1907173, -37.6092206], [176.1907133, -37.6092082], [176.1907087, -37.609195], [176.1907032, -37.60918], [176.1906967, -37.6091633], [176.1906893, -37.6091447], [176.190648, -37.609043], [176.1906354, -37.6090126], [176.1906278, -37.6089952], [176.1906245, -37.6089885], [176.1906211, -37.6089819], [176.1906175, -37.6089754], [176.1906136, -37.6089688], [176.1906084, -37.6089605], [176.1906017, -37.6089501], [176.1905934, -37.6089377], [176.1905756, -37.6089115], [176.1905689, -37.6089019], [176.1905639, -37.6088949], [176.1905572, -37.6088861], [176.1905497, -37.608877], [176.190541, -37.608867], [176.1905362, -37.6088618], [176.1905254, -37.6088508], [176.1905185, -37.6088444], [176.19051, -37.6088369], [176.1904999, -37.6088283], [176.190488, -37.6088187], [176.1904758, -37.608809], [176.1904638, -37.6088001], [176.1904521, -37.6087918], [176.1904407, -37.6087843], [176.1904297, -37.6087775], [176.1904191, -37.6087715], [176.1904088, -37.6087663], [176.190399, -37.6087618], [176.1903897, -37.6087581], [176.1903813, -37.608755], [176.1903738, -37.6087527], [176.1903671, -37.6087509], [176.1903517, -37.6087478], [176.1903449, -37.6087467], [176.1903415, -37.6087458], [176.1903381, -37.6087445], [176.1903346, -37.608743], [176.1903268, -37.6087391], [176.1903179, -37.6087343], [176.1903081, -37.6087285], [176.190303, -37.6087252], [176.1902978, -37.6087216], [176.1902755, -37.6087054], [176.1902696, -37.6087009], [176.1902578, -37.6086914], [176.1902518, -37.6086864], [176.1902455, -37.6086808], [176.190236, -37.6086716], [176.1902227, -37.6086581], [176.1902057, -37.6086402], [176.1901854, -37.6086185], [176.1901663, -37.6085971], [176.1901497, -37.608577], [176.1901355, -37.6085582], [176.1901236, -37.6085407], [176.1901119, -37.6085224], [176.1900996, -37.6085026], [176.1900868, -37.6084814], [176.1900734, -37.6084588], [176.190062, -37.6084392], [176.1900537, -37.6084246], [176.1900485, -37.6084148], [176.1900463, -37.6084099], [176.1896143, -37.6081953], [176.1896133, -37.6081948], [176.189554, -37.6079515], [176.1895302, -37.6078028], [176.1895451, -37.6076611], [176.1895837, -37.6075737], [176.1896523, -37.6075376], [176.1896831, -37.6075325], [176.1897161, -37.6075265], [176.1897513, -37.6075195], [176.1897867, -37.6075095], [176.189822, -37.6074961], [176.1898461, -37.6074845], [176.1898573, -37.6074792], [176.1898922, -37.6074591], [176.1899537, -37.6074315], [176.1900093, -37.6073922], [176.1900444, -37.6073463], [176.1900897, -37.6072807], [176.1900547, -37.6071954], [176.1899702, -37.6070724], [176.189896, -37.6069527], [176.1898176, -37.6069002], [176.1897641, -37.6068494], [176.1897166, -37.6067772], [176.1897084, -37.6067051], [176.1897269, -37.6066067], [176.189729, -37.6063624], [176.1897311, -37.6062427], [176.1897579, -37.6060951], [176.1897867, -37.605977], [176.1898032, -37.6058475], [176.1898341, -37.6057425], [176.1898218, -37.6056212], [176.1897895, -37.6055727], [176.1897146, -37.6055014], [176.1894219, -37.6053325], [176.1891704, -37.6051571], [176.1888612, -37.6049291], [176.1886366, -37.6047537], [176.1884102, -37.6045812], [176.1881555, -37.6043964], [176.1879511, -37.6042238], [176.18779, -37.6040677], [176.1876542, -37.6039396], [176.1875429, -37.60384], [176.187456, -37.6037688], [176.1873824, -37.6037122], [176.1872805, -37.6036189], [176.1871464, -37.6034841], [176.1869801, -37.6033077], [176.1867893, -37.6031], [176.1866166, -37.6029181], [176.1864686, -37.6027709], [176.1863454, -37.6026586], [176.1862451, -37.602578], [176.1861521, -37.6025009], [176.1860624, -37.6024205], [176.185976, -37.6023369], [176.1858935, -37.602251], [176.1858217, -37.6021781], [176.1857632, -37.6021236], [176.185718, -37.6020877], [176.1856853, -37.6020693], [176.1856383, -37.602029], [176.1855626, -37.6019461], [176.1854584, -37.6018206], [176.1853256, -37.6016526], [176.1851901, -37.601469], [176.185072, -37.6012908], [176.1850335, -37.6012246], [176.1849714, -37.6011181], [176.1849153, -37.6010055], [176.1848881, -37.6009509], [176.1848119, -37.6007893], [176.1847305, -37.6006337], [176.1846438, -37.600484], [176.1845517, -37.6003403], [176.1844433, -37.6001926], [176.1842985, -37.6000232], [176.1841168, -37.5998318], [176.1838984, -37.5996183], [176.1836392, -37.5993791], [176.1833287, -37.599105], [176.1829664, -37.5987954], [176.1825523, -37.5984504], [176.1821163, -37.5980922], [176.1817758, -37.5978087], [176.1817221, -37.5977626], [176.1815428, -37.5976087], [176.1814304, -37.5974629], [176.1813975, -37.5973956], [176.1813418, -37.5973415], [176.1812532, -37.5972546], [176.1811975, -37.5971874], [176.1811068, -37.5970627], [176.1809234, -37.5968741], [176.1807956, -37.5967249], [176.1806369, -37.5966068], [176.1804855, -37.5965136], [176.1804246, -37.5964825], [176.1803745, -37.5964608], [176.1803253, -37.5964297], [176.180277, -37.5963894], [176.1802296, -37.5963398], [176.1801937, -37.5963049], [176.1801505, -37.596263], [176.1799983, -37.5961363], [176.1797728, -37.5959595], [176.179474, -37.5957327], [176.17914, -37.5954858], [176.1788438, -37.5952761], [176.1785872, -37.595105], [176.1783701, -37.5949725], [176.1781861, -37.5948693], [176.1780167, -37.5947693], [176.1778608, -37.594671], [176.1777185, -37.5945744], [176.1775759, -37.5944731], [176.1773752, -37.5943408], [176.17711, -37.5941745], [176.1767803, -37.5939742], [176.1763937, -37.5937414], [176.1759987, -37.5934853], [176.1756039, -37.5932075], [176.1752093, -37.592908], [176.1748167, -37.5925906], [176.1744452, -37.5922945], [176.1741, -37.5920303], [176.1737811, -37.5917981], [176.1734874, -37.5915971], [176.1731966, -37.5914132], [176.1728998, -37.5912407], [176.1727607, -37.5911667]]}, "geometry_name": "shape", "properties": {"fidn": "8197733", "valdco": 20, "verdat": null, "inform": null, "ninfom": null, "ntxtds": null, "scamin": 17999, "txtdsc": null, "sordat": null, "sorind": null, "hypcat": null}}, {"type": "Feature", "id": "layer-50672.145829", "geometry": {"type": "LineString", "coordinates": [[176.1657765, -37.62858], [176.1659156, -37.6282542], [176.1660578, -37.6280449], [176.1660889, -37.6279703], [176.1660852, -37.6279581], [176.166093, -37.6278102], [176.166097, -37.6277988], [176.1661013, -37.6277866], [176.1661622, -37.6276154], [176.1662545, -37.6274217], [176.1663637, -37.6272615], [176.1664373, -37.6271579], [176.166521, -37.6270758], [176.1665939, -37.6270252], [176.1666352, -37.6269966], [176.1666709, -37.6269611], [176.1667044, -37.6269279], [176.1667559, -37.6268529], [176.1667619, -37.6268283], [176.1667867, -37.6267273], [176.1668098, -37.6266332], [176.1668981, -37.6258851], [176.1667987, -37.6255718], [176.1667703, -37.6252105], [176.1670116, -37.6248323], [176.1672849, -37.6245134], [176.1678491, -37.6239066], [176.1682288, -37.6234719], [176.1685765, -37.6231247], [176.1688867, -37.6228025], [176.1693856, -37.6223232], [176.1702585, -37.6216288], [176.1706468, -37.6214133], [176.171096, -37.620926], [176.1714296, -37.6205958], [176.1718696, -37.6201103], [176.1721889, -37.6197744], [176.1725119, -37.6194103], [176.172849, -37.6190405], [176.1734771, -37.6185889], [176.1743447, -37.6178661], [176.1746524, -37.6176723], [176.1748234, -37.6174309], [176.174926, -37.6170502], [176.17502, -37.6169312], [176.1755842, -37.6166048], [176.1761911, -37.6161696], [176.1764267, -37.6161859], [176.1769991, -37.6163416], [176.1774311, -37.6162682], [176.1776896, -37.6162447], [176.1781273, -37.6163634], [176.1786658, -37.6166728], [176.1791402, -37.6170366], [176.1793881, -37.6171556], [176.1802229, -37.6173962], [176.1804526, -37.6175038], [176.1804925, -37.6175225], [176.1808691, -37.6177046], [176.1812569, -37.6178422], [176.1814791, -37.6179173], [176.1816063, -37.6179628], [176.1816483, -37.6179778], [176.1818256, -37.6181599], [176.181841, -37.6182155], [176.1818884, -37.6183861], [176.1818551, -37.6185418], [176.1814194, -37.6187444], [176.1809787, -37.6190874], [176.180638, -37.6194178], [176.1803689, -37.6197093], [176.1803037, -37.619798], [176.1802739, -37.6199389], [176.1802464, -37.6200679], [176.1802298, -37.6201399], [176.1802497, -37.6202295], [176.1803434, -37.6202985], [176.1804011, -37.6203135], [176.1805623, -37.6203109], [176.1806074, -37.6203007], [176.1806462, -37.6202815], [176.1808074, -37.6200838], [176.1808944, -37.619983], [176.1809854, -37.6199155], [176.181066, -37.6199262], [176.1811024, -37.6199549], [176.1811265, -37.620001], [176.1811435, -37.6200897], [176.181181, -37.6201999], [176.181223, -37.6203239], [176.1812829, -37.6204097], [176.1813374, -37.6204479], [176.1814447, -37.6205016], [176.1814507, -37.620505], [176.1817803, -37.6206051], [176.1822537, -37.6207243], [176.1824523, -37.6207676], [176.1826698, -37.6207929], [176.1827698, -37.6207904], [176.1828848, -37.6208184], [176.1829723, -37.620852], [176.1830378, -37.6208998], [176.183059, -37.6209425], [176.183038, -37.6211466], [176.1830403, -37.6211687], [176.1830589, -37.6211965], [176.183116, -37.6212513], [176.1832195, -37.6213566], [176.1832773, -37.621416], [176.1833303, -37.6214563], [176.1833978, -37.6214792], [176.1834772, -37.6214946], [176.1835615, -37.6214907], [176.1836169, -37.6214735], [176.1836513, -37.6214545], [176.1837796, -37.6213914], [176.1839005, -37.621376], [176.1840586, -37.6213931], [176.1841551, -37.6214285], [176.184463, -37.6217606], [176.184503, -37.6218113], [176.1845446, -37.6219172], [176.1845737, -37.6219934], [176.1845904, -37.6221225], [176.1845539, -37.6222169], [176.1844863, -37.6222822], [176.1844117, -37.6223505], [176.1843749, -37.6224108], [176.1843569, -37.622488], [176.1843627, -37.6225805], [176.1843767, -37.6226621], [176.184358, -37.6227215], [176.1842251, -37.6228681], [176.1841925, -37.6229091], [176.184168, -37.6229448], [176.1841516, -37.6229751], [176.1841433, -37.6230001], [176.1841416, -37.6230207], [176.1841417, -37.6230402], [176.1841433, -37.6230588], [176.1841464, -37.6230765], [176.1841511, -37.6230935], [176.184158, -37.6231108], [176.1841674, -37.6231289], [176.1841792, -37.6231479], [176.1841936, -37.6231676], [176.1842243, -37.6232075], [176.184254, -37.6232465], [176.1842685, -37.6232658], [176.1842824, -37.623285], [176.1842958, -37.6233042], [176.1843086, -37.6233234], [176.1843426, -37.6233757], [176.1843519, -37.6233896], [176.1843602, -37.6234017], [176.1843691, -37.6234121], [176.1843805, -37.6234209], [176.1843944, -37.6234282], [176.1844108, -37.623434], [176.1844291, -37.6234383], [176.1844479, -37.6234415], [176.1844669, -37.6234436], [176.1844862, -37.6234446], [176.1845058, -37.6234447], [176.1845264, -37.6234441], [176.1845483, -37.6234431], [176.1845713, -37.6234418], [176.1846188, -37.6234382], [176.1846553, -37.6234359], [176.1846686, -37.6234354], [176.184683, -37.6234358], [176.1847126, -37.6234387], [176.1847586, -37.6234443], [176.184821, -37.6234526], [176.1848979, -37.6234633], [176.1849664, -37.6234733], [176.1850192, -37.6234818], [176.1850564, -37.6234887], [176.185078, -37.6234941], [176.1850911, -37.6234988], [176.185103, -37.6235036], [176.1851137, -37.6235087], [176.1851231, -37.6235139], [176.1851314, -37.6235196], [176.185139, -37.6235263], [176.185146, -37.6235342], [176.1851523, -37.6235433], [176.185158, -37.6235535], [176.1851632, -37.6235643], [176.1851679, -37.6235754], [176.1851721, -37.6235869], [176.1851758, -37.6235988], [176.1851789, -37.6236108], [176.1851814, -37.6236226], [176.1851833, -37.6236341], [176.1851845, -37.6236453], [176.1851849, -37.6236566], [176.1851835, -37.623669], [176.1851804, -37.6236825], [176.1851755, -37.6236971], [176.1851688, -37.6237128], [176.1851597, -37.623728], [176.1851477, -37.6237421], [176.1851331, -37.6237552], [176.1851158, -37.6237672], [176.1850967, -37.6237786], [176.1850771, -37.6237895], [176.1850568, -37.6238], [176.185036, -37.62381], [176.1850151, -37.6238197], [176.1849963, -37.6238294], [176.1849797, -37.623839], [176.1849653, -37.6238486], [176.1849529, -37.6238588], [176.1849418, -37.6238764], [176.1849315, -37.6239036], [176.1849222, -37.6239404], [176.1849137, -37.6239867], [176.1849132, -37.6239939], [176.1849136, -37.6240032], [176.184915, -37.6240146], [176.1849173, -37.6240281], [176.1849205, -37.6240437], [176.1849246, -37.6240614], [176.1849297, -37.6240812], [176.184936, -37.624103], [176.1849452, -37.6241268], [176.1849575, -37.6241523], [176.1849731, -37.6241797], [176.1849918, -37.6242089], [176.1850137, -37.62424], [176.1850387, -37.6242728], [176.185067, -37.6243075], [176.1851603, -37.6244374], [176.1852061, -37.6244795], [176.1852477, -37.6245192], [176.1852852, -37.6245566], [176.1853186, -37.6245918], [176.1853482, -37.6246245], [176.1853773, -37.6246544], [176.1854071, -37.6246814], [176.1854374, -37.6247053], [176.1855839, -37.6247242], [176.1858096, -37.6247528], [176.1860865, -37.6247915], [176.1862455, -37.6248711], [176.1863712, -37.6249588], [176.1865122, -37.6251729], [176.1865593, -37.6251962], [176.1866079, -37.6252169], [176.1866581, -37.6252353], [176.1867132, -37.6252516], [176.1867855, -37.6252676], [176.1868762, -37.6252835], [176.1869851, -37.6252992], [176.1871124, -37.6253148], [176.1873321, -37.6253661], [176.1874591, -37.6254055], [176.1875578, -37.6254651], [176.1875811, -37.6255096], [176.1875718, -37.6255541], [176.1875252, -37.6256209], [176.1875216, -37.6256744], [176.1875472, -37.6257378], [176.1876488, -37.6258694], [176.1877351, -37.6259566], [176.1878304, -37.6260113], [176.1879333, -37.6260957], [176.1880426, -37.6262618], [176.188176, -37.6264433], [176.1882225, -37.626515], [176.1882831, -37.6265558], [176.1883448, -37.6265537], [176.1883811, -37.6265131], [176.1884068, -37.6264519], [176.1884517, -37.626425], [176.1885187, -37.6264296], [176.1890268, -37.6268594], [176.1890677, -37.6268871], [176.1891055, -37.6269333], [176.1891406, -37.6269891], [176.18915, -37.6270309], [176.1891473, -37.6270631], [176.1891392, -37.6270953], [176.1891406, -37.6271308], [176.18915, -37.6271673], [176.1891741, -37.6272087], [176.1892148, -37.6272553], [176.1892697, -37.6273256], [176.1893894, -37.6274767], [176.1894967, -37.6275769], [176.1896511, -37.6276714], [176.1898185, -37.6277503], [176.1899307, -37.6277985], [176.1901007, -37.6278514], [176.1901488, -37.6278679], [176.1901886, -37.6278987], [176.1903565, -37.6280675], [176.1904498, -37.6281677], [176.1905477, -37.6282753], [176.1907019, -37.6284126], [176.1909103, -37.6285713], [176.1912297, -37.628752], [176.191469, -37.6288392], [176.1916555, -37.6289264], [176.1918328, -37.6290321], [176.1919371, -37.6290554], [176.1919565, -37.6290559], [176.1920722, -37.6290458], [176.1920949, -37.629042], [176.1922865, -37.6289875], [176.1923128, -37.628979], [176.19238, -37.6289272], [176.1924368, -37.6288225], [176.1925091, -37.6286815], [176.1925263, -37.628553], [176.1925263, -37.6284629], [176.1925197, -37.6284379], [176.1925048, -37.6283719], [176.1924783, -37.6283278], [176.1924205, -37.6282876], [176.1923652, -37.6282695], [176.192304, -37.6282937], [176.1922836, -37.6283179], [176.1922379, -37.6283351], [176.1921707, -37.6283396], [176.1920868, -37.628316], [176.1920587, -37.628275], [176.1920615, -37.6282372], [176.1920699, -37.6281615], [176.1921042, -37.6280549], [176.1921552, -37.627922], [176.1921663, -37.627895], [176.1922476, -37.627754], [176.192322, -37.6276149], [176.1923495, -37.6275402], [176.1923706, -37.6274848], [176.19241, -37.6273601], [176.1925008, -37.6270592], [176.1925561, -37.6269153], [176.1925845, -37.6268439], [176.1926277, -37.6267779], [176.1926477, -37.6267513], [176.1926847, -37.6267155], [176.1927315, -37.626693], [176.1927578, -37.626683], [176.1927781, -37.6266748], [176.1927926, -37.6266682], [176.1928039, -37.6266626], [176.1928175, -37.6266567], [176.1928333, -37.6266504], [176.1928515, -37.6266439], [176.1929712, -37.6265891], [176.1930463, -37.6265203], [176.1930792, -37.6263388], [176.1930792, -37.6262856], [176.1930824, -37.6262135], [176.1930876, -37.6262038], [176.193093, -37.6261946], [176.1930983, -37.626185], [176.1931028, -37.626173], [176.1931066, -37.6261584], [176.1931097, -37.6261412], [176.193112, -37.626122], [176.1931131, -37.626104], [176.1931128, -37.626088], [176.1931112, -37.6260737], [176.1931083, -37.6260613], [176.1931038, -37.6260499], [176.1930978, -37.6260392], [176.1930902, -37.6260292], [176.193081, -37.62602], [176.1930705, -37.6260118], [176.193059, -37.6260047], [176.1930463, -37.6259987], [176.1930325, -37.6259938], [176.1930174, -37.6259894], [176.1930011, -37.625985], [176.1929834, -37.6259805], [176.1929452, -37.6259713], [176.1929274, -37.6259667], [176.192911, -37.625962], [176.1928962, -37.6259574], [176.1928824, -37.6259522], [176.1928683, -37.6259447], [176.1928537, -37.6259346], [176.1928388, -37.6259221], [176.1928234, -37.6259066], [176.1928077, -37.6258862], [176.1927919, -37.6258603], [176.1927758, -37.6258291], [176.1927596, -37.625793], [176.1927455, -37.6257599], [176.192734, -37.6257323], [176.1927251, -37.6257101], [176.1927188, -37.6256932], [176.1927144, -37.6256772], [176.1927115, -37.6256597], [176.19271, -37.6256406], [176.19271, -37.6256199], [176.1927225, -37.62558], [176.1927446, -37.6255633], [176.1927785, -37.6255555], [176.1928736, -37.6255689], [176.1930052, -37.6256223], [176.1930746, -37.6256547]]}, "geometry_name": "shape", "properties": {"fidn": "5333828", "valdco": 10, "verdat": null, "inform": null, "ninfom": null, "ntxtds": null, "scamin": 17999, "txtdsc": null, "sordat": null, "sorind": null, "hypcat": null}}, {"type": "Feature", "id": "layer-50672.145286", "geometry": {"type": "LineString", "coordinates": [[176.1716232, -37.6003625], [176.1714487, -37.6004078], [176.1712599, -37.6004702], [176.1712314, -37.6005864], [176.171349, -37.6009689], [176.171641, -37.6014507], [176.1717621, -37.6016774], [176.171958, -37.6020316], [176.1721005, -37.6022357], [176.172535, -37.6029129], [176.1726205, -37.6030234], [176.1728413, -37.6030716], [176.1730016, -37.6030858], [176.1730907, -37.6030603], [176.1730907, -37.6027826], [176.1731049, -37.6025304], [176.1731002, -37.6023249], [176.1731192, -37.6019579], [176.1730305, -37.6016918], [176.1728449, -37.6013855], [176.1724068, -37.6008726], [176.1720578, -37.6005892], [176.1716232, -37.6003625]]}, "geometry_name": "shape", "properties": {"fidn": "5151528", "valdco": 10, "verdat": null, "inform": null, "ninfom": null, "ntxtds": null, "scamin": 17999, "txtdsc": null, "sordat": null, "sorind": null, "hypcat": null}}, {"type": "Feature", "id": "layer-50672.139484", "geometry": {"type": "LineString", "coordinates": [[176.1748558, -37.6236041], [176.1748412, -37.6236125], [176.1748366, -37.6236153], [176.1748331, -37.6236171], [176.1748308, -37.6236198], [176.1748286, -37.6236217], [176.1748229, -37.623629], [176.1748171, -37.6236446], [176.1748159, -37.6236565], [176.1748159, -37.6236619], [176.1748137, -37.623695], [176.1748135, -37.6236977], [176.1748135, -37.6237142], [176.1748159, -37.6237279], [176.1748193, -37.6237361], [176.1748205, -37.6237379], [176.1748274, -37.6237471], [176.1748365, -37.6237547], [176.1748481, -37.6237644], [176.1748724, -37.6237809], [176.1748999, -37.6237946], [176.1749127, -37.6238002], [176.1749345, -37.6238084], [176.1749656, -37.6238148], [176.1749978, -37.6238194], [176.1750295, -37.6238242], [176.1750461, -37.6238267], [176.1751393, -37.623834], [176.1752061, -37.6238359], [176.1752684, -37.6238349], [176.1753108, -37.6238313], [176.1753373, -37.6238248], [176.1753546, -37.6238148], [176.1753674, -37.6238001], [176.175381, -37.6237809], [176.1753938, -37.6237588], [176.1754179, -37.6237178], [176.1754467, -37.6236747], [176.1754753, -37.6236372], [176.175495, -37.6236078], [176.1755018, -37.6235951], [176.1755043, -37.6235867], [176.1755054, -37.6235832], [176.1755076, -37.623562], [176.1755088, -37.6235336], [176.1755088, -37.623509], [176.1755076, -37.6234999], [176.1755054, -37.6234788], [176.1754903, -37.6234247], [176.1754845, -37.6234055], [176.1754777, -37.6233918], [176.1754638, -37.6233818], [176.1754557, -37.6233772], [176.1754465, -37.6233745], [176.1754293, -37.6233699], [176.175412, -37.6233689], [176.1753936, -37.6233699], [176.1753753, -37.6233745], [176.1753648, -37.6233806]]}, "geometry_name": "shape", "properties": {"fidn": "233327", "valdco": 0.0, "verdat": null, "inform": null, "ninfom": null, "ntxtds": null, "scamin": 29999, "txtdsc": null, "sordat": null, "sorind": null, "hypcat": null}}, {"type": "Feature", "id": "layer-50672.138537", "geometry": {"type": "LineString", "coordinates": [[176.1975, -37.627596], [176.1973109, -37.6275208], [176.1972284, -37.6274655], [176.1971714, -37.6274071], [176.1971554, -37.6273488], [176.1971569, -37.6272522], [176.197188, -37.6271863], [176.197228, -37.6271403], [176.1972828, -37.6270909], [176.1973924, -37.6270567], [176.1975, -37.6270424]]}, "geometry_name": "shape", "properties": {"fidn": "8183010", "valdco": 5, "verdat": null, "inform": null, "ninfom": null, "ntxtds": null, "scamin": 17999, "txtdsc": null, "sordat": null, "sorind": null, "hypcat": null}}, {"type": "Feature", "id": "layer-50672.148212", "geometry": {"type": "LineString", "coordinates": [[176.1950241, -37.6272672], [176.1950757, -37.6271294], [176.1951505, -37.6270443], [176.1951788, -37.6270122], [176.1953336, -37.6269624], [176.1954847, -37.6270151], [176.1956284, -37.6271441], [176.1957206, -37.627317], [176.1958311, -37.6274108], [176.1959417, -37.6274899], [176.1960817, -37.6276247], [176.1960375, -37.6277244], [176.1958938, -37.6277742], [176.195809, -37.6278622], [176.1957979, -37.6279559], [176.1959343, -37.6281318], [176.196019, -37.6282989], [176.1958827, -37.6283721], [176.1957169, -37.6282402], [176.1954773, -37.6280351], [176.1952857, -37.6277918], [176.1951236, -37.6275075], [176.1950241, -37.6272672]]}, "geometry_name": "shape", "properties": {"fidn": "8182953", "valdco": 0.0, "verdat": null, "inform": null, "ninfom": null, "ntxtds": null, "scamin": 29999, "txtdsc": null, "sordat": null, "sorind": null, "hypcat": null}}, {"type": "Feature", "id": "layer-50672.145836", "geometry": {"type": "LineString", "coordinates": [[176.1938415, -37.6282872], [176.1938168, -37.6282886], [176.1937959, -37.6282909], [176.1937789, -37.6282941], [176.1937656, -37.6282982], [176.1937562, -37.6283033], [176.1937504, -37.6283093], [176.1937479, -37.6283164], [176.1937487, -37.6283244], [176.193753, -37.6283335], [176.1937606, -37.6283435], [176.1937701, -37.6283535], [176.1937802, -37.6283621], [176.1937909, -37.6283695], [176.1938022, -37.6283756], [176.1938141, -37.6283803], [176.1938257, -37.6283837], [176.1938362, -37.6283855], [176.1938458, -37.6283857], [176.1938543, -37.6283844], [176.1938617, -37.6283815], [176.1938682, -37.6283774], [176.1938737, -37.6283725], [176.1938783, -37.6283667], [176.193882, -37.6283602], [176.1938848, -37.6283527], [176.1938869, -37.6283454], [176.1938885, -37.6283391], [176.1938897, -37.6283338], [176.1938904, -37.6283296], [176.1938906, -37.6283263], [176.1938886, -37.6283225], [176.1938827, -37.6283167], [176.1938729, -37.6283089], [176.1938592, -37.6282991], [176.1938415, -37.6282872]]}, "geometry_name": "shape", "properties": {"fidn": "5333974", "valdco": 0.0, "verdat": null, "inform": null, "ninfom": null, "ntxtds": null, "scamin": 29999, "txtdsc": null, "sordat": null, "sorind": null, "hypcat": null}}, {"type": "Feature", "id": "layer-50672.145823", "geometry": {"type": "LineString", "coordinates": [[176.1931896, -37.627746], [176.1930714, -37.6277396], [176.193019, -37.6277489], [176.192949, -37.6277675], [176.1929004, -37.6277999], [176.1928596, -37.6278478], [176.1928654, -37.6279128], [176.1928829, -37.6279901], [176.1929807, -37.6281866]]}, "geometry_name": "shape", "properties": {"fidn": "5333745", "valdco": 5, "verdat": null, "inform": null, "ninfom": null, "ntxtds": null, "scamin": 17999, "txtdsc": null, "sordat": null, "sorind": null, "hypcat": null}}, {"type": "Feature", "id": "layer-50672.145832", "geometry": {"type": "LineString", "coordinates": [[176.1886408, -37.6285529], [176.1886355, -37.6285788], [176.1886301, -37.6286016], [176.1886247, -37.6286212], [176.1886193, -37.6286377], [176.1886139, -37.6286515], [176.1886086, -37.6286654], [176.1886035, -37.6286796], [176.1885986, -37.6286943], [176.1885939, -37.6287093], [176.188589, -37.6287245], [176.1885837, -37.6287396], [176.188578, -37.6287547], [176.1885718, -37.6287696], [176.1885653, -37.6287845], [176.1885585, -37.6287991], [176.1885515, -37.6288134], [176.1885443, -37.6288274], [176.1885369, -37.6288412], [176.1885284, -37.6288558], [176.1885184, -37.6288721], [176.1885068, -37.6288899], [176.1884937, -37.6289093], [176.1884794, -37.6289293], [176.1884649, -37.6289463], [176.1884504, -37.6289602], [176.1884357, -37.6289708], [176.188421, -37.6289783], [176.1884071, -37.6289839], [176.1883944, -37.628988], [176.1883829, -37.6289907], [176.1883726, -37.6289919], [176.1883633, -37.628992], [176.1883542, -37.6289912], [176.1883454, -37.6289897], [176.1883367, -37.6289873], [176.1883283, -37.6289841], [176.1883184, -37.6289782], [176.1883065, -37.6289691], [176.1882927, -37.6289566], [176.1882769, -37.6289409], [176.18826, -37.6289223], [176.1882439, -37.6289022], [176.1882287, -37.6288805], [176.1882142, -37.6288572], [176.1882007, -37.6288324], [176.188188, -37.6288069], [176.1881762, -37.6287809], [176.1881653, -37.6287544], [176.1881553, -37.6287274], [176.1881466, -37.6287005], [176.1881396, -37.6286744], [176.1881345, -37.6286491], [176.1881311, -37.6286246], [176.1881296, -37.6286009], [176.1881293, -37.6285768], [176.1881302, -37.6285522], [176.1881324, -37.6285269], [176.1881357, -37.628501], [176.1881411, -37.6284754], [176.1881494, -37.6284512], [176.1881608, -37.6284282], [176.1881752, -37.6284066], [176.1881924, -37.6283865], [176.1882109, -37.6283684], [176.1882306, -37.6283525], [176.1882513, -37.6283388], [176.1882731, -37.6283274]]}, "geometry_name": "shape", "properties": {"fidn": "5333947", "valdco": 2, "verdat": null, "inform": null, "ninfom": null, "ntxtds": null, "scamin": 17999, "txtdsc": null, "sordat": null, "sorind": null, "hypcat": null}}, {"type": "Feature", "id": "layer-50672.137851", "geometry": {"type": "LineString", "coordinates": [[176.1933907, -37.6275057], [176.1933473, -37.6275241], [176.1933313, -37.6275405], [176.1933069, -37.6275655], [176.1933069, -37.6276184], [176.1933087, -37.6276195], [176.1933589, -37.6276483], [176.1934138, -37.6276574], [176.1934774, -37.6276253], [176.1934947, -37.6275747], [176.1934745, -37.6275264], [176.1934513, -37.627508], [176.1933907, -37.6275057]]}, "geometry_name": "shape", "properties": {"fidn": "5333634", "valdco": 0.0, "verdat": null, "inform": null, "ninfom": null, "ntxtds": null, "scamin": 29999, "txtdsc": null, "sordat": null, "sorind": null, "hypcat": null}}, {"type": "Feature", "id": "layer-50672.139492", "geometry": {"type": "LineString", "coordinates": [[176.1945651, -37.626621], [176.1943648, -37.6266101], [176.1941393, -37.6265945], [176.194122, -37.6265936], [176.1940667, -37.6265901], [176.1939929, -37.6265851], [176.1938711, -37.6265901], [176.1937812, -37.6266105], [176.1937358, -37.6266208], [176.1936037, -37.6266829], [176.1935218, -37.6267143], [176.1933971, -37.626738], [176.1933054, -37.6267484], [176.1932255, -37.6267369], [176.1931443, -37.6267432], [176.1930866, -37.6267588], [176.193029, -37.626812], [176.1930306, -37.6268815], [176.1930516, -37.6269434], [176.1930673, -37.6270036], [176.1930694, -37.6270986], [176.1930694, -37.6271665], [176.1930758, -37.627225], [176.1930848, -37.6272641], [176.1931228, -37.6273078], [176.1931746, -37.6273491], [176.1932135, -37.627369], [176.193265, -37.6273855], [176.193305, -37.6273955]]}, "geometry_name": "shape", "properties": {"fidn": "234596", "valdco": 5, "verdat": null, "inform": null, "ninfom": null, "ntxtds": null, "scamin": 17999, "txtdsc": null, "sordat": null, "sorind": null, "hypcat": null}}, {"type": "Feature", "id": "layer-50672.148206", "geometry": {"type": "LineString", "coordinates": [[176.1931594, -37.6256942], [176.1932431, -37.6257181], [176.1933069, -37.6257516], [176.1933476, -37.625822], [176.1933476, -37.6259085], [176.1933734, -37.6262036], [176.1933876, -37.6262306], [176.1933935, -37.6262415], [176.1933988, -37.6262508], [176.1934033, -37.6262584], [176.1934072, -37.6262644], [176.1934114, -37.6262701], [176.1934162, -37.6262757], [176.1934214, -37.6262811], [176.193427, -37.6262864], [176.1934332, -37.6262915], [176.1934398, -37.6262965], [176.1934469, -37.6263013], [176.1934751, -37.626325], [176.1935121, -37.6263528], [176.1935505, -37.6263751], [176.1936025, -37.626398], [176.19364, -37.6264174], [176.1936554, -37.626424], [176.1936772, -37.6264349], [176.1937039, -37.6264358], [176.1937293, -37.6264284], [176.1937571, -37.6264091], [176.1937936, -37.6263848], [176.1938561, -37.6263308], [176.1939465, -37.626312], [176.1942634, -37.6263815], [176.1945773, -37.6264604], [176.1947684, -37.6264533], [176.1949179, -37.6264792], [176.1950942, -37.626564], [176.1952304, -37.626643], [176.195426, -37.6266716], [176.1956304, -37.6266561], [176.1958115, -37.6266633], [176.1959202, -37.6266939], [176.1959655, -37.6267587], [176.1960353, -37.6269477], [176.1961442, -37.6270658], [176.1963826, -37.6272237], [176.196821, -37.6274875], [176.1969321, -37.6275767], [176.1969554, -37.6276339], [176.1970133, -37.6277764], [176.1970222, -37.6278437], [176.1970355, -37.6279438], [176.1969986, -37.6280936], [176.1969243, -37.6282663], [176.196859, -37.6283118], [176.1964966, -37.6285647]]}, "geometry_name": "shape", "properties": {"fidn": "8183020", "valdco": 10, "verdat": null, "inform": null, "ninfom": null, "ntxtds": null, "scamin": 17999, "txtdsc": null, "sordat": null, "sorind": null, "hypcat": null}}, {"type": "Feature", "id": "layer-50672.145821", "geometry": {"type": "LineString", "coordinates": [[176.1893109, -37.6262975], [176.1892301, -37.6263062], [176.1891722, -37.6263331], [176.1891209, -37.6263791], [176.1891133, -37.6264538], [176.1891253, -37.6265267], [176.1891657, -37.6265745], [176.1892312, -37.6266162], [176.1893131, -37.6266188], [176.1893939, -37.6266075], [176.1894375, -37.6265727], [176.1894725, -37.6265085], [176.1894561, -37.6264416], [176.1894255, -37.6263886], [176.1893731, -37.6263174], [176.1893109, -37.6262975]]}, "geometry_name": "shape", "properties": {"fidn": "5333738", "valdco": 10, "verdat": null, "inform": null, "ninfom": null, "ntxtds": null, "scamin": 17999, "txtdsc": null, "sordat": null, "sorind": null, "hypcat": null}}, {"type": "Feature", "id": "layer-50672.145819", "geometry": {"type": "LineString", "coordinates": [[176.1908091, -37.6261285], [176.1908566, -37.6260881], [176.1908913, -37.6260686], [176.1909107, -37.6260633], [176.19093, -37.6260646], [176.1909786, -37.6260827], [176.1910015, -37.626097], [176.1910137, -37.6261134], [176.1910259, -37.6261504], [176.191028, -37.6261895], [176.1910273, -37.6262232], [176.1910252, -37.6262743], [176.1910174, -37.6263602], [176.1910054, -37.6264314], [176.1909989, -37.626471], [176.1909922, -37.6264896], [176.1909764, -37.6265005], [176.1909469, -37.6265104], [176.1909067, -37.6265215], [176.1908477, -37.6265247], [176.1907949, -37.6265206], [176.1907502, -37.6265101], [176.1907034, -37.6265011], [176.1906713, -37.6264822], [176.1906332, -37.6264384], [176.1906163, -37.6264001], [176.1906256, -37.6263657], [176.190651, -37.6263287], [176.1906836, -37.6263029], [176.1908091, -37.6261285]]}, "geometry_name": "shape", "properties": {"fidn": "5333680", "valdco": 5, "verdat": null, "inform": null, "ninfom": null, "ntxtds": null, "scamin": 17999, "txtdsc": null, "sordat": null, "sorind": null, "hypcat": null}}, {"type": "Feature", "id": "layer-50672.145820", "geometry": {"type": "LineString", "coordinates": [[176.1908091, -37.6261285], [176.1907005, -37.6261484], [176.1905878, -37.626179], [176.1905331, -37.626215], [176.1904979, -37.6262648], [176.1904593, -37.6263634], [176.1904439, -37.6264507], [176.1904439, -37.6265269], [176.190471, -37.6265798], [176.1905158, -37.6266318], [176.1905852, -37.6266897], [176.1906858, -37.6267451], [176.1907532, -37.6267576], [176.1907915, -37.6267651], [176.190843, -37.6267623], [176.1908899, -37.6267514], [176.1909334, -37.6267109], [176.1909592, -37.6266705], [176.1909754, -37.6266251], [176.1909711, -37.6265697], [176.1909469, -37.6265104]]}, "geometry_name": "shape", "properties": {"fidn": "5333681", "valdco": 10, "verdat": null, "inform": null, "ninfom": null, "ntxtds": null, "scamin": 17999, "txtdsc": null, "sordat": null, "sorind": null, "hypcat": null}}, {"type": "Feature", "id": "layer-50672.145822", "geometry": {"type": "LineString", "coordinates": [[176.1930746, -37.6256547], [176.1930155, -37.6256621], [176.192961, -37.6256787], [176.1929391, -37.6257062], [176.1929182, -37.6257467], [176.1929191, -37.6258068], [176.1929446, -37.6258668], [176.1929791, -37.6258965], [176.1930556, -37.6259312], [176.1930992, -37.625932], [176.1931484, -37.6259247], [176.1931911, -37.625898], [176.1932139, -37.6258582], [176.1932175, -37.6258104], [176.1932057, -37.6257612], [176.1931594, -37.6256942], [176.1931229, -37.6256706], [176.1930746, -37.6256547]]}, "geometry_name": "shape", "properties": {"fidn": "5333739", "valdco": 5, "verdat": null, "inform": null, "ninfom": null, "ntxtds": null, "scamin": 17999, "txtdsc": null, "sordat": null, "sorind": null, "hypcat": null}}, {"type": "Feature", "id": "layer-50672.138542", "geometry": {"type": "LineString", "coordinates": [[176.1955434, -37.6250482], [176.1956483, -37.6250727], [176.1957199, -37.6251297], [176.1957481, -37.6252213], [176.1957276, -37.6253006], [176.1956662, -37.6253678], [176.1955741, -37.6254004], [176.1954487, -37.6253943], [176.1953489, -37.6253413], [176.1953003, -37.6252742], [176.1953003, -37.6251928], [176.1953386, -37.6251154], [176.1954001, -37.6250686], [176.1954615, -37.6250482], [176.1955434, -37.6250482]]}, "geometry_name": "shape", "properties": {"fidn": "8193623", "valdco": 10, "verdat": null, "inform": null, "ninfom": null, "ntxtds": null, "scamin": 17999, "txtdsc": null, "sordat": null, "sorind": null, "hypcat": null}}, {"type": "Feature", "id": "layer-50672.145833", "geometry": {"type": "LineString", "coordinates": [[176.1848526, -37.6299606], [176.1845854, -37.6300596], [176.1842907, -37.6301946], [176.1842093, -37.6302515], [176.1841811, -37.6303182], [176.1841841, -37.6303476], [176.1841877, -37.6303719], [176.1841883, -37.6303872], [176.1841883, -37.6303926], [176.1841852, -37.6304065], [176.1841611, -37.6304541], [176.1841391, -37.6304935], [176.1841323, -37.6305045], [176.1841231, -37.6305164], [176.1841011, -37.6305393], [176.1840793, -37.6305576], [176.1840563, -37.630576], [176.1840378, -37.6305887], [176.1840183, -37.6306016], [176.1839976, -37.6306145], [176.1839746, -37.6306272], [176.1839515, -37.6306409], [176.1839262, -37.6306547], [176.1838997, -37.6306684], [176.1838722, -37.630683], [176.1837604, -37.630738], [176.1836085, -37.630815], [176.183355, -37.6309374], [176.1829401, -37.6310937], [176.1824728, -37.631184], [176.1822632, -37.6311632], [176.1820492, -37.6310381], [176.1817312, -37.6307681], [176.1815362, -37.6306025], [176.1811662, -37.6304402], [176.1808744, -37.6303122], [176.179889, -37.6297122], [176.1795978, -37.6296037], [176.1794895, -37.6295469], [176.1792927, -37.6294832], [176.1790854, -37.6294249], [176.1789035, -37.6293445], [176.1785605, -37.6292127], [176.1782661, -37.6290499], [176.1781323, -37.6289824], [176.1780773, -37.6288325], [176.1781, -37.6286376], [176.1781598, -37.6284783], [176.1781529, -37.6283972], [176.1781413, -37.6283762], [176.1781309, -37.6283551], [176.1781205, -37.6283322], [176.178094, -37.6282718], [176.1780513, -37.6281666], [176.1780099, -37.628055], [176.1779673, -37.6279496], [176.1779259, -37.6278563], [176.1779005, -37.6278023], [176.1778903, -37.6277821], [176.1778751, -37.6277546], [176.1778303, -37.6276769], [176.1777808, -37.6275972], [176.1777554, -37.6275615], [176.1777256, -37.6275267], [176.1777013, -37.6275011], [176.1776645, -37.6274626], [176.1776104, -37.6274105], [176.1775436, -37.6273611], [176.1774676, -37.6273098], [176.1773962, -37.6272659], [176.1773179, -37.6272174], [176.1772466, -37.6271688], [176.1772063, -37.6271405], [176.1771914, -37.6271295], [176.177166, -37.6271076], [176.1771406, -37.6270828], [176.1770934, -37.6270307], [176.1770657, -37.6269968], [176.1770393, -37.626951], [176.1770267, -37.6269263], [176.1770151, -37.6268978], [176.1769921, -37.6268301], [176.1769788, -37.6267814], [176.1769714, -37.6267541], [176.1769541, -37.6266783], [176.1769298, -37.6265591], [176.1768645, -37.6264667], [176.1767551, -37.626375], [176.1765864, -37.6262505], [176.1764633, -37.6261511], [176.1764021, -37.6261], [176.1762367, -37.6260199], [176.1761309, -37.6260142], [176.176116, -37.6260134]]}, "geometry_name": "shape", "properties": {"fidn": "5333949", "valdco": 2, "verdat": null, "inform": null, "ninfom": null, "ntxtds": null, "scamin": 17999, "txtdsc": null, "sordat": null, "sorind": null, "hypcat": null}}, {"type": "Feature", "id": "layer-50672.137852", "geometry": {"type": "LineString", "coordinates": [[176.1733089, -37.6350307], [176.1733192, -37.6350404], [176.1733233, -37.6350876], [176.173299, -37.6351105], [176.1732738, -37.635127], [176.1732474, -37.6351408], [176.1732243, -37.6351564], [176.1731851, -37.6351876], [176.1731694, -37.6352155], [176.1731488, -37.6352491], [176.1731141, -37.6352801], [176.1730194, -37.6353473], [176.1729942, -37.6353738], [176.1729723, -37.6353894], [176.1729401, -37.6354069], [176.1728882, -37.6354444], [176.1728353, -37.6354791], [176.1728255, -37.6354847], [176.1727606, -37.6355212], [176.1727099, -37.6355506], [176.1726546, -37.6355789], [176.1725603, -37.6356247], [176.1724878, -37.6356595], [176.1724643, -37.6356709], [176.1724397, -37.635678], [176.1723942, -37.6356856], [176.1723466, -37.63569], [176.1723306, -37.6356891], [176.1722579, -37.6356685], [176.1722294, -37.6356701], [176.1721956, -37.6356778], [176.172123, -37.6357016], [176.1720505, -37.6357282], [176.1719669, -37.6357524], [176.1719477, -37.6357581], [176.1718925, -37.6357709], [176.1718511, -37.6357765], [176.1718223, -37.635781], [176.1717992, -37.6357883], [176.1717762, -37.6357948], [176.1717578, -37.6358029], [176.1717303, -37.6358158], [176.1716486, -37.6358533], [176.1716368, -37.6358597], [176.1715572, -37.6359024], [176.1715124, -37.635917], [176.1714755, -37.6359297], [176.1714365, -37.6359307], [176.1714087, -37.6359334], [176.1713904, -37.6359399], [176.1713283, -37.6359701], [176.171304, -37.6359755], [176.1712788, -37.6359784], [176.171227, -37.635982], [176.1712073, -37.6359784], [176.1711924, -37.6359738], [176.1711762, -37.6359701], [176.1711544, -37.6359682], [176.1710979, -37.6359674], [176.1710804, -37.6359681], [176.1710621, -37.6359721], [176.1710117, -37.6359634], [176.1709698, -37.6359424], [176.1708938, -37.6359708], [176.1708047, -37.6359868], [176.1706425, -37.636022], [176.1704647, -37.6360608], [176.1703741, -37.636076], [176.1702589, -37.6360915], [176.1701647, -37.6361117], [176.1701137, -37.6361187], [176.1700654, -37.636127], [176.1699974, -37.6361362], [176.1697744, -37.6361723], [176.1696635, -37.636192], [176.1694299, -37.6362552], [176.1692848, -37.6362919], [176.1691973, -37.6363111], [176.1690926, -37.6363312], [176.16908, -37.636334], [176.1690795, -37.6363355], [176.1690776, -37.6363404], [176.1690742, -37.6363577], [176.1690742, -37.6363752], [176.1690776, -37.6364027], [176.1690823, -37.6364264], [176.1690823, -37.6364392], [176.1690789, -37.6364521], [176.1690719, -37.6364631], [176.1690627, -37.6364722], [176.1690478, -37.6364804], [176.1690397, -37.6364841], [176.1690305, -37.636486], [176.1690109, -37.6364887], [176.1689902, -37.6364896], [176.1689718, -37.6364923], [176.1689545, -37.6364979], [176.1689383, -37.6365079], [176.1689304, -37.6365162], [176.1689247, -37.6365281], [176.1689131, -37.6365968], [176.1689085, -37.636627], [176.1689027, -37.6366553], [176.1688982, -37.6366699], [176.1688912, -37.6366836], [176.1688739, -37.6367203], [176.1688566, -37.6367441], [176.1688372, -37.636767], [176.1688084, -37.6367926], [176.1687853, -37.63681], [176.1687657, -37.6368265], [176.1687461, -37.6368367], [176.1687162, -37.636844], [176.1686678, -37.6368503], [176.1686392, -37.6368521], [176.1686034, -37.6368494], [176.168585, -37.6368458], [176.1685724, -37.6368402], [176.1685586, -37.6368311], [176.1685505, -37.6368265], [176.1685321, -37.6368092], [176.1685091, -37.6367836], [176.1684803, -37.6367478], [176.1684653, -37.6367222], [176.1684538, -37.6366957], [176.1684446, -37.6366709], [176.1684389, -37.6366471], [176.1684295, -37.6366005], [176.168425, -37.636552], [176.1684203, -37.6365299], [176.1684135, -37.6365089], [176.1684065, -37.6364887], [176.1683973, -37.6364704], [176.1683732, -37.6364366], [176.1683563, -37.6364116], [176.1683559, -37.636411], [176.168342, -37.6363844], [176.1683352, -37.636366], [176.1683316, -37.6363504], [176.1683294, -37.6362873], [176.1683294, -37.6362489], [176.1683213, -37.6362452], [176.1683086, -37.6362398], [176.1682994, -37.6362323], [176.1682799, -37.6362123], [176.1682488, -37.6361821], [176.1681946, -37.6361344], [176.1681244, -37.6360759], [176.1680703, -37.6360247], [176.1680231, -37.6359743], [176.1679828, -37.6359358], [176.1679506, -37.6359001], [176.1679207, -37.635858], [176.1678919, -37.6358031], [176.1678712, -37.6357573], [176.1678492, -37.6357125], [176.1678262, -37.6356712], [176.167795, -37.635631], [176.1677583, -37.6355825], [176.1677434, -37.635565], [176.1677225, -37.6355494], [176.1676824, -37.6355238], [176.167635, -37.6354873], [176.1675798, -37.6354451], [176.1675522, -37.6354213], [176.16752, -37.6353976], [176.1674808, -37.6353728], [176.1674268, -37.6353417], [176.167276, -37.6352574], [176.1671574, -37.6351952], [176.1670571, -37.6351439], [176.1670157, -37.635122], [176.1669973, -37.635112], [176.1669824, -37.635101], [176.166957, -37.6350799], [176.1669408, -37.6350598], [176.1669306, -37.6350433], [176.1669235, -37.6350258], [176.1669167, -37.6350058], [176.166912, -37.6349848], [176.1669133, -37.6349563], [176.1669167, -37.6349417], [176.1669282, -37.634906], [176.1669397, -37.6348785], [176.1669639, -37.6348428], [176.1669811, -37.6348226], [176.1669961, -37.6348061], [176.1670157, -37.6347851], [176.1670398, -37.634754], [176.1670605, -37.6347247], [176.1670767, -37.6347009], [176.1670825, -37.6346872], [176.1670859, -37.6346578], [176.1670882, -37.634548], [176.1670882, -37.6345087], [176.1670846, -37.6344821], [176.1670825, -37.6344454], [176.1670767, -37.6343997], [176.1670674, -37.6343494], [176.1670501, -37.6342871], [176.1670294, -37.6342019], [176.1670213, -37.6341598], [176.1670191, -37.6341195], [176.1670168, -37.6340116], [176.1670121, -37.6340014], [176.1669408, -37.6338449], [176.1669027, -37.6338064], [176.1668636, -37.6337589], [176.1668487, -37.6337369], [176.1668382, -37.6337167], [176.1668199, -37.6336792], [176.1667853, -37.6336188], [176.1667599, -37.6335776], [176.1667473, -37.633563], [176.1667335, -37.6335511], [176.166707, -37.6335336], [176.1666816, -37.6335217], [176.1666449, -37.633508], [176.1666219, -37.633498], [176.1666033, -37.6334851], [176.1665931, -37.6334732], [176.1665412, -37.6333699], [176.1665263, -37.6333578], [176.1665171, -37.6333478], [176.1665067, -37.6333322], [176.1664918, -37.6333011], [176.1664768, -37.6332279], [176.1664169, -37.6331199], [176.1664077, -37.6330658], [176.166403, -37.63302], [176.1663985, -37.6329725], [176.1664192, -37.6329523], [176.1664329, -37.6329111], [176.1664261, -37.6328837], [176.1664054, -37.6328709], [176.1663892, -37.6328452], [176.1663708, -37.6327656], [176.1663697, -37.6327573], [176.1663627, -37.6327115], [176.1663535, -37.6326732], [176.1663467, -37.6326328], [176.1663454, -37.6326164], [176.1663467, -37.6326026], [176.1663271, -37.6324608], [176.1663236, -37.6324506], [176.1663224, -37.6324387], [176.166319, -37.6323847], [176.1663132, -37.6323627], [176.166304, -37.6323435], [176.1662821, -37.6323014], [176.1662752, -37.6322675], [176.166266, -37.6322273], [176.1662533, -37.6321871], [176.1662407, -37.6321367], [176.1662349, -37.6320882], [176.1662336, -37.6320451], [176.166236, -37.6319855], [176.1662326, -37.631917], [176.1662349, -37.6318913], [176.1662417, -37.6318253], [176.166243, -37.6317979], [176.1662383, -37.6317741], [176.1662279, -37.6317493], [176.1662221, -37.6317412], [176.1662129, -37.6317266], [176.1661842, -37.6316881], [176.1661532, -37.6316579], [176.1661278, -37.6316304], [176.1661082, -37.6316112], [176.1660864, -37.6315837], [176.1660634, -37.6315471], [176.1660448, -37.6315096], [176.1660322, -37.6314784], [176.1660241, -37.6314527], [176.1660139, -37.6314179], [176.1660115, -37.6314079], [176.1660058, -37.6313915], [176.1660045, -37.6313731], [176.1660069, -37.6313494], [176.1660139, -37.6313246], [176.1660322, -37.6312798], [176.1660391, -37.6312578], [176.1660425, -37.6312367], [176.1660461, -37.6311946], [176.1660655, -37.6311497], [176.1660726, -37.6311305], [176.166076, -37.6311132], [176.1660736, -37.6310793], [176.1660713, -37.6310445], [176.1660655, -37.6310088], [176.1660598, -37.6309932], [176.1660459, -37.6309758], [176.1660229, -37.6309539], [176.1660011, -37.6309272], [176.1659943, -37.6309126], [176.1659804, -37.630866], [176.1659458, -37.6308046], [176.1659412, -37.6307918], [176.1659401, -37.6307799], [176.1659446, -37.6307579], [176.1659642, -37.6307112], [176.1659689, -37.6306883], [176.1659689, -37.6306681], [176.1659584, -37.6306362], [176.1659482, -37.630616], [176.1659401, -37.6305858], [176.1659388, -37.6305748], [176.1659401, -37.6305667], [176.1659424, -37.6305584], [176.1659482, -37.6305501], [176.1659689, -37.6305336], [176.1659849, -37.6305171], [176.1659988, -37.6304934], [176.1660045, -37.6304486], [176.1660045, -37.6304238], [176.1660079, -37.6303945], [176.1660263, -37.630323], [176.1660333, -37.6302928], [176.1660425, -37.6302709], [176.1660483, -37.6302618], [176.1660564, -37.6302535], [176.1660747, -37.630238], [176.1660954, -37.6302197], [176.166115, -37.6301976], [176.1661276, -37.6301757], [176.1661483, -37.630117], [176.166153, -37.6301051], [176.1661564, -37.6300814], [176.1661725, -37.6299789], [176.1661863, -37.6299331], [176.1662002, -37.6298983], [176.1662083, -37.6298681], [176.1662117, -37.6298406], [176.1662104, -37.6297939], [176.1662036, -37.6297683], [176.1661932, -37.6297481], [176.1661737, -37.629739], [176.1661575, -37.6297325], [176.1661426, -37.6297225], [176.1661368, -37.6297169], [176.1661345, -37.6297106], [176.1661334, -37.629695], [176.1661402, -37.6296748], [176.1661471, -37.629664], [176.1661564, -37.6296538], [176.1662094, -37.6296117], [176.1662138, -37.6296034], [176.1662209, -37.6295724], [176.1662403, -37.6294505], [176.1662461, -37.6294003], [176.1662484, -37.6293599], [176.1662473, -37.6293187], [176.1662392, -37.6292776], [176.1662322, -37.6292574], [176.166223, -37.6292382], [176.1662013, -37.6292052], [176.1661943, -37.6291988], [176.1661735, -37.6291795], [176.1661471, -37.6291595], [176.1661253, -37.6291402], [176.166108, -37.629122], [176.1660999, -37.6291156], [176.1660562, -37.6290698], [176.1660263, -37.6290258], [176.166024, -37.6290085], [176.166024, -37.6289819], [176.166025, -37.6289508], [176.1660285, -37.6289223], [176.1660308, -37.6288985], [176.1660355, -37.6288812], [176.16604, -37.6288675], [176.166047, -37.6288555], [176.1660619, -37.6288344], [176.1660814, -37.6288161], [176.1661057, -37.6288006], [176.1661402, -37.6287832], [176.1661874, -37.6287621], [176.1662403, -37.6287346], [176.1663404, -37.6286696], [176.1663416, -37.6286691], [176.1663933, -37.6286459], [176.166436, -37.6286303], [176.1664556, -37.6286203], [176.1664613, -37.6286092], [176.1664682, -37.6285918], [176.1664693, -37.6285726], [176.166459, -37.628558], [176.1664464, -37.6285488], [176.1664406, -37.6285442], [176.1664394, -37.6285397], [176.1664417, -37.6285205], [176.1664451, -37.628514], [176.1664498, -37.6285103], [176.166459, -37.6285076], [176.1664648, -37.6285049], [176.1664682, -37.6284966], [176.1664729, -37.6284811], [176.166475, -37.6284618], [176.1664739, -37.6284426], [176.1664671, -37.6284243], [176.1664567, -37.6284087], [176.1664428, -37.6283932], [176.1664238, -37.6283735], [176.1664163, -37.6283657], [176.1664118, -37.6283556], [176.1664106, -37.6283447], [176.1664129, -37.628331], [176.1664129, -37.6283291], [176.1664198, -37.6283108], [176.1664325, -37.6282943], [176.1664394, -37.628286], [176.1664486, -37.6282797], [176.1664501, -37.6282788], [176.1664808, -37.6282595], [176.16649, -37.6282476], [176.1664957, -37.6282358], [176.1665004, -37.6282164], [176.1665072, -37.6281891], [176.166513, -37.628167], [176.1665279, -37.6281487], [176.1665659, -37.6281102], [176.1666892, -37.6279785], [176.166734, -37.6279271], [176.1667605, -37.6278915], [176.1667767, -37.6278603], [176.1668089, -37.6277807], [176.1668181, -37.6277615], [176.1668307, -37.6277432], [176.1668479, -37.627724], [176.1668699, -37.6277065], [176.1669124, -37.6276809], [176.1669504, -37.6276561], [176.1670011, -37.6276324], [176.1670402, -37.6276103], [176.1670782, -37.6275838], [176.167107, -37.6275591], [176.1671219, -37.6275426], [176.1671771, -37.6274951], [176.1672083, -37.6274574], [176.1672059, -37.627397], [176.1672311, -37.6273422], [176.1672554, -37.6272918], [176.1672887, -37.6272341], [176.1673003, -37.627191], [176.1673348, -37.6271544], [176.1673773, -37.6271169], [176.1674119, -37.6270923], [176.1674268, -37.6270665], [176.1674417, -37.6270308], [176.167481, -37.6270025], [176.1675373, -37.6269127], [176.1675938, -37.6268542], [176.1676203, -37.6268286], [176.1676698, -37.6268121], [176.1677112, -37.6268047], [176.1677709, -37.6267507], [176.1678147, -37.6266757], [176.1678712, -37.6266334], [176.1679241, -37.6266024], [176.1679632, -37.6265722], [176.1679655, -37.6265465], [176.167954, -37.6265163], [176.1679655, -37.6264897], [176.1680069, -37.6264806], [176.1680541, -37.626476], [176.1681093, -37.6264485], [176.16813, -37.6264476], [176.1681543, -37.6264449], [176.1681716, -37.6264385], [176.1681795, -37.6264347], [176.1681865, -37.6264293], [176.1681957, -37.6264229], [176.1682187, -37.6263982], [176.168236, -37.6263753], [176.1682693, -37.6263075], [176.1683177, -37.626271], [176.1683752, -37.6262562], [176.1684293, -37.6262325], [176.1684581, -37.6262023], [176.1684741, -37.6261583], [176.1685341, -37.626086], [176.1686352, -37.6260219], [176.1686963, -37.6259898], [176.1687447, -37.6259615], [176.1687504, -37.6259605], [176.1687942, -37.625955], [176.1687999, -37.6259542], [176.168877, -37.6259211], [176.1689301, -37.625889], [176.1689979, -37.6258726], [176.1690382, -37.6258542], [176.1690726, -37.6258186], [176.1691199, -37.6258021], [176.1691716, -37.6257865], [176.1691786, -37.6257774], [176.1692074, -37.6257526], [176.1692108, -37.6257499], [176.1692742, -37.6257032], [176.1693167, -37.6256767], [176.1693293, -37.6256712], [176.1693397, -37.6256693], [176.1693604, -37.6256712], [176.1693777, -37.6256776], [176.1693834, -37.6256785], [176.1693915, -37.6256767], [176.1694283, -37.6256593], [176.1695744, -37.6255641], [176.1696068, -37.6255403], [176.169632, -37.6255183], [176.1696689, -37.6254826], [176.1696885, -37.6254541], [176.1696964, -37.6254312], [176.1696999, -37.6254047], [176.1697161, -37.6253873], [176.1697737, -37.6253525], [176.1697978, -37.6253251], [176.1698151, -37.625305], [176.1698208, -37.6252967], [176.1698473, -37.6252793], [176.1699198, -37.6252646], [176.1699335, -37.6252619], [176.170013, -37.6252362], [176.1700705, -37.6252088], [176.1701443, -37.6251667], [176.1702593, -37.6251236], [176.1703365, -37.6250915], [176.1704274, -37.6250586], [176.1704871, -37.6250248], [176.1705298, -37.624989], [176.1705966, -37.6249459], [176.1707335, -37.624924], [176.1708221, -37.6248947], [176.1709659, -37.6248499], [176.171011, -37.6248378], [176.1710977, -37.624832], [176.1711901, -37.6248878], [176.1713267, -37.6249332], [176.1713838, -37.6249182], [176.1715738, -37.6248683], [176.1715898, -37.6248641], [176.1716812, -37.6248337], [176.1718024, -37.6247515], [176.1718042, -37.6247503], [176.1718059, -37.6247497], [176.1719719, -37.6246944], [176.1720179, -37.6246754], [176.172086, -37.6246067], [176.172181, -37.6245109], [176.1722209, -37.6244717], [176.1722665, -37.6244542], [176.1723241, -37.6244423], [176.1724058, -37.6244258], [176.1724852, -37.6244167], [176.1725451, -37.6244084], [176.1725677, -37.6244084], [176.1726038, -37.6244084], [176.1727408, -37.6244138], [176.1728409, -37.6244148], [176.1728743, -37.6244138], [176.1728893, -37.6244119], [176.1729019, -37.6244092], [176.1730297, -37.6243919], [176.1730585, -37.62439], [176.1731391, -37.624389], [176.1732059, -37.6243909], [176.17323, -37.6243917], [176.1732507, -37.62439], [176.1732829, -37.6243844], [176.1732955, -37.6243826], [176.1735165, -37.6243688], [176.1735442, -37.624367], [176.1735545, -37.6243661], [176.1735637, -37.624368], [176.1735775, -37.6243744], [176.1735901, -37.6243807], [176.1736098, -37.6243909], [176.173626, -37.6243963], [176.1736328, -37.6243991], [176.1736501, -37.6244009], [176.1736812, -37.6244046], [176.1737179, -37.6244045], [176.173748, -37.6243999], [176.1737745, -37.6243936], [176.1737997, -37.624388], [176.1738203, -37.6243853], [176.1738342, -37.6243844], [176.1738423, -37.6243853], [176.1738572, -37.6243899], [176.1738895, -37.6243953], [176.1739102, -37.6243963], [176.1739298, -37.6243945], [176.1739379, -37.6243936], [176.1739447, -37.6243907], [176.1739562, -37.6243844], [176.1739643, -37.6243743], [176.1739688, -37.6243633], [176.1739793, -37.6243478], [176.1740011, -37.6243368], [176.1740322, -37.6243276], [176.1740448, -37.6243176], [176.1740518, -37.6243093], [176.1740563, -37.6243038], [176.1740725, -37.6242882], [176.1740885, -37.6242754], [176.1740979, -37.6242699], [176.1741071, -37.6242672], [176.1741208, -37.6242626], [176.1741312, -37.6242589], [176.1741414, -37.6242489], [176.1741668, -37.6242168], [176.174176, -37.6242041], [176.1741909, -37.6241885], [176.1742095, -37.6241812], [176.1742278, -37.6241793], [176.1742451, -37.6241802], [176.1742624, -37.6241839], [176.1742935, -37.6241949], [176.1743142, -37.6241985], [176.1743407, -37.6242003], [176.174374, -37.6242012], [176.1744051, -37.6242003], [176.1744258, -37.6241985], [176.1744305, -37.6241985], [176.1744557, -37.6241939], [176.1745293, -37.6241756], [176.1745903, -37.6241573], [176.1746456, -37.6241417], [176.1746733, -37.6241371], [176.1747043, -37.6241343], [176.1747378, -37.6241335], [176.1747676, -37.6241343], [176.1747933, -37.6241499], [176.1748156, -37.6241906], [176.1748159, -37.6241911], [176.174852, -37.6242988], [176.1748879, -37.6243979], [176.1749118, -37.6244638], [176.1749185, -37.6244791], [176.1749449, -37.6245401], [176.1749625, -37.6245576], [176.1749862, -37.6245881], [176.1750289, -37.6246162], [176.1750997, -37.624663], [176.1751936, -37.6247128], [176.1752278, -37.6247589], [176.1752394, -37.6248163], [176.1752249, -37.6249369], [176.175246, -37.6250151], [176.1752466, -37.6250174], [176.1752518, -37.6250226], [176.175355, -37.6251247], [176.1754132, -37.6251791], [176.1754558, -37.6252416], [176.1755163, -37.6253296], [176.1757884, -37.6255997], [176.1760028, -37.6258449], [176.1760853, -37.6259678], [176.176116, -37.6260134], [176.1762057, -37.6260903], [176.1762099, -37.6260939], [176.1762109, -37.6260956], [176.1762851, -37.6262214], [176.1763118, -37.6262864], [176.1763382, -37.6263725], [176.1763773, -37.6264137], [176.1763738, -37.6264531], [176.1763244, -37.6265053], [176.176279, -37.6265414], [176.1762727, -37.6265464], [176.1762426, -37.6265803], [176.1762497, -37.6266224], [176.1762795, -37.6266353], [176.1763083, -37.6266407], [176.1763152, -37.626693], [176.1763222, -37.626768], [176.176374, -37.6268101], [176.1764201, -37.6269007], [176.1764269, -37.6269713], [176.1764741, -37.6270307], [176.1765029, -37.6270655], [176.1765214, -37.6270865], [176.1766008, -37.6271827], [176.1766652, -37.6272165], [176.1767228, -37.6272394], [176.1767482, -37.6272705], [176.1767263, -37.627319], [176.1767333, -37.6273648], [176.1767655, -37.6274106], [176.1767621, -37.6274509], [176.1767194, -37.6274646], [176.1767166, -37.6275253], [176.176716, -37.6275387], [176.176716, -37.6276276], [176.1767448, -37.6276614], [176.1767875, -37.6277045], [176.1768231, -37.6277704], [176.1768433, -37.6278103], [176.1768519, -37.6278272], [176.1768807, -37.627862], [176.1769279, -37.6279068], [176.1769279, -37.6279809], [176.1769509, -37.6280341], [176.1769718, -37.6280605], [176.1770362, -37.6281036], [176.1770592, -37.6281842], [176.1770765, -37.6282592], [176.1770656, -37.6283101], [176.1770627, -37.6283234], [176.1770592, -37.6283855], [176.1770972, -37.6284415], [176.1771414, -37.6284806], [176.1771674, -37.6285036], [176.177202, -37.628576], [176.1772007, -37.628614], [176.1771986, -37.6286785], [176.1771676, -37.6287106], [176.1771446, -37.6287508], [176.1771584, -37.6287719], [176.1771606, -37.6287939], [176.1771606, -37.6288048], [176.1771584, -37.6288525], [176.1771446, -37.6289147], [176.1770974, -37.6289605], [176.1770733, -37.6289953], [176.1770801, -37.6290466], [176.1770801, -37.629097], [176.1770571, -37.6291884], [176.1770492, -37.6292278], [176.1770434, -37.6292471], [176.1770353, -37.6292644], [176.1770319, -37.629269], [176.1770146, -37.6292946], [176.1770042, -37.629313], [176.1769973, -37.629334], [176.1769926, -37.6293578], [176.1769997, -37.6293642], [176.1770123, -37.6293761], [176.1770272, -37.6293944], [176.1770295, -37.6293971], [176.1770492, -37.6294302], [176.1770733, -37.6294696], [176.1771136, -37.6295134], [176.1771942, -37.6295756], [176.1772956, -37.6296535], [176.1773749, -37.6297185], [176.1774383, -37.6297854], [176.1774993, -37.6298475], [176.1775558, -37.6299171], [176.1776318, -37.6299958], [176.1777124, -37.6300874], [176.1777965, -37.630177], [176.1778874, -37.6302686], [176.1779358, -37.6303107], [176.1779874, -37.6303509], [176.1780141, -37.6303711], [176.1780429, -37.6303903], [176.1781097, -37.6304324], [176.1782776, -37.6305257], [176.1784504, -37.6306192], [176.1786266, -37.6307125], [176.1787992, -37.6308049], [176.1788751, -37.6308434], [176.1789097, -37.6308598], [176.1789432, -37.6308736], [176.1789731, -37.6308873], [176.1790042, -37.6308983], [176.1790686, -37.6309202], [176.1792229, -37.6309752], [176.179384, -37.6310337], [176.1795395, -37.6310877], [176.1796788, -37.6311298], [176.1797985, -37.6311573], [176.1798537, -37.6311737], [176.179909, -37.6311929], [176.1800264, -37.6312377], [176.1800886, -37.6312625], [176.1801588, -37.6312871], [176.1803154, -37.6313384], [176.1804673, -37.6313823], [176.180594, -37.6314171], [176.1806608, -37.6314298], [176.1807229, -37.63144], [176.1808172, -37.6314592], [176.1809151, -37.6314784], [176.1810487, -37.6314994], [176.1811275, -37.6315177], [176.1811754, -37.6315286], [176.1811777, -37.6315293], [176.1812164, -37.6315415], [176.1812398, -37.6315488], [176.1813307, -37.6315836], [176.1813849, -37.631599], [176.181386, -37.631599], [176.1814447, -37.6316119], [176.1814528, -37.6316128], [176.1815091, -37.6316201], [176.1815748, -37.6316265], [176.1817233, -37.6316421], [176.1818223, -37.631654], [176.1819224, -37.6316686], [176.1820088, -37.6316851], [176.182087, -37.6317034], [176.1821664, -37.6317198], [176.1822483, -37.6317344], [176.1824117, -37.6317582], [176.1824969, -37.6317728], [176.1825856, -37.6317855], [176.1826742, -37.6317957], [176.1827525, -37.631802], [176.1828101, -37.6318103], [176.1828606, -37.6318203], [176.1829746, -37.6318505], [176.1830345, -37.6318643], [176.1831013, -37.6318762], [176.1832566, -37.6318935], [176.1833349, -37.6319045], [176.1834017, -37.6319164], [176.1834973, -37.6319318], [176.183586, -37.6319474], [176.1836585, -37.6319529], [176.1836999, -37.6319547], [176.1837424, -37.6319539], [176.1837861, -37.631951], [176.1838322, -37.6319437], [176.1838851, -37.6319318], [176.1839451, -37.6319125], [176.1840061, -37.6318933], [176.183982, -37.6318723], [176.1839692, -37.6318494], [176.1839611, -37.6317963], [176.183953, -37.6317642], [176.183953, -37.6317313], [176.1839692, -37.6316654], [176.183998, -37.6316132], [176.1840208, -37.6315536], [176.1840601, -37.6315345], [176.1840738, -37.6315078], [176.1840738, -37.6314539], [176.184091, -37.6313862], [176.1841175, -37.6313275], [176.1841453, -37.6312758], [176.1841589, -37.6312506], [176.1841796, -37.6312012], [176.1842039, -37.6311637], [176.1842406, -37.6310848], [176.1842372, -37.6310144], [176.1842556, -37.6309668], [176.184282, -37.6309109], [176.1842864, -37.6308222], [176.1842932, -37.6307636], [176.184333, -37.6306661], [176.1843499, -37.6306335], [176.1843601, -37.6305777], [176.1843706, -37.6305631], [176.1843729, -37.6305594], [176.1843923, -37.6304998], [176.1844015, -37.6304798], [176.1844292, -37.630445], [176.1844453, -37.6304056], [176.1844775, -37.63038], [176.1845477, -37.6303296], [176.1845486, -37.6303254], [176.1845545, -37.6302984], [176.1845775, -37.6302709], [176.1845948, -37.6302224], [176.1846017, -37.6302005], [176.1846418, -37.6301499], [176.1846747, -37.6301099], [176.1846996, -37.6300787], [176.1847386, -37.6300457], [176.1847871, -37.6300356], [176.1848295, -37.6300283], [176.1848526, -37.6299989], [176.1848526, -37.6299606], [176.184878, -37.6299266], [176.1849228, -37.6298773], [176.1849906, -37.6297948], [176.1849987, -37.6297746], [176.1850563, -37.6297288], [176.1851137, -37.6297115], [176.1851323, -37.6296803], [176.1851344, -37.6296511], [176.1851506, -37.6296053], [176.1851656, -37.629564], [176.1851816, -37.6295366], [176.185205, -37.6295105], [176.1852449, -37.629489], [176.1852768, -37.6294566], [176.1853115, -37.6294284], [176.1853413, -37.6294111], [176.1853913, -37.6293809], [176.1854405, -37.6292738], [176.1854865, -37.6291745], [176.1856418, -37.6290682], [176.1858617, -37.6289653], [176.1859288, -37.6289444], [176.1860017, -37.6289444], [176.1860817, -37.6289687], [176.1862757, -37.6291574], [176.1864224, -37.6293152], [176.1864415, -37.6294068], [176.1864498, -37.629518], [176.1864353, -37.6295861], [176.1863749, -37.6298022], [176.1862585, -37.6300492], [176.186179, -37.6301124], [176.1861532, -37.630133], [176.1861291, -37.6301521], [176.1860299, -37.6301727]]}, "geometry_name": "shape", "properties": {"fidn": "5333785", "valdco": 0.0, "verdat": null, "inform": null, "ninfom": null, "ntxtds": null, "scamin": 29999, "txtdsc": null, "sordat": null, "sorind": null, "hypcat": null}}, {"type": "Feature", "id": "layer-50672.145818", "geometry": {"type": "LineString", "coordinates": [[176.185762, -37.6307881], [176.1857125, -37.6308918], [176.1856915, -37.6309356], [176.1856604, -37.6309915], [176.185637, -37.6310252], [176.1856289, -37.6310379], [176.1855898, -37.6310745], [176.1855725, -37.6310947], [176.1855563, -37.6311185], [176.1855403, -37.6311441], [176.1855311, -37.6311624], [176.185539, -37.6311933], [176.1855652, -37.6312319], [176.185584, -37.6312596], [176.1855932, -37.6312732], [176.185644, -37.6313428], [176.1857153, -37.631458], [176.1857752, -37.6315551], [176.1858317, -37.6316384], [176.185933, -37.6317702], [176.1859872, -37.6318517], [176.1859883, -37.6318527], [176.1860506, -37.631925], [176.1860585, -37.6319396], [176.1860643, -37.6319514], [176.1860666, -37.6319625], [176.1860689, -37.6319762], [176.1860736, -37.63199], [176.1860967, -37.6320156], [176.1861692, -37.6320833], [176.1862439, -37.6321483], [176.1863234, -37.632216], [176.1863672, -37.6322535], [176.1864098, -37.6322938], [176.1864905, -37.6323753], [176.1865502, -37.6324338], [176.186586, -37.6324705], [176.1865956, -37.632478], [176.1866055, -37.6324832], [176.1866481, -37.6324795], [176.1866573, -37.6324805], [176.1866624, -37.6324822]]}, "geometry_name": "shape", "properties": {"fidn": "5333449", "valdco": 0.0, "verdat": null, "inform": null, "ninfom": null, "ntxtds": null, "scamin": 29999, "txtdsc": null, "sordat": null, "sorind": null, "hypcat": null}}, {"type": "Feature", "id": "layer-50672.147477", "geometry": {"type": "LineString", "coordinates": [[176.1808641, -37.6402852], [176.1808157, -37.6403045], [176.1807861, -37.6403117], [176.1807648, -37.6403128], [176.1807384, -37.6403116], [176.1806912, -37.6403094], [176.1806211, -37.6402876], [176.1805646, -37.6402331], [176.1805198, -37.6401711], [176.1804039, -37.6399482], [176.1803785, -37.639899], [176.1802644, -37.6396454], [176.1802411, -37.6396019], [176.1801836, -37.6394944], [176.1801275, -37.6394067], [176.180088, -37.6393479], [176.1800467, -37.6392364], [176.1800081, -37.639096], [176.1799844, -37.6390091], [176.1798791, -37.6388301], [176.179801, -37.6386932], [176.1797413, -37.638601], [176.1797203, -37.6385598], [176.1796939, -37.6385124], [176.1796211, -37.6384545], [176.1795465, -37.6384001], [176.1794912, -37.6383737], [176.1794482, -37.638343], [176.1793166, -37.6381815], [176.1792007, -37.6380595], [176.1790498, -37.6378779], [176.1789251, -37.6376945], [176.1788988, -37.6376409], [176.1788892, -37.6376005], [176.1788839, -37.6375453], [176.1788681, -37.63749], [176.17884, -37.6374373], [176.1787865, -37.6373724], [176.1786153, -37.6371767], [176.1784539, -37.6370371], [176.178338, -37.6369371], [176.1782239, -37.6368467], [176.1781362, -37.6367826], [176.1780686, -37.6367273], [176.1778948, -37.6365693], [176.1777052, -37.6364096], [176.1775174, -37.6362613], [176.1773305, -37.6361139], [176.1770997, -37.6359585], [176.1768934, -37.6358436], [176.1766161, -37.6357014], [176.1764213, -37.6356022], [176.1762142, -37.6355127], [176.1759693, -37.6354144], [176.1757209, -37.6353249], [176.1753901, -37.6352248], [176.1751601, -37.6351599], [176.1749644, -37.6351169], [176.1747292, -37.6350844], [176.1745563, -37.6350686], [176.1743238, -37.6350458], [176.1741886, -37.635037], [176.1740649, -37.6350379], [176.1740061, -37.635044], [176.1738823, -37.6350844], [176.1737884, -37.6351318], [176.1736761, -37.6351827], [176.1736006, -37.635231], [176.1734997, -37.6353065], [176.1734488, -37.6353407], [176.1733891, -37.6353661], [176.1732926, -37.6353986], [176.173196, -37.6354372], [176.1730802, -37.6354881], [176.1730196, -37.6355302], [176.1728748, -37.6356294], [176.1728564, -37.6356461], [176.1726677, -37.6357102], [176.1724255, -37.6357769], [176.1723096, -37.6358093], [176.172278, -37.6358242], [176.1722315, -37.6358646], [176.1721253, -37.6359199], [176.1720914, -37.6359311], [176.1719955, -37.6359629], [176.171963, -37.6359717], [176.1719156, -37.6359717], [176.1718673, -37.6359655], [176.1718138, -37.6359612], [176.1717743, -37.6359655], [176.1717181, -37.6359857], [176.1716541, -37.6360191], [176.171631, -37.6360322], [176.1716106, -37.636046], [176.1715928, -37.6360604], [176.1715776, -37.6360754], [176.1715643, -37.6360908], [176.1715498, -37.6361054], [176.1715336, -37.6361192], [176.1715159, -37.6361321], [176.1714966, -37.6361441], [176.1714782, -37.6361548], [176.1714618, -37.6361641], [176.1714473, -37.636172], [176.1714348, -37.6361783], [176.1714227, -37.6361837], [176.1714082, -37.6361889], [176.1713913, -37.636194], [176.1713719, -37.636199], [176.1713506, -37.6362037], [176.1713318, -37.6362076], [176.1713164, -37.6362105], [176.1713043, -37.6362125], [176.1712956, -37.6362135], [176.1712884, -37.6362138], [176.1712811, -37.6362135], [176.1712738, -37.6362125], [176.1712664, -37.636211], [176.1712588, -37.6362091], [176.17125, -37.6362072], [176.1712402, -37.6362054], [176.1712292, -37.6362037], [176.1712171, -37.6362021], [176.1712047, -37.6362009], [176.1711923, -37.6362004], [176.1711799, -37.6362005], [176.1711675, -37.6362011], [176.1711554, -37.6362023], [176.1711439, -37.636204], [176.1711331, -37.6362062], [176.171123, -37.6362089], [176.1711136, -37.6362123], [176.1711045, -37.6362175], [176.1710959, -37.6362249], [176.1710876, -37.6362344], [176.1710796, -37.636246], [176.1710717, -37.6362584], [176.1710634, -37.636271], [176.1710549, -37.6362837], [176.1710461, -37.6362965], [176.1710371, -37.6363088], [176.1710281, -37.636319], [176.1710192, -37.636327], [176.1710104, -37.6363329], [176.1710016, -37.6363366], [176.1709924, -37.6363393], [176.1709827, -37.6363412], [176.1709725, -37.6363424], [176.1709618, -37.6363428], [176.1709506, -37.6363426], [176.1709391, -37.6363419], [176.1709272, -37.6363405], [176.170915, -37.6363387], [176.1708901, -37.6363341], [176.1708661, -37.63633], [176.1708544, -37.6363282], [176.1708426, -37.6363271], [176.1708304, -37.636327], [176.1708178, -37.636328], [176.1708048, -37.6363301], [176.1707917, -37.6363329], [176.1707791, -37.636336], [176.1707668, -37.6363393], [176.1707549, -37.6363429], [176.1707427, -37.636347], [176.1707218, -37.6363553], [176.1706904, -37.6363687], [176.1706484, -37.6363871], [176.1705957, -37.6364105], [176.1704184, -37.636507], [176.1703596, -37.636522], [176.1702885, -37.636536], [176.1702437, -37.6365535], [176.170213, -37.6365781], [176.1701568, -37.6366422], [176.1700918, -37.6366938], [176.170035, -37.6367066], [176.1699836, -37.6367142], [176.1699234, -37.6367247], [176.1698567, -37.6367493], [176.1698198, -37.6367536], [176.1697093, -37.6367343], [176.169625, -37.6367256], [176.169525, -37.6367299], [176.1693828, -37.6367493], [176.169281, -37.6367651], [176.1692011, -37.6367861], [176.1691493, -37.6368098], [176.1690861, -37.6368432], [176.1690063, -37.6368906], [176.1689255, -37.6369379], [176.1687316, -37.637002], [176.1686895, -37.6370073], [176.1686096, -37.6370003], [176.1685411, -37.636988], [176.1684885, -37.6369634], [176.1683375, -37.6368596], [176.1681763, -37.6367121], [176.1681567, -37.6366949], [176.1680865, -37.6366334], [176.1680589, -37.6366124], [176.168044, -37.6366032], [176.1680301, -37.6365959], [176.1680094, -37.6365812], [176.1679723, -37.6365501], [176.1679471, -37.6365291], [176.167922, -37.6365094], [176.1678804, -37.6364768], [176.1678539, -37.6364614], [176.1677959, -37.636449], [176.1677377, -37.6364365], [176.1676682, -37.6364205], [176.167588, -37.6364058], [176.1674845, -37.6363491], [176.1674418, -37.636318], [176.1674047, -37.6362918], [176.1673786, -37.6362764], [176.1673024, -37.6362425], [176.1672783, -37.6362343], [176.1672657, -37.6362316], [176.1672437, -37.636226], [176.1672024, -37.636212], [176.1671678, -37.6361831], [176.1671251, -37.6361483], [176.1670658, -37.6361101], [176.1670649, -37.6361095], [176.1670057, -37.6360756], [176.1669274, -37.6360246], [176.1669104, -37.6359859], [176.1669094, -37.6359618], [176.1669085, -37.6359397], [176.166918, -37.6358979], [176.1669156, -37.6358434], [176.1669024, -37.6358253], [176.1668983, -37.6358197], [176.1668766, -37.6357941], [176.166819, -37.635741], [176.1667878, -37.6357125], [176.1667661, -37.6356823], [176.1667614, -37.6356741], [176.1667545, -37.6356576], [176.1667522, -37.6356485], [176.1667499, -37.6356402], [176.1667475, -37.635631], [176.1667464, -37.6356219], [176.1667464, -37.6356127], [176.1667452, -37.6356045], [176.1667452, -37.6355862], [176.1667509, -37.6355469], [176.1667533, -37.6355396], [176.1667544, -37.6355321], [176.166758, -37.6355258], [176.1667601, -37.6355184], [176.166774, -37.6354946], [176.1667774, -37.6354892], [176.1667821, -37.6354836], [176.1667855, -37.6354773], [176.1667981, -37.6354471], [176.1668039, -37.6354223], [176.1668062, -37.6353948], [176.1668039, -37.6353692], [176.1668039, -37.6353638], [176.1668028, -37.6353573], [176.1668004, -37.6353518], [176.1667994, -37.6353463], [176.1667902, -37.6353261], [176.1667787, -37.6353088], [176.1667544, -37.6352795], [176.1667095, -37.6352136], [176.1667014, -37.6351962], [176.1666852, -37.6351358], [176.1666761, -37.6351001], [176.1666658, -37.6350699], [176.1666543, -37.635046], [176.1666441, -37.6350307], [176.1666093, -37.6349783], [176.1666048, -37.63497], [176.166599, -37.6349619], [176.1665943, -37.6349527], [176.1665898, -37.6349427], [176.166569, -37.6348987], [176.1665322, -37.6348244], [176.1665126, -37.6347961], [176.1664815, -37.6347549], [176.1664527, -37.6347092], [176.166416, -37.6346451], [176.1663411, -37.6345243], [176.166311, -37.6344812], [176.1662869, -37.6344501], [176.1662466, -37.6344098], [176.1662293, -37.6343989], [176.1662144, -37.6343924], [176.1661887, -37.6343828], [176.1661696, -37.634386], [176.1661615, -37.6343897], [176.1661557, -37.6344006], [176.16615, -37.6344181], [176.1661494, -37.6344215], [176.1661408, -37.6344693], [176.1661338, -37.6344895], [176.1661246, -37.6345032], [176.1661131, -37.6345105], [176.1661015, -37.6345151], [176.16609, -37.634517], [176.1660693, -37.6345143], [176.1660409, -37.6345078], [176.1660164, -37.6344949], [176.1660004, -37.6344868], [176.1659818, -37.6344739], [176.1659439, -37.6344373], [176.165914, -37.6344016], [176.1659059, -37.6343897], [176.165876, -37.6343539], [176.165848, -37.6343248], [176.1658289, -37.6343002], [176.165801, -37.6342793], [176.1657932, -37.6342455], [176.1657908, -37.6342027], [176.1657929, -37.6341549], [176.1657943, -37.6341097], [176.1657949, -37.6340672], [176.1657949, -37.6340273], [176.1657942, -37.63399], [176.165792, -37.6339542], [176.1657872, -37.6339175], [176.1657795, -37.6338799], [176.1657691, -37.6338415], [176.1657559, -37.6338022], [176.1657408, -37.6337629], [176.1657132, -37.6336921], [176.1656895, -37.6336325], [176.1656784, -37.6336052], [176.1656622, -37.633569], [176.1656459, -37.6335343], [176.1656403, -37.6335224], [176.1656125, -37.6334651], [176.1655788, -37.6333974], [176.1655401, -37.6333203], [176.1655049, -37.6332483], [176.1654759, -37.633186], [176.1654532, -37.6331334], [176.1654367, -37.6330904], [176.1654264, -37.6330569], [176.1654191, -37.6330259], [176.1654133, -37.6329936], [176.1654089, -37.63296], [176.1654059, -37.6329251], [176.1654043, -37.6328888], [176.1654247, -37.6328393], [176.1654405, -37.6327977], [176.1654742, -37.632661], [176.165494, -37.6326036], [176.1654999, -37.6325382], [176.1655035, -37.6324102], [176.1655079, -37.6322267], [176.1655124, -37.6320535], [176.1655168, -37.6319321], [176.1655199, -37.6319028], [176.1655219, -37.6318778], [176.1655229, -37.631857], [176.1655228, -37.6318405], [176.1655216, -37.6318283], [176.1655193, -37.6318201], [176.1655162, -37.6318132], [176.1655122, -37.6318064], [176.1655073, -37.6317995], [176.1655016, -37.6317928], [176.1654951, -37.631786], [176.1654876, -37.6317793], [176.1654794, -37.6317724], [176.1654702, -37.6317652], [176.1654603, -37.6317577], [176.1654495, -37.6317499], [176.1654378, -37.6317419], [176.1654244, -37.6317333], [176.1654068, -37.6317236], [176.165385, -37.6317127], [176.165359, -37.6317006], [176.1653288, -37.6316874], [176.1652943, -37.6316729], [176.1652833, -37.63167], [176.1652733, -37.6316668], [176.1652642, -37.6316631], [176.1652561, -37.6316591], [176.1652489, -37.6316547], [176.1652426, -37.6316499], [176.1652368, -37.6316452], [176.1652314, -37.6316404], [176.1652265, -37.6316355], [176.1652221, -37.6316307], [176.1652181, -37.6316258], [176.1652131, -37.6316188], [176.1652086, -37.6316116], [176.1652045, -37.6316042], [176.1652008, -37.6315965], [176.1651976, -37.6315887], [176.1651948, -37.6315806], [176.1651925, -37.6315725], [176.1651909, -37.6315645], [176.1651898, -37.6315567], [176.1651894, -37.6315491], [176.1651896, -37.6315418], [176.1651904, -37.6315347], [176.1651919, -37.6315277], [176.1651943, -37.6315202], [176.1651978, -37.6315119], [176.1652023, -37.6315028], [176.1652079, -37.631493], [176.1652145, -37.6314823], [176.1652222, -37.6314709], [176.1652237, -37.6314698], [176.1652274, -37.6314678], [176.1652331, -37.631465], [176.1652409, -37.6314614], [176.1652508, -37.6314571], [176.1652621, -37.631453], [176.1652741, -37.6314499], [176.165287, -37.6314479], [176.1653007, -37.6314469], [176.1653152, -37.6314468], [176.1653296, -37.631448], [176.1653578, -37.6314496], [176.1653821, -37.6314507], [176.1654025, -37.6314514], [176.165419, -37.6314515], [176.1654316, -37.6314511], [176.1654404, -37.6314502], [176.1654483, -37.631449], [176.1654644, -37.6314461], [176.165481, -37.6314424], [176.1654894, -37.6314401], [176.1654975, -37.6314371], [176.1655052, -37.6314332], [176.1655126, -37.6314285], [176.1655195, -37.6314228], [176.1655261, -37.6314164], [176.1655323, -37.6314074], [176.1655385, -37.6313922], [176.1655447, -37.6313704], [176.1655507, -37.6313421], [176.1655568, -37.6313074], [176.1655627, -37.6312661], [176.1655879, -37.630936], [176.1655982, -37.6307924], [176.1656012, -37.630711], [176.1655805, -37.6305728], [176.1655893, -37.6304484], [176.1655613, -37.6302122], [176.1655662, -37.6300809], [176.1655684, -37.629952], [176.1655981, -37.6298348], [176.1656445, -37.629727], [176.1656459, -37.6297247], [176.1656993, -37.6296379], [176.1657626, -37.6295567], [176.1657812, -37.6295294], [176.1658108, -37.6294938], [176.165903, -37.6294003], [176.1659357, -37.6293307], [176.1659779, -37.6292337], [176.1660046, -37.6291792], [176.1659934, -37.62913], [176.1659473, -37.6290566], [176.1659206, -37.6290304], [176.1658742, -37.6290093], [176.1658155, -37.6289846], [176.1657765, -37.6289681], [176.1656901, -37.6289004], [176.1656728, -37.6288721], [176.1656568, -37.6288427], [176.1656459, -37.6288197], [176.1656429, -37.6288134], [176.1656325, -37.6287796], [176.1656267, -37.6287421], [176.1656291, -37.62872], [176.1656348, -37.6286971], [176.1656395, -37.6286844], [176.1656459, -37.6286739], [176.1656474, -37.6286715], [176.1656579, -37.6286578], [176.1656739, -37.6286432], [176.1656969, -37.6286257], [176.1657315, -37.6286038], [176.1657765, -37.62858], [176.165864, -37.6285342]]}, "geometry_name": "shape", "properties": {"fidn": "7977498", "valdco": 5, "verdat": null, "inform": null, "ninfom": null, "ntxtds": null, "scamin": 17999, "txtdsc": null, "sordat": null, "sorind": null, "hypcat": null}}, {"type": "Feature", "id": "layer-50672.139496", "geometry": {"type": "LineString", "coordinates": [[176.1660139, -37.6314179], [176.1659631, -37.6315087], [176.1659251, -37.6315691], [176.1658953, -37.6316176], [176.1658573, -37.6316835], [176.1658434, -37.6317072], [176.1658146, -37.6317649], [176.1658078, -37.6317797], [176.1658067, -37.6317843], [176.1658044, -37.6317897], [176.1658031, -37.6317961], [176.1658031, -37.6318026], [176.1657997, -37.6318355], [176.1657986, -37.6318767], [176.1657997, -37.6319536], [176.1658033, -37.6319957], [176.1658067, -37.6320131], [176.1658159, -37.6320415], [176.165847, -37.6321267], [176.1658953, -37.6322612], [176.1659044, -37.632285], [176.16596, -37.6326415], [176.1661339, -37.6333995], [176.1665361, -37.6343608], [176.1665402, -37.6343731], [176.1665483, -37.6344006], [176.1665574, -37.6344235], [176.1665666, -37.6344437], [176.1665771, -37.6344593], [176.1665862, -37.6344758], [176.1665931, -37.6344931], [176.1666001, -37.6345141], [176.1666046, -37.6345362], [176.1666588, -37.6346918], [176.1666611, -37.6346963], [176.1666692, -37.6347257], [176.1666771, -37.6347705], [176.1666852, -37.6348309], [176.1666933, -37.6348923], [176.1667014, -37.6349371], [176.1667095, -37.6349654], [176.1667175, -37.6349783], [176.1667394, -37.635014], [176.1667578, -37.6350379], [176.1668303, -37.6351229], [176.1668764, -37.6351797], [176.1669167, -37.635241], [176.1669523, -37.6353078], [176.1669835, -37.6353792], [176.1670112, -37.6354461], [176.1670377, -37.6355011], [176.1670699, -37.6355514], [176.1670756, -37.6355587], [176.1670825, -37.635565], [176.1670882, -37.6355715], [176.1671286, -37.6356127], [176.1671529, -37.6356448], [176.1671631, -37.6356621], [176.1671804, -37.6356831], [176.1672299, -37.6357381], [176.1672794, -37.6357893], [176.1673105, -37.635815], [176.1673208, -37.6358251], [176.1673346, -37.6358424], [176.1673669, -37.6358983], [176.1673831, -37.635934], [176.1673876, -37.6359462], [176.1673969, -37.6359715], [176.1674072, -37.6360109], [176.1674153, -37.6360521], [176.1674268, -37.636119], [176.1674326, -37.6361392], [176.1674417, -37.6361556], [176.1674464, -37.6361592], [176.1674522, -37.6361638], [176.167466, -37.6361721], [176.1675281, -37.6361931], [176.16758, -37.6362059], [176.1675845, -37.6362069], [176.1675891, -37.6362087], [176.1675949, -37.6362114], [176.1676017, -37.636215], [176.1676102, -37.6362203], [176.167634, -37.6362352], [176.1677331, -37.6363112], [176.1677895, -37.636356], [176.1678379, -37.6363899], [176.1678481, -37.6363972], [176.1678586, -37.6364037], [176.1678688, -37.6364091], [176.1678874, -37.6364183], [176.1678953, -37.636422], [176.1679034, -37.6364247], [176.1679087, -37.6364262], [176.1679104, -37.6364266], [176.1679552, -37.6364412], [176.1679794, -37.6364522], [176.1679864, -37.6364576], [176.1679956, -37.6364614], [176.1680197, -37.6364687], [176.168037, -37.636476], [176.1680459, -37.6364815], [176.1680634, -37.6364924], [176.1681406, -37.636552], [176.1681844, -37.6365903], [176.168227, -37.6366307], [176.1683017, -37.6367121], [176.1683318, -37.6367488], [176.1683559, -37.6367744], [176.1683975, -37.6368134], [176.168406, -37.6368214], [176.1684434, -37.6368494], [176.1684561, -37.6368604], [176.1684711, -37.6368687], [176.1684907, -37.6368818], [176.1685293, -37.6369036], [176.1685767, -37.6369224], [176.1686437, -37.6369327], [176.1686644, -37.6369337], [176.168668, -37.6369337], [176.1687424, -37.6369224], [176.1688296, -37.6368957], [176.1690985, -37.6367548], [176.1693728, -37.636667], [176.1696391, -37.6366085], [176.1697019, -37.6365951], [176.1699291, -37.6364913], [176.1699785, -37.6364463], [176.170012, -37.6364145], [176.1700694, -37.6363999], [176.1701384, -37.6363999], [176.1703046, -37.6364364], [176.1704141, -37.6364587], [176.1704587, -37.6364425], [176.1706169, -37.6363087], [176.1708845, -37.6361865], [176.1710481, -37.6361455], [176.171181, -37.6360959], [176.1713639, -37.6360126], [176.1715621, -37.6359564], [176.17167, -37.6359366], [176.1717591, -37.6359238], [176.171866, -37.6359032], [176.1719297, -37.635883], [176.172016, -37.6358385], [176.1720346, -37.6358307], [176.1722346, -37.6357518], [176.1723914, -37.6357159], [176.1725128, -37.6357013], [176.1726184, -37.6356874], [176.172695, -37.6356647], [176.172768, -37.6356315], [176.1728489, -37.6355747], [176.1732081, -37.6353692], [176.1734112, -37.6352655], [176.1734782, -37.6352427], [176.1736324, -37.6351025], [176.1737221, -37.635057], [176.173827, -37.634947], [176.1741156, -37.6348282], [176.1741596, -37.6348101], [176.1743044, -37.6347884], [176.1744867, -37.6347844], [176.1745202, -37.6347893], [176.1745468, -37.6348006], [176.1745679, -37.6348139], [176.1745941, -37.6348304], [176.1746619, -37.6348736], [176.1747001, -37.6348966], [176.1747382, -37.6349125], [176.1748803, -37.6349429], [176.1749823, -37.634964], [176.1752671, -37.6350364], [176.1753863, -37.6350743], [176.1757663, -37.6351963], [176.1760627, -37.6353114], [176.1763061, -37.6354124], [176.1766094, -37.6355504], [176.1770962, -37.6358142], [176.1772524, -37.635928], [176.1775025, -37.6361497], [176.1777577, -37.6362941], [176.177789, -37.6363103], [176.1778667, -37.6363504], [176.1779091, -37.6363694], [176.1779391, -37.6363864], [176.1780892, -37.6365174], [176.1781133, -37.636548], [176.1781478, -37.6365956], [176.1781834, -37.6366723], [176.1782012, -37.6366995], [176.1782302, -37.6367259], [176.1783181, -37.6367889], [176.1785348, -37.6369033], [176.1785421, -37.6369072], [176.1785767, -37.6369311], [176.1786145, -37.6369642], [176.1786219, -37.6369726], [176.1787678, -37.6371386], [176.1788816, -37.6372848], [176.1790333, -37.6375413], [176.1791688, -37.6377611], [176.1793235, -37.6379364], [176.1794862, -37.6381077], [176.1795795, -37.6381966], [176.1798775, -37.6384993], [176.1800445, -37.6387545], [176.1801184, -37.6388745], [176.1802381, -37.639041], [176.1802647, -37.639078], [176.180292, -37.6391334], [176.180407, -37.6393666], [176.1804518, -37.6394536], [176.1804597, -37.6394707], [176.1805245, -37.6396102], [176.1805678, -37.6397549], [176.1805927, -37.6398648], [176.1806386, -37.6399709], [176.1806913, -37.6400636], [176.1807088, -37.6400834], [176.1807394, -37.640101], [176.180742, -37.6401025], [176.1807756, -37.6401171], [176.1808101, -37.6401364], [176.1808258, -37.6401476], [176.1808433, -37.640171], [176.1808775, -37.6402415], [176.1808901, -37.6402559], [176.1809117, -37.6402712]]}, "geometry_name": "shape", "properties": {"fidn": "235685", "valdco": 2, "verdat": null, "inform": null, "ninfom": null, "ntxtds": null, "scamin": 17999, "txtdsc": null, "sordat": null, "sorind": null, "hypcat": null}}, {"type": "Feature", "id": "layer-50672.146466", "geometry": {"type": "LineString", "coordinates": [[176.1810796, -37.6412759], [176.1810687, -37.6412581], [176.1810491, -37.6412487], [176.1809109, -37.6412202], [176.180829, -37.6411975], [176.1806849, -37.6411485], [176.1805437, -37.6411039], [176.1804662, -37.6410754], [176.1803997, -37.6410447], [176.1803221, -37.6409957], [176.1802344, -37.6409415], [176.1801329, -37.6408844], [176.1799691, -37.6407995], [176.179778, -37.6407282], [176.1796067, -37.6406751], [176.179499, -37.6406478], [176.1794201, -37.6406357], [176.179317, -37.6406418], [176.1791108, -37.6406463], [176.17895, -37.6406478], [176.1787375, -37.6406426], [176.1781356, -37.6406439], [176.1779638, -37.6406445], [176.1778358, -37.6406354], [176.1777613, -37.6406347], [176.1777405, -37.6406332], [176.1776186, -37.6406234], [176.1775005, -37.6406055], [176.177331, -37.640572], [176.1770327, -37.6405243], [176.1767009, -37.6404837], [176.1763548, -37.6404241], [176.1761952, -37.6403857], [176.1759058, -37.640323], [176.1754628, -37.6402209], [176.1753512, -37.6401787], [176.1752375, -37.6401317], [176.1750631, -37.6400543], [176.1749721, -37.6399922], [176.1748295, -37.6399103], [176.1746763, -37.6398496], [176.1741562, -37.6396358], [176.1739924, -37.6395691], [176.1738741, -37.6394963], [176.1735405, -37.639331], [176.1733797, -37.6392521], [176.1731538, -37.6391611], [176.1729778, -37.6390974], [176.1728944, -37.6390504], [176.1727413, -37.6389715], [176.1726108, -37.6389154], [176.1724531, -37.6388669], [176.1722332, -37.6387683], [176.1719451, -37.6386394], [176.1715993, -37.6384908], [176.171431, -37.6384089], [176.1713172, -37.6383467], [176.171205, -37.6382664], [176.1710549, -37.6381693], [176.170929, -37.6381102], [176.1707637, -37.6380647], [176.1706075, -37.6380161], [176.1703304, -37.6379064], [176.170123, -37.6378231], [176.1698191, -37.6376794], [176.1698088, -37.6375993], [176.169856, -37.6375454], [176.1701723, -37.637485], [176.1710995, -37.6372974], [176.17156, -37.6371904], [176.1717566, -37.6371335], [176.1720006, -37.6370552], [176.1722306, -37.6369856], [176.1723708, -37.6369281], [176.1725224, -37.6368603], [176.172951, -37.6366902], [176.1730074, -37.6366627], [176.1731272, -37.6366013], [176.1732941, -37.6365145], [176.173536, -37.6363689], [176.1736766, -37.6362835], [176.1737065, -37.6362582], [176.1737249, -37.6362466], [176.1740009, -37.6361157], [176.17406, -37.6360878], [176.1741026, -37.6360678], [176.1741294, -37.6360555], [176.1741557, -37.6360441], [176.1741878, -37.6360311], [176.1742256, -37.6360164], [176.1742693, -37.6360001], [176.1743187, -37.6359821], [176.1743726, -37.6359627], [176.1744232, -37.6359441], [176.1744693, -37.6359264], [176.1745109, -37.6359097], [176.174548, -37.635894], [176.1745805, -37.6358794], [176.1746104, -37.6358652], [176.1746424, -37.6358503], [176.1746767, -37.6358346], [176.1747133, -37.6358182], [176.1747523, -37.635801], [176.1747935, -37.6357831], [176.1748194, -37.635787], [176.1748442, -37.635795], [176.174868, -37.6358069], [176.1748906, -37.6358229], [176.1749336, -37.6358614], [176.1749547, -37.6358794], [176.1749755, -37.6358964], [176.174996, -37.6359122], [176.1750226, -37.6359283], [176.1750635, -37.6359465], [176.1751189, -37.6359667], [176.1751888, -37.6359889], [176.1752712, -37.6360128], [176.1753476, -37.6360339], [176.1754132, -37.6360512], [176.1754681, -37.6360647], [176.1755123, -37.6360744], [176.175548, -37.636081], [176.1755794, -37.6360861], [176.1756066, -37.6360897], [176.1756296, -37.6360919], [176.1756702, -37.6360933], [176.1756958, -37.6360945], [176.1757257, -37.6360961], [176.1757599, -37.6360982], [176.1757955, -37.6360999], [176.1758259, -37.6360994], [176.1758509, -37.6360966], [176.1758705, -37.6360914], [176.1758848, -37.636084], [176.1758951, -37.6360751], [176.1759022, -37.636065], [176.1759059, -37.6360537], [176.1759063, -37.6360413], [176.1759009, -37.6360276], [176.1758823, -37.636012], [176.1758501, -37.6359945], [176.1758042, -37.635975], [176.1757449, -37.6359536], [176.1756834, -37.6359322], [176.1756263, -37.6359116], [176.1755736, -37.6358921], [176.1755253, -37.6358735], [176.1754808, -37.6358554], [176.1754381, -37.6358363], [176.1753969, -37.635816], [176.1753574, -37.6357946], [176.1753194, -37.6357719], [176.1752408, -37.6357235], [176.1751548, -37.6356711], [176.1751089, -37.635643], [176.1750608, -37.6356115], [176.1750243, -37.635586], [176.1749956, -37.6355655], [176.1749628, -37.6355414], [176.1749302, -37.6355166], [176.1749185, -37.6355079], [176.1749053, -37.6354987], [176.1748907, -37.6354891], [176.1748747, -37.6354789], [176.1748572, -37.6354682], [176.1748391, -37.6354578], [176.1748212, -37.6354485], [176.1748036, -37.6354404], [176.1747862, -37.6354333], [176.1747689, -37.6354272], [176.1747515, -37.6354218], [176.1747332, -37.6354164], [176.1747141, -37.6354109], [176.1746942, -37.6354055], [176.1746735, -37.6354001], [176.1746467, -37.6353944], [176.1746086, -37.6353882], [176.174559, -37.6353814], [176.174498, -37.6353741], [176.1744257, -37.6353662], [176.1742525, -37.6353483], [176.1742048, -37.6353437], [176.1741572, -37.6353455], [176.1740926, -37.6353495], [176.1740155, -37.6353562], [176.1739898, -37.6353574], [176.1739286, -37.6353628], [176.1738587, -37.6353692], [176.1738076, -37.6353824], [176.1734025, -37.6355455], [176.1729939, -37.6357298], [176.1728354, -37.6357885], [176.1721567, -37.6360412], [176.1721257, -37.6360528], [176.1718658, -37.6362012], [176.1718229, -37.6362305], [176.1717856, -37.6362557], [176.1717539, -37.6362767], [176.1717279, -37.6362936], [176.1717073, -37.6363064], [176.1716883, -37.6363171], [176.1716681, -37.6363269], [176.1716469, -37.636336], [176.1716245, -37.6363441], [176.1716011, -37.6363515], [176.1715773, -37.6363579], [176.1715536, -37.6363633], [176.1715298, -37.6363677], [176.1715061, -37.6363711], [176.1714822, -37.6363736], [176.1714561, -37.6363767], [176.1714274, -37.6363808], [176.171396, -37.636386], [176.1713619, -37.6363921], [176.1713256, -37.6363993], [176.1712898, -37.6364074], [176.1712549, -37.6364164], [176.1712209, -37.6364263], [176.1711879, -37.6364372], [176.1711558, -37.6364488], [176.1711252, -37.6364603], [176.1710961, -37.6364718], [176.1710685, -37.6364831], [176.1710423, -37.6364944], [176.1710152, -37.6365058], [176.1709818, -37.6365181], [176.1709416, -37.6365311], [176.1708947, -37.636545], [176.1708411, -37.6365597], [176.1707786, -37.6365767], [176.1707038, -37.6365982], [176.1706165, -37.6366243], [176.1705169, -37.6366551], [176.1704048, -37.6366904], [176.1701865, -37.6367756], [176.170026, -37.6368233], [176.1699136, -37.6368465], [176.1697743, -37.6368637], [176.1697005, -37.6368649], [176.169609, -37.6368527], [176.1695228, -37.6368645], [176.1695063, -37.6368675], [176.169485, -37.6368723], [176.1694588, -37.6368786], [176.1694277, -37.6368866], [176.1693606, -37.6369041], [176.169266, -37.6369282], [176.1692363, -37.6369362], [176.1692078, -37.6369449], [176.1691803, -37.6369542], [176.1691539, -37.636964], [176.1691287, -37.6369741], [176.1691049, -37.6369834], [176.1690824, -37.6369917], [176.1690613, -37.636999], [176.1690203, -37.6370123], [176.1689954, -37.6370208], [176.168967, -37.6370308], [176.1689, -37.6370551], [176.1688649, -37.6370667], [176.1688303, -37.6370766], [176.168796, -37.6370849], [176.1687622, -37.6370917], [176.168729, -37.6370967], [176.1686965, -37.6370999], [176.1686647, -37.6371013], [176.1686335, -37.6371008], [176.1686032, -37.6370986], [176.1685747, -37.637095], [176.1685483, -37.6370903], [176.168524, -37.6370844], [176.1685018, -37.6370773], [176.1684813, -37.6370691], [176.1684613, -37.6370598], [176.1684418, -37.6370495], [176.1684228, -37.6370382], [176.1684043, -37.6370259], [176.1683865, -37.6370133], [176.1683696, -37.6370009], [176.1683536, -37.6369886], [176.1683386, -37.6369765], [176.1683242, -37.6369644], [176.1683098, -37.6369518], [176.1682953, -37.6369386], [176.1682805, -37.6369249], [176.1682657, -37.6369105], [176.1682185, -37.6368557], [176.1681662, -37.6368047], [176.1681343, -37.6367715], [176.1680999, -37.6367536], [176.1680578, -37.636737], [176.1679864, -37.6367128], [176.1678996, -37.6366745], [176.1678626, -37.6366567], [176.1678358, -37.6366388], [176.1677746, -37.6365865], [176.1677185, -37.6365368], [176.1676624, -37.6365125], [176.167625, -37.6365026], [176.1675812, -37.6365018], [176.1675746, -37.6365017], [176.167532, -37.6365006], [176.1674959, -37.6364985], [176.1674597, -37.6364953], [176.1674088, -37.6364918]]}, "geometry_name": "shape", "properties": {"fidn": "7828249", "valdco": 10, "verdat": null, "inform": null, "ninfom": null, "ntxtds": null, "scamin": 17999, "txtdsc": null, "sordat": null, "sorind": null, "hypcat": null}}, {"type": "Feature", "id": "layer-50672.139495", "geometry": {"type": "LineString", "coordinates": [[176.1735449, -37.6348731], [176.1736821, -37.6348641], [176.173696, -37.6348614], [176.173699, -37.6348603], [176.1737133, -37.6348549], [176.1737293, -37.6348439], [176.1737386, -37.6348312], [176.1737408, -37.6348229], [176.1737421, -37.6348045], [176.1737466, -37.6347781], [176.1737523, -37.6347542], [176.1737581, -37.6347377], [176.1737719, -37.6347194], [176.1738088, -37.634681], [176.1738432, -37.6346525], [176.1738605, -37.6346407], [176.1738869, -37.6346215], [176.1739354, -37.634594], [176.1740465, -37.6345535], [176.1741617, -37.6344986], [176.1742168, -37.6344665], [176.1742445, -37.6344509], [176.1742744, -37.6344299], [176.1742893, -37.634417], [176.1743066, -37.6343987], [176.1743574, -37.6343374], [176.1744414, -37.6342004], [176.1745257, -37.6340657], [176.1745718, -37.6340163], [176.1746145, -37.6339769], [176.1746535, -37.6339466], [176.1746823, -37.6339255], [176.1747043, -37.6339128], [176.1747135, -37.6339091], [176.1747307, -37.6339009], [176.1747491, -37.6338963], [176.1747871, -37.6338935], [176.1748758, -37.6338916], [176.1749654, -37.6338907], [176.175, -37.6338926], [176.1750301, -37.6338972], [176.1750623, -37.6339053], [176.1750968, -37.6339172], [176.1751325, -37.6339355], [176.1752095, -37.6339612], [176.1753216, -37.6339774], [176.1754667, -37.6340118], [176.1755838, -37.6340544], [176.1756296, -37.6340847], [176.175678, -37.6341252], [176.1757187, -37.6341475], [176.1757817, -37.6341717], [176.175844, -37.6341799], [176.1758854, -37.6341882], [176.1759165, -37.6341991], [176.1759383, -37.6342128], [176.1759532, -37.6342293], [176.175966, -37.6342495], [176.1759878, -37.6342998], [176.1760029, -37.6343382], [176.1760213, -37.6343767], [176.1760328, -37.6343942], [176.176065, -37.6344298], [176.1760904, -37.6344536], [176.1761559, -37.634514], [176.1761641, -37.634521], [176.1762239, -37.6345727], [176.1762493, -37.6345937], [176.1762711, -37.6346092], [176.1762896, -37.634622], [176.1763091, -37.6346331], [176.1763528, -37.6346541], [176.1764012, -37.6346741], [176.1764253, -37.6346833], [176.1764507, -37.6346906], [176.1764784, -37.6346979], [176.1765106, -37.6347043], [176.1765378, -37.634708], [176.1765866, -37.6347145], [176.1766269, -37.6347181], [176.1766683, -37.6347189], [176.1767477, -37.6347181], [176.1768202, -37.6347154], [176.176887, -37.6347171], [176.1769469, -37.6347217], [176.1769952, -37.6347262], [176.1770171, -37.634729], [176.1770378, -37.6347335], [176.1770769, -37.6347454], [176.1771138, -37.634761], [176.1771334, -37.6347702], [176.1771552, -37.6347839], [176.1772232, -37.6348333], [176.177329, -37.6349231], [176.1774316, -37.6350164], [176.1774684, -37.6350503], [176.1774927, -37.6350778], [176.177511, -37.6351007], [176.1775249, -37.6351235], [176.177571, -37.6352261], [176.1775929, -37.6352655], [176.1776262, -37.6353038], [176.1776804, -37.6353515], [176.177738, -37.6354054], [176.1777621, -37.6354329], [176.1777828, -37.6354604], [176.1778174, -37.6355125], [176.177876, -37.6356077], [176.1779394, -37.6357066], [176.177981, -37.6357651], [176.1780213, -37.635832], [176.1780926, -37.6359776], [176.1781145, -37.6360105], [176.1781386, -37.6360417], [176.1781674, -37.6360746], [176.1782033, -37.6361102], [176.1782952, -37.6361973], [176.1784196, -37.6363089], [176.178711, -37.6365624], [176.1787605, -37.6366064], [176.1787985, -37.636643], [176.1788676, -37.6367181], [176.1789563, -37.6368206], [176.1790483, -37.636935], [176.1791268, -37.6370403], [176.1792085, -37.637162], [176.1793075, -37.6373205], [176.179402, -37.637476], [176.1794711, -37.6375885], [176.1795044, -37.6376381], [176.1795436, -37.6376912], [176.1796484, -37.6378156], [176.1797036, -37.6378805], [176.1797567, -37.6379382], [176.1798384, -37.6380288], [176.1799018, -37.6381067], [176.179934, -37.6381488], [176.1799675, -37.6381991], [176.1800492, -37.6383273], [176.1802762, -37.6386981], [176.1805237, -37.6390934], [176.1806997, -37.639377], [176.1807703, -37.6394908], [176.1808082, -37.6395557], [176.1808347, -37.6396061], [176.1808554, -37.6396491], [176.1808716, -37.6396903], [176.1809038, -37.6397865], [176.1809211, -37.6398368], [176.1809407, -37.6398854], [176.1809627, -37.639932], [176.1809983, -37.6399897], [176.1810593, -37.640073], [176.1811193, -37.6401669], [176.1811398, -37.6402157], [176.1811504, -37.6402688], [176.1811617, -37.6403654], [176.1811773, -37.6403989], [176.1811839, -37.6404133]]}, "geometry_name": "shape", "properties": {"fidn": "235600", "valdco": 0.0, "verdat": null, "inform": null, "ninfom": null, "ntxtds": null, "scamin": 29999, "txtdsc": null, "sordat": null, "sorind": null, "hypcat": null}}, {"type": "Feature", "id": "layer-50672.137756", "geometry": {"type": "LineString", "coordinates": [[176.1813369, -37.6413005], [176.1813553, -37.6412718], [176.1813761, -37.6412565], [176.1814096, -37.6412275], [176.1814409, -37.6412233], [176.1815208, -37.64123]]}, "geometry_name": "shape", "properties": {"fidn": "5252604", "valdco": 5, "verdat": null, "inform": null, "ninfom": null, "ntxtds": null, "scamin": 17999, "txtdsc": null, "sordat": null, "sorind": null, "hypcat": null}}, {"type": "Feature", "id": "layer-50672.137766", "geometry": {"type": "LineString", "coordinates": [[176.1815256, -37.6413258], [176.1815086, -37.6412953], [176.1815208, -37.64123], [176.18154, -37.6411971], [176.1815468, -37.6411561], [176.1815379, -37.6411312], [176.1815202, -37.6410954], [176.1815137, -37.6410415]]}, "geometry_name": "shape", "properties": {"fidn": "5259364", "valdco": 0.0, "verdat": null, "inform": null, "ninfom": null, "ntxtds": null, "scamin": 29999, "txtdsc": null, "sordat": null, "sorind": null, "hypcat": null}}, {"type": "Feature", "id": "layer-50672.139490", "geometry": {"type": "LineString", "coordinates": [[176.1812046, -37.6410325], [176.1811888, -37.6409996], [176.1811597, -37.6409381], [176.1811454, -37.6408996], [176.1811461, -37.6408714], [176.1811502, -37.6408505], [176.1811669, -37.640809], [176.1811882, -37.6407695], [176.1811935, -37.6407533], [176.1811927, -37.6407293], [176.1811819, -37.6407074], [176.181166, -37.6406905], [176.1811224, -37.6406689], [176.1809583, -37.6405987], [176.1809547, -37.6405966], [176.1809495, -37.6405906], [176.1809471, -37.6405845], [176.180946, -37.6405737], [176.1809456, -37.6405564], [176.1809505, -37.6405406], [176.1809571, -37.6405313], [176.1809733, -37.6405218]]}, "geometry_name": "shape", "properties": {"fidn": "234236", "valdco": 5, "verdat": null, "inform": null, "ninfom": null, "ntxtds": null, "scamin": 17999, "txtdsc": null, "sordat": null, "sorind": null, "hypcat": null}}, {"type": "Feature", "id": "layer-50672.137755", "geometry": {"type": "LineString", "coordinates": [[176.1812962, -37.6410203], [176.1812508, -37.6409537], [176.181243, -37.6409349], [176.1812428, -37.6409173], [176.1812427, -37.640917], [176.1812668, -37.6408845], [176.1812982, -37.6408408], [176.1813252, -37.6407856], [176.1813467, -37.640739], [176.1813601, -37.6407099], [176.1813621, -37.6406827], [176.1813543, -37.6406589], [176.1813209, -37.6406246], [176.1812746, -37.6406033], [176.1812063, -37.6405791], [176.1811747, -37.6405654], [176.1811568, -37.6405493], [176.1811011, -37.640487]]}, "geometry_name": "shape", "properties": {"fidn": "5240368", "valdco": 2, "verdat": null, "inform": null, "ninfom": null, "ntxtds": null, "scamin": 17999, "txtdsc": null, "sordat": null, "sorind": null, "hypcat": null}}, {"type": "Feature", "id": "layer-50672.145357", "geometry": {"type": "LineString", "coordinates": [[176.18148, -37.6405548], [176.1814736, -37.6405695], [176.1814748, -37.6405755], [176.1814764, -37.6405913], [176.1814699, -37.6406914], [176.1814706, -37.6407249], [176.1814752, -37.6407756], [176.1814741, -37.6408019], [176.1814721, -37.6408326], [176.1814726, -37.6408666], [176.1814681, -37.6408825], [176.1814666, -37.640911], [176.1814684, -37.6409292], [176.1814657, -37.6409479], [176.1814666, -37.6409766], [176.181487, -37.6409948]]}, "geometry_name": "shape", "properties": {"fidn": "5261967", "valdco": 0.0, "verdat": null, "inform": null, "ninfom": null, "ntxtds": null, "scamin": 29999, "txtdsc": null, "sordat": null, "sorind": null, "hypcat": null}}, {"type": "Feature", "id": "layer-50672.138536", "geometry": {"type": "LineString", "coordinates": [[176.1975, -37.6414154], [176.1970197, -37.6410766], [176.1948333, -37.6395343], [176.1948095, -37.6395154], [176.1947314, -37.6394534], [176.1946728, -37.6394013], [176.1946324, -37.6393619], [176.1945898, -37.6393161], [176.1945091, -37.6392245], [176.194456, -37.639167], [176.1943882, -37.6391002], [176.1942672, -37.6389812], [176.1942028, -37.638918], [176.1941463, -37.6388594], [176.1939458, -37.6386823], [176.1936367, -37.6384333], [176.1930266, -37.6378543], [176.192392, -37.6372624], [176.1921968, -37.6370554], [176.1921006, -37.63694], [176.191965, -37.6367772]]}, "geometry_name": "shape", "properties": {"fidn": "8182987", "valdco": 2, "verdat": null, "inform": null, "ninfom": null, "ntxtds": null, "scamin": 17999, "txtdsc": null, "sordat": null, "sorind": null, "hypcat": null}}, {"type": "Feature", "id": "layer-50672.148214", "geometry": {"type": "LineString", "coordinates": [[176.1975, -37.643259], [176.196244, -37.6421368], [176.1948333, -37.6408762], [176.1947689, -37.640812], [176.1946895, -37.6407507], [176.1945547, -37.6406408], [176.194473, -37.6405731], [176.1943923, -37.6405027], [176.1942748, -37.6403938], [176.1942253, -37.6403461], [176.1941735, -37.6403013], [176.1941216, -37.6402601], [176.1940687, -37.6402226], [176.1939593, -37.6401494], [176.1938441, -37.640079], [176.1937877, -37.6400442], [176.1937359, -37.6400095], [176.1936841, -37.6399718], [176.1936322, -37.6399297], [176.1935205, -37.6398374], [176.1934296, -37.6397541], [176.1933419, -37.6396662], [176.1932521, -37.6395756], [176.1932037, -37.6395298], [176.1931518, -37.639484], [176.193046, -37.6394036], [176.1929573, -37.6393349], [176.1929112, -37.6392974], [176.1928583, -37.6392572], [176.1927994, -37.6392178], [176.1927363, -37.6391793], [176.1926706, -37.6391428], [176.1926038, -37.639108], [176.1924609, -37.6390385], [176.1922928, -37.6389487], [176.192111, -37.6388554], [176.192028, -37.6388125], [176.1919555, -37.6387722], [176.1918944, -37.6387365], [176.191845, -37.6387027], [176.1917803, -37.6386514], [176.1917609, -37.6386331], [176.1916837, -37.638558], [176.1915915, -37.6384647], [176.1914983, -37.6383713], [176.1914164, -37.6382872], [176.1913313, -37.6382047], [176.1912782, -37.6381599], [176.1912206, -37.6381141], [176.1911056, -37.6380291], [176.1910514, -37.6379869], [176.1909985, -37.6379431], [176.1909443, -37.6378954], [176.1909178, -37.6378707], [176.1908925, -37.6378442], [176.1907956, -37.637739], [176.190745, -37.6376923], [176.1906955, -37.6376501], [176.1906505, -37.6376099], [176.1906091, -37.6375697], [176.1905688, -37.6375303], [176.1905492, -37.637511], [176.1905309, -37.6374899], [176.1904974, -37.6374478], [176.1904652, -37.6374012], [176.1903926, -37.6372996], [176.1903188, -37.6372035], [176.1902359, -37.6371], [176.1901369, -37.6369711], [176.1900908, -37.6369051], [176.1900494, -37.636841], [176.1900112, -37.636776], [176.1899779, -37.6367139], [176.1899238, -37.6365966], [176.1898627, -37.6364731], [176.1897913, -37.6363486], [176.1897267, -37.6362488], [176.1896575, -37.6361435], [176.1895942, -37.6360483], [176.1895308, -37.6359549], [176.1894572, -37.6358598], [176.1893823, -37.6357756], [176.1893041, -37.6356904], [176.1892279, -37.6356127], [176.1891635, -37.6355358], [176.1891323, -37.6354982], [176.1891048, -37.6354607], [176.1890517, -37.6353903], [176.1890252, -37.6353582], [176.1890103, -37.6353426], [176.188992, -37.6353271], [176.1889009, -37.6352547], [176.1888503, -37.6352164], [176.1887995, -37.6351743], [176.1886937, -37.6350809], [176.1885958, -37.6350087], [176.1885531, -37.634972], [176.1885128, -37.6349327], [176.1884379, -37.6348594], [176.1883688, -37.6348081], [176.1882756, -37.634735], [176.1882272, -37.6347002], [176.1881789, -37.634669], [176.1880902, -37.6346123], [176.1880188, -37.6345648], [176.187982, -37.6345392], [176.1879601, -37.6345236], [176.1879347, -37.6345025], [176.1878001, -37.634389], [176.1877344, -37.634335], [176.187678, -37.6342855], [176.1876296, -37.6342389], [176.1875812, -37.6341868], [176.1875259, -37.6341253], [176.1874971, -37.6340934], [176.1874718, -37.6340614], [176.1874293, -37.6339991], [176.1873969, -37.6339423], [176.1873451, -37.6338371], [176.1873139, -37.6337821], [176.1872966, -37.6337548], [176.1872772, -37.6337281], [176.1871874, -37.6336284], [176.18714, -37.6335717], [176.1870929, -37.6335067], [176.1870261, -37.6334051], [176.1869939, -37.6333557], [176.1869143, -37.6332339], [176.1868787, -37.6331762], [176.1868463, -37.6331195], [176.1867934, -37.633016], [176.1867738, -37.6329748], [176.1867599, -37.63294], [176.1867507, -37.6329108], [176.1867473, -37.6328772]]}, "geometry_name": "shape", "properties": {"fidn": "8182980", "valdco": 0.0, "verdat": null, "inform": null, "ninfom": null, "ntxtds": null, "scamin": 29999, "txtdsc": null, "sordat": null, "sorind": null, "hypcat": null}}, {"type": "Feature", "id": "layer-50672.145860", "geometry": {"type": "LineString", "coordinates": [[176.1921587, -37.6333424], [176.1921446, -37.6333959], [176.1921348, -37.6334578], [176.1921299, -37.6334804], [176.1921374, -37.6334958], [176.1921535, -37.6335148], [176.192171, -37.6335344], [176.1921779, -37.6335552], [176.1921746, -37.633598], [176.1921422, -37.6336705], [176.1920898, -37.6337248], [176.1920601, -37.6337555], [176.192005, -37.6338084], [176.1919808, -37.6338193], [176.1919578, -37.6338285], [176.1919452, -37.6338341], [176.191868, -37.6338743], [176.1917991, -37.6339128], [176.1917404, -37.6339486], [176.1916551, -37.6340035], [176.1915699, -37.6340639], [176.1914573, -37.63415], [176.1913478, -37.6342397], [176.1912881, -37.6342928], [176.1912719, -37.6343093], [176.1912639, -37.6343222], [176.1912477, -37.6343432], [176.1912179, -37.6343761], [176.1911822, -37.6344229], [176.1911626, -37.6344504], [176.1911453, -37.6344788], [176.1911223, -37.6345227], [176.191111, -37.634551], [176.1911063, -37.6345675], [176.1910948, -37.6346097], [176.1910787, -37.634682], [176.1910719, -37.6347324], [176.1910685, -37.6348166], [176.1910661, -37.6349026], [176.1910672, -37.6349328], [176.1910685, -37.6349503], [176.1910719, -37.6349878], [176.1910766, -37.6350281], [176.19108, -37.6350427], [176.1910834, -37.6350509], [176.1910858, -37.6350583], [176.1910892, -37.6350646], [176.1910926, -37.6350692], [176.1910984, -37.6350748]]}, "geometry_name": "shape", "properties": {"fidn": "5338914", "valdco": 2, "verdat": null, "inform": null, "ninfom": null, "ntxtds": null, "scamin": 17999, "txtdsc": null, "sordat": null, "sorind": null, "hypcat": null}}, {"type": "Feature", "id": "layer-50672.148236", "geometry": {"type": "LineString", "coordinates": [[176.1975, -37.6389455], [176.1962762, -37.6381079], [176.1961792, -37.6380286], [176.1957539, -37.637681], [176.1950755, -37.6369512], [176.1942173, -37.6360469], [176.1938315, -37.635312], [176.1936805, -37.6348282], [176.1936829, -37.6347942], [176.1937394, -37.6339843], [176.1937444, -37.6338147], [176.1937505, -37.6336088], [176.1937397, -37.6335095], [176.1937284, -37.6334654], [176.1937289, -37.633398], [176.1937392, -37.6333651], [176.1937518, -37.6333213], [176.1937515, -37.6332486], [176.1937402, -37.6331849], [176.1937425, -37.633123], [176.1937415, -37.6330666], [176.1937405, -37.6329951], [176.1937335, -37.6329699], [176.1937117, -37.6329277], [176.1936871, -37.6328978], [176.1936763, -37.6328792], [176.1936694, -37.6328548], [176.1936709, -37.6328456], [176.1936735, -37.6328388], [176.1936867, -37.6328265], [176.1936961, -37.6328237], [176.1937146, -37.6328186], [176.1937392, -37.6328165], [176.1937707, -37.6328154], [176.1937985, -37.632822], [176.1938483, -37.6328576], [176.1939031, -37.6329249], [176.1939268, -37.6329445], [176.1939444, -37.6329562], [176.1939678, -37.6329605], [176.1939867, -37.6329607], [176.1940018, -37.6329578], [176.1940159, -37.6329525], [176.1940576, -37.6329236], [176.1940921, -37.6328903], [176.1941121, -37.6328541], [176.1941313, -37.6328172], [176.1941794, -37.6327784], [176.1942241, -37.6327675], [176.1942439, -37.6327656], [176.1942644, -37.632766], [176.1943387, -37.6327784], [176.1943803, -37.6327779], [176.1944146, -37.6327723], [176.1944252, -37.6327675], [176.1944342, -37.6327607], [176.1944943, -37.6327291], [176.1945338, -37.6326977], [176.1945856, -37.6326682], [176.194638, -37.6326471], [176.1947071, -37.632622], [176.1947842, -37.6325948], [176.1948739, -37.6325584], [176.1950753, -37.632495], [176.1952802, -37.6323982], [176.1958551, -37.6322996], [176.1962398, -37.6321836], [176.1965936, -37.631962], [176.1966426, -37.6316862], [176.1964259, -37.6313592], [176.1961739, -37.631025], [176.1960279, -37.6306675], [176.1960332, -37.6303597], [176.1960626, -37.6302458], [176.1964966, -37.6285647], [176.1964335, -37.6282051], [176.1963065, -37.6279254], [176.1960817, -37.6276247]]}, "geometry_name": "shape", "properties": {"fidn": "8197721", "valdco": 5, "verdat": null, "inform": null, "ninfom": null, "ntxtds": null, "scamin": 17999, "txtdsc": null, "sordat": null, "sorind": null, "hypcat": null}}, {"type": "Feature", "id": "layer-50672.148215", "geometry": {"type": "LineString", "coordinates": [[176.1960332, -37.6303597], [176.1961908, -37.6304165], [176.1963874, -37.6305631], [176.1966146, -37.6307267], [176.1968542, -37.6308781], [176.1969904, -37.6310257], [176.1970714, -37.6314039], [176.197112, -37.6317349], [176.1970969, -37.6319614], [176.1970154, -37.6320875], [176.1968869, -37.6321577], [176.1968173, -37.6322507], [176.1967992, -37.6323266], [176.1968466, -37.6323796], [176.1970095, -37.6324243], [176.1973205, -37.6324761], [176.1974461, -37.6325262], [176.1975, -37.6325805]]}, "geometry_name": "shape", "properties": {"fidn": "8183019", "valdco": 10, "verdat": null, "inform": null, "ninfom": null, "ntxtds": null, "scamin": 17999, "txtdsc": null, "sordat": null, "sorind": null, "hypcat": null}}, {"type": "Feature", "id": "layer-50672.136423", "geometry": {"type": "LineString", "coordinates": [[176.1921643, -37.6320953], [176.1922313, -37.6319668], [176.1922509, -37.6319466], [176.1922728, -37.6319245], [176.1923038, -37.6319054], [176.1923164, -37.6318981], [176.1923292, -37.6318935], [176.192343, -37.6318916], [176.1923567, -37.6318925], [176.1923936, -37.6319026], [176.1924224, -37.6319118], [176.1924374, -37.6319181], [176.19245, -37.6319273], [176.1924604, -37.6319374], [176.1924685, -37.6319493], [176.1924788, -37.6319749], [176.1924869, -37.6319968], [176.1924905, -37.632017], [176.1924926, -37.6320372], [176.1924969, -37.6321043], [176.1924924, -37.6321401], [176.1924831, -37.6321785], [176.1924669, -37.6322792], [176.1924635, -37.6322893], [176.1924588, -37.6322957], [176.1924484, -37.632303], [176.1924151, -37.6323159], [176.1923703, -37.6323213], [176.1923368, -37.6323213], [176.1922907, -37.6323195], [176.1922344, -37.6323149], [176.1922274, -37.632314], [176.1922124, -37.6323132], [176.1921998, -37.6323104], [176.1921802, -37.6323059], [176.1921687, -37.6323003], [176.1921606, -37.6322911], [176.1921353, -37.6322366], [176.1921332, -37.632207], [176.1921274, -37.6321915], [176.192124, -37.6321786], [176.1921251, -37.6321668], [176.1921308, -37.6321476], [176.1921389, -37.6321301], [176.1921505, -37.6321118], [176.1921643, -37.6320953]]}, "geometry_name": "shape", "properties": {"fidn": "234215", "valdco": 0.0, "verdat": null, "inform": null, "ninfom": null, "ntxtds": null, "scamin": 29999, "txtdsc": null, "sordat": null, "sorind": null, "hypcat": null}}, {"type": "Feature", "id": "layer-50672.145474", "geometry": {"type": "LineString", "coordinates": [[176.1924531, -37.6324803], [176.1924495, -37.6324694], [176.1924473, -37.6324582], [176.1924863, -37.6324169], [176.1925259, -37.6323707], [176.1925595, -37.6323466], [176.1925801, -37.6323354], [176.1926039, -37.6323285], [176.1926241, -37.6323348], [176.1926471, -37.6323513], [176.1926736, -37.6323777], [176.1926862, -37.6323915], [176.1927038, -37.6324065], [176.1927124, -37.6324202], [176.1927135, -37.632449], [176.1927189, -37.6325126], [176.1927326, -37.6325337], [176.1927362, -37.6325456], [176.192735, -37.6325566], [176.1927281, -37.6325703], [176.1927189, -37.6325803], [176.1927085, -37.6325914], [176.1927062, -37.6326005], [176.1927132, -37.6326151], [176.192727, -37.6326307], [176.1927305, -37.6326418], [176.1927315, -37.6326482], [176.1927305, -37.6326545], [176.1927281, -37.6326711], [176.1927177, -37.6327107], [176.1927142, -37.632719], [176.1927085, -37.6327254], [176.1926996, -37.6327443], [176.1926815, -37.6327779], [176.1926545, -37.632802], [176.1926453, -37.6328047], [176.1926372, -37.6328066], [176.1925832, -37.6328168], [176.1925486, -37.6328195], [176.1925209, -37.6328185], [176.1925025, -37.632813], [176.1924829, -37.6328039], [176.1924439, -37.6327874], [176.1924289, -37.6327793], [176.1923979, -37.6327145], [176.1923822, -37.6326829], [176.1923605, -37.6326232], [176.1923512, -37.6325891], [176.1923476, -37.6325626], [176.1923476, -37.6325424], [176.1923499, -37.6325058], [176.1923522, -37.6324939], [176.1923567, -37.6324839], [176.1923681, -37.6324776], [176.1923772, -37.632477], [176.1923884, -37.6324794], [176.1923993, -37.6324887], [176.1924063, -37.6324965]]}, "geometry_name": "shape", "properties": {"fidn": "5258623", "valdco": 0.0, "verdat": null, "inform": null, "ninfom": null, "ntxtds": null, "scamin": 29999, "txtdsc": null, "sordat": null, "sorind": null, "hypcat": null}}, {"type": "Feature", "id": "layer-50672.139486", "geometry": {"type": "LineString", "coordinates": [[176.1856915, -37.6309356], [176.1856893, -37.631034], [176.1857554, -37.6311437], [176.1859012, -37.6312581], [176.1859437, -37.6312824], [176.1862318, -37.631447], [176.1865373, -37.6315778], [176.1865902, -37.6315997], [176.1866305, -37.6316145], [176.1866708, -37.6316264], [176.1867203, -37.6316382], [176.1867871, -37.631652], [176.1869898, -37.6316876], [176.187243, -37.6317352], [176.1874041, -37.6317671], [176.1874617, -37.6317744], [176.1875434, -37.6317771], [176.1876712, -37.631779], [176.1878037, -37.631778], [176.1878946, -37.6317752], [176.187942, -37.6317567], [176.1879965, -37.6317355], [176.188084, -37.6316681], [176.1882027, -37.6315311], [176.1882818, -37.6314502], [176.1883693, -37.631421], [176.1884233, -37.6314133], [176.1884556, -37.6314114], [176.188489, -37.6314133], [176.1885202, -37.6314169], [176.1885524, -37.6314252], [176.1885891, -37.6314417], [176.1886364, -37.6314663], [176.1887493, -37.6315294], [176.1887907, -37.6315569], [176.1888297, -37.6315917], [176.1888995, -37.6317266], [176.1889343, -37.6317939], [176.1890331, -37.6320432], [176.1891264, -37.632174], [176.1891863, -37.6322327], [176.1892542, -37.632294], [176.1893222, -37.6323525], [176.1893762, -37.6323973], [176.1894005, -37.6324148], [176.1894259, -37.6324304], [176.1894327, -37.632435], [176.1894396, -37.6324386], [176.1894477, -37.6324423], [176.1894545, -37.632445], [176.1894927, -37.6324596], [176.1895456, -37.6324742], [176.1896205, -37.6324907], [176.1896964, -37.632498], [176.1897988, -37.6325071], [176.1898449, -37.6325126], [176.1898701, -37.6325172], [176.1898829, -37.6325217], [176.1898863, -37.6325245], [176.1898921, -37.6325255], [176.1899162, -37.6325282], [176.189945, -37.63253], [176.1899623, -37.6325309], [176.189975, -37.6325328], [176.1899842, -37.6325346], [176.1899876, -37.6325363], [176.18999, -37.6325373], [176.1899934, -37.6325382], [176.1899992, -37.6325392], [176.1900209, -37.6325401], [176.1901016, -37.6325446], [176.1901396, -37.6325446], [176.1902236, -37.6325455], [176.1902663, -37.6325464], [176.1903066, -37.6325455], [176.1903789, -37.6325445], [176.1904113, -37.6325436], [176.1904824, -37.6325303], [176.1905469, -37.6324983], [176.1905549, -37.6324374], [176.1903593, -37.6321504], [176.190315, -37.6320258], [176.1902816, -37.6319288], [176.1902769, -37.6319143], [176.1902591, -37.6318595], [176.1902476, -37.6318178], [176.1902454, -37.6317995], [176.1902457, -37.6317846], [176.1902474, -37.6317706], [176.1902506, -37.6317574], [176.1902553, -37.6317451], [176.1902631, -37.6317336], [176.1902749, -37.631723], [176.1902908, -37.6317134], [176.1903108, -37.6317046], [176.190335, -37.6316969], [176.190364, -37.6316909], [176.1903976, -37.6316865], [176.190436, -37.6316838], [176.190479, -37.6316828], [176.190524, -37.6316843], [176.1905698, -37.6316885], [176.1906165, -37.6316956], [176.1906641, -37.6317054], [176.1907104, -37.6317175], [176.1907512, -37.6317307], [176.1907864, -37.631745], [176.190816, -37.6317604], [176.1908406, -37.631777], [176.1908659, -37.6317945], [176.1908935, -37.631813], [176.1909233, -37.6318325], [176.1909555, -37.631853], [176.191062, -37.6319198], [176.1910807, -37.631931], [176.1911023, -37.631941], [176.1911275, -37.6319499], [176.1911564, -37.6319577], [176.191189, -37.6319644], [176.1912222, -37.6319682], [176.1912536, -37.6319678], [176.1912833, -37.6319633], [176.1913113, -37.6319546], [176.1913375, -37.631942], [176.1913619, -37.6319265], [176.1913846, -37.6319082], [176.1914056, -37.6318871], [176.1914248, -37.6318633], [176.1914425, -37.6318379], [176.1914588, -37.6318115], [176.1914737, -37.6317842], [176.1914871, -37.6317559], [176.1914993, -37.6317273], [176.1915105, -37.6317002], [176.1915205, -37.6316746], [176.1915296, -37.6316505], [176.1915376, -37.631628], [176.191545, -37.6316075], [176.1915522, -37.631589], [176.191559, -37.6315726], [176.1915654, -37.6315583], [176.1915741, -37.6315454], [176.1915892, -37.6315326], [176.1916108, -37.63152], [176.1916389, -37.6315075], [176.1916742, -37.631495], [176.1917231, -37.6314822], [176.191787, -37.6314687], [176.1918656, -37.6314547], [176.1919592, -37.6314402]]}, "geometry_name": "shape", "properties": {"fidn": "233962", "valdco": 2, "verdat": null, "inform": null, "ninfom": null, "ntxtds": null, "scamin": 17999, "txtdsc": null, "sordat": null, "sorind": null, "hypcat": null}}, {"type": "Feature", "id": "layer-50672.148213", "geometry": {"type": "LineString", "coordinates": [[176.1948333, -37.6324596], [176.1950855, -37.632397], [176.1952651, -37.6322941], [176.1954658, -37.632179], [176.1956825, -37.6317781], [176.1958461, -37.6312822], [176.1958771, -37.6310184], [176.1957886, -37.6305964], [176.1956471, -37.6302834], [176.195174, -37.6299528], [176.1948333, -37.6298362], [176.1948027, -37.6297876], [176.1947644, -37.6297819], [176.1947309, -37.6297766], [176.1947023, -37.6297717], [176.1946786, -37.6297672], [176.1946588, -37.629763], [176.1946399, -37.6297586], [176.1946217, -37.6297541], [176.1946041, -37.6297495], [176.1945871, -37.6297447], [176.1945703, -37.6297403], [176.1945535, -37.6297365], [176.1945367, -37.6297331], [176.1945038, -37.6297276], [176.1944891, -37.6297244], [176.1944758, -37.6297208], [176.194464, -37.6297167], [176.1944508, -37.6297118], [176.1944253, -37.6297047], [176.1943863, -37.6296953], [176.1943338, -37.6296835], [176.1942684, -37.6296695], [176.1942033, -37.6296574], [176.1941439, -37.6296486], [176.1940902, -37.6296431], [176.1940421, -37.6296411], [176.1939997, -37.6296414], [176.1939626, -37.6296426], [176.193931, -37.6296446], [176.1939048, -37.6296474], [176.1938834, -37.6296511], [176.1938638, -37.629656], [176.1938458, -37.6296621], [176.1938291, -37.6296695], [176.1938138, -37.6296783], [176.1937949, -37.6296933], [176.19377, -37.629717], [176.193739, -37.6297493], [176.1936637, -37.6298331], [176.1936321, -37.6298662], [176.1936072, -37.6298894], [176.1935892, -37.6299026], [176.1935768, -37.6299071], [176.1935632, -37.6299107], [176.1935472, -37.6299147], [176.1935287, -37.629919], [176.1935079, -37.6299237], [176.1934859, -37.6299279], [176.1934635, -37.629931], [176.1934523, -37.6299321], [176.1934406, -37.6299332], [176.1933946, -37.6299353], [176.193374, -37.6299378], [176.1933556, -37.6299419], [176.1933395, -37.6299476], [176.193325, -37.6299549], [176.1933068, -37.6299637], [176.1932839, -37.629974], [176.1932564, -37.6299858], [176.1932242, -37.6299991], [176.1931941, -37.6300119], [176.1931709, -37.6300228], [176.1931545, -37.6300318], [176.1931448, -37.6300389], [176.1931293, -37.6300581], [176.193104, -37.6300885], [176.193092, -37.6301024], [176.193085, -37.6301086], [176.1930759, -37.6301136], [176.1930647, -37.6301177], [176.1930513, -37.6301206], [176.1930365, -37.6301227], [176.1930227, -37.6301245], [176.1930098, -37.6301261], [176.1929872, -37.6301287], [176.1929759, -37.6301309], [176.1929637, -37.6301346], [176.1929507, -37.6301396], [176.1929369, -37.6301461], [176.1928454, -37.6302138], [176.1927724, -37.6302679], [176.1927134, -37.6303499], [176.1926581, -37.6304046], [176.1926043, -37.630452], [176.1925642, -37.6305014], [176.1925527, -37.6306059], [176.1925561, -37.6307047], [176.1925411, -37.6307935], [176.1925159, -37.6308521], [176.1924675, -37.6309244], [176.1924562, -37.6310243], [176.1924539, -37.6310745], [176.192423, -37.6312006], [176.1924195, -37.6312724], [176.1924943, -37.6313859], [176.1925588, -37.6314874], [176.1925958, -37.631541], [176.1926682, -37.6317127], [176.1927444, -37.6318069], [176.1928248, -37.6318865], [176.1928756, -37.6319908], [176.1929101, -37.6320358], [176.1930529, -37.6321464], [176.1932579, -37.6322956], [176.1933086, -37.6323341], [176.1933972, -37.6323908], [176.1935035, -37.6324434], [176.1937214, -37.6325567], [176.1937599, -37.632564], [176.1938526, -37.6325774], [176.1939513, -37.6325697], [176.1941012, -37.6325487], [176.1941984, -37.6325406], [176.1943629, -37.632511], [176.1944481, -37.6324961], [176.1945097, -37.6324859], [176.1946858, -37.6324349], [176.1946864, -37.6324347], [176.1947177, -37.6324281], [176.1947362, -37.6324326], [176.1947697, -37.6324408], [176.1948333, -37.6324596]]}, "geometry_name": "shape", "properties": {"fidn": "8182960", "valdco": 0.0, "verdat": null, "inform": null, "ninfom": null, "ntxtds": null, "scamin": 29999, "txtdsc": null, "sordat": null, "sorind": null, "hypcat": null}}, {"type": "Feature", "id": "layer-50672.148276", "geometry": {"type": "LineString", "coordinates": [[176.186179, -37.6301124], [176.186179, -37.630138], [176.1861904, -37.6301657], [176.1861978, -37.6301839], [176.1862368, -37.6302241], [176.1862743, -37.6302345], [176.1862982, -37.6302385], [176.1863296, -37.6302427], [176.1863692, -37.6302492], [176.1864192, -37.6302421], [176.1864722, -37.6302337], [176.1865058, -37.6302254], [176.1865574, -37.630226], [176.1866194, -37.6302308], [176.1866537, -37.6302272], [176.1866819, -37.6302104], [176.186726, -37.6301602], [176.1868604, -37.6299118], [176.1869196, -37.6297946], [176.1869774, -37.6296848], [176.1870283, -37.6296073], [176.1870674, -37.6295903], [176.1871284, -37.6295979], [176.1874078, -37.629797], [176.1875491, -37.6299121], [176.1877033, -37.6300213], [176.1879317, -37.6301789], [176.1881097, -37.6302831], [176.1883079, -37.6304013], [176.1883943, -37.6304381], [176.1884943, -37.6304664], [176.1886101, -37.6304754], [176.1887747, -37.6304754], [176.1889291, -37.6304781], [176.1891575, -37.6304647], [176.1894228, -37.6304621], [176.1896143, -37.630454], [176.1899132, -37.63043], [176.1902518, -37.6303955], [176.1910046, -37.6302671], [176.1913707, -37.6302137], [176.1917627, -37.6301825], [176.1921912, -37.6301898], [176.1922935, -37.6301998], [176.1924058, -37.6302003], [176.1925359, -37.6301643], [176.192625, -37.6300565], [176.1926586, -37.6300158], [176.1926918, -37.6299267]]}, "geometry_name": "shape", "properties": {"fidn": "8228547", "valdco": 5, "verdat": null, "inform": null, "ninfom": null, "ntxtds": null, "scamin": 17999, "txtdsc": null, "sordat": null, "sorind": null, "hypcat": null}}, {"type": "Feature", "id": "layer-50672.145891", "geometry": {"type": "LineString", "coordinates": [[176.1888457, -37.6299594], [176.1888396, -37.6299663], [176.188833, -37.6299723], [176.1888299, -37.6299748], [176.188826, -37.6299778], [176.188817, -37.6299842], [176.1888076, -37.6299903], [176.1887981, -37.629996], [176.1887901, -37.6300004], [176.1887776, -37.6300068], [176.1887716, -37.6300101], [176.1887695, -37.6300114], [176.1887662, -37.6300136], [176.1887605, -37.6300177], [176.1887577, -37.6300201], [176.1887536, -37.6300239], [176.1887433, -37.6300315], [176.1887361, -37.6300403], [176.1887315, -37.63005], [176.1887256, -37.6300631], [176.1887053, -37.6300897], [176.188693, -37.6301039], [176.1886917, -37.6301046], [176.1886864, -37.6301067], [176.1886733, -37.6301102], [176.1886564, -37.630115], [176.1886495, -37.6301166], [176.1886451, -37.6301174], [176.1886368, -37.6301185], [176.1886288, -37.6301193], [176.1886217, -37.6301198], [176.1885824, -37.630122], [176.1885477, -37.6301237], [176.1885387, -37.630124], [176.1885278, -37.6301242], [176.1885211, -37.630124], [176.1885155, -37.6301236], [176.1885104, -37.6301229], [176.1885045, -37.6301217], [176.1885001, -37.6301203], [176.1884985, -37.6301196], [176.1884957, -37.630118], [176.1884946, -37.6301172], [176.1884932, -37.630116], [176.1884903, -37.6301123], [176.1884891, -37.6301099], [176.1884867, -37.6301037], [176.1884851, -37.6300983], [176.1884842, -37.630094], [176.1884835, -37.6300894], [176.1884829, -37.6300833], [176.1884825, -37.6300692], [176.1884832, -37.6300465], [176.188484, -37.6300327], [176.1884849, -37.6300193], [176.1884857, -37.6300091], [176.188487, -37.6299974], [176.1884876, -37.6299931], [176.1884882, -37.629989], [176.18849, -37.6299798], [176.1884911, -37.6299749], [176.1884919, -37.6299719], [176.1884943, -37.629965], [176.1884971, -37.6299594], [176.1884986, -37.6299569], [176.1885014, -37.6299529], [176.1885153, -37.6299336], [176.1885193, -37.6299282], [176.1885255, -37.6299207], [176.188527, -37.6299187], [176.1885289, -37.6299153], [176.1885308, -37.629911], [176.1885318, -37.629908], [176.1885326, -37.6299045], [176.1885333, -37.6298972], [176.1885333, -37.6298921], [176.1885331, -37.629888], [176.1885319, -37.6298776], [176.1885285, -37.6298674], [176.1885227, -37.6298557], [176.1885146, -37.6298427], [176.1885039, -37.6298283], [176.1884892, -37.6298118], [176.1884701, -37.6297933], [176.1884469, -37.6297727], [176.1884198, -37.6297503], [176.1883452, -37.6296891], [176.1883237, -37.6296713], [176.1883046, -37.6296534], [176.1882881, -37.6296349], [176.1882741, -37.6296159], [176.1882627, -37.6295962], [176.1882539, -37.6295775], [176.1882477, -37.6295603], [176.188244, -37.6295448], [176.188243, -37.6295308], [176.1882434, -37.6295178], [176.1882448, -37.6295053], [176.188247, -37.6294933], [176.18825, -37.6294819], [176.1882542, -37.6294711], [176.1882595, -37.6294611], [176.1882661, -37.6294519], [176.1882739, -37.6294434], [176.1882835, -37.6294358], [176.1882956, -37.6294297], [176.1883102, -37.6294249], [176.1883273, -37.6294215], [176.1883468, -37.6294197], [176.1883683, -37.6294197], [176.1883918, -37.6294216], [176.1884174, -37.6294255], [176.1884451, -37.6294319], [176.1884754, -37.6294428], [176.1885083, -37.6294584], [176.1885438, -37.6294786], [176.1886135, -37.6295229], [176.1886417, -37.6295404], [176.1886653, -37.6295544], [176.1887252, -37.6295883], [176.1887469, -37.6296007], [176.1887693, -37.6296137], [176.1887894, -37.6296264], [176.1888063, -37.6296388], [176.1888201, -37.6296507], [176.1888307, -37.6296623], [176.1888398, -37.6296748], [176.1888479, -37.6296885], [176.1888551, -37.6297036], [176.1888613, -37.62972], [176.1888669, -37.6297373], [176.188872, -37.6297551], [176.1888767, -37.6297735], [176.1888808, -37.6297925], [176.1888842, -37.6298115], [176.1888867, -37.6298301], [176.1888882, -37.6298482], [176.1888887, -37.6298659], [176.1888877, -37.6298828], [176.1888845, -37.6298983], [176.1888791, -37.6299125], [176.1888715, -37.6299253], [176.1888457, -37.6299594]]}, "geometry_name": "shape", "properties": {"fidn": "5347907", "valdco": 5, "verdat": null, "inform": null, "ninfom": null, "ntxtds": null, "scamin": 17999, "txtdsc": null, "sordat": null, "sorind": null, "hypcat": null}}, {"type": "Feature", "id": "layer-50672.145835", "geometry": {"type": "LineString", "coordinates": [[176.1932115, -37.6291399], [176.1932025, -37.6290937], [176.1931967, -37.6290564], [176.1931942, -37.6290282], [176.1931948, -37.6290089], [176.1931981, -37.6289971], [176.1932015, -37.6289875], [176.193205, -37.6289797], [176.1932084, -37.6289737], [176.1932119, -37.6289694], [176.1932157, -37.6289657], [176.1932198, -37.628962], [176.1932242, -37.6289585], [176.193229, -37.6289551], [176.193234, -37.6289519], [176.1932387, -37.628949], [176.1932433, -37.6289464], [176.1932477, -37.6289442], [176.1932604, -37.6289384], [176.1932689, -37.6289343], [176.1932732, -37.6289319], [176.1932774, -37.628929], [176.1932816, -37.6289257], [176.1932859, -37.628922], [176.1932902, -37.6289178], [176.1932946, -37.6289131], [176.1932991, -37.6289079], [176.1933176, -37.6288948], [176.1933499, -37.6288533], [176.1933574, -37.6288345], [176.1933581, -37.628831], [176.1933586, -37.6288275], [176.1933592, -37.6288205], [176.1933595, -37.6288113], [176.1933595, -37.6288086], [176.1933593, -37.6288059], [176.193359, -37.6288033], [176.1933581, -37.6287981], [176.1933571, -37.628795], [176.1933558, -37.6287914], [176.1933517, -37.6287823], [176.1933494, -37.6287748], [176.1933474, -37.6287632], [176.1933457, -37.6287476], [176.1933442, -37.6287278], [176.1933428, -37.6287049], [176.1933412, -37.6286815], [176.1933387, -37.6286667], [176.1933492, -37.6286327], [176.1933481, -37.628608], [176.1933485, -37.6285832], [176.1933504, -37.6285585], [176.1933537, -37.6285338], [176.1933677, -37.6285074], [176.1933729, -37.6284871], [176.1933788, -37.6284697], [176.1933854, -37.6284552], [176.1933925, -37.6284431], [176.1933993, -37.6284326], [176.1934057, -37.6284235], [176.1934117, -37.6284159], [176.1934173, -37.6284097], [176.1934284, -37.6283983], [176.19343, -37.6283968], [176.193479, -37.6283584], [176.1934894, -37.6283501], [176.1934987, -37.6283419], [176.1935068, -37.6283339], [176.1935137, -37.6283261], [176.1935195, -37.6283183], [176.1935247, -37.6283103], [176.1935297, -37.6283015], [176.1935347, -37.6282921], [176.1935396, -37.6282819], [176.1935444, -37.628271], [176.1935487, -37.6282585], [176.1935526, -37.6282444], [176.193556, -37.6282287], [176.1935589, -37.6282113], [176.1935611, -37.6281924], [176.1935627, -37.628172], [176.1935635, -37.62815], [176.1935636, -37.6281265], [176.1935629, -37.628102], [176.1935609, -37.6280796], [176.1935577, -37.6280598], [176.1935532, -37.6280426], [176.1935475, -37.628028], [176.19354, -37.6280139], [176.1935306, -37.6279983], [176.1935192, -37.627981], [176.1935058, -37.6279622], [176.1934728, -37.6279324], [176.1934388, -37.6279127], [176.1934197, -37.627902], [176.1934082, -37.6278918], [176.1933979, -37.627885], [176.1933879, -37.6278799], [176.1933772, -37.6278748], [176.1933658, -37.6278697], [176.1933536, -37.6278646], [176.1933407, -37.6278595], [176.1933266, -37.6278546], [176.1933111, -37.6278499], [176.1932944, -37.6278454], [176.1932764, -37.6278411], [176.1932588, -37.6278379], [176.1932436, -37.6278363], [176.1932306, -37.6278364], [176.19322, -37.6278383], [176.1932114, -37.6278421], [176.1932035, -37.6278489], [176.193196, -37.6278591], [176.1931889, -37.6278725], [176.1931823, -37.6278893], [176.1931758, -37.6279072], [176.1931691, -37.6279243], [176.1931624, -37.6279404], [176.1931555, -37.6279556], [176.1931479, -37.6279705], [176.1931366, -37.6279887], [176.193121, -37.628011], [176.1931011, -37.6280371], [176.193077, -37.6280673], [176.1930726, -37.6280731], [176.193068, -37.6280799], [176.1930632, -37.6280879], [176.1930582, -37.628097], [176.1930529, -37.6281071], [176.1930475, -37.6281184], [176.1930419, -37.6281307], [176.1930361, -37.6281442], [176.193031, -37.6281593], [176.1930268, -37.628176], [176.1930232, -37.6281943], [176.1930205, -37.6282142], [176.1930186, -37.6282357], [176.1930174, -37.6282589], [176.193017, -37.6282837], [176.1930171, -37.6282897], [176.1930174, -37.6282962], [176.1930179, -37.6283032], [176.1930186, -37.6283106], [176.1930196, -37.6283185], [176.1930208, -37.6283265], [176.1930227, -37.6283337], [176.1930252, -37.6283399], [176.1930285, -37.6283451], [176.1930324, -37.6283494], [176.1930371, -37.6283526], [176.1930435, -37.6283555], [176.1930523, -37.6283581], [176.1930634, -37.6283606], [176.1930768, -37.6283629], [176.1930925, -37.628365], [176.1931231, -37.6283688], [176.1931349, -37.6283705], [176.1931441, -37.6283721], [176.193151, -37.6283735], [176.1931555, -37.6283749], [176.1931592, -37.6283764], [176.1931622, -37.6283783], [176.1931648, -37.6283803], [176.1931667, -37.6283827], [176.1931681, -37.6283853], [176.1931704, -37.628392], [176.1931721, -37.628399], [176.1931731, -37.6284065], [176.1931736, -37.6284144], [176.1931733, -37.6284227], [176.1931726, -37.6284314], [176.1931716, -37.6284402], [176.1931704, -37.6284492], [176.1931671, -37.6284679], [176.1931649, -37.6284778], [176.1931621, -37.6284891], [176.1931587, -37.6285019], [176.1931547, -37.628516], [176.1931499, -37.6285317], [176.1931444, -37.6285484], [176.193137, -37.6285641], [176.1931274, -37.6285782], [176.1931158, -37.628591], [176.1931021, -37.6286023], [176.1930865, -37.6286122], [176.1930557, -37.62863], [176.1930269, -37.6286458], [176.1930133, -37.6286529], [176.1929994, -37.6286606], [176.1929847, -37.6286694], [176.1929693, -37.6286792], [176.1929532, -37.6286902], [176.1929363, -37.6287022], [176.1929248, -37.6287114], [176.1929148, -37.6287213], [176.1929062, -37.6287319], [176.1928992, -37.6287432], [176.1928936, -37.6287551], [176.1928894, -37.6287677], [176.1928866, -37.6287807], [176.1928845, -37.6287938], [176.1928832, -37.6288067], [176.1928827, -37.6288195], [176.1928829, -37.6288323], [176.1928838, -37.628845], [176.1928855, -37.6288574], [176.1928874, -37.6288686], [176.1928894, -37.6288781], [176.1928915, -37.628886], [176.1928936, -37.6288922], [176.1928959, -37.6288968], [176.1928982, -37.6288997], [176.1929185, -37.6289193], [176.1929339, -37.6289387], [176.1929446, -37.6289578], [176.1929503, -37.6289767], [176.1929513, -37.6289953], [176.1929475, -37.6290137], [176.1929421, -37.6290315], [176.1929362, -37.6290484], [176.1929299, -37.6290647], [176.1929232, -37.6290802], [176.1929161, -37.6290949], [176.1929087, -37.6291088], [176.1929017, -37.6291213], [176.1928952, -37.6291324], [176.1928892, -37.629142], [176.1928838, -37.6291502], [176.1928788, -37.6291569], [176.1928741, -37.6291626], [176.1928688, -37.6291687], [176.1928628, -37.6291751], [176.1928562, -37.6291819], [176.1928489, -37.6291891], [176.192841, -37.6291967], [176.1928293, -37.6292079], [176.1928194, -37.6292179], [176.1928112, -37.6292266], [176.1928048, -37.6292341], [176.1928002, -37.6292404], [176.1927974, -37.6292454], [176.1927961, -37.6292496], [176.1927955, -37.6292542], [176.1927957, -37.6292593], [176.1927966, -37.6292649], [176.1927983, -37.629271], [176.1928006, -37.6292777], [176.1928037, -37.6292848], [176.1928067, -37.6292914], [176.1928095, -37.6292972], [176.1928121, -37.6293023], [176.1928145, -37.6293066], [176.1928166, -37.6293101], [176.1928186, -37.6293129], [176.1928386, -37.629339], [176.1928528, -37.6293584], [176.1928611, -37.629371], [176.1928637, -37.6293768], [176.1928606, -37.6293801], [176.1928567, -37.6293849], [176.1928546, -37.6293877], [176.1928526, -37.6293907], [176.1928508, -37.6293938], [176.1928493, -37.6293971], [176.1928479, -37.6294005], [176.1928467, -37.6294048], [176.1928457, -37.6294101], [176.1928449, -37.6294164], [176.1928443, -37.6294237], [176.1928443, -37.6294322], [176.192845, -37.6294422], [176.1928463, -37.6294536], [176.1928483, -37.6294663], [176.1928504, -37.6294784], [176.1928525, -37.629489], [176.1928546, -37.629498], [176.1928566, -37.6295054], [176.1928587, -37.6295119], [176.1928614, -37.6295183], [176.1928645, -37.6295247], [176.1928681, -37.6295309], [176.192872, -37.6295369], [176.1928759, -37.6295425], [176.19288, -37.6295478], [176.1928841, -37.6295527], [176.1928881, -37.6295572], [176.1928918, -37.6295612], [176.192898, -37.6295673], [176.1929005, -37.6295696], [176.1929032, -37.6295717], [176.1929061, -37.6295737], [176.1929091, -37.6295756], [176.1929125, -37.6295773], [176.1929173, -37.6295793], [176.1929239, -37.6295815], [176.1929323, -37.629584], [176.1929424, -37.6295868], [176.192953, -37.6295894], [176.1929633, -37.6295916], [176.1929734, -37.6295934], [176.1929832, -37.6295949], [176.1929927, -37.6295962], [176.1930018, -37.6295973], [176.1930105, -37.6295982], [176.1930269, -37.6295996], [176.1930439, -37.6296007], [176.193062, -37.6296016], [176.1930715, -37.6296019], [176.1930815, -37.629602], [176.1931025, -37.6296017], [176.1931125, -37.6296014], [176.1931218, -37.629601], [176.1931304, -37.6296004], [176.1931383, -37.6295997], [176.1931456, -37.6295988], [176.1931525, -37.6295978], [176.1931589, -37.6295965], [176.1931649, -37.6295951], [176.1931718, -37.629594], [176.19318, -37.6295934], [176.1931898, -37.6295933], [176.1932011, -37.6295938], [176.1932131, -37.6295942], [176.1932253, -37.6295938], [176.1932376, -37.6295926], [176.19325, -37.6295906], [176.1932618, -37.6295882], [176.1932714, -37.6295861], [176.1932787, -37.6295843], [176.1932839, -37.6295827], [176.1932873, -37.6295814], [176.1932935, -37.6295785], [176.1932964, -37.6295768], [176.1932992, -37.629575], [176.1933023, -37.6295726], [176.1933056, -37.6295696], [176.1933091, -37.6295659], [176.1933129, -37.6295617], [176.1933163, -37.6295575], [176.1933193, -37.6295535], [176.1933219, -37.6295496], [176.193324, -37.629546], [176.1933269, -37.6295401], [176.1933278, -37.6295378], [176.1933282, -37.629536], [176.1933287, -37.6295328], [176.1933291, -37.6295269], [176.1933296, -37.6295229], [176.1933307, -37.6295188], [176.1933356, -37.6295059], [176.1933384, -37.6294992], [176.193343, -37.6294896], [176.1933495, -37.6294769], [176.193358, -37.629461], [176.1933771, -37.6294263], [176.1933882, -37.6294065], [176.1933904, -37.6294027], [176.1933933, -37.6293983], [176.1934011, -37.629388], [176.1934021, -37.6293864], [176.1934029, -37.6293849], [176.193404, -37.6293819], [176.1934042, -37.6293802], [176.1934043, -37.629378], [176.1934042, -37.6293752], [176.1934032, -37.6293678], [176.1934019, -37.6293627], [176.1933999, -37.6293564], [176.1933971, -37.629349], [176.1933937, -37.6293404], [176.1933732, -37.629291], [176.1933671, -37.6292771], [176.1933615, -37.6292648], [176.1933564, -37.6292543], [176.1933517, -37.6292454], [176.1933473, -37.6292377], [176.1933387, -37.6292236], [176.1933345, -37.6292171], [176.1933268, -37.6292058], [176.1933203, -37.6291968], [176.1933175, -37.6291932], [176.1933148, -37.62919], [176.193312, -37.6291873], [176.1933092, -37.6291851], [176.1933065, -37.6291833], [176.1933036, -37.6291816], [176.1932974, -37.6291786], [176.1932941, -37.6291773], [176.1932877, -37.629175], [176.1932845, -37.6291741], [176.1932814, -37.6291734], [176.1932739, -37.6291704], [176.1932598, -37.6291638], [176.193239, -37.6291536], [176.1932115, -37.6291399]]}, "geometry_name": "shape", "properties": {"fidn": "5333952", "valdco": 0.0, "verdat": null, "inform": null, "ninfom": null, "ntxtds": null, "scamin": 29999, "txtdsc": null, "sordat": null, "sorind": null, "hypcat": null}}, {"type": "Feature", "id": "layer-50672.148277", "geometry": {"type": "LineString", "coordinates": [[176.193307, -37.6273693], [176.1933069, -37.6273697], [176.193305, -37.6273955], [176.1932956, -37.6275204], [176.1932936, -37.6275337], [176.1932877, -37.6275722], [176.1932803, -37.6275888], [176.1932706, -37.6276609], [176.1932544, -37.6276983], [176.193215, -37.6277273], [176.1931896, -37.627746], [176.1931165, -37.627835], [176.1930513, -37.6280077], [176.1929807, -37.6281866], [176.1928699, -37.6285552], [176.1928407, -37.6286592], [176.1926233, -37.6288936], [176.1925803, -37.6289996], [176.1925453, -37.62925], [176.192529, -37.629391], [176.192543, -37.6294578], [176.1925575, -37.629555], [176.192591, -37.6296774], [176.192647, -37.6298198], [176.1926727, -37.6298812], [176.1926918, -37.6299267], [176.1928454, -37.6302138]]}, "geometry_name": "shape", "properties": {"fidn": "8228548", "valdco": 2, "verdat": null, "inform": null, "ninfom": null, "ntxtds": null, "scamin": 17999, "txtdsc": null, "sordat": null, "sorind": null, "hypcat": null}}, {"type": "Feature", "id": "layer-50672.146452", "geometry": {"type": "LineString", "coordinates": [[176.1652222, -37.6314709], [176.1652509, -37.6313719], [176.1652695, -37.6313326], [176.1652828, -37.6312936], [176.1653076, -37.6312018], [176.1653224, -37.6310957], [176.165301, -37.6309834], [176.165296, -37.6309193], [176.1652775, -37.6308626], [176.1652615, -37.6308268], [176.165243, -37.6307417], [176.1652381, -37.6306911], [176.1652356, -37.6306393], [176.1652516, -37.630585], [176.1652751, -37.630511], [176.1653084, -37.6304366], [176.1653059, -37.6303406], [176.1652837, -37.6302779], [176.1652743, -37.6301977], [176.1652459, -37.6300485], [176.1652347, -37.6300023], [176.1652259, -37.6299648], [176.1652194, -37.6299361], [176.1652153, -37.6299161], [176.1652136, -37.6299047], [176.165213, -37.629895], [176.165213, -37.6298842], [176.1652135, -37.6298722], [176.1652147, -37.629859], [176.1652164, -37.629844], [176.165218, -37.6298225], [176.1652192, -37.6297936], [176.1652202, -37.6297573], [176.1652216, -37.6296651], [176.1652233, -37.6296204], [176.1652261, -37.6295801], [176.16523, -37.6295442], [176.165235, -37.6295128], [176.1652408, -37.6294842], [176.1652468, -37.629456], [176.165253, -37.6294281], [176.1652594, -37.6294005], [176.165266, -37.6293733], [176.1652736, -37.6293466], [176.1652825, -37.6293205], [176.1652929, -37.629295], [176.1653047, -37.6292701], [176.1653178, -37.6292458], [176.1653314, -37.6292224], [176.1653452, -37.6291999], [176.1653592, -37.6291784], [176.1653734, -37.6291578], [176.1653888, -37.6291381], [176.1654096, -37.629119], [176.1654364, -37.6291004], [176.1654694, -37.6290823], [176.1655083, -37.6290646], [176.1655539, -37.6290476], [176.1656074, -37.629031], [176.1656459, -37.629021], [176.1656688, -37.629015], [176.1657382, -37.6289995], [176.1658155, -37.6289846]]}, "geometry_name": "shape", "properties": {"fidn": "7830653", "valdco": 10, "verdat": null, "inform": null, "ninfom": null, "ntxtds": null, "scamin": 17999, "txtdsc": null, "sordat": null, "sorind": null, "hypcat": null}}, {"type": "Feature", "id": "layer-50672.138077", "geometry": {"type": "LineString", "coordinates": [[176.1668062, -37.6360218], [176.1667986, -37.6359521], [176.166789, -37.6359202], [176.1667778, -37.6358869], [176.1667321, -37.635824], [176.1666445, -37.6357315], [176.1665715, -37.6356558], [176.1665542, -37.6356337], [176.1665322, -37.63561], [176.1664838, -37.6355625], [176.1664356, -37.6355231], [176.1664241, -37.6355139], [176.1664126, -37.6355011], [176.1663941, -37.6354733], [176.1663919, -37.63547], [176.1663522, -37.6354059], [176.1663078, -37.6353442], [176.1661808, -37.6352036], [176.1661228, -37.6350667], [176.1660648, -37.6349729], [176.1659649, -37.6348681], [176.1658818, -37.6347957], [176.1658786, -37.6347929], [176.1657542, -37.6346461], [176.1656458, -37.6344423], [176.1656253, -37.6343911], [176.1656182, -37.6343731], [176.165562, -37.6342326], [176.1655196, -37.6341058], [176.1654246, -37.6338493], [176.1652981, -37.6335054], [176.1652795, -37.6334248], [176.1652554, -37.6333186], [176.1652473, -37.6332938], [176.1652347, -37.633239], [176.1652268, -37.6331952], [176.1652232, -37.6331749], [176.1652185, -37.6331236], [176.165207, -37.633066], [176.1652047, -37.6330522], [176.1652025, -37.633032], [176.1652025, -37.6329781], [176.1652047, -37.6329579], [176.165207, -37.6329441], [176.1652171, -37.6329066], [176.1652219, -37.6328792], [176.1652392, -37.6327163], [176.1652542, -37.632523], [176.1652295, -37.6322456], [176.165227, -37.6319849], [176.1652344, -37.6318575], [176.1652221, -37.6317223], [176.1652181, -37.6316258]]}, "geometry_name": "shape", "properties": {"fidn": "7830651", "valdco": 10, "verdat": null, "inform": null, "ninfom": null, "ntxtds": null, "scamin": 17999, "txtdsc": null, "sordat": null, "sorind": null, "hypcat": null}}, {"type": "Feature", "id": "layer-50672.145453", "geometry": {"type": "LineString", "coordinates": [[176.1731009, -37.6379668], [176.1732095, -37.6379883], [176.1733074, -37.6380084], [176.1733944, -37.6380272], [176.1734705, -37.6380445], [176.1735389, -37.6380612], [176.1736044, -37.6380783], [176.1736671, -37.6380958], [176.173727, -37.6381138], [176.1737854, -37.6381326], [176.1738455, -37.6381534], [176.1739074, -37.6381761], [176.1739712, -37.6382007], [176.1740379, -37.6382275], [176.1741125, -37.6382573], [176.1741955, -37.6382901], [176.1743835, -37.6383638], [176.1744636, -37.6383966], [176.174523, -37.6384231], [176.1745615, -37.6384432], [176.1745803, -37.6384573], [176.1745924, -37.6384695], [176.174602, -37.6384812], [176.174609, -37.6384924], [176.1746135, -37.6385031], [176.1746152, -37.6385134], [176.1746141, -37.6385235], [176.1746103, -37.6385334], [176.1746036, -37.6385429], [176.1745945, -37.6385517], [176.1745833, -37.6385592], [176.1745698, -37.6385654], [176.1745542, -37.6385704], [176.1745349, -37.638574], [176.1745099, -37.6385764], [176.1744792, -37.6385776], [176.1744427, -37.6385774], [176.1743984, -37.6385753], [176.1743416, -37.6385695], [176.1742722, -37.63856], [176.1741902, -37.6385468], [176.1741018, -37.6385315], [176.1740284, -37.6385197], [176.1739716, -37.6385119], [176.1739316, -37.6385081], [176.1739064, -37.6385078], [176.1738864, -37.6385091], [176.1738699, -37.6385116], [176.1738569, -37.6385155], [176.1738474, -37.6385205], [176.1738402, -37.638526], [176.1738348, -37.6385317], [176.1738314, -37.6385377], [176.1738299, -37.638544], [176.1738315, -37.6385508], [176.1738367, -37.6385583], [176.1738455, -37.6385663], [176.173858, -37.6385751], [176.1738927, -37.638594], [176.1739615, -37.6386288], [176.1740645, -37.6386797], [176.1742016, -37.6387467], [176.174345, -37.638817], [176.1744649, -37.6388768], [176.1745612, -37.6389262], [176.1746338, -37.6389651], [176.1746889, -37.6389964], [176.1747372, -37.639025], [176.1747788, -37.6390508], [176.1748137, -37.639074], [176.1748421, -37.6390946], [176.1748644, -37.6391128], [176.1748807, -37.6391286], [176.1748908, -37.639142], [176.1748958, -37.6391534], [176.1748998, -37.6391645], [176.1749033, -37.6391756], [176.1749062, -37.6391866], [176.1749087, -37.6391975], [176.1749102, -37.6392081], [176.1749108, -37.6392184], [176.1749103, -37.6392284], [176.1749088, -37.6392381], [176.1749061, -37.6392472], [176.1749019, -37.6392557], [176.1748963, -37.6392636], [176.1748894, -37.6392709], [176.1748819, -37.6392776], [176.1748742, -37.6392836], [176.1748662, -37.6392889], [176.1748581, -37.6392936], [176.1748484, -37.6392974], [176.174836, -37.6392999], [176.1748207, -37.6393012], [176.1748026, -37.6393014], [176.1747822, -37.6393005], [176.17476, -37.6392988], [176.1747361, -37.6392963], [176.1747104, -37.6392929], [176.1746781, -37.6392875], [176.1746285, -37.6392771], [176.1745609, -37.6392617], [176.1744775, -37.6392418], [176.1741602, -37.639164], [176.1741085, -37.639151], [176.1740327, -37.639129], [176.1739274, -37.6390964], [176.1737927, -37.6390532], [176.173632, -37.6390005], [176.1734817, -37.638951], [176.1733522, -37.638908], [176.1732433, -37.6388717], [176.1730703, -37.6388136], [176.1729841, -37.6387848], [176.1728959, -37.6387555], [176.1727194, -37.6386972], [176.1726412, -37.6386711], [176.1725712, -37.6386476], [176.1725094, -37.6386266], [176.1724571, -37.6386085], [176.1724162, -37.6385936], [176.1723867, -37.638582], [176.1723685, -37.6385736], [176.1723573, -37.6385667], [176.1723448, -37.6385579], [176.1723308, -37.6385471], [176.1723285, -37.6385452], [176.1722986, -37.6385202], [176.1722816, -37.6385073], [176.1722642, -37.6384959], [176.1722465, -37.6384858], [176.1722283, -37.6384771], [176.1722086, -37.6384693], [176.1721874, -37.6384625], [176.1721645, -37.6384566], [176.1721403, -37.6384517], [176.1721169, -37.6384471], [176.1720948, -37.6384429], [176.1720544, -37.6384354], [176.1720373, -37.6384317], [176.1720229, -37.6384276], [176.1720113, -37.6384232], [176.1720023, -37.6384184], [176.1719879, -37.6384102], [176.1719634, -37.6383968], [176.171929, -37.6383783], [176.1718845, -37.6383546], [176.1718388, -37.638331], [176.1717999, -37.6383121], [176.1717679, -37.6382981], [176.1717428, -37.6382888], [176.1717004, -37.6382758], [176.1716571, -37.6382622], [176.1716339, -37.6382542], [176.1716059, -37.6382429], [176.1715733, -37.6382283], [176.1715358, -37.6382102], [176.1714941, -37.6381892], [176.1714049, -37.6381436], [176.1713577, -37.6381192], [176.1713098, -37.6380942], [176.1712691, -37.6380712], [176.171237, -37.6380507], [176.1712134, -37.6380326], [176.1711982, -37.638017], [176.1711881, -37.6380023], [176.1711822, -37.6379882], [176.1711805, -37.6379746], [176.171183, -37.6379617], [176.171189, -37.6379497], [176.1711982, -37.6379389], [176.1712106, -37.6379293], [176.1712262, -37.6379208], [176.171244, -37.6379141], [176.1712632, -37.6379093], [176.1712838, -37.6379066], [176.1713057, -37.6379058], [176.1713297, -37.6379066], [176.1713565, -37.6379086], [176.1713861, -37.6379116], [176.1714185, -37.6379158], [176.1715418, -37.6379336], [176.1715719, -37.6379372], [176.171617, -37.63794], [176.1716781, -37.6379418], [176.1717551, -37.6379427], [176.1718455, -37.6379428], [176.1720217, -37.6379424], [176.1721056, -37.637942], [176.172264, -37.6379411], [176.1723378, -37.6379408], [176.1724078, -37.6379406], [176.1725369, -37.6379405], [176.1725961, -37.6379403], [176.1727039, -37.6379395], [176.1727691, -37.6379411], [176.1728569, -37.6379462], [176.1729675, -37.6379548], [176.1731009, -37.6379668]]}, "geometry_name": "shape", "properties": {"fidn": "5257273", "valdco": 2, "verdat": null, "inform": null, "ninfom": null, "ntxtds": null, "scamin": 17999, "txtdsc": null, "sordat": null, "sorind": null, "hypcat": null}}, {"type": "Feature", "id": "layer-50672.137717", "geometry": {"type": "LineString", "coordinates": [[176.1737807, -37.6376428], [176.1744256, -37.6378318], [176.1752668, -37.6381777], [176.1756822, -37.6382802], [176.1761172, -37.6383912], [176.1763012, -37.6384729], [176.1764472, -37.6386511], [176.1765406, -37.6388146], [176.1766662, -37.6390628], [176.1769377, -37.6395481], [176.1770913, -37.6397242], [176.1772538, -37.6399048], [176.1773531, -37.6400538], [176.1774344, -37.6401576], [176.1774766, -37.6402191], [176.1775361, -37.6402996], [176.1775387, -37.6403372], [176.1775142, -37.6403591], [176.1774582, -37.6403574], [176.1773427, -37.6402917], [176.1772736, -37.6402471], [176.1771725, -37.6402208], [176.1770055, -37.6401937], [176.1767617, -37.6401757], [176.1765765, -37.6401802], [176.1764163, -37.6401593], [176.1762294, -37.6401139], [176.1759101, -37.6399942], [176.1756597, -37.6398998], [176.1753494, -37.6397964], [176.174972, -37.6397057], [176.1744816, -37.6395345], [176.1736373, -37.6391779], [176.1731903, -37.6390063], [176.1727298, -37.6388257], [176.1724634, -37.6387399], [176.1722332, -37.6386361], [176.1721564, -37.6385864], [176.1720616, -37.6385458], [176.1719397, -37.6385051], [176.1718178, -37.6384464], [176.1715863, -37.6383454], [176.1714214, -37.6382511], [176.1711967, -37.6381226], [176.1710997, -37.6380528], [176.1710466, -37.6379831], [176.1709905, -37.6379346], [176.170857, -37.6378921], [176.1707324, -37.6378737], [176.1706677, -37.6378543], [176.1704188, -37.6377799], [176.1704006, -37.637748], [176.1704173, -37.6377131], [176.1704582, -37.6376934], [176.1708404, -37.6376343], [176.171127, -37.637566], [176.1715469, -37.6375209], [176.1716315, -37.6375172], [176.1719383, -37.6375039], [176.1721142, -37.6374963], [176.1725885, -37.6374858], [176.1731153, -37.637497], [176.1737807, -37.6376428]]}, "geometry_name": "shape", "properties": {"fidn": "5151513", "valdco": 5, "verdat": null, "inform": null, "ninfom": null, "ntxtds": null, "scamin": 17999, "txtdsc": null, "sordat": null, "sorind": null, "hypcat": null}}, {"type": "Feature", "id": "layer-50672.136421", "geometry": {"type": "LineString", "coordinates": [[176.1684631, -37.6371631], [176.1685, -37.6371685], [176.1686601, -37.6371818], [176.1687777, -37.6371704], [176.169014, -37.637111], [176.1693843, -37.6370592], [176.1697735, -37.6369825], [176.1698266, -37.6369746], [176.1698854, -37.6369698], [176.1699174, -37.6369801], [176.1699278, -37.6369932], [176.1699269, -37.6370111], [176.1699191, -37.6370365], [176.1698941, -37.6370585], [176.1694251, -37.6373329], [176.1693613, -37.6373836], [176.1693315, -37.6374032], [176.1693069, -37.6374295], [176.1692885, -37.6374602], [176.1692394, -37.6375208], [176.169213, -37.6375617], [176.1692085, -37.6375721]]}, "geometry_name": "shape", "properties": {"fidn": "233650", "valdco": 15, "verdat": null, "inform": null, "ninfom": null, "ntxtds": null, "scamin": 17999, "txtdsc": null, "sordat": null, "sorind": null, "hypcat": null}}, {"type": "Feature", "id": "layer-50672.145289", "geometry": {"type": "LineString", "coordinates": [[176.1666209, -37.6500902], [176.1666555, -37.6501547], [176.1666987, -37.6502152], [176.1667508, -37.6502719], [176.1668115, -37.6503245], [176.166881, -37.6503733], [176.1669586, -37.6504188], [176.1670432, -37.6504627], [176.1671348, -37.6505048], [176.1672333, -37.6505452], [176.1673389, -37.6505839], [176.1674466, -37.6506196], [176.1675407, -37.6506478], [176.1676199, -37.6506683], [176.1676842, -37.650681], [176.1677338, -37.6506859], [176.1677709, -37.6506839], [176.1678104, -37.65068], [176.1678547, -37.6506749], [176.1679038, -37.6506688], [176.1679577, -37.6506616], [176.1680161, -37.6506534], [176.1680743, -37.6506447], [176.1681307, -37.6506358], [176.1681855, -37.6506267], [176.1682386, -37.6506173], [176.16829, -37.6506077], [176.168338, -37.6505964], [176.1683818, -37.6505828], [176.1684213, -37.6505667], [176.1684566, -37.6505482], [176.1684876, -37.6505273], [176.168593, -37.6504569], [176.1687161, -37.650391], [176.1688611, -37.6503734], [176.168927, -37.6503866], [176.1690105, -37.6504218], [176.1690677, -37.650435], [176.1691468, -37.6504306], [176.1692742, -37.6503691], [176.1693885, -37.6503119], [176.1694939, -37.6502856], [176.1696258, -37.650268], [176.169781, -37.6502618], [176.1699551, -37.6502413], [176.1700984, -37.650185], [176.1703595, -37.6500365], [176.170723, -37.6497652], [176.1709073, -37.6495656], [176.1712349, -37.6493147], [176.1714806, -37.6490946], [176.17167, -37.648941], [176.1718236, -37.6488182], [176.1720262, -37.6486672], [176.1721461, -37.6485622], [176.1722894, -37.6483727], [176.1725057, -37.6480878], [176.1726684, -37.6479357], [176.1728447, -37.6478005], [176.1729046, -37.6477462], [176.1729628, -37.6476944], [176.173019, -37.6476449], [176.1730735, -37.6475979], [176.1733399, -37.6473715], [176.1733913, -37.6473271], [176.1734383, -37.6472853], [176.173481, -37.6472461], [176.1735193, -37.6472094], [176.1735548, -37.6471736], [176.173594, -37.6471322], [176.1736375, -37.6470843], [176.1736855, -37.64703], [176.1737377, -37.6469694], [176.1737915, -37.6469045], [176.1738454, -37.6468369], [176.1738993, -37.6467664], [176.1739531, -37.6466932], [176.1740055, -37.6466198], [176.1740513, -37.6465552], [176.1740901, -37.6465002], [176.174122, -37.6464546], [176.1741472, -37.6464181], [176.1741712, -37.646379], [176.1741968, -37.6463313], [176.1742238, -37.6462752], [176.1742525, -37.6462106], [176.1742834, -37.6461384], [176.1743189, -37.6460607], [176.1743591, -37.6459776], [176.1744038, -37.6458892], [176.1744529, -37.6457955], [176.1745012, -37.6457012], [176.1745466, -37.6456079], [176.1745892, -37.6455156], [176.174629, -37.6454243], [176.1746671, -37.6453339], [176.174706, -37.6452441], [176.1747456, -37.6451547], [176.1747859, -37.6450658], [176.1748268, -37.644978], [176.1748653, -37.6448979], [176.1749004, -37.6448274], [176.1749321, -37.6447667], [176.1749605, -37.6447157], [176.1749881, -37.6446688], [176.1750191, -37.6446169], [176.1750536, -37.6445598], [176.1750917, -37.6444975], [176.1751324, -37.6444312], [176.1751676, -37.6443724], [176.1751954, -37.6443239], [176.1752157, -37.6442856], [176.1752287, -37.6442576], [176.1752383, -37.6442317], [176.1752501, -37.6441977], [176.1752641, -37.6441554], [176.1752802, -37.6441049], [176.1752978, -37.6440463], [176.175313, -37.6439803], [176.1753248, -37.6439069], [176.1753332, -37.6438262], [176.1753384, -37.6437382], [176.1752955, -37.6436142], [176.1752331, -37.6435429], [176.1751463, -37.6435029], [176.1750067, -37.6434146], [176.1746494, -37.6432433], [176.174332, -37.6430744], [176.1738662, -37.6429157], [176.1734771, -37.6428236], [176.1731034, -37.6427314], [176.1727963, -37.6426905], [176.1726529, -37.6426597], [176.1725147, -37.6426085], [176.1723867, -37.642501], [176.1722997, -37.6423833], [176.1721768, -37.6423014], [176.1719823, -37.642199], [176.1718083, -37.6421478], [176.1716451, -37.6421248], [176.1714073, -37.6421527], [176.1712435, -37.6422364], [176.1712288, -37.6422851], [176.1712169, -37.642331], [176.171208, -37.642374], [176.171202, -37.6424143], [176.1711969, -37.6424518], [176.1711865, -37.6424869], [176.1711703, -37.6425194], [176.1711483, -37.6425495], [176.1711204, -37.6425773], [176.1710848, -37.6426055], [176.1710412, -37.6426348], [176.1709894, -37.6426652], [176.1709296, -37.6426968], [176.17087, -37.6427281], [176.1708189, -37.6427573], [176.1707763, -37.6427845], [176.1707422, -37.6428098], [176.1707155, -37.6428349], [176.1706926, -37.6428654], [176.1706733, -37.6429019], [176.1706574, -37.6429444], [176.1706453, -37.6429938], [176.1706386, -37.6430647], [176.1706379, -37.6431613], [176.1706433, -37.6432836], [176.1706547, -37.6434317], [176.1706924, -37.6438538], [176.1706975, -37.6438954], [176.1707084, -37.6439323], [176.1707255, -37.6439659], [176.1707488, -37.6439963], [176.1707781, -37.6440235], [176.1708106, -37.6440498], [176.1708454, -37.644076], [176.1708825, -37.644102], [176.1709218, -37.6441278], [176.1709604, -37.6441553], [176.1709953, -37.6441863], [176.1710264, -37.6442207], [176.1710538, -37.6442586], [176.1710766, -37.6442993], [176.171092, -37.6443409], [176.1710996, -37.6443831], [176.1710996, -37.644426], [176.171092, -37.6444691], [176.1710783, -37.6445074], [176.171059, -37.6445392], [176.1710342, -37.6445646], [176.1710037, -37.6445836], [176.1709667, -37.6446004], [176.1709222, -37.6446194], [176.1708702, -37.6446405], [176.1707475, -37.6446885], [176.1706924, -37.6447128], [176.1706465, -37.6447364], [176.1706098, -37.6447594], [176.1705814, -37.6447822], [176.1705515, -37.6448124], [176.170517, -37.6448522], [176.170478, -37.6449015], [176.1704344, -37.6449603], [176.1703895, -37.6450215], [176.1703464, -37.6450775], [176.1703052, -37.6451283], [176.1702658, -37.6451741], [176.1702272, -37.6452167], [176.1701858, -37.6452629], [176.1701412, -37.645313], [176.1700432, -37.6454243], [176.1699957, -37.6454745], [176.1699528, -37.6455148], [176.1699144, -37.6455449], [176.1698807, -37.6455649], [176.1698452, -37.6455805], [176.1698019, -37.645597], [176.1697507, -37.6456145], [176.1696916, -37.645633], [176.1696271, -37.6456525], [176.1695655, -37.6456731], [176.1695075, -37.645695], [176.169453, -37.6457179], [176.1694015, -37.6457432], [176.1693458, -37.6457852], [176.1692839, -37.6458484], [176.1692156, -37.6459328], [176.1691411, -37.6460384], [176.1687418, -37.646535], [176.1683733, -37.6470469], [176.1678255, -37.6477585], [176.1674825, -37.6482602], [176.1673494, -37.6484701], [176.1671805, -37.6487619], [176.1670781, -37.6489205], [176.166986, -37.6489973], [176.1668836, -37.6490536], [176.1667607, -37.6490895], [176.1667177, -37.6490951], [176.1666779, -37.6491011], [176.1666411, -37.6491076], [176.1666074, -37.6491145], [176.1665768, -37.649122], [176.1665493, -37.6491298], [176.1665255, -37.6491372], [176.1665054, -37.6491438], [176.166489, -37.6491494], [176.1664765, -37.6491543], [176.1664677, -37.6491583], [176.1664623, -37.6491627], [176.1664579, -37.6491752], [176.1664541, -37.649197], [176.1664509, -37.6492281], [176.1664483, -37.6492685], [176.1664464, -37.6493182], [176.166448, -37.6493819], [176.1664604, -37.6494713], [176.1664839, -37.6495868], [176.1665184, -37.6497284], [176.1665641, -37.6498962], [176.1666209, -37.6500902]]}, "geometry_name": "shape", "properties": {"fidn": "5151580", "valdco": 0.0, "verdat": null, "inform": null, "ninfom": null, "ntxtds": null, "scamin": 29999, "txtdsc": null, "sordat": null, "sorind": null, "hypcat": null}}, {"type": "Feature", "id": "layer-50672.137890", "geometry": {"type": "LineString", "coordinates": [[176.1707827, -37.6867794], [176.1707954, -37.6867821], [176.1708179, -37.6868209], [176.1708085, -37.6868835], [176.1707879, -37.6869461], [176.1707916, -37.6869715], [176.1707935, -37.6870073], [176.1708114, -37.6870627], [176.1708635, -37.6871102], [176.1708864, -37.687131], [176.1709834, -37.6872546], [176.1710763, -37.6873348], [176.1711753, -37.6874135], [176.1712621, -37.6874809], [176.171351, -37.6875563], [176.1713594, -37.6875664], [176.1714136, -37.6876318], [176.1714228, -37.6876843], [176.1714257, -37.6877008], [176.1714237, -37.6877489], [176.1714109, -37.6878067], [176.171267, -37.6880872], [176.1712105, -37.6882026], [176.1711542, -37.6883289], [176.1711013, -37.6884535], [176.1710597, -37.688544], [176.171039, -37.6885816], [176.1710159, -37.6886172], [176.1709618, -37.6886961], [176.1709101, -37.688762], [176.1708858, -37.688793], [176.1707947, -37.6889066], [176.1707407, -37.6889744], [176.1707062, -37.6890256], [176.1706659, -37.6890943], [176.1706221, -37.6891785], [176.1705991, -37.6892261], [176.1705737, -37.6892848], [176.1705208, -37.6894175], [176.1703469, -37.6898962], [176.1703561, -37.6899476], [176.1703646, -37.6899838], [176.1703664, -37.6899915], [176.1703734, -37.6900291], [176.1703745, -37.6900657], [176.1703768, -37.690084], [176.1703768, -37.6901032], [176.1703781, -37.6901215], [176.1703757, -37.690139], [176.17037, -37.6901536], [176.1703595, -37.6901692], [176.1703412, -37.6901875], [176.1703094, -37.6902144], [176.1702904, -37.6902305], [176.1702375, -37.6903926], [176.1702145, -37.6904704], [176.1701626, -37.6906672], [176.1701457, -37.6907333]]}, "geometry_name": "shape", "properties": {"fidn": "5367384", "valdco": 0.0, "verdat": null, "inform": null, "ninfom": null, "ntxtds": null, "scamin": 29999, "txtdsc": null, "sordat": null, "sorind": null, "hypcat": null}}, {"type": "Feature", "id": "layer-50672.145873", "geometry": {"type": "LineString", "coordinates": [[176.1728083, -37.6883659], [176.1727727, -37.6885046], [176.1727647, -37.6885705], [176.1726817, -37.6887407], [176.1726634, -37.6887829], [176.1726472, -37.6888166], [176.1726231, -37.6888543], [176.1725655, -37.6889293], [176.1725021, -37.6890209], [176.1724296, -37.6891316], [176.1723351, -37.6892662], [176.1722292, -37.6894164], [176.1721853, -37.6894815], [176.1721544, -37.6895318], [176.1721013, -37.6896196], [176.1720588, -37.6896874], [176.1720277, -37.6897322], [176.1719976, -37.6897725], [176.1719735, -37.6898027], [176.1719494, -37.6898293], [176.1719263, -37.6898531], [176.171901, -37.6898778], [176.1718664, -37.6899081], [176.1718308, -37.689931], [176.1717984, -37.6899456], [176.1717753, -37.689952], [176.1717627, -37.6899547], [176.171735, -37.6899566], [176.1717213, -37.6899556], [176.1716925, -37.6899539], [176.1716774, -37.689952], [176.1716635, -37.6899483], [176.1716211, -37.6899356], [176.1715808, -37.6899191], [176.1715635, -37.6899117], [176.1715174, -37.6898861], [176.1715023, -37.6898751], [176.1714263, -37.6898247], [176.1713457, -37.6897708], [176.1713145, -37.6897461], [176.1712902, -37.6897223], [176.1712766, -37.6897076], [176.171273, -37.6897022], [176.1712696, -37.6896957], [176.1712661, -37.6896903], [176.1712512, -37.6896545], [176.1712454, -37.6896233], [176.1712442, -37.6895942], [176.1712478, -37.6895759], [176.1712546, -37.6895593], [176.1712638, -37.6895428], [176.1712764, -37.6895272], [176.1712926, -37.6895126], [176.1713041, -37.6895035], [176.1713237, -37.6894916], [176.1713905, -37.6894586], [176.1714434, -37.6894338], [176.1714607, -37.689423], [176.1714722, -37.6894138], [176.1714861, -37.6893991], [176.1715023, -37.6893826], [176.1715161, -37.6893643], [176.1715426, -37.6893313], [176.171568, -37.6893021], [176.1716025, -37.689258], [176.1716486, -37.6891904], [176.1716945, -37.6891161], [176.1717337, -37.6890475], [176.1717706, -37.6889826], [176.1718039, -37.6889202], [176.1718327, -37.688858], [176.1718673, -37.6887756], [176.1719099, -37.6886712], [176.1719513, -37.6885732], [176.1720147, -37.6884342], [176.1719884, -37.6882138], [176.1719527, -37.6880502], [176.1719185, -37.6879679], [176.1718904, -37.6879005], [176.1718481, -37.6877987], [176.1718107, -37.6876856], [176.171791, -37.6876249], [176.1717266, -37.687415], [176.1717096, -37.6871418], [176.1717162, -37.686772], [176.1717402, -37.6866199], [176.1717855, -37.6865025], [176.1718476, -37.6863342], [176.1718964, -37.6861979], [176.1719319, -37.6860935], [176.171954, -37.6860212], [176.1719636, -37.6859789], [176.171976, -37.685914], [176.1719861, -37.6858594], [176.1719904, -37.6858354], [176.1719944, -37.685812], [176.1719982, -37.6857891], [176.1720017, -37.6857668], [176.1720049, -37.685745], [176.1720087, -37.6857244], [176.1720137, -37.6857055], [176.1720199, -37.6856882], [176.1720273, -37.6856726], [176.172036, -37.6856588], [176.1720458, -37.685647], [176.172057, -37.6856374], [176.1720694, -37.6856299], [176.172083, -37.6856246], [176.1720982, -37.6856209], [176.1721156, -37.6856176], [176.1721351, -37.6856149], [176.1721568, -37.6856126], [176.1721805, -37.6856108], [176.1722041, -37.6856097], [176.1722264, -37.6856092], [176.1722474, -37.6856095], [176.1722671, -37.6856104], [176.1722855, -37.6856123], [176.1723033, -37.6856157], [176.1723206, -37.685621], [176.1723374, -37.685628], [176.1723537, -37.6856367], [176.1723694, -37.6856476], [176.1723846, -37.6856609], [176.1723994, -37.6856769], [176.1724137, -37.6856954], [176.1724275, -37.6857166], [176.1724409, -37.6857425], [176.1724538, -37.685774], [176.1724663, -37.685811], [176.1724783, -37.6858537], [176.1724902, -37.6859037], [176.1725029, -37.6859677], [176.1725167, -37.6860464], [176.1725315, -37.6861397], [176.1725473, -37.6862476], [176.1725473, -37.6867984], [176.1726083, -37.6873576], [176.1725942, -37.6875739], [176.1726256, -37.6877414], [176.1726754, -37.6878846], [176.1727201, -37.6880132], [176.1727488, -37.6880954], [176.1727528, -37.6881061], [176.1727817, -37.688185], [176.1728083, -37.6883659]]}, "geometry_name": "shape", "properties": {"fidn": "5338953", "valdco": 5, "verdat": null, "inform": null, "ninfom": null, "ntxtds": null, "scamin": 17999, "txtdsc": null, "sordat": null, "sorind": null, "hypcat": null}}, {"type": "Feature", "id": "layer-50672.144816", "geometry": {"type": "LineString", "coordinates": [[176.1752579, -37.6886299], [176.1753546, -37.6888594], [176.1753695, -37.6888933], [176.1753834, -37.6889308], [176.1754098, -37.6890169], [176.175464, -37.6892017], [176.1754917, -37.6892924], [176.1755239, -37.6893785], [176.1755954, -37.6895551], [176.1756899, -37.6897648], [176.175788, -37.6899725], [176.1758247, -37.6900613], [176.1758548, -37.6901437], [176.1758812, -37.6902196], [176.1758951, -37.6902545], [176.1759113, -37.6902874], [176.1759273, -37.6903195], [176.1759412, -37.6903524], [176.1759678, -37.6904183], [176.1759908, -37.6904805], [176.176015, -37.6905337], [176.176038, -37.6905776], [176.1760599, -37.6906143], [176.1760922, -37.6906673], [176.1761327, -37.6907333]]}, "geometry_name": "shape", "properties": {"fidn": "5151737", "valdco": 0.0, "verdat": null, "inform": null, "ninfom": null, "ntxtds": null, "scamin": 29999, "txtdsc": null, "sordat": null, "sorind": null, "hypcat": null}}, {"type": "Feature", "id": "layer-50672.137725", "geometry": {"type": "LineString", "coordinates": [[176.1651164, -37.6748021], [176.1650389, -37.6748435], [176.1650028, -37.6749353], [176.1649843, -37.6750312], [176.1650152, -37.6751173], [176.1650747, -37.6751852], [176.1650957, -37.6752623], [176.1650703, -37.6753927], [176.1650439, -37.6754567], [176.1650303, -37.6755227], [176.1651169, -37.6758079], [176.1651277, -37.6758596], [176.1651361, -37.6758889], [176.1651423, -37.6759194], [176.1651354, -37.6760175], [176.1651254, -37.6760474], [176.1651193, -37.676095], [176.16512, -37.6761175], [176.1651216, -37.6761358], [176.1651296, -37.6761747]]}, "geometry_name": "shape", "properties": {"fidn": "5181313", "valdco": 0.0, "verdat": null, "inform": null, "ninfom": null, "ntxtds": null, "scamin": 29999, "txtdsc": null, "sordat": null, "sorind": null, "hypcat": null}}, {"type": "Feature", "id": "layer-50672.137747", "geometry": {"type": "LineString", "coordinates": [[176.1714016, -37.6747989], [176.1714268, -37.6748513], [176.171403, -37.6749732], [176.1713607, -37.6750783], [176.171292, -37.6751708], [176.1712761, -37.6752191], [176.1712814, -37.6752717], [176.1712655, -37.6753537], [176.1711809, -37.675381], [176.1711624, -37.6754125], [176.1711444, -37.6754637]]}, "geometry_name": "shape", "properties": {"fidn": "5220540", "valdco": 0.0, "verdat": null, "inform": null, "ninfom": null, "ntxtds": null, "scamin": 29999, "txtdsc": null, "sordat": null, "sorind": null, "hypcat": null}}, {"type": "Feature", "id": "layer-50672.139491", "geometry": {"type": "LineString", "coordinates": [[176.1795173, -37.6749579], [176.1795611, -37.6749305], [176.1796084, -37.6749049], [176.1796394, -37.6748903], [176.1796486, -37.6748874], [176.1796648, -37.6748874], [176.1796752, -37.6748893], [176.1796889, -37.6748938], [176.1797098, -37.6749038], [176.1797477, -37.674925], [176.1798062, -37.6749594], [176.1798192, -37.6749671], [176.1798768, -37.6749964], [176.1799239, -37.6750146], [176.1799551, -37.6750247], [176.179985, -37.6750366], [176.1800184, -37.6750568], [176.1800577, -37.6750842], [176.1801059, -37.675119], [176.1801255, -37.6751355], [176.1801326, -37.6751446], [176.1801336, -37.6751584], [176.1801279, -37.6751712], [176.1801221, -37.6751794], [176.1801117, -37.675185], [176.1801003, -37.6751885], [176.1800888, -37.6751895], [176.1800669, -37.6751858], [176.1800035, -37.6751739], [176.179947, -37.6751621], [176.1798815, -37.6751502], [176.179787, -37.6751346], [176.1797281, -37.6751227], [176.179682, -37.6751099], [176.1796349, -37.6750925], [176.179623, -37.675087], [176.1796152, -37.6750834], [176.1795899, -37.6750715], [176.1795715, -37.6750614], [176.1795416, -37.6750413], [176.1795312, -37.6750322], [176.1795173, -37.6750166], [176.1795092, -37.6750028], [176.1795058, -37.6749881], [176.1795105, -37.6749717], [176.1795173, -37.6749579]]}, "geometry_name": "shape", "properties": {"fidn": "234330", "valdco": 0.0, "verdat": null, "inform": null, "ninfom": null, "ntxtds": null, "scamin": 29999, "txtdsc": null, "sordat": null, "sorind": null, "hypcat": null}}, {"type": "Feature", "id": "layer-50672.139485", "geometry": {"type": "LineString", "coordinates": [[176.1803871, -37.6754907], [176.1803791, -37.6754832], [176.1803433, -37.6754595], [176.1803043, -37.6754385], [176.1802339, -37.6754027], [176.180166, -37.6753689], [176.18012, -37.6753469], [176.1801072, -37.6753405], [176.180098, -37.6753378], [176.1800831, -37.6753332], [176.1800703, -37.6753313], [176.1800588, -37.6753305], [176.1800451, -37.6753323], [176.180037, -37.675336], [176.1800336, -37.6753378], [176.1800312, -37.6753415], [176.1800289, -37.6753506], [176.18003, -37.6753598], [176.1800346, -37.6753671], [176.1800472, -37.6753771], [176.180075, -37.6753954], [176.1801187, -37.6754229], [176.1801556, -37.6754449], [176.1801878, -37.6754614], [176.18022, -37.6754742], [176.1802569, -37.6754861], [176.1802996, -37.6754988], [176.1803341, -37.6755099], [176.1803538, -37.6755144], [176.1803687, -37.6755153], [176.1803826, -37.6755136], [176.1803883, -37.6755099], [176.1803894, -37.6755016], [176.1803871, -37.6754907]]}, "geometry_name": "shape", "properties": {"fidn": "233625", "valdco": 0.0, "verdat": null, "inform": null, "ninfom": null, "ntxtds": null, "scamin": 29999, "txtdsc": null, "sordat": null, "sorind": null, "hypcat": null}}, {"type": "Feature", "id": "layer-50672.145310", "geometry": {"type": "LineString", "coordinates": [[176.1765967, -37.6751239], [176.1763896, -37.6751908], [176.1763707, -37.6751974], [176.1763543, -37.675204], [176.1763405, -37.6752106], [176.1763292, -37.6752171], [176.1763202, -37.6752236], [176.176312, -37.6752303], [176.1763043, -37.6752371], [176.1762969, -37.675244], [176.17629, -37.6752511], [176.1762837, -37.6752584], [176.1762784, -37.6752658], [176.1762742, -37.6752734], [176.176271, -37.6752813], [176.1762688, -37.6752893], [176.1762674, -37.675298], [176.1762664, -37.6753077], [176.176266, -37.6753183], [176.1762661, -37.6753298], [176.1762672, -37.6753419], [176.176271, -37.6753532], [176.1762776, -37.6753636], [176.176287, -37.6753733], [176.1762993, -37.6753821], [176.1763137, -37.6753905], [176.1763297, -37.6753987], [176.1763474, -37.6754068], [176.1763667, -37.6754147], [176.1763873, -37.6754223], [176.176407, -37.6754287], [176.1764254, -37.6754336], [176.1764425, -37.6754372], [176.1764583, -37.6754393], [176.1764731, -37.6754403], [176.176487, -37.6754405], [176.1765, -37.6754397], [176.1765123, -37.6754382], [176.1765238, -37.6754358], [176.1765353, -37.6754331], [176.1765468, -37.67543], [176.1765585, -37.6754267], [176.1765702, -37.6754231], [176.176582, -37.6754189], [176.1765933, -37.6754135], [176.1766041, -37.6754068], [176.1766145, -37.6753989], [176.1766244, -37.6753898], [176.1766336, -37.6753801], [176.1766418, -37.6753702], [176.1766491, -37.6753602], [176.1766554, -37.6753501], [176.1766611, -37.6753394], [176.1766672, -37.6753265], [176.1766738, -37.6753112], [176.1766809, -37.6752934], [176.1766886, -37.6752733], [176.176701, -37.6752227]]}, "geometry_name": "shape", "properties": {"fidn": "5172270", "valdco": 2, "verdat": null, "inform": null, "ninfom": null, "ntxtds": null, "scamin": 17999, "txtdsc": null, "sordat": null, "sorind": null, "hypcat": null}}, {"type": "Feature", "id": "layer-50672.145312", "geometry": {"type": "LineString", "coordinates": [[176.175093, -37.6764511], [176.1750362, -37.6763963], [176.1749795, -37.6763522], [176.1749229, -37.6763187], [176.1748664, -37.6762959], [176.1748101, -37.6762838], [176.1747529, -37.6762813], [176.1746909, -37.6762836], [176.1746237, -37.6762903], [176.1745513, -37.6763014], [176.1744737, -37.6763168], [176.1743912, -37.6763366], [176.1743155, -37.6763603], [176.1742521, -37.6763877], [176.1742012, -37.6764189], [176.1741626, -37.6764538], [176.1741364, -37.6764924], [176.1741202, -37.6765348], [176.1741091, -37.6765812], [176.1741031, -37.6766316], [176.1741022, -37.6766859], [176.1741062, -37.6767443], [176.1741151, -37.6768066], [176.1741243, -37.6769264], [176.1741392, -37.6770117], [176.1741592, -37.6771387], [176.1742241, -37.6774007], [176.1742541, -37.6774543], [176.1742761, -37.6774912], [176.1743036, -37.6775263], [176.1743316, -37.6775625], [176.1743893, -37.6776379], [176.1744217, -37.6776738], [176.1744582, -37.6777066], [176.1744988, -37.6777363], [176.1745433, -37.6777627], [176.174592, -37.6777861], [176.1746379, -37.6778034], [176.1747192, -37.6777964], [176.1747932, -37.6777785], [176.1748378, -37.677768], [176.1748776, -37.6777475], [176.1749268, -37.6777326], [176.1749707, -37.6777103], [176.1750134, -37.6776653], [176.1750441, -37.6776274], [176.1750683, -37.6775816], [176.1750859, -37.6775283], [176.1751005, -37.6774721], [176.1751137, -37.6774154], [176.1751254, -37.6773583], [176.1751357, -37.6773007], [176.1751445, -37.6772426], [176.1751521, -37.6771859], [176.1751588, -37.6771341], [176.1751646, -37.6770873], [176.1751695, -37.6770456], [176.1751736, -37.677009], [176.1751768, -37.6769774], [176.1751789, -37.6769494], [176.1751799, -37.6769247], [176.1751873, -37.6768627], [176.1751873, -37.6768174], [176.1751812, -37.6767887], [176.1751746, -37.6767568], [176.17516, -37.6766835], [176.175152, -37.6766422], [176.1751345, -37.6765501], [176.1751171, -37.6764856], [176.175093, -37.6764511]]}, "geometry_name": "shape", "properties": {"fidn": "5172280", "valdco": 2, "verdat": null, "inform": null, "ninfom": null, "ntxtds": null, "scamin": 17999, "txtdsc": null, "sordat": null, "sorind": null, "hypcat": null}}, {"type": "Feature", "id": "layer-50672.145864", "geometry": {"type": "LineString", "coordinates": [[176.1710917, -37.678936], [176.1712108, -37.6789234], [176.1712784, -37.6789318], [176.1713222, -37.6789476], [176.1713525, -37.6790079], [176.1713586, -37.679055], [176.1713611, -37.6790871], [176.1713608, -37.6791294], [176.1713514, -37.6791939], [176.1713367, -37.6792498], [176.1713239, -37.6793029], [176.1713407, -37.6795467], [176.1713312, -37.6796788], [176.1712979, -37.6798562], [176.1712802, -37.6799218], [176.1712528, -37.680024], [176.1712601, -37.6800933], [176.1712729, -37.6801188], [176.1712985, -37.6801535], [176.1713441, -37.6802046], [176.1713557, -37.6802201], [176.1713634, -37.6802385], [176.1713605, -37.6802648], [176.1713541, -37.6802826], [176.1713381, -37.6803004], [176.1711932, -37.6803732]]}, "geometry_name": "shape", "properties": {"fidn": "5338949", "valdco": 2, "verdat": null, "inform": null, "ninfom": null, "ntxtds": null, "scamin": 17999, "txtdsc": null, "sordat": null, "sorind": null, "hypcat": null}}, {"type": "Feature", "id": "layer-50672.145448", "geometry": {"type": "LineString", "coordinates": [[176.1711184, -37.6795294], [176.1711705, -37.6795373], [176.1712601, -37.6795224], [176.1712787, -37.6794676], [176.1712863, -37.6794281], [176.171265, -37.6793795], [176.1712429, -37.6793512], [176.1712244, -37.6793306], [176.171208, -37.6793198], [176.1711871, -37.6793143], [176.1711593, -37.6793134], [176.1710699, -37.679326]]}, "geometry_name": "shape", "properties": {"fidn": "5248172", "valdco": 0.0, "verdat": null, "inform": null, "ninfom": null, "ntxtds": null, "scamin": 29999, "txtdsc": null, "sordat": null, "sorind": null, "hypcat": null}}, {"type": "Feature", "id": "layer-50672.145278", "geometry": {"type": "LineString", "coordinates": [[176.1708046, -37.6763217], [176.1708367, -37.6763398], [176.1709269, -37.6764121], [176.1709432, -37.6764507], [176.1709456, -37.676511], [176.1708842, -37.6766603], [176.1708667, -37.6768308], [176.1709094, -37.6770398], [176.170945, -37.6775482], [176.1709475, -37.677627], [176.1709704, -37.6777438], [176.1710539, -37.6779767], [176.1710604, -37.6780066], [176.1710598, -37.6780366], [176.1710233, -37.6781405], [176.1709866, -37.6782357], [176.1709738, -37.6782687], [176.1709646, -37.6782989], [176.1709497, -37.6783886], [176.1709452, -37.6784508], [176.1709564, -37.6785143], [176.1709792, -37.6785923], [176.1710079, -37.6786906], [176.1710037, -37.6787326]]}, "geometry_name": "shape", "properties": {"fidn": "5151593", "valdco": 0.0, "verdat": null, "inform": null, "ninfom": null, "ntxtds": null, "scamin": 29999, "txtdsc": null, "sordat": null, "sorind": null, "hypcat": null}}, {"type": "Feature", "id": "layer-50672.145295", "geometry": {"type": "LineString", "coordinates": [[176.1709792, -37.6785923], [176.1710665, -37.6784581], [176.1710985, -37.6784071], [176.1711146, -37.678338], [176.1711329, -37.6782469], [176.1711831, -37.6776262], [176.1711721, -37.6771056], [176.1712575, -37.6767117], [176.1714268, -37.6760233], [176.1715778, -37.6753524], [176.1715849, -37.6752718], [176.1716716, -37.6749672], [176.1716884, -37.674689], [176.1717174, -37.6746119], [176.1717178, -37.674611], [176.1718243, -37.6743272], [176.1718255, -37.674324], [176.1718518, -37.674281], [176.1719859, -37.6741708], [176.1720144, -37.6741015], [176.1720492, -37.6740189], [176.1720842, -37.6739379], [176.1721166, -37.6738596], [176.1721251, -37.6738363], [176.1721461, -37.6737145], [176.1721571, -37.6735674], [176.1721429, -37.67336], [176.1721208, -37.6732595], [176.1720686, -37.673174], [176.1719648, -37.6730955]]}, "geometry_name": "shape", "properties": {"fidn": "5158795", "valdco": 2, "verdat": null, "inform": null, "ninfom": null, "ntxtds": null, "scamin": 17999, "txtdsc": null, "sordat": null, "sorind": null, "hypcat": null}}, {"type": "Feature", "id": "layer-50672.145433", "geometry": {"type": "LineString", "coordinates": [[176.1707654, -37.6838641], [176.1707859, -37.6837103], [176.1707883, -37.6836755], [176.1707859, -37.6836508], [176.1707789, -37.683616], [176.1707663, -37.683574], [176.1707501, -37.6835309], [176.1707352, -37.6834916], [176.1707271, -37.6834531], [176.170726, -37.6834394], [176.1707708, -37.683104], [176.1707708, -37.6830311], [176.1707742, -37.683014], [176.1707855, -37.682924], [176.170795, -37.6828635], [176.1708239, -37.6827532], [176.1708166, -37.6827196], [176.1707993, -37.6826849]]}, "geometry_name": "shape", "properties": {"fidn": "5225348", "valdco": 0.0, "verdat": null, "inform": null, "ninfom": null, "ntxtds": null, "scamin": 29999, "txtdsc": null, "sordat": null, "sorind": null, "hypcat": null}}, {"type": "Feature", "id": "layer-50672.145635", "geometry": {"type": "LineString", "coordinates": [[176.1708306, -37.6812947], [176.1708689, -37.6813047], [176.1709348, -37.6813524], [176.1709552, -37.6814138], [176.1709868, -37.6816167], [176.1710026, -37.6816836], [176.1709747, -37.6817633], [176.1709297, -37.681788], [176.1708307, -37.6818127]]}, "geometry_name": "shape", "properties": {"fidn": "5274280", "valdco": 0.0, "verdat": null, "inform": null, "ninfom": null, "ntxtds": null, "scamin": 29999, "txtdsc": null, "sordat": null, "sorind": null, "hypcat": null}}, {"type": "Feature", "id": "layer-50672.145449", "geometry": {"type": "LineString", "coordinates": [[176.1711943, -37.6805161], [176.1713538, -37.6805144], [176.1714589, -37.6804845], [176.1715136, -37.6804487], [176.1715504, -37.6804075], [176.1715682, -37.6803832], [176.1716206, -37.6802471], [176.1716728, -37.6799176], [176.1716632, -37.6798531], [176.1716446, -37.6798026], [176.1716103, -37.6797389], [176.1715484, -37.6796279], [176.1715187, -37.679546], [176.1714912, -37.6794185], [176.1714389, -37.6791209], [176.1713977, -37.679035], [176.1713525, -37.6790079]]}, "geometry_name": "shape", "properties": {"fidn": "5248174", "valdco": 5, "verdat": null, "inform": null, "ninfom": null, "ntxtds": null, "scamin": 17999, "txtdsc": null, "sordat": null, "sorind": null, "hypcat": null}}, {"type": "Feature", "id": "layer-50672.137872", "geometry": {"type": "LineString", "coordinates": [[176.1791286, -37.6741423], [176.1791732, -37.6742496], [176.1791857, -37.674363], [176.1791877, -37.6744519], [176.1791759, -37.6745077], [176.179145, -37.6745885], [176.1790847, -37.6747313], [176.1790663, -37.6750526], [176.1790663, -37.6752662], [176.1790917, -37.6754232], [176.1790938, -37.675436], [176.1792025, -37.6757408], [176.1792706, -37.6759789], [176.1792754, -37.6760456], [176.1792654, -37.6761043], [176.1792436, -37.6761592], [176.1792229, -37.6762141], [176.1792182, -37.6762296], [176.1792182, -37.6762397], [176.1792195, -37.6762552], [176.1792276, -37.6762772], [176.1792564, -37.6763294], [176.1793174, -37.6764347], [176.179347, -37.6764816], [176.1793543, -37.6764932], [176.1793761, -37.6765244], [176.1793991, -37.676549], [176.1794292, -37.6765719], [176.1794695, -37.6765958], [176.1795317, -37.6766241], [176.179648, -37.6766689], [176.1797701, -37.6767138], [176.1798449, -37.6767386], [176.1799061, -37.676754], [176.1799659, -37.6767669], [176.1800431, -37.6767779], [176.1801549, -37.6767934], [176.1802033, -37.6768025], [176.1802193, -37.676809], [176.1802263, -37.6768163], [176.1802287, -37.67683], [176.1802297, -37.676852], [176.1802274, -37.6768648], [176.1802216, -37.6768721], [176.1801975, -37.6768776], [176.1801353, -37.6768822], [176.1800373, -37.6768849], [176.1799844, -37.6768886], [176.1799176, -37.6769015], [176.1799038, -37.676907], [176.179898, -37.6769115], [176.1798969, -37.6769188], [176.179898, -37.6769261], [176.1799014, -37.6769336], [176.1799095, -37.6769444], [176.1799394, -37.6769765], [176.1800017, -37.6770387], [176.1800352, -37.6770745], [176.1800697, -37.6771147], [176.180087, -37.6771284], [176.1801054, -37.6771394], [176.1801273, -37.6771513], [176.1801491, -37.6771596], [176.1801687, -37.6771669], [176.1802045, -37.6771706], [176.1802909, -37.6771742], [176.180413, -37.677175], [176.1804752, -37.6771761], [176.1805305, -37.6771788], [176.1806041, -37.6771842], [176.1806387, -37.6771888], [176.1806617, -37.6771952], [176.1806813, -37.6772025], [176.180701, -37.6772135], [176.1807332, -37.67723], [176.1807609, -37.677241], [176.1807816, -37.6772456], [176.1808127, -37.6772483], [176.1808748, -37.6772519], [176.1809693, -37.6772546], [176.181111, -37.6772564], [176.1812181, -37.6772583], [176.1812515, -37.6772592], [176.1812769, -37.6772619], [176.1813505, -37.6772738], [176.1814232, -37.6772875], [176.1815246, -37.6773039], [176.181649, -37.6773231], [176.1818586, -37.6773506], [176.1819288, -37.6773579], [176.1820555, -37.6773697], [176.1821754, -37.6773798], [176.1822975, -37.6773862], [176.1824287, -37.6773916], [176.1825554, -37.6773989], [176.1826661, -37.6774072], [176.1827593, -37.6774172], [176.1828318, -37.6774283], [176.1828745, -37.6774356], [176.1829148, -37.6774456], [176.1829829, -37.6774657], [176.1830761, -37.6775024], [176.183151, -37.6775361], [176.1832834, -37.6776066], [176.1835253, -37.6777777], [176.1835703, -37.6778108], [176.1836107, -37.6778428], [176.1836821, -37.6779022], [176.183742, -37.6779636], [176.1837973, -37.6780239], [176.1838446, -37.6780845], [176.1838653, -37.6781136], [176.1838837, -37.678144], [176.1839114, -37.6782025], [176.183931, -37.678262], [176.1839449, -37.6783234], [176.1839564, -37.678391], [176.1839784, -37.6785348], [176.1839933, -37.6785889], [176.1840142, -37.6786346], [176.1840464, -37.6786859], [176.1840856, -37.6787389], [176.1841708, -37.6788424], [176.1841859, -37.6788671], [176.1841985, -37.6788927], [176.1842226, -37.6789559], [176.1842861, -37.6791389], [176.1843508, -37.6793266], [176.1843819, -37.6794319], [176.1844165, -37.679539], [176.184489, -37.6797349], [176.1845178, -37.6798256], [176.1845282, -37.6798749], [176.1845374, -37.6799308], [176.1845491, -37.6800653], [176.1845596, -37.6802164], [176.1845768, -37.6803656], [176.1845964, -37.6805012], [176.1846171, -37.6806173], [176.1846391, -37.6807245], [176.1846576, -37.6808371], [176.1846668, -37.6808939], [176.1846726, -37.6809496], [176.1846783, -37.6810064], [176.1846807, -37.6810641], [176.184683, -37.6811264], [176.184683, -37.6811968], [176.1846819, -37.6813635], [176.1846774, -37.6815401], [176.1846638, -37.6818112], [176.1846591, -37.681878], [176.1846533, -37.6819182], [176.1846431, -37.6819558], [176.1846269, -37.6819979], [176.1845878, -37.682106], [176.1845648, -37.6821747], [176.1845394, -37.6822588], [176.1845108, -37.682366], [176.1844762, -37.6824804], [176.1844013, -37.682692], [176.1843772, -37.6827771], [176.1843576, -37.6828668], [176.1843382, -37.682973], [176.1843232, -37.6830737], [176.1843036, -37.6831955], [176.1842899, -37.6832467], [176.184269, -37.6833026], [176.1842426, -37.683363], [176.1842104, -37.6834281], [176.1841402, -37.6835644], [176.184108, -37.6836303], [176.1840757, -37.6837027], [176.1840401, -37.6837851], [176.1840079, -37.6838666], [176.1839618, -37.6839929], [176.1839434, -37.6840406], [176.1839192, -37.6840909], [176.1838869, -37.684154], [176.1838445, -37.6842245], [176.1837384, -37.6843774], [176.1836049, -37.6845743], [176.1835289, -37.6846751], [176.1834587, -37.6847621], [176.1833653, -37.6848674], [176.1833124, -37.684925], [176.1832721, -37.6849745], [176.1832537, -37.6849974], [176.1832365, -37.685023], [176.1831835, -37.6851064], [176.1831432, -37.6851567], [176.1831155, -37.6851842], [176.1830995, -37.6851979], [176.1830809, -37.6852107], [176.182983, -37.6852693], [176.182937, -37.6852949], [176.1829002, -37.6853132], [176.1828714, -37.6853261], [176.1828495, -37.6853325], [176.1828102, -37.6853398], [176.1827573, -37.6853454], [176.1826905, -37.6853536], [176.1826317, -37.6853646], [176.1825926, -37.6853793], [176.1825592, -37.6853976], [176.1825338, -37.6854095], [176.18249, -37.6854259], [176.1824717, -37.6854178], [176.1824602, -37.6854095], [176.1824486, -37.6853949], [176.1824429, -37.6853793], [176.1824405, -37.6853619], [176.1824429, -37.68534], [176.1824474, -37.6853198], [176.1824544, -37.6853034], [176.1824647, -37.6852905], [176.1824774, -37.6852759], [176.1824935, -37.6852622], [176.1825097, -37.6852474], [176.182566, -37.6852054], [176.1825833, -37.6851842], [176.1825971, -37.685165], [176.1826155, -37.6851384], [176.1826328, -37.6851101], [176.1826571, -37.6850753], [176.1826708, -37.6850552], [176.1826916, -37.6850304], [176.1827204, -37.6849975], [176.1827618, -37.6849553], [176.1828137, -37.6849031], [176.1829875, -37.6847438], [176.1830347, -37.6846953], [176.1830831, -37.6846422], [176.1831376, -37.6845767], [176.1831949, -37.684502], [176.1833041, -37.6843474], [176.1833549, -37.6842796], [176.183379, -37.6842484], [176.1834055, -37.6842182], [176.1835149, -37.6840974], [176.1835736, -37.6840314], [176.1836036, -37.6839958], [176.1836324, -37.6839563], [176.18366, -37.6839133], [176.1836864, -37.6838675], [176.1837372, -37.6837697], [176.183782, -37.6836671], [176.1838234, -37.6835635], [176.1839017, -37.683353], [176.1839488, -37.6832285], [176.1839949, -37.6830966], [176.1840363, -37.6829639], [176.1840743, -37.6828274], [176.1841099, -37.6826855], [176.1841387, -37.6825546], [176.1841468, -37.6824997], [176.1841503, -37.6824512], [176.1841537, -37.6823725], [176.1841501, -37.6823066], [176.1841443, -37.6822444], [176.1841202, -37.6820704], [176.1841074, -37.681934], [176.1840981, -37.6818039], [176.1840946, -37.6817225], [176.1840957, -37.6816795], [176.1841015, -37.6816529], [176.1841096, -37.6816346], [176.1841279, -37.6816081], [176.1841384, -37.6815998], [176.1841522, -37.6815934], [176.1841971, -37.6815823], [176.1842512, -37.6815732], [176.18428, -37.6815686], [176.1843065, -37.6815605], [176.1843319, -37.6815494], [176.1843526, -37.6815339], [176.1843698, -37.6815147], [176.1843837, -37.6814927], [176.1843941, -37.6814679], [176.1844021, -37.6814369], [176.1844055, -37.6813965], [176.1844067, -37.6813489], [176.1844044, -37.6812967], [176.1843986, -37.6812345], [176.1843835, -37.6810615], [176.1843569, -37.6808308], [176.1843396, -37.680656], [176.184305, -37.6804215], [176.1842737, -37.680178], [176.1842599, -37.6800856], [176.1842507, -37.6800426], [176.1842381, -37.6799986], [176.1842057, -37.6798979], [176.1841701, -37.6797972], [176.1841366, -37.6797103], [176.1841054, -37.6796352], [176.1840743, -37.6795665], [176.1840397, -37.6795024], [176.1839994, -37.6794439], [176.1838369, -37.6792352], [176.1837897, -37.6791638], [176.1837516, -37.6790978], [176.1837204, -37.6790338], [176.1836916, -37.678967], [176.1836778, -37.6789313], [176.1836432, -37.6788186], [176.1836259, -37.6787464], [176.1836144, -37.6786602], [176.1836087, -37.6785487], [176.1836074, -37.6784927], [176.1836087, -37.6784424], [176.1836143, -37.678371], [176.18362, -37.6783271], [176.1836224, -37.6782977], [176.1836177, -37.6782538], [176.1836119, -37.6782328], [176.1836027, -37.6782108], [176.1835901, -37.6781889], [176.183575, -37.6781669], [176.1835635, -37.678155], [176.1835475, -37.6781421], [176.1835268, -37.6781275], [176.1835014, -37.6781129], [176.1834449, -37.6780809], [176.1833344, -37.6780249], [176.1832606, -37.6779885], [176.1832284, -37.6779692], [176.1831891, -37.6779427], [176.18312, -37.677884], [176.1829344, -37.6777138], [176.1827917, -37.6776617], [176.1827582, -37.6776534], [176.1827422, -37.6776507], [176.1827192, -37.6776499], [176.1826857, -37.677648], [176.1826501, -37.677648], [176.182604, -37.6776526], [176.1825464, -37.6776636], [176.1825014, -37.6776763], [176.1824692, -37.6776901], [176.1824485, -37.6777002], [176.182438, -37.6777075], [176.1824265, -37.6777185], [176.1824116, -37.6777441], [176.1824013, -37.6777697], [176.1823977, -37.6777872], [176.1823966, -37.6778009], [176.1823955, -37.6778064], [176.1823966, -37.6778119], [176.182399, -37.6778292], [176.1824013, -37.6778421], [176.1824071, -37.677855], [176.1824139, -37.6778696], [176.1824589, -37.6779372], [176.1825039, -37.6780005], [176.182649, -37.6781909], [176.1827089, -37.6782714], [176.1827411, -37.6783181], [176.1827642, -37.6783528], [176.1827966, -37.6784105], [176.1828345, -37.6784893], [176.1828646, -37.6785598], [176.1828911, -37.6786302], [176.1829395, -37.678774], [176.1830005, -37.6789506], [176.1830363, -37.6790486], [176.1830628, -37.6791053], [176.1831159, -37.6791978], [176.1831724, -37.6792921], [176.1832104, -37.6793516], [176.1832473, -37.6794047], [176.1832645, -37.6794284], [176.1832829, -37.6794495], [176.1833174, -37.6794879], [176.1833509, -37.6795219], [176.1834062, -37.6795685], [176.1834719, -37.6796188], [176.1835307, -37.6796582], [176.1836344, -37.679726], [176.1836724, -37.6797552], [176.1837311, -37.6798203], [176.1838095, -37.6798979], [176.183858, -37.6799346], [176.183858, -37.6799356], [176.1839121, -37.6800398], [176.1839674, -37.6801516], [176.1839996, -37.6802119], [176.1840124, -37.6802375], [176.1840181, -37.6802541], [176.1840205, -37.6802742], [176.1840205, -37.6802825], [176.1840192, -37.6802925], [176.1840171, -37.6803016], [176.1840147, -37.6803045], [176.1840113, -37.6803053], [176.1840077, -37.6803072], [176.1840032, -37.6803072], [176.1839951, -37.6803081], [176.1839917, -37.6803091], [176.1839883, -37.6803081], [176.1839731, -37.6803016], [176.1839605, -37.6802953], [176.1839443, -37.6802833], [176.1839179, -37.6802614], [176.1839075, -37.6802531], [176.1838765, -37.6802129], [176.1838477, -37.6801699], [176.1838072, -37.6800902], [176.1837624, -37.6800051], [176.1837255, -37.6799484], [176.1836931, -37.67991], [176.1836679, -37.6798879], [176.1836276, -37.6798577], [176.1835446, -37.6798009], [176.183464, -37.6797479], [176.1834109, -37.679715], [176.1833072, -37.6796573], [176.1832761, -37.6796382], [176.1832276, -37.6796061], [176.1831655, -37.6795593], [176.1831355, -37.6795347], [176.1831079, -37.6795091], [176.1830791, -37.6794817], [176.1830525, -37.6794523], [176.1830122, -37.6794038], [176.1829857, -37.6793672], [176.1829604, -37.679326], [176.1829362, -37.6792811], [176.1828993, -37.6792089], [176.1828889, -37.6791822], [176.182859, -37.6791063], [176.1828394, -37.6790486], [176.1828279, -37.6790139], [176.1828174, -37.6789745], [176.1827714, -37.6788097], [176.1827332, -37.6786889], [176.1827125, -37.6786339], [176.1826976, -37.6785992], [176.1826709, -37.6785488], [176.1826295, -37.6784801], [176.1826042, -37.6784445], [176.1825754, -37.6784079], [176.182512, -37.6783309], [176.1824416, -37.6782495], [176.1823403, -37.6781287], [176.1823126, -37.678092], [176.1822642, -37.6780252], [176.182194, -37.6779218], [176.1821018, -37.6777918], [176.1820385, -37.6777094], [176.1820039, -37.6776729], [176.1819785, -37.6776481], [176.1819634, -37.6776344], [176.1819555, -37.677628], [176.181944, -37.6776225], [176.1819288, -37.677618], [176.1818149, -37.6776107], [176.18174, -37.6776034], [176.1816364, -37.6775923], [176.18155, -37.677584], [176.1815107, -37.6775832], [176.181474, -37.677585], [176.1814382, -37.6775878], [176.1814106, -37.6775915], [176.1813667, -37.6775996], [176.1813138, -37.6776107], [176.1812101, -37.6776281], [176.1811687, -37.6776327], [176.1811214, -37.6776383], [176.1811007, -37.677641], [176.1810777, -37.6776418], [176.1810546, -37.6776437], [176.1810397, -37.6776447], [176.181035, -37.6776447], [176.1809718, -37.6776364], [176.1808946, -37.6776245], [176.1808278, -37.6776162], [176.1807933, -37.6776145], [176.1807782, -37.6776145], [176.1807667, -37.6776162], [176.1807263, -37.6776264], [176.1806973, -37.6776316], [176.1806808, -37.6776338], [176.180655, -37.6776316], [176.1806135, -37.6776318], [176.1804074, -37.6776347], [176.1803728, -37.677631], [176.1803475, -37.6776237], [176.1803037, -37.6776054], [176.1802495, -37.6775779], [176.1802058, -37.6775579], [176.1801597, -37.6775404], [176.1801043, -37.677524], [176.180071, -37.6775157], [176.1800249, -37.6775075], [176.1798971, -37.6774865], [176.1798026, -37.6774682], [176.1797231, -37.677449], [176.1796678, -37.6774343], [176.1796079, -37.677416], [176.17951, -37.6773841], [176.1794076, -37.6773474], [176.1793176, -37.6773089], [176.1791655, -37.6772357], [176.1791149, -37.677212], [176.17906, -37.6771886], [176.1790238, -37.6771735], [176.1789974, -37.6771589], [176.1789651, -37.6771406], [176.1789479, -37.6771287], [176.1789408, -37.6771231], [176.1789351, -37.6771158], [176.1789178, -37.6770821], [176.1788924, -37.6770097], [176.1788707, -37.6769493], [176.1788361, -37.6768688], [176.1787681, -37.6767241], [176.1787196, -37.6766078], [176.1786759, -37.6764879], [176.178617, -37.6763277], [176.1785825, -37.6762243], [176.1785734, -37.676179], [176.1785629, -37.6760558], [176.1785582, -37.6760356], [176.1785514, -37.6760164], [176.1785124, -37.6758951], [176.1785186, -37.675839], [176.1785331, -37.6758073], [176.1785562, -37.6757944], [176.1786126, -37.675775], [176.1786601, -37.6757399], [176.1786905, -37.6757172], [176.1787077, -37.6757006], [176.1787277, -37.6756798], [176.1787343, -37.6756553], [176.1787478, -37.6754207], [176.1787581, -37.6752701], [176.1787467, -37.6751718], [176.1787306, -37.6750972], [176.1787009, -37.6750517], [176.1786596, -37.6750262], [176.178616, -37.675025], [176.17854, -37.6750274], [176.1785033, -37.6750458], [176.178477, -37.6750856], [176.1784602, -37.6751688], [176.1784645, -37.6753217], [176.1784443, -37.6754137], [176.1784106, -37.6754922], [176.1783747, -37.6755349], [176.1783231, -37.6755618], [176.1782827, -37.6755596], [176.1782466, -37.6755417], [176.1782149, -37.6755251], [176.1781829, -37.6755164], [176.1781368, -37.6755155], [176.1780993, -37.675522], [176.1780709, -37.6755443], [176.1780594, -37.6755758], [176.1780434, -37.675747], [176.1779974, -37.6758229], [176.1779455, -37.6759054], [176.1778553, -37.6760118], [176.1778045, -37.6760668], [176.1777269, -37.6761183], [176.1776176, -37.676153], [176.1775052, -37.6761696], [176.1773947, -37.6761737], [176.1772979, -37.6761639], [176.1771446, -37.6761282], [176.1770004, -37.676074], [176.1769704, -37.6760668], [176.1769363, -37.6760719], [176.1769136, -37.6760846], [176.1769005, -37.6761035], [176.1769045, -37.6761391], [176.176915, -37.6761759], [176.1770484, -37.6763823], [176.1771541, -37.6764969], [176.1773657, -37.6765978], [176.1774561, -37.6766803], [176.1775445, -37.6768454], [176.1775794, -37.6769479], [176.1775575, -37.6774212], [176.1775327, -37.6775612], [176.1774928, -37.6776609], [176.1774301, -37.6777469], [176.1773503, -37.6778058], [176.177242, -37.6778557], [176.1771337, -37.6778874], [176.1769449, -37.6779579], [176.1768294, -37.6779823], [176.1762506, -37.6781847], [176.1761183, -37.678285], [176.1760538, -37.6784147], [176.1760428, -37.678602], [176.1760332, -37.6787259], [176.1760195, -37.6788605], [176.1760016, -37.6790057], [176.1759795, -37.6791615], [176.1759532, -37.6793266], [176.1759228, -37.6794941], [176.1758882, -37.6796629], [176.1758494, -37.679833], [176.1758064, -37.6800045], [176.1757756, -37.680167], [176.1757683, -37.6803345], [176.1757587, -37.6805031], [176.1757222, -37.6812262], [176.1757371, -37.6815934], [176.1756774, -37.6818865], [176.1755582, -37.6822388], [176.1755433, -37.6828962], [176.1755722, -37.6830671], [176.175589, -37.6832026], [176.1756006, -37.6833359], [176.175603, -37.6834613], [176.1755963, -37.6835786], [176.1755803, -37.683688], [176.1755592, -37.6837883], [176.1755411, -37.6838774], [176.1755264, -37.6839553], [176.1755151, -37.6840218], [176.1755071, -37.6840783], [176.1755024, -37.6841406], [176.175501, -37.6842134], [176.175503, -37.6842969], [176.1755084, -37.684391], [176.1755083, -37.6845124], [176.1754883, -37.6846886], [176.1754483, -37.6849198], [176.1753883, -37.6852062], [176.1753111, -37.685542], [176.1752441, -37.6858753], [176.1751937, -37.6861932], [176.1751601, -37.686496], [176.1751432, -37.6867834], [176.1751335, -37.6870451], [176.1751189, -37.6872678], [176.1750992, -37.6874512], [176.1750745, -37.6875955], [176.1750441, -37.6877048], [176.1750029, -37.6878079], [176.1749501, -37.6879104], [176.1748855, -37.6880122], [176.1748389, -37.6881042], [176.1748387, -37.688131], [176.1748443, -37.6881593], [176.1748565, -37.6881857], [176.1748887, -37.6882175], [176.1749714, -37.6882713], [176.1750193, -37.6882953], [176.1750459, -37.6883138], [176.1750815, -37.68835], [176.1751101, -37.6883959], [176.175132, -37.6884627]]}, "geometry_name": "shape", "properties": {"fidn": "5338959", "valdco": 0.0, "verdat": null, "inform": null, "ninfom": null, "ntxtds": null, "scamin": 29999, "txtdsc": null, "sordat": null, "sorind": null, "hypcat": null}}, {"type": "Feature", "id": "layer-50672.145868", "geometry": {"type": "LineString", "coordinates": [[176.1770254, -37.6751668], [176.1770258, -37.6752405], [176.1770181, -37.6752803], [176.1769982, -37.6753148], [176.176962, -37.6753503], [176.1766986, -37.675552], [176.1766597, -37.6755904], [176.1766071, -37.6756437], [176.1763465, -37.6759785], [176.1760931, -37.6763094], [176.1759026, -37.6765577], [176.1757751, -37.6767234], [176.1757104, -37.6768065], [176.1756987, -37.6768203], [176.1756928, -37.6768265], [176.1756867, -37.6768333], [176.1756804, -37.6768405], [176.175674, -37.6768483], [176.1756674, -37.6768569], [176.1756607, -37.6768666], [176.1756538, -37.6768773], [176.1756469, -37.6768891], [176.1756401, -37.6769017], [176.1756342, -37.6769139], [176.1756293, -37.6769257], [176.1756253, -37.6769371], [176.1756223, -37.6769482], [176.1756203, -37.6769587], [176.1756194, -37.6769686], [176.1756194, -37.676978], [176.1756204, -37.6769869], [176.1756222, -37.6769954], [176.1756241, -37.6770037], [176.1756263, -37.677012], [176.1756286, -37.6770201], [176.1756314, -37.677029], [176.1756472, -37.6770766], [176.1756784, -37.6771698], [176.1756969, -37.6772269], [176.1757128, -37.6772804], [176.1757261, -37.6773303], [176.1757367, -37.6773766], [176.175745, -37.6774196], [176.1757527, -37.6774618], [176.17576, -37.6775036], [176.1757669, -37.6775449], [176.1757735, -37.6775858], [176.1757786, -37.6776254], [176.1757811, -37.6776632], [176.175781, -37.6776991], [176.1757784, -37.6777331], [176.1757734, -37.6777664], [176.1757664, -37.6778029], [176.1757574, -37.677843], [176.1757464, -37.6778867], [176.1757335, -37.677934], [176.1757189, -37.677982], [176.1757027, -37.6780292], [176.1756848, -37.6780757], [176.1756654, -37.6781213], [176.1756444, -37.6781665], [176.175622, -37.6782118], [176.1755981, -37.6782573], [176.1755729, -37.678303], [176.1755463, -37.6783488], [176.1755208, -37.6783931], [176.1754971, -37.6784355], [176.1754752, -37.6784758], [176.1754551, -37.6785142], [176.1754375, -37.6785519], [176.1754232, -37.6785913], [176.1754123, -37.6786322], [176.1754048, -37.6786747], [176.1754006, -37.6787251], [176.1753995, -37.6788325], [176.1754013, -37.6790071], [176.1754061, -37.679249], [176.1754139, -37.6795582], [176.1753531, -37.6808466], [176.1753273, -37.6826364], [176.1753064, -37.6827559], [176.1752819, -37.6828659], [176.1752537, -37.6829664], [176.1752219, -37.6830574], [176.1751864, -37.6831389], [176.1751475, -37.6832111], [176.175111, -37.6832756], [176.1750791, -37.6833333], [176.1750518, -37.6833842], [176.1750292, -37.6834281], [176.1750112, -37.6834653], [176.174998, -37.6834968], [176.1749907, -37.68353], [176.1749893, -37.6835661], [176.1749938, -37.6836051], [176.1750043, -37.683647], [176.1750208, -37.6836918], [176.1750449, -37.6837377], [176.1750804, -37.6837804], [176.1751112, -37.6838406], [176.1751589, -37.6838865], [176.175238, -37.6839244], [176.1752801, -37.6839885], [176.1752955, -37.6840633], [176.1752312, -37.6841495], [176.1751402, -37.6842292], [176.1749307, -37.6842874], [176.1747536, -37.6843529], [176.174609, -37.6844257], [176.1744964, -37.6845056], [176.1743753, -37.6846714], [176.1743165, -37.6847555], [176.174274, -37.6848404], [176.1742467, -37.6849272], [176.1742256, -37.6850244], [176.1742087, -37.6851338], [176.1741962, -37.6852555], [176.174188, -37.6853893], [176.1741842, -37.6855297], [176.1741846, -37.6856581], [176.1741894, -37.6857732], [176.1741985, -37.6858749], [176.1742119, -37.6859633], [176.1743497, -37.6865558], [176.17437, -37.6866789], [176.1744208, -37.6868705], [176.1744596, -37.6869806], [176.1744901, -37.6870775], [176.1745388, -37.68719], [176.1745506, -37.6873124], [176.1745667, -37.6874319], [176.174587, -37.6875472], [176.1745931, -37.6875749], [176.1746117, -37.6876584], [176.1746407, -37.6877653], [176.1746534, -37.6878066], [176.1746733, -37.6878708], [176.1747079, -37.6879811], [176.1747444, -37.6880963], [176.1747745, -37.6881907], [176.1747828, -37.6882165], [176.1747863, -37.6883441], [176.1747933, -37.688405], [176.1748015, -37.6884759], [176.1748032, -37.6884867], [176.1748096, -37.688528], [176.1748136, -37.6885549], [176.1748187, -37.6885894], [176.174858, -37.6888448], [176.1748706, -37.6889931], [176.1748742, -37.6890654], [176.1748742, -37.6891305], [176.1748731, -37.6891854], [176.1748695, -37.689232], [176.1748616, -37.6893062], [176.1748477, -37.6894161], [176.1748443, -37.6894554], [176.1748443, -37.6894912], [176.1748477, -37.6895332], [176.1748569, -37.6895844], [176.1748663, -37.6896148], [176.1748789, -37.6896477], [176.1749147, -37.6897292], [176.1749676, -37.6898335], [176.1750333, -37.6899506], [176.1751681, -37.6901786], [176.1752189, -37.690272], [176.1752419, -37.6903186], [176.1752649, -37.6903708], [176.1753814, -37.6906602], [176.1753848, -37.6906675], [176.1754163, -37.6907333]]}, "geometry_name": "shape", "properties": {"fidn": "5338951", "valdco": 2, "verdat": null, "inform": null, "ninfom": null, "ntxtds": null, "scamin": 17999, "txtdsc": null, "sordat": null, "sorind": null, "hypcat": null}}, {"type": "Feature", "id": "layer-50672.145865", "geometry": {"type": "LineString", "coordinates": [[176.1711319, -37.6810992], [176.1711242, -37.6811208], [176.1710761, -37.6812931], [176.1710569, -37.6813695], [176.1711196, -37.6819674], [176.1710778, -37.6823943], [176.1710692, -37.6827341], [176.1710582, -37.6829989], [176.1710537, -37.6831663], [176.17105, -37.6832782], [176.1710461, -37.6833772], [176.1710841, -37.6838864], [176.1710968, -37.6847382], [176.170989, -37.6849953], [176.1709446, -37.6852524], [176.1709547, -37.6853697], [176.1708802, -37.6856263], [176.1708501, -37.6857298], [176.1708947, -37.6859499], [176.1709374, -37.686161], [176.1710323, -37.6863995], [176.1710471, -37.6864629], [176.171059, -37.6865162], [176.1710681, -37.6865595], [176.1710742, -37.6865928], [176.1710775, -37.686616], [176.1710779, -37.6866346], [176.1710755, -37.6866539], [176.1710702, -37.6866739], [176.1710621, -37.6866946], [176.1710512, -37.6867161], [176.1710287, -37.6867563], [176.1710105, -37.6867895], [176.1710031, -37.6868035], [176.1709963, -37.686818], [176.1709898, -37.6868351], [176.1709835, -37.6868548], [176.1709774, -37.6868773], [176.1709716, -37.6869024], [176.1709664, -37.6869274], [176.1709623, -37.6869495], [176.1709594, -37.6869687], [176.1709576, -37.6869851], [176.1709569, -37.6869985], [176.1709568, -37.6870104], [176.170957, -37.6870221], [176.1709573, -37.6870337], [176.1709579, -37.687045], [176.1709586, -37.6870561], [176.17096, -37.6870677], [176.1709625, -37.6870803], [176.1709661, -37.6870938], [176.1709709, -37.6871084], [176.1709767, -37.6871239], [176.1710746, -37.6872508], [176.1711588, -37.6873471], [176.1712749, -37.6874501], [176.1714096, -37.6875638], [176.1714626, -37.68762], [176.171475, -37.6876331], [176.1715437, -37.6876966], [176.1716349, -37.6877702], [176.1716737, -37.6878076], [176.1717008, -37.6878337], [176.1717163, -37.6878675], [176.171715, -37.6878766], [176.1717123, -37.6879025], [176.1717105, -37.6879197], [176.1717048, -37.6879434], [176.1716943, -37.6879782], [176.1716702, -37.6880131], [176.171631, -37.6880661], [176.1716103, -37.6881], [176.1715896, -37.6881394], [176.1715689, -37.688186], [176.1715493, -37.6882438], [176.1715275, -37.6883152], [176.1715147, -37.6883555], [176.1714987, -37.6883984], [176.1714814, -37.6884442], [176.1714607, -37.6884899], [176.1714191, -37.6885779], [176.1713801, -37.6886503], [176.1713421, -37.6887106], [176.1713018, -37.6887674], [176.1712499, -37.6888297], [176.1711842, -37.6889056], [176.1711151, -37.6889899], [176.1710528, -37.6890751], [176.1710253, -37.6891153], [176.1710023, -37.6891538], [176.1709643, -37.6892261], [176.1709366, -37.6892902], [176.1709159, -37.6893534], [176.1709078, -37.6893928], [176.1709009, -37.6894431], [176.1708952, -37.6895053], [176.1708918, -37.6895813], [176.1708907, -37.6897672], [176.1708999, -37.6899824], [176.1709067, -37.6900912], [176.1709161, -37.6901948], [176.1709263, -37.6902909], [176.1709438, -37.6903906], [176.1709726, -37.6905114], [176.1710354, -37.6907333]]}, "geometry_name": "shape", "properties": {"fidn": "5338950", "valdco": 2, "verdat": null, "inform": null, "ninfom": null, "ntxtds": null, "scamin": 17999, "txtdsc": null, "sordat": null, "sorind": null, "hypcat": null}}, {"type": "Feature", "id": "layer-50672.145279", "geometry": {"type": "LineString", "coordinates": [[176.1705748, -37.6852384], [176.1706167, -37.6852652], [176.1706721, -37.6853182], [176.1707247, -37.6853888], [176.1707346, -37.685418], [176.1707398, -37.6854621], [176.1707361, -37.685513], [176.1707269, -37.6855657], [176.1706769, -37.6857087], [176.1706705, -37.6857425], [176.1706674, -37.6857878], [176.170681, -37.6858958], [176.1706898, -37.6859288], [176.1707065, -37.6859678], [176.1707926, -37.6860998], [176.1708298, -37.6861656], [176.1708454, -37.6862142], [176.1708443, -37.6862754], [176.1708074, -37.6863971], [176.1707704, -37.6864757], [176.1707414, -37.6865591]]}, "geometry_name": "shape", "properties": {"fidn": "5151594", "valdco": 0.0, "verdat": null, "inform": null, "ninfom": null, "ntxtds": null, "scamin": 29999, "txtdsc": null, "sordat": null, "sorind": null, "hypcat": null}}, {"type": "Feature", "id": "layer-50672.137718", "geometry": {"type": "LineString", "coordinates": [[176.1771467, -37.673225], [176.1771326, -37.6733007], [176.1771117, -37.6734126], [176.1771126, -37.6734796], [176.1771075, -37.673572], [176.1771212, -37.6738455], [176.1771284, -37.6738767], [176.1771594, -37.6739122], [176.1772135, -37.6739508], [176.1772373, -37.6739654], [176.1772658, -37.6739788], [176.1773563, -37.6740124], [176.1773947, -37.6740229], [176.1774568, -37.6740255], [176.1776337, -37.6739689], [176.1777055, -37.6739404], [176.1780484, -37.6737883]]}, "geometry_name": "shape", "properties": {"fidn": "5151587", "valdco": 2, "verdat": null, "inform": null, "ninfom": null, "ntxtds": null, "scamin": 17999, "txtdsc": null, "sordat": null, "sorind": null, "hypcat": null}}, {"type": "Feature", "id": "layer-50672.145309", "geometry": {"type": "LineString", "coordinates": [[176.1780778, -37.6737168], [176.1780484, -37.6737883], [176.1779634, -37.6738892], [176.1778637, -37.674016], [176.1778438, -37.6740846], [176.1778382, -37.6741296], [176.1778376, -37.6741514], [176.1778408, -37.6741712], [176.1778478, -37.6741926], [176.1778703, -37.6742299], [176.1779202, -37.6742801], [176.1780287, -37.6744038]]}, "geometry_name": "shape", "properties": {"fidn": "5172269", "valdco": 0.0, "verdat": null, "inform": null, "ninfom": null, "ntxtds": null, "scamin": 29999, "txtdsc": null, "sordat": null, "sorind": null, "hypcat": null}}, {"type": "Feature", "id": "layer-50672.145817", "geometry": {"type": "LineString", "coordinates": [[176.1763983, -37.6742897], [176.1763901, -37.6742704], [176.1763734, -37.6742556], [176.1763578, -37.6742445], [176.1763435, -37.6742369], [176.1763303, -37.6742329], [176.1763171, -37.6742308], [176.1763036, -37.67423], [176.1762897, -37.6742306], [176.1762755, -37.6742326], [176.1762614, -37.6742359], [176.1762487, -37.6742403], [176.1762378, -37.6742458], [176.1762286, -37.6742524], [176.1762211, -37.67426], [176.1762147, -37.6742686], [176.1762086, -37.674278], [176.1762027, -37.6742883], [176.1761971, -37.6742995], [176.1761918, -37.6743115], [176.1761873, -37.6743233], [176.1761841, -37.6743346], [176.1761821, -37.6743452], [176.1761813, -37.6743551], [176.1761817, -37.6743646], [176.1761836, -37.6743743], [176.176187, -37.6743843], [176.1761918, -37.6743946], [176.1761981, -37.6744051], [176.1762063, -37.6744154], [176.1762177, -37.6744241], [176.176232, -37.6744312], [176.1762495, -37.6744367], [176.17627, -37.6744406], [176.1762902, -37.6744427], [176.1763077, -37.6744429], [176.1763226, -37.6744413], [176.1763349, -37.6744379], [176.1763446, -37.6744326], [176.1763531, -37.6744261], [176.1763606, -37.6744186], [176.1763672, -37.6744099], [176.1763728, -37.6744001], [176.176378, -37.6743882], [176.176384, -37.6743712], [176.1763911, -37.674349], [176.176399, -37.6743215], [176.1763983, -37.6742897]]}, "geometry_name": "shape", "properties": {"fidn": "5333185", "valdco": 2, "verdat": null, "inform": null, "ninfom": null, "ntxtds": null, "scamin": 17999, "txtdsc": null, "sordat": null, "sorind": null, "hypcat": null}}, {"type": "Feature", "id": "layer-50672.145894", "geometry": {"type": "LineString", "coordinates": [[176.1767434, -37.6747541], [176.1767089, -37.6747258], [176.1766644, -37.6746623], [176.1766598, -37.6746236], [176.176656, -37.6745927], [176.1766643, -37.6745703], [176.1766822, -37.6745484], [176.1767186, -37.6745337], [176.1767666, -37.6745281], [176.1768189, -37.6745282], [176.1768572, -37.6745343], [176.1768849, -37.67455], [176.1769007, -37.6745613], [176.1769081, -37.6745792], [176.1769144, -37.6746373], [176.1769054, -37.6747279]]}, "geometry_name": "shape", "properties": {"fidn": "5340055", "valdco": 2, "verdat": null, "inform": null, "ninfom": null, "ntxtds": null, "scamin": 17999, "txtdsc": null, "sordat": null, "sorind": null, "hypcat": null}}, {"type": "Feature", "id": "layer-50672.145272", "geometry": {"type": "LineString", "coordinates": [[176.1733906, -37.6738824], [176.1733002, -37.6738947], [176.1732719, -37.6739005], [176.1732488, -37.673906], [176.1732307, -37.6739113], [176.1732177, -37.6739164], [176.1732062, -37.6739225], [176.1731951, -37.6739299], [176.1731844, -37.6739385], [176.1731741, -37.6739485], [176.1731643, -37.6739597], [176.1731549, -37.6739723], [176.1731462, -37.6739862], [176.173138, -37.6740015], [176.1731304, -37.6740181], [176.1731228, -37.6740372], [176.1731144, -37.6740606], [176.1731053, -37.6740882], [176.1730954, -37.6741201], [176.1730849, -37.6741562], [176.1730749, -37.6741923], [176.1730662, -37.6742264], [176.1730587, -37.6742586], [176.1730526, -37.6742887], [176.1730471, -37.6743174], [176.1730294, -37.6743804], [176.1730041, -37.6744484], [176.1729451, -37.6744929], [176.1728716, -37.6745264], [176.1727876, -37.6745524], [176.1726953, -37.6745601], [176.1725754, -37.6745461], [176.1725658, -37.6745471], [176.1725581, -37.6745537], [176.1725574, -37.6745601], [176.17256, -37.6745762], [176.1725601, -37.6745765], [176.1725707, -37.6745907], [176.1726144, -37.6746286], [176.1726527, -37.6746497], [176.1727112, -37.6746676], [176.1729047, -37.6747108], [176.1730149, -37.6747351], [176.1730564, -37.6747356], [176.1731048, -37.6747297], [176.1731292, -37.6747229], [176.1731539, -37.674716], [176.1731804, -37.6747034], [176.1732069, -37.6746792], [176.1732851, -37.6746075], [176.1733514, -37.6745517], [176.173472, -37.6743747], [176.1734932, -37.6743462], [176.1735462, -37.6742546], [176.1735807, -37.674204], [176.1736868, -37.6740818], [176.1737133, -37.6740597], [176.1737881, -37.6740075], [176.1738424, -37.6739532], [176.173845, -37.6739375], [176.1738446, -37.6739222], [176.1738415, -37.6739063], [176.1738358, -37.6738895], [176.1738276, -37.6738718], [176.1738168, -37.6738533], [176.1738052, -37.6738364], [176.1737936, -37.6738221], [176.1737821, -37.6738104], [176.1737705, -37.6738015], [176.1737589, -37.6737944], [176.1737474, -37.6737884], [176.1737358, -37.6737834], [176.1737242, -37.6737795], [176.1737122, -37.6737763], [176.1736769, -37.673775], [176.1736372, -37.6737914], [176.1735863, -37.6738142], [176.1735195, -37.6738382], [176.1734541, -37.6738659], [176.1733906, -37.6738824]]}, "geometry_name": "shape", "properties": {"fidn": "5151586", "valdco": 5, "verdat": null, "inform": null, "ninfom": null, "ntxtds": null, "scamin": 17999, "txtdsc": null, "sordat": null, "sorind": null, "hypcat": null}}, {"type": "Feature", "id": "layer-50672.138540", "geometry": {"type": "LineString", "coordinates": [[176.1569631, -37.6301035], [176.156942, -37.6302152], [176.1569394, -37.6302287], [176.1570047, -37.6303443], [176.1570759, -37.6303681], [176.1571531, -37.6303939], [176.1572749, -37.6303965], [176.1573574, -37.6303752], [176.1574143, -37.6303231], [176.1574666, -37.6302457], [176.1574558, -37.6301484], [176.1574378, -37.6300867], [176.1573574, -37.6300047], [176.1572273, -37.6299713], [176.1570729, -37.629995], [176.1569631, -37.6301035]]}, "geometry_name": "shape", "properties": {"fidn": "8192355", "valdco": 0.0, "verdat": null, "inform": null, "ninfom": null, "ntxtds": null, "scamin": 29999, "txtdsc": null, "sordat": null, "sorind": null, "hypcat": null}}, {"type": "Feature", "id": "layer-50672.145287", "geometry": {"type": "LineString", "coordinates": [[176.1260956, -37.6331038], [176.1260966, -37.6332659], [176.1261594, -37.6335026], [176.1262225, -37.6336358], [176.1264256, -37.6340441], [176.1264792, -37.634102], [176.1265393, -37.6341289], [176.1266181, -37.6341227], [176.1266783, -37.6340901], [176.1267303, -37.6340289], [176.1267573, -37.6339376], [176.1267759, -37.6338172], [176.126761, -37.6336896], [176.1267084, -37.6335311], [176.1267272, -37.6333159], [176.1267122, -37.6331426], [176.1266923, -37.6330731], [176.1266517, -37.6330241], [176.1265648, -37.6329627], [176.1264785, -37.632937], [176.1264051, -37.6329189], [176.1263481, -37.6329098], [176.1262644, -37.6329113], [176.1261868, -37.6329225], [176.1261236, -37.6329673], [176.1261027, -37.6330353], [176.1260956, -37.6331038]]}, "geometry_name": "shape", "properties": {"fidn": "5151539", "valdco": 0.0, "verdat": null, "inform": null, "ninfom": null, "ntxtds": null, "scamin": 29999, "txtdsc": null, "sordat": null, "sorind": null, "hypcat": null}}, {"type": "Feature", "id": "layer-50672.138075", "geometry": {"type": "LineString", "coordinates": [[176.1432153, -37.5911667], [176.1442697, -37.591543], [176.1453155, -37.591952], [176.1465208, -37.5924386], [176.1478148, -37.592897], [176.1486568, -37.5929746], [176.1490024, -37.5929675], [176.1493304, -37.5930663], [176.1499153, -37.5934189], [176.1504116, -37.5938279], [176.1506066, -37.5941735], [176.1506775, -37.5944062], [176.15097, -37.5945331], [176.1516524, -37.5944979], [176.1525475, -37.5944626], [176.1539922, -37.5944556], [176.1552241, -37.5943921], [176.1564295, -37.5942793], [176.1570587, -37.5942299], [176.1592212, -37.5939901], [176.1609938, -37.5938984], [176.1629259, -37.5939407], [176.1639274, -37.5939901], [176.1658861, -37.5943075], [176.1678093, -37.5946389], [176.1687569, -37.5948214], [176.17098, -37.5954209], [176.1730185, -37.5962318], [176.174082, -37.5967666], [176.1742803, -37.5968921], [176.1756699, -37.5977715], [176.1769993, -37.5987881], [176.1776493, -37.5992524], [176.1779398, -37.5995428], [176.1784839, -37.6000868], [176.1788088, -37.6004629], [176.179127, -37.6009624]]}, "geometry_name": "shape", "properties": {"fidn": "7828102", "valdco": 15, "verdat": null, "inform": null, "ninfom": null, "ntxtds": null, "scamin": 17999, "txtdsc": null, "sordat": null, "sorind": null, "hypcat": null}}, {"type": "Feature", "id": "layer-50672.138541", "geometry": {"type": "LineString", "coordinates": [[176.1535719, -37.6076203], [176.1532312, -37.6078], [176.1529808, -37.6080677], [176.1529139, -37.6082789], [176.153016, -37.6084443], [176.1532625, -37.6086092], [176.1535694, -37.6086635], [176.1539274, -37.6086335], [176.1551638, -37.6083675], [176.1565595, -37.6080509], [176.1571697, -37.6078778], [176.1575889, -37.6076625], [176.1575648, -37.6074485], [176.1573448, -37.607329], [176.1569092, -37.6071478], [176.1565658, -37.6070726], [176.1560589, -37.6070618], [176.155491, -37.6070564], [176.1547499, -37.6072065], [176.1535719, -37.6076203]]}, "geometry_name": "shape", "properties": {"fidn": "8192379", "valdco": 5, "verdat": null, "inform": null, "ninfom": null, "ntxtds": null, "scamin": 17999, "txtdsc": null, "sordat": null, "sorind": null, "hypcat": null}}, {"type": "Feature", "id": "layer-50672.148235", "geometry": {"type": "LineString", "coordinates": [[176.1307874, -37.5911667], [176.1308666, -37.5916339], [176.1310124, -37.5924921], [176.1314762, -37.5931849], [176.1323646, -37.5936557], [176.1334614, -37.5938819], [176.1348606, -37.5938935], [176.1358225, -37.5943341], [176.1359525, -37.5949548], [176.1359828, -37.5950995], [176.1354981, -37.5963234], [176.1352358, -37.5973253], [176.1353121, -37.5981409], [176.135983, -37.5986698], [176.1364692, -37.5989391], [176.1370909, -37.5992281], [176.1375648, -37.5994337], [176.1382726, -37.5996345], [176.1390111, -37.5998941], [176.1395343, -37.6001291], [176.1399194, -37.6003088], [176.140335, -37.6003502], [176.1410152, -37.6003659], [176.1419454, -37.600476], [176.1427815, -37.6005616], [176.143407, -37.6005821], [176.144433, -37.6006473], [176.1457511, -37.600729], [176.1461501, -37.6007661], [176.1467153, -37.6008187], [176.147854, -37.6007738], [176.1489875, -37.600733], [176.1498337, -37.6006392], [176.1506595, -37.6003535], [176.1513057, -37.6001291], [176.1517058, -37.5998965], [176.1520341, -37.5996639], [176.1521463, -37.5996099], [176.1524751, -37.5994517], [176.1529339, -37.5991927], [176.1535065, -37.5988418], [176.1540792, -37.5985463], [176.1550232, -37.5980784], [176.1559423, -37.5977459], [176.156327, -37.597603], [176.1571373, -37.5974072], [176.1580452, -37.597199], [176.1589786, -37.5970358], [176.1601993, -37.596893], [176.160819, -37.5968654], [176.1619893, -37.5968644], [176.1629023, -37.5969378], [176.1635815, -37.5970009], [176.1641601, -37.5971552], [176.164507, -37.5972873], [176.1645689, -37.5973563], [176.1646256, -37.5974194], [176.1646486, -37.5975867], [176.1645281, -37.5977214], [176.1642529, -37.597851], [176.1638614, -37.5979254], [176.1637434, -37.5981825], [176.1637497, -37.5984068], [176.1638614, -37.5986763], [176.1642255, -37.5990395], [176.1644044, -37.5991765], [176.164463, -37.5993553], [176.1643486, -37.5994598], [176.1640038, -37.5996274], [176.1633126, -37.5998638], [176.1627013, -37.6000837], [176.1621151, -37.6003356], [176.1617688, -37.6006229], [176.1615992, -37.60083], [176.1615534, -37.6010554], [176.1616578, -37.6012685], [176.1618982, -37.601427], [176.1621551, -37.6016179], [176.1623817, -37.6017607], [176.1629373, -37.6024068], [176.1632664, -37.6026176], [176.1633946, -37.6028421], [176.1634801, -37.6033454], [176.1637323, -37.6040153], [176.1640785, -37.6043757], [176.164305, -37.6050252], [176.1643862, -37.605355], [176.1644589, -37.6056509], [176.1643734, -37.6058515], [176.1639365, -37.6063494], [176.163322, -37.6064534], [176.1627022, -37.6063955], [176.1624924, -37.6063577], [176.1619842, -37.6062663], [176.1613299, -37.6060921], [176.1604296, -37.6059217], [176.1603205, -37.6059011], [176.1595479, -37.6058345], [176.1591447, -37.6058006], [176.1585982, -37.605847], [176.1584837, -37.6060181], [176.1584549, -37.6061932], [176.158676, -37.6063071], [176.1597232, -37.6063989], [176.1603515, -37.6065826], [176.1607233, -37.6067288], [176.1616423, -37.607045], [176.1625055, -37.6073064], [176.1632502, -37.6077422], [176.1637487, -37.6080948], [176.1642472, -37.608555], [176.1646042, -37.6090202], [176.1647273, -37.6097301], [176.1647704, -37.6102834], [176.1649923, -37.6109686], [176.165035, -37.6111624], [176.1649436, -37.6115337], [176.1648068, -37.6119689], [176.1647384, -37.612394], [176.1644734, -37.612955], [176.16417, -37.6134514], [176.1637765, -37.6140935], [176.1636383, -37.6142303], [176.1628184, -37.6144379], [176.1624744, -37.6146382], [176.1623117, -37.6149338], [176.1624898, -37.6152783], [176.1627569, -37.6154322], [176.1630517, -37.6153418], [176.1635984, -37.6148288], [176.1640037, -37.6146456], [176.1643247, -37.6147191], [176.1644441, -37.6150604], [176.1643481, -37.6153497], [176.1640166, -37.6155118], [176.163626, -37.6156613], [176.1633275, -37.6158753], [176.1630757, -37.6160529], [176.1627385, -37.616125], [176.1623282, -37.6163426], [176.1620888, -37.616618], [176.1618195, -37.617026], [176.16164, -37.6173898], [176.1614862, -37.61757], [176.161397, -37.6177391], [176.1612907, -37.617895], [176.1610844, -37.6181038], [176.1610331, -37.6184981], [176.1609476, -37.6187701], [176.1607852, -37.6191101], [176.160657, -37.6195657], [176.1605864, -37.6199932], [176.1605672, -37.6201844], [176.1605587, -37.6204598], [176.160563, -37.6207454], [176.1604903, -37.6212179], [176.1605074, -37.6216055], [176.1604946, -37.6218469], [176.1605245, -37.6223738], [176.160704, -37.6232577], [176.1606589, -37.6234158], [176.1603531, -37.6234687], [176.1601936, -37.623726], [176.1602202, -37.6242653], [176.1603829, -37.6246812], [176.1607842, -37.6251203], [176.1609574, -37.6253372], [176.1610476, -37.6255525], [176.1610716, -37.6258531], [176.1609061, -37.6261253], [176.1606257, -37.6261638], [176.1602388, -37.6262576], [176.1599587, -37.6263426], [176.1598537, -37.6265439], [176.1598185, -37.6266619], [176.1598123, -37.626852], [176.1598496, -37.6271113], [176.1599274, -37.6274134], [176.1599396, -37.6275533], [176.1599582, -37.6277409], [176.1599481, -37.6278804], [176.1598927, -37.6281056], [176.1598189, -37.6284384], [176.159862, -37.6287713], [176.1598925, -37.6288667], [176.1599543, -37.6290601], [176.1600527, -37.6294028], [176.1602435, -37.6297503], [176.1604762, -37.6303059], [176.1605523, -37.6304876], [176.1606667, -37.6308545], [176.1609911, -37.6311759], [176.1612066, -37.6313769], [176.1612676, -37.6314339], [176.1614431, -37.6317088], [176.1616556, -37.632177], [176.16167, -37.6322348], [176.1617206, -37.6324201], [176.1618048, -37.63268], [176.1618691, -37.6327678], [176.161997, -37.6332669], [176.1621177, -37.6336884], [176.1621489, -37.6337942], [176.1621682, -37.6338833], [176.1621778, -37.633982], [176.1621971, -37.6341264], [176.1622211, -37.6342948], [176.1622428, -37.6344344], [176.1622669, -37.6345812], [176.1622861, -37.6346967], [176.1623102, -37.6348219], [176.1623439, -37.6350192], [176.1623968, -37.6352334], [176.1624474, -37.635397], [176.162535, -37.6355491], [176.1626209, -37.6357244], [176.1627614, -37.6359014]]}, "geometry_name": "shape", "properties": {"fidn": "8192399", "valdco": 10, "verdat": null, "inform": null, "ninfom": null, "ntxtds": null, "scamin": 17999, "txtdsc": null, "sordat": null, "sorind": null, "hypcat": null}}, {"type": "Feature", "id": "layer-50672.148232", "geometry": {"type": "LineString", "coordinates": [[176.1216667, -37.5954062], [176.1224032, -37.5960759], [176.1224319, -37.596102], [176.1236911, -37.59741], [176.1259298, -37.5988155], [176.1265307, -37.5997584], [176.1275633, -37.6018595], [176.1275636, -37.6018598], [176.12801, -37.6023164], [176.1288651, -37.6031897], [176.1296053, -37.603738], [176.1308688, -37.6043269], [176.1321578, -37.6046315], [176.1337148, -37.6046924], [176.1352336, -37.6044487], [176.1367778, -37.6042152], [176.1378116, -37.6039715], [176.139443, -37.6036568], [176.1406236, -37.6035129], [176.1422508, -37.6033437], [176.1440056, -37.6032675], [176.1461665, -37.6031276], [176.1476643, -37.6028103], [176.1487739, -37.6023492], [176.1488889, -37.602321], [176.1500633, -37.6021588], [176.1509567, -37.6022291], [176.151634, -37.6024164], [176.1527643, -37.6026824], [176.1535974, -37.6029652], [176.1535921, -37.6032059], [176.1532244, -37.603481], [176.1527386, -37.603635], [176.1514396, -37.6039538], [176.1503857, -37.6041326], [176.1493354, -37.6044199], [176.1486389, -37.6050028], [176.1480287, -37.6057134], [176.1476359, -37.6061737], [176.1473913, -37.6062837], [176.1469234, -37.6061907], [176.1468357, -37.6058609], [176.1468803, -37.605481], [176.1467742, -37.6052265], [176.146651, -37.6050901], [176.1463456, -37.6050177], [176.1458529, -37.6050305], [176.1453046, -37.6050642], [176.14496, -37.6051255], [176.1445652, -37.6052185], [176.1439303, -37.605357], [176.1435144, -37.6054478], [176.141829, -37.6055984], [176.140372, -37.6056661], [176.1388086, -37.6057676], [176.1372346, -37.605996], [176.1365713, -37.6061229], [176.1353908, -37.6063006], [176.1346761, -37.6063514], [176.134357, -37.6065747], [176.1346761, -37.606986], [176.1353206, -37.6074124], [176.1357354, -37.6077018], [176.1359789, -37.6079383], [176.136171, -37.6083144], [176.1361604, -37.6088643], [176.1367028, -37.6092535], [176.1371667, -37.6096858], [176.1376125, -37.6098024], [176.1381347, -37.609772], [176.1385804, -37.6095997], [176.1389928, -37.609538], [176.1392236, -37.6095035], [176.1398294, -37.6093936], [176.1404335, -37.6092755], [176.1409463, -37.6090928], [176.141744, -37.6089236], [176.1425842, -37.6088813], [176.1433924, -37.6089405], [176.1437859, -37.6087797], [176.1437753, -37.6083821], [176.143435, -37.6078744], [176.1433842, -37.6076424], [176.1437115, -37.6073837], [176.1442151, -37.6072347], [176.1447369, -37.6071886], [176.1451814, -37.6072193], [176.1455833, -37.6073075], [176.1460619, -37.6075952], [176.1464055, -37.6082188], [176.1464661, -37.6088051], [176.1463226, -37.6092468], [176.1459148, -37.6095187], [176.1453881, -37.6097398], [176.1447183, -37.6102942], [176.1445745, -37.6105605], [176.1446624, -37.6109777], [176.1443937, -37.6112712], [176.1440109, -37.6112542], [176.1435307, -37.6110557], [176.1426937, -37.6105936], [176.1421924, -37.6105904], [176.1418412, -37.6107339], [176.1415381, -37.6109031], [176.1411393, -37.6109877], [176.1403614, -37.6110303], [176.1396078, -37.6110427], [176.1390654, -37.6110808], [176.1387536, -37.6112249], [176.1387182, -37.6114999], [176.1389043, -37.6118736], [176.1396869, -37.6128069], [176.1401079, -37.6130819], [176.140387, -37.6134062], [176.1410535, -37.6139091], [176.1417854, -37.6146306], [176.1422729, -37.6151652], [176.1426671, -37.6154494], [176.1429191, -37.6156233], [176.1432053, -37.6157721], [176.1436836, -37.616023], [176.1442522, -37.6162815], [176.144542, -37.6164414], [176.144776, -37.6165102], [176.1450161, -37.6166227], [176.1453309, -37.6168217], [176.1456703, -37.616916], [176.1460248, -37.6169453], [176.1465362, -37.6167934], [176.1473466, -37.6169152], [176.1489544, -37.6176417], [176.1500204, -37.6182451], [176.1511818, -37.6186208], [176.1518518, -37.6188339], [176.1525601, -37.6186969], [176.1530201, -37.6183374], [176.1532225, -37.6181675], [176.1533815, -37.6181226], [176.1535354, -37.6181838], [176.1537149, -37.6183062], [176.154002, -37.6183997], [176.1541765, -37.6183674], [176.1542905, -37.6182098], [176.1543973, -37.6180313], [176.1546201, -37.6179172], [176.1553127, -37.6182467], [176.1557045, -37.618564], [176.1559569, -37.6189688], [176.1561637, -37.6197854], [176.1562649, -37.6201274], [176.1564222, -37.6207782], [176.1565256, -37.6211131], [176.156811, -37.6220161], [176.1570188, -37.6225497], [176.1571405, -37.6233453], [176.1572265, -37.6245186], [176.1572889, -37.6249412], [176.1574877, -37.6257863], [176.1576005, -37.6262231], [176.1578855, -37.627106], [176.1582686, -37.6281153], [176.1586245, -37.6291692], [176.1590293, -37.6301771], [176.1595302, -37.6310276], [176.1597648, -37.6313269], [176.1601234, -37.6317843], [176.1607147, -37.6325094], [176.1613843, -37.6331694], [176.1616796, -37.6336328], [176.1619114, -37.6342883], [176.1620539, -37.63475], [176.1621358, -37.6349624], [176.1622323, -37.6352307], [176.1622686, -37.6354149], [176.1623018, -37.6355297], [176.1623541, -37.6356844]]}, "geometry_name": "shape", "properties": {"fidn": "8192395", "valdco": 5, "verdat": null, "inform": null, "ninfom": null, "ntxtds": null, "scamin": 17999, "txtdsc": null, "sordat": null, "sorind": null, "hypcat": null}}, {"type": "Feature", "id": "layer-50672.148275", "geometry": {"type": "LineString", "coordinates": [[176.1513593, -37.6136454], [176.1516712, -37.6134581], [176.1518832, -37.6133223], [176.1520362, -37.613238], [176.1523129, -37.613224], [176.1524306, -37.6132802], [176.1524071, -37.6134675], [176.1523011, -37.613636], [176.1522128, -37.6138046], [176.1520598, -37.6140013], [176.1519244, -37.614109], [176.1518062, -37.6141059], [176.1516074, -37.6140419], [176.1514679, -37.6139685], [176.151352, -37.6138311], [176.1513212, -37.6137314], [176.1513593, -37.6136454]]}, "geometry_name": "shape", "properties": {"fidn": "8228066", "valdco": 5, "verdat": null, "inform": null, "ninfom": null, "ntxtds": null, "scamin": 17999, "txtdsc": null, "sordat": null, "sorind": null, "hypcat": null}}, {"type": "Feature", "id": "layer-50672.148274", "geometry": {"type": "LineString", "coordinates": [[176.153734, -37.6115368], [176.1538485, -37.6113873], [176.1540211, -37.6113594], [176.1542502, -37.6114067], [176.1544362, -37.611534], [176.1545652, -37.6116903], [176.1545148, -37.61181], [176.1543022, -37.6118685], [176.1541346, -37.6118816], [176.1539629, -37.6118685], [176.1538321, -37.611823], [176.1537749, -37.611719], [176.153734, -37.6115368]]}, "geometry_name": "shape", "properties": {"fidn": "8228065", "valdco": 5, "verdat": null, "inform": null, "ninfom": null, "ntxtds": null, "scamin": 17999, "txtdsc": null, "sordat": null, "sorind": null, "hypcat": null}}, {"type": "Feature", "id": "layer-50672.148280", "geometry": {"type": "LineString", "coordinates": [[176.1494636, -37.6127553], [176.1495368, -37.6125268], [176.1496735, -37.6124469], [176.1498354, -37.6124237], [176.1500213, -37.6124103], [176.1503424, -37.6125716], [176.1505113, -37.6127777], [176.150517, -37.6129435], [176.1504339, -37.6130257], [176.1502917, -37.6130914], [176.1500776, -37.6131228], [176.1498185, -37.6130511], [176.1495593, -37.6129167], [176.1494636, -37.6127553]]}, "geometry_name": "shape", "properties": {"fidn": "8228651", "valdco": 5, "verdat": null, "inform": null, "ninfom": null, "ntxtds": null, "scamin": 17999, "txtdsc": null, "sordat": null, "sorind": null, "hypcat": null}}, {"type": "Feature", "id": "layer-50672.148227", "geometry": {"type": "LineString", "coordinates": [[176.1216667, -37.6003292], [176.1255508, -37.6036575], [176.1267767, -37.604708], [176.1305118, -37.6077853], [176.1311334, -37.6081672], [176.1324686, -37.6088239], [176.133583, -37.6094647], [176.1340876, -37.6099886], [176.1350416, -37.6109532], [176.1354478, -37.6117317], [176.1360202, -37.6124367], [176.1362966, -37.6125926], [176.1370788, -37.613034], [176.1375835, -37.6134502], [176.1396536, -37.6152111], [176.1408014, -37.6165322], [176.1416939, -37.617238], [176.1433659, -37.618564], [176.1439962, -37.6192523], [176.1440745, -37.6193227], [176.1441804, -37.6194144], [176.1443161, -37.6195298], [176.1446225, -37.6197267], [176.1453764, -37.6202734], [176.146315, -37.6208568], [176.1479306, -37.6223213], [176.1486757, -37.6227907], [176.1506206, -37.6240048], [176.1521466, -37.625332], [176.1536856, -37.6265748], [176.1541103, -37.6273629], [176.1548701, -37.6281549], [176.1554033, -37.6284212], [176.1556367, -37.6285377], [176.1559629, -37.6287189], [176.1560429, -37.6289979], [176.1560648, -37.6292093], [176.1561352, -37.6298888], [176.156419, -37.6303821], [176.1565626, -37.6307615], [176.1567719, -37.6312387], [176.1575617, -37.6321565], [176.1584285, -37.6329519], [176.1585591, -37.6330573], [176.1594441, -37.6337718], [176.1605006, -37.6348486], [176.1609315, -37.635232], [176.1616085, -37.6359091], [176.1620188, -37.6363455], [176.1622086, -37.6367126], [176.1622906, -37.6370226], [176.1622188, -37.6372714], [176.1621419, -37.6373938], [176.1620141, -37.637502], [176.1617078, -37.6375303], [176.161212, -37.6375337], [176.160985, -37.6375145], [176.1607567, -37.6374952], [176.1605793, -37.6375241], [176.1604101, -37.6375401], [176.1602327, -37.6375785], [176.1600937, -37.6376591], [176.1600035, -37.6376812], [176.1599398, -37.6376836], [176.1598641, -37.63768], [176.1597792, -37.6376535], [176.1597049, -37.6376402], [176.1596064, -37.6376703], [176.1595549, -37.6377198], [176.1593957, -37.637821], [176.1591941, -37.6379837], [176.158923, -37.6381939], [176.158659, -37.6383873], [176.1586152, -37.6384767], [176.1586126, -37.6384887], [176.1585777, -37.6385967], [176.1585764, -37.6386009], [176.1584921, -37.6386799], [176.1583624, -37.6387095], [176.1582822, -37.6387066], [176.1581975, -37.6387066], [176.1581613, -37.6387451], [176.1581169, -37.6388765], [176.1581049, -37.6390367], [176.1580283, -37.6392002], [176.1578778, -37.6393134], [176.1578791, -37.6393349], [176.1578555, -37.6393821], [176.1578111, -37.6394263], [176.1577629, -37.6394528], [176.1576739, -37.6394852], [176.1574959, -37.6395855], [176.1572216, -37.6397565], [176.1571457, -37.6398128], [176.1569731, -37.6399186], [176.1563968, -37.6403817], [176.1563915, -37.6403836], [176.1557016, -37.6411508], [176.1551844, -37.641749], [176.1549157, -37.6419226], [176.1548166, -37.6420045], [176.1546975, -37.6421437], [176.1545986, -37.6423526], [176.15458, -37.6424571], [176.1545392, -37.6425391], [176.1544831, -37.6425878], [176.1543821, -37.6426595], [176.1542633, -37.6427284], [176.1541372, -37.6428342], [176.1540389, -37.6429368], [176.1538115, -37.6431809], [176.1537318, -37.6432443], [176.1534267, -37.6434839], [176.1532012, -37.6435936], [176.1531196, -37.6436399], [176.1529948, -37.6437012], [176.1529395, -37.643756], [176.1528689, -37.64383], [176.1527775, -37.6439058], [176.1525676, -37.6439799], [176.1524668, -37.6439994], [176.1522955, -37.6440526], [176.1520524, -37.6441425], [176.1519973, -37.6441637], [176.1519393, -37.6441954], [176.1518904, -37.6442257], [176.151807, -37.6442545], [176.1517122, -37.6442762], [176.1515522, -37.6442816], [176.151384, -37.6442853], [176.1513162, -37.6442862], [176.1512597, -37.6442853], [176.1511711, -37.6442834], [176.1511142, -37.6442843], [176.1510525, -37.6442823], [176.1507776, -37.6442846], [176.1507461, -37.6442907], [176.1507244, -37.6443069], [176.1506732, -37.644354], [176.1506547, -37.6443641], [176.1506228, -37.6443695], [176.1505277, -37.6443584], [176.1499589, -37.6443153], [176.1498151, -37.6443093], [176.1497439, -37.6442946], [176.1494918, -37.6442426], [176.1494467, -37.6442327], [176.1492819, -37.6442154], [176.1491591, -37.6441956], [176.1490487, -37.6441568]]}, "geometry_name": "shape", "properties": {"fidn": "8192336", "valdco": 0.0, "verdat": null, "inform": null, "ninfom": null, "ntxtds": null, "scamin": 29999, "txtdsc": null, "sordat": null, "sorind": null, "hypcat": null}}, {"type": "Feature", "id": "layer-50672.148229", "geometry": {"type": "LineString", "coordinates": [[176.1216667, -37.5984005], [176.1257405, -37.6022197], [176.1264248, -37.6028769], [176.1274166, -37.6038296], [176.1282674, -37.6045404], [176.1298414, -37.6059111], [176.1317771, -37.6071887], [176.1327177, -37.6078344], [176.1341845, -37.6090055], [176.1354522, -37.6101729], [176.1362277, -37.6109191], [176.1370069, -37.6117145], [176.1370623, -37.611771], [176.1383031, -37.6127404], [176.139416, -37.613763], [176.1399323, -37.6144344], [176.1400865, -37.6145535], [176.1401798, -37.6146277], [176.1402879, -37.6147064], [176.1403903, -37.6147935], [176.1408212, -37.6151958], [176.1411014, -37.6155004], [176.1411026, -37.6155018], [176.1413671, -37.6157264], [176.1415374, -37.615851], [176.1415858, -37.6158885], [176.1416089, -37.6159095], [176.1416225, -37.615926], [176.1416479, -37.6159489], [176.1418009, -37.6160798], [176.1418229, -37.6161008], [176.1418344, -37.6161145], [176.1418423, -37.6161256], [176.1418585, -37.6161385], [176.1419067, -37.6161722], [176.1422637, -37.6165133], [176.1425059, -37.6167173], [176.1431186, -37.6172414], [176.1438309, -37.6178789], [176.14418, -37.6181112], [176.1444694, -37.6183332], [176.1447071, -37.6185447], [176.1454836, -37.6192445], [176.1461033, -37.6196978], [176.1462992, -37.6198423], [176.1463694, -37.6199374], [176.1465386, -37.6200655], [176.1468262, -37.6202963], [176.1468539, -37.6203211], [176.1468815, -37.620343], [176.1469056, -37.6203649], [176.1469286, -37.6203861], [176.1470258, -37.6204514], [176.1473214, -37.620712], [176.1478272, -37.6211143], [176.1481358, -37.621438], [176.1482774, -37.6215204], [176.1486927, -37.6218254], [176.1490703, -37.6220804], [176.1495618, -37.622426], [176.1497686, -37.6225471], [176.1499029, -37.6226269], [176.1499056, -37.6226285], [176.1499506, -37.6226506], [176.149953, -37.6226514], [176.1500588, -37.6227256], [176.1500703, -37.622732], [176.1500829, -37.6227385], [176.1500955, -37.6227466], [176.1501094, -37.6227549], [176.1501715, -37.6227943], [176.1502809, -37.6228629], [176.1503131, -37.6228822], [176.1503327, -37.6228904], [176.1503592, -37.622906], [176.1504166, -37.6229445], [176.1511859, -37.6237151], [176.1514185, -37.6239206], [176.1515175, -37.6240039], [176.1516314, -37.6240955], [176.1517579, -37.6241934], [176.1518983, -37.6242987], [176.1527521, -37.6248723], [176.1527901, -37.6249108], [176.152827, -37.6249492], [176.152903, -37.6250225], [176.1529397, -37.6250582], [176.1529778, -37.6250939], [176.1530158, -37.6251287], [176.1530549, -37.6251625], [176.1530929, -37.6251964], [176.1531308, -37.6252285], [176.1531699, -37.6252614], [176.1532091, -37.6252925], [176.1533506, -37.6254079], [176.1534669, -37.6255059], [176.1535164, -37.625547], [176.1535383, -37.6255664], [176.1535578, -37.6255847], [176.1536235, -37.6256451], [176.1537109, -37.6257284], [176.1537421, -37.6257559], [176.1537649, -37.6257732], [176.153833, -37.6258346], [176.1539665, -37.6259682], [176.1542526, -37.6261995], [176.1545304, -37.6264885], [176.1550077, -37.6269134], [176.155631, -37.6273213], [176.1559551, -37.6275338], [176.156635, -37.6281877], [176.157344, -37.6290336], [176.1578537, -37.6296915], [176.1583633, -37.6305197], [176.1586661, -37.6312892], [176.1592969, -37.6319985], [176.1593086, -37.6320117], [176.1597592, -37.6327635], [176.1602245, -37.6333509], [176.1605356, -37.6337913], [176.1610663, -37.6343294], [176.1615008, -37.6347425], [176.1617059, -37.6349587], [176.1622578, -37.6355393], [176.1623541, -37.6356844], [176.1624075, -37.6358227], [176.1624408, -37.6359828], [176.162471, -37.6361459], [176.1624982, -37.6363392], [176.1625344, -37.6364903], [176.1625767, -37.6366262], [176.1626396, -37.6367508], [176.1626891, -37.6369827], [176.1627217, -37.637233], [176.1627029, -37.6373893], [176.1626745, -37.6374867], [176.1626232, -37.6375658], [176.1625765, -37.6376132], [176.1624705, -37.6376638], [176.1623404, -37.6377042], [176.1621649, -37.6377338], [176.1620185, -37.6377401], [176.1618937, -37.6377059], [176.1618599, -37.6377016], [176.1617938, -37.6377113], [176.1617273, -37.6377365], [176.1617263, -37.6377369], [176.1616248, -37.6377958], [176.1615226, -37.6378605], [176.161434, -37.6379184], [176.1613489, -37.6379967], [176.1612671, -37.6381057], [176.1612126, -37.6382284], [176.1611752, -37.6383169], [176.1611138, -37.6384157], [176.1609925, -37.6385393], [176.1608889, -37.6386465], [176.1608028, -37.6387375], [176.1607343, -37.6388123], [176.160678, -37.6388759], [176.1606206, -37.6389409], [176.1605015, -37.6390767], [176.1604403, -37.6391467], [176.1603824, -37.6392147], [176.1603282, -37.63928], [176.1602777, -37.6393427], [176.1602311, -37.6394027], [176.1601873, -37.639461], [176.1601463, -37.6395177], [176.1601079, -37.6395729], [176.1600721, -37.6396266], [176.1600333, -37.6396872], [176.1599866, -37.639762], [176.1599319, -37.639851], [176.1598693, -37.6399542], [176.1598019, -37.6400643], [176.1597365, -37.6401658], [176.1596735, -37.6402582], [176.1596127, -37.6403415], [176.1595553, -37.6404151], [176.1595066, -37.6404756], [176.1594675, -37.6405227], [176.1594377, -37.6405564], [176.159417, -37.6405773], [176.1593977, -37.6405965], [176.1593774, -37.6406176], [176.159356, -37.6406405], [176.1593104, -37.6406912], [176.1592864, -37.6407174], [176.1592616, -37.640744], [176.1592359, -37.6407711], [176.1592106, -37.6407973], [176.1591876, -37.6408208], [176.1591669, -37.6408414], [176.1591485, -37.6408591], [176.1591316, -37.6408746], [176.1591123, -37.6408911], [176.1590903, -37.640909], [176.1590655, -37.6409283], [176.159038, -37.6409489], [176.159009, -37.6409718], [176.1589789, -37.6409971], [176.1589475, -37.6410249], [176.1588828, -37.6410849], [176.1588517, -37.6411121], [176.1588218, -37.641137], [176.158793, -37.6411594], [176.1587668, -37.6411809], [176.1587452, -37.6412045], [176.1587282, -37.6412301], [176.158716, -37.6412577], [176.1587078, -37.6412866], [176.1587013, -37.6413139], [176.1586961, -37.6413391], [176.1586924, -37.6413625], [176.1586902, -37.6413841], [176.158692, -37.6414058], [176.1586982, -37.6414282], [176.1587089, -37.6414513], [176.158724, -37.6414749], [176.1587853, -37.6415624], [176.1587984, -37.6415835], [176.1588095, -37.6416074], [176.1588186, -37.6416343], [176.1588257, -37.6416641], [176.1588304, -37.6416962], [176.1588314, -37.6417285], [176.1588286, -37.6417608], [176.1588219, -37.6417931], [176.1588116, -37.6418252], [176.1587994, -37.6418558], [176.1587857, -37.6418845], [176.1587705, -37.6419114], [176.1587537, -37.6419364], [176.15873, -37.641958], [176.1586965, -37.6419753], [176.1586532, -37.6419884], [176.1586001, -37.6419972], [176.1585399, -37.6420022], [176.1584761, -37.6420039], [176.1584086, -37.6420021], [176.1583376, -37.6419969], [176.1582659, -37.641989], [176.1582028, -37.6419801], [176.1581487, -37.6419703], [176.1581037, -37.6419598], [176.158066, -37.6419477], [176.1580228, -37.6419291], [176.1579715, -37.6419031], [176.1579119, -37.6418697], [176.1578445, -37.6418291], [176.157778, -37.6417896], [176.1577169, -37.6417552], [176.157661, -37.6417259], [176.1576104, -37.6417017], [176.1575626, -37.6416806], [176.1575151, -37.6416603], [176.1574678, -37.6416408], [176.1574208, -37.6416222], [176.1573744, -37.6416057], [176.1573304, -37.6415946], [176.1572886, -37.6415891], [176.1572493, -37.6415891], [176.1572122, -37.6415943], [176.1571773, -37.6416017], [176.1571445, -37.6416108], [176.1571138, -37.6416216], [176.157085, -37.6416344], [176.1570505, -37.6416576], [176.1570072, -37.6416946], [176.156955, -37.6417454], [176.1568941, -37.6418101], [176.1568495, -37.64184], [176.1567994, -37.6418776], [176.1567497, -37.6419169], [176.1567019, -37.6419564], [176.1566558, -37.641996], [176.1566115, -37.6420358], [176.1565655, -37.642081], [176.156516, -37.6421342], [176.156463, -37.6421954], [176.1564063, -37.6422646], [176.156352, -37.6423333], [176.1563076, -37.6423902], [176.156273, -37.6424353], [176.1562482, -37.6424687], [176.1562315, -37.6424922], [176.1562175, -37.6425113], [176.1562059, -37.6425263], [176.1561966, -37.6425373], [176.1561893, -37.6425446], [176.1561823, -37.6425496], [176.1561792, -37.6425516], [176.156174, -37.6425547], [176.1561689, -37.6425573], [176.1561635, -37.6425599], [176.1561543, -37.6425637], [176.1561473, -37.6425663], [176.1561429, -37.6425677], [176.1561365, -37.6425694], [176.1561283, -37.6425714], [176.1561182, -37.6425737], [176.1560918, -37.6425792], [176.1560551, -37.6425865], [176.1560079, -37.6425954], [176.1559502, -37.642606], [176.1558438, -37.6426252], [176.1557598, -37.6426402], [176.1556652, -37.6426569], [176.1556116, -37.6426694], [176.1555514, -37.6426882], [176.1554846, -37.6427133], [176.1554113, -37.6427448], [176.155331, -37.6427827], [176.1552412, -37.6428273], [176.155141, -37.6428787], [176.1550306, -37.6429369], [176.1549099, -37.6430019], [176.1547776, -37.6430748], [176.1546301, -37.6431583], [176.1544672, -37.6432528], [176.1542889, -37.6433582], [176.1540951, -37.6434745], [176.1539327, -37.6435736], [176.1537786, -37.6436619], [176.153633, -37.6437396], [176.1534959, -37.6438065], [176.1533671, -37.6438627], [176.1532356, -37.6439574], [176.1531437, -37.6440221], [176.1530313, -37.6440834], [176.1529155, -37.6441243], [176.1527622, -37.6441447], [176.1525612, -37.644189], [176.1523569, -37.6442401], [176.1521634, -37.6442878], [176.1517088, -37.6444384], [176.1515106, -37.6444706], [176.1513111, -37.6444835], [176.1506529, -37.6444882], [176.1503414, -37.6444216], [176.1502651, -37.6444116], [176.1501984, -37.6444013], [176.1497168, -37.6443677], [176.1496367, -37.6443349], [176.1496201, -37.6443281], [176.1494647, -37.6443024], [176.1493738, -37.6442954], [176.1490123, -37.6442725], [176.1490037, -37.6442701]]}, "geometry_name": "shape", "properties": {"fidn": "8192340", "valdco": 2, "verdat": null, "inform": null, "ninfom": null, "ntxtds": null, "scamin": 17999, "txtdsc": null, "sordat": null, "sorind": null, "hypcat": null}}, {"type": "Feature", "id": "layer-50672.148209", "geometry": {"type": "LineString", "coordinates": [[176.1242227, -37.617033], [176.1242074, -37.6170048], [176.1241685, -37.6169578], [176.124178, -37.6169233], [176.1241991, -37.6168913], [176.1242482, -37.6168799], [176.1243037, -37.6168632], [176.1243888, -37.6167907], [176.1244379, -37.6167812], [176.1245415, -37.6168127], [176.1247121, -37.6168285], [176.1247603, -37.6168357], [176.1247983, -37.6168552], [176.1248527, -37.617033], [176.1251067, -37.6172717], [176.125597, -37.6177754], [176.1259285, -37.6180817], [176.125957, -37.6181157], [176.1259941, -37.6181625], [176.1261441, -37.618453], [176.1262574, -37.6186207], [176.1262807, -37.6186749], [176.126279, -37.6186913], [176.1262741, -37.6187077], [176.1262638, -37.6187202], [176.1262459, -37.6187293], [176.1262198, -37.618738], [176.1261785, -37.6187419], [176.1261361, -37.618741], [176.1260689, -37.618732], [176.1260295, -37.6187142], [176.1260143, -37.618703], [176.1259953, -37.6186878], [176.1259562, -37.6186312], [176.1259384, -37.6185949], [176.1259126, -37.6185475], [176.1258965, -37.6185067], [176.1258505, -37.618421], [176.1258502, -37.6184067], [176.1258494, -37.6183907], [176.125861, -37.6183723], [176.1258848, -37.6183359], [176.1258898, -37.6182946], [176.1258771, -37.6182454], [176.1258454, -37.6182139], [176.1258154, -37.6181954], [176.1257868, -37.6181937], [176.1257583, -37.6182], [176.125734, -37.6182112], [176.1257139, -37.618234], [176.1257155, -37.6182567], [176.1257181, -37.6182791], [176.1257044, -37.6182946], [176.1256822, -37.6183021], [176.1256442, -37.6182971], [176.1256238, -37.618287], [176.1254727, -37.6181405], [176.1254426, -37.6181115], [176.1254172, -37.6180749], [176.1253806, -37.6179745], [176.1253351, -37.6179155], [176.125265, -37.617867], [176.1250675, -37.6177754], [176.1250068, -37.6177371], [176.1249632, -37.6176995], [176.1247474, -37.6174706], [176.1247326, -37.6174491], [176.1246914, -37.6174144], [176.1246456, -37.6173939], [176.1244642, -37.6173331], [176.1244252, -37.6173173], [176.1244014, -37.6172997], [176.1243712, -37.617269], [176.1242716, -37.6171461], [176.1242227, -37.617033]]}, "geometry_name": "shape", "properties": {"fidn": "8182903", "valdco": 2, "verdat": null, "inform": null, "ninfom": null, "ntxtds": null, "scamin": 17999, "txtdsc": null, "sordat": null, "sorind": null, "hypcat": null}}, {"type": "Feature", "id": "layer-50672.137754", "geometry": {"type": "LineString", "coordinates": [[176.1263763, -37.6193058], [176.1263359, -37.6193115], [176.1263039, -37.6193182], [176.1262804, -37.6193259], [176.1262653, -37.6193346], [176.1262576, -37.619345], [176.1262515, -37.6193605], [176.1262461, -37.6193818], [176.1262414, -37.6194088], [176.1262374, -37.6194416], [176.1262361, -37.6194787], [176.1262388, -37.6195192], [176.1262455, -37.6195631], [176.1262563, -37.6196104], [176.1262706, -37.6196593], [176.1262865, -37.6197025], [176.1263037, -37.619739], [176.1263221, -37.619769], [176.1263419, -37.6197925], [176.1263618, -37.619812], [176.1263811, -37.6198292], [176.1263998, -37.6198441], [176.1264179, -37.6198566], [176.1264366, -37.6198666], [176.1264592, -37.6198733], [176.126486, -37.6198767], [176.126517, -37.6198768], [176.1265521, -37.6198736], [176.126586, -37.6198669], [176.1266162, -37.6198566], [176.1266427, -37.6198427], [176.1266654, -37.6198251], [176.1266846, -37.6198042], [176.1267006, -37.6197809], [176.1267134, -37.6197551], [176.1267231, -37.6197269], [176.1267296, -37.6196965], [176.126734, -37.6196673], [176.1267367, -37.6196409], [176.1267376, -37.6196172], [176.1267367, -37.6195961], [176.1267344, -37.6195773], [176.1267312, -37.6195597], [176.1267273, -37.6195433], [176.1267225, -37.619528], [176.126717, -37.6195139], [176.1267112, -37.6195008], [176.1267051, -37.6194885], [176.1266989, -37.619477], [176.1266926, -37.6194665], [176.1266853, -37.6194566], [176.1266759, -37.6194472], [176.1266645, -37.6194383], [176.126651, -37.6194297], [176.1266354, -37.6194216], [176.1266188, -37.6194134], [176.1266012, -37.6194052], [176.1265828, -37.619397], [176.1265634, -37.6193886], [176.1265435, -37.6193798], [176.1265235, -37.6193702], [176.1265034, -37.6193596], [176.1264832, -37.6193482], [176.1264628, -37.6193363], [176.126442, -37.6193258], [176.1264206, -37.6193172], [176.1263987, -37.6193106], [176.1263763, -37.6193058]]}, "geometry_name": "shape", "properties": {"fidn": "5236206", "valdco": 2, "verdat": null, "inform": null, "ninfom": null, "ntxtds": null, "scamin": 17999, "txtdsc": null, "sordat": null, "sorind": null, "hypcat": null}}, {"type": "Feature", "id": "layer-50672.145439", "geometry": {"type": "LineString", "coordinates": [[176.1254117, -37.6216718], [176.1253435, -37.6216714], [176.1252882, -37.6216721], [176.1252459, -37.621674], [176.1252164, -37.6216771], [176.1251996, -37.6216813], [176.1251862, -37.6216876], [176.1251722, -37.6216962], [176.1251575, -37.6217071], [176.1251421, -37.6217204], [176.1251265, -37.621736], [176.125114, -37.6217526], [176.1251052, -37.6217702], [176.1251001, -37.6217887], [176.1250987, -37.6218082], [176.1251006, -37.6218283], [176.1251038, -37.6218481], [176.1251083, -37.6218678], [176.1251141, -37.6218871], [176.1251212, -37.6219062], [176.1251293, -37.621926], [176.1251381, -37.621948], [176.1251474, -37.6219722], [176.1251574, -37.6219986], [176.1251679, -37.6220272], [176.1251783, -37.6220543], [176.1252143, -37.6221065], [176.1252451, -37.6221269], [176.1252889, -37.6221392], [176.1253636, -37.6221392], [176.1254254, -37.6221249], [176.1255103, -37.6221188], [176.1255618, -37.622129], [176.1256082, -37.6221577], [176.1256236, -37.6222375], [176.1256236, -37.6222949], [176.125603, -37.6223604], [176.1255902, -37.6224137], [176.1255799, -37.6224853], [176.1255806, -37.6227143], [176.1255683, -37.6228084], [176.1255583, -37.6228799], [176.1255506, -37.6229287], [176.1255451, -37.6229549], [176.1254729, -37.623227], [176.1254248, -37.623465], [176.1254008, -37.6236688], [176.125401, -37.6238386], [176.1254203, -37.6239833], [176.1254425, -37.6241324], [176.1254665, -37.6242882], [176.1254921, -37.6244506], [176.1254976, -37.6245536], [176.1255083, -37.6247235], [176.1255089, -37.6248832], [176.1255211, -37.6249517], [176.1255278, -37.6249843], [176.1255322, -37.6250013], [176.1255373, -37.625023], [176.1255432, -37.6250494], [176.1255497, -37.6250804], [176.1255568, -37.6251152], [176.1255634, -37.6251501], [176.1255694, -37.6251849], [176.125575, -37.6252196], [176.12558, -37.6252542], [176.1255858, -37.625288], [176.1255925, -37.6253209], [176.1256001, -37.6253528], [176.1256088, -37.6253838], [176.1256175, -37.6254121], [176.1256257, -37.6254358], [176.1256332, -37.625455], [176.1256401, -37.6254695], [176.1256466, -37.6254806], [176.1256536, -37.6254914], [176.1256613, -37.6255022], [176.1256695, -37.625513], [176.1256783, -37.6255237], [176.1256877, -37.6255328], [176.1256979, -37.6255399], [176.1257088, -37.625545], [176.1257205, -37.6255481], [176.1257318, -37.6255496], [176.125742, -37.6255498], [176.1257509, -37.6255489], [176.1257587, -37.6255467], [176.1257653, -37.6255435], [176.1257709, -37.6255397], [176.1257756, -37.6255354], [176.1257793, -37.6255305], [176.1257821, -37.6255235], [176.1257836, -37.6254928], [176.1257837, -37.6254318], [176.1257824, -37.6253405], [176.1257797, -37.6252189], [176.1257743, -37.6250073], [176.1257727, -37.6249479], [176.1257717, -37.6249195], [176.1257717, -37.6249108], [176.1257737, -37.624886], [176.1257776, -37.6248423], [176.1257914, -37.6246992], [176.1257987, -37.6246175], [176.1258047, -37.6245396], [176.1258094, -37.6244654], [176.1258129, -37.624395], [176.1258171, -37.6243171], [176.1258238, -37.6242207], [176.1258331, -37.6241056], [176.125845, -37.6239719], [176.1258574, -37.6238231], [176.1258637, -37.6236712], [176.1258632, -37.623517], [176.1258561, -37.6233605], [176.1258427, -37.6232018], [176.1258284, -37.6230414], [176.125815, -37.6228795], [176.1258023, -37.6227161], [176.1257904, -37.6225513], [176.1257787, -37.6223986], [176.1257666, -37.6222714], [176.1257542, -37.6221697], [176.1257415, -37.6220936], [176.1257279, -37.6220381], [176.1257122, -37.6219877], [176.1256942, -37.621941], [176.1256739, -37.6218981], [176.1256506, -37.6218586], [176.1256145, -37.6218172], [176.1255627, -37.6217723], [176.1254951, -37.6217238], [176.1254117, -37.6216718]]}, "geometry_name": "shape", "properties": {"fidn": "5236181", "valdco": 2, "verdat": null, "inform": null, "ninfom": null, "ntxtds": null, "scamin": 17999, "txtdsc": null, "sordat": null, "sorind": null, "hypcat": null}}, {"type": "Feature", "id": "layer-50672.148204", "geometry": {"type": "LineString", "coordinates": [[176.1219797, -37.6157345], [176.1218, -37.6157261], [176.1216667, -37.615704]]}, "geometry_name": "shape", "properties": {"fidn": "8182894", "valdco": 0.0, "verdat": null, "inform": null, "ninfom": null, "ntxtds": null, "scamin": 29999, "txtdsc": null, "sordat": null, "sorind": null, "hypcat": null}}, {"type": "Feature", "id": "layer-50672.138535", "geometry": {"type": "LineString", "coordinates": [[176.1232053, -37.6159725], [176.122991, -37.6159273], [176.1228619, -37.615878], [176.1226476, -37.6157897]]}, "geometry_name": "shape", "properties": {"fidn": "8182893", "valdco": 0.0, "verdat": null, "inform": null, "ninfom": null, "ntxtds": null, "scamin": 29999, "txtdsc": null, "sordat": null, "sorind": null, "hypcat": null}}, {"type": "Feature", "id": "layer-50672.148241", "geometry": {"type": "LineString", "coordinates": [[176.073191, -37.6220192], [176.0731516, -37.6219853], [176.0730619, -37.621979], [176.0729701, -37.6219925], [176.0728804, -37.6220424], [176.0728285, -37.6220504], [176.0726961, -37.6219116], [176.0725374, -37.6218038], [176.0724043, -37.6217129], [176.0722133, -37.6216159], [176.0719663, -37.6214205], [176.0717323, -37.6212309], [176.0714979, -37.6211179], [176.0712746, -37.6211327], [176.0710492, -37.6212396], [176.0709599, -37.6214024], [176.0709551, -37.6215186], [176.0709839, -37.6215962], [176.0710387, -37.6216254], [176.0710848, -37.6216546], [176.0712555, -37.6217354], [176.0713844, -37.6217864], [176.0715825, -37.6218672], [176.071656, -37.6219073], [176.0717201, -37.6219514], [176.071826, -37.6220574], [176.0718995, -37.6221748], [176.0719467, -37.6222236], [176.0720137, -37.6223262], [176.0721303, -37.6225927], [176.0721055, -37.6227032], [176.071969, -37.622867], [176.0718721, -37.6230171], [176.0718346, -37.6230904], [176.0718116, -37.6231271], [176.0717842, -37.6231672], [176.0717612, -37.6233649], [176.0717705, -37.6234015], [176.0717979, -37.62346], [176.0718901, -37.6235734], [176.0721016, -37.6235966], [176.0722167, -37.6235966], [176.0724042, -37.6235762], [176.0725875, -37.6235593], [176.072775, -37.6235627], [176.0729796, -37.6235695], [176.0732609, -37.6235864], [176.0735582, -37.6236096], [176.0737211, -37.623645], [176.0739074, -37.6237263], [176.0741142, -37.6239757], [176.0744192, -37.6241635], [176.0746898, -37.6242978], [176.0750964, -37.6245418], [176.0754169, -37.6247885], [176.0757151, -37.6247706], [176.0759149, -37.6247213], [176.0762904, -37.6248606], [176.0764103, -37.6249014], [176.0766428, -37.625026], [176.0767708, -37.6251847], [176.0768467, -37.6254036], [176.0769582, -37.6255742], [176.0770654, -37.625997], [176.0771162, -37.6263547], [176.0776571, -37.6269622], [176.0783589, -37.6278644], [176.0787877, -37.6279663], [176.0793196, -37.6280904], [176.0797967, -37.6282751], [176.080054, -37.6283331], [176.0803756, -37.6283433], [176.0805833, -37.6282887], [176.0808816, -37.6282717], [176.0814996, -37.6282125], [176.0815332, -37.62821], [176.0818223, -37.6282043], [176.0820674, -37.6282206], [176.0822374, -37.6282406], [176.0826671, -37.6283171], [176.0830843, -37.6284185], [176.0831694, -37.6284747], [176.083223, -37.6285647], [176.0831898, -37.6287216], [176.0832474, -37.6289491], [176.0837407, -37.6293421], [176.0837586, -37.6294297], [176.0836454, -37.6294582], [176.0832524, -37.6294555], [176.0826926, -37.6294653], [176.0824743, -37.629483], [176.0817369, -37.629493], [176.0806114, -37.6295305], [176.0801372, -37.6295806], [176.0792943, -37.6296945], [176.0783042, -37.6297341], [176.0775181, -37.6299387], [176.0771786, -37.6300381], [176.0762157, -37.6302249], [176.0758669, -37.6302227], [176.0752271, -37.6300615], [176.0748841, -37.6298871], [176.0748013, -37.62973], [176.0748584, -37.6295925], [176.0751349, -37.6295013], [176.075513, -37.629486], [176.076052, -37.6294624], [176.0762035, -37.6293925], [176.0762664, -37.6292682], [176.0762991, -37.6289745], [176.0762723, -37.6288537], [176.0761093, -37.6287155], [176.0759132, -37.6285899], [176.0751723, -37.6280333], [176.0747864, -37.6277714], [176.0746027, -37.627727], [176.07439, -37.6277545], [176.0740505, -37.6279126], [176.0737979, -37.6280002], [176.0731868, -37.628256], [176.0727843, -37.62832], [176.0725029, -37.6282402], [176.0719102, -37.6279255], [176.0710637, -37.6275778], [176.0706708, -37.6274416], [176.0701944, -37.6271985], [176.0691745, -37.6266581], [176.0688742, -37.6263844], [176.0685491, -37.6260528], [176.0680703, -37.6257544], [176.0670663, -37.62551], [176.0654687, -37.6245025], [176.0650356, -37.6241567], [176.0649057, -37.6240994], [176.0648085, -37.6240696], [176.064735, -37.6240369], [176.0646983, -37.6240152], [176.0646803, -37.6239894], [176.0646428, -37.6239418], [176.0646018, -37.6238719], [176.0645693, -37.6238169], [176.0645376, -37.6237585], [176.0644404, -37.6235717], [176.0643993, -37.6234726], [176.064413, -37.6234181], [176.0644411, -37.6233666], [176.0644728, -37.6233225], [176.0645009, -37.6232932], [176.0645376, -37.623268], [176.0646068, -37.6232274], [176.0646529, -37.6232056], [176.064722, -37.6231838], [176.0649151, -37.6231248], [176.065044, -37.6230887], [176.0651269, -37.6230595], [176.065173, -37.6230371], [176.0652004, -37.6230119], [176.0652378, -37.6229753], [176.0652562, -37.622943], [176.0652609, -37.6229346], [176.0652695, -37.6228979], [176.0652652, -37.6228544], [176.0652515, -37.6228028], [176.0652284, -37.6227478], [176.0651917, -37.6226968], [176.0651593, -37.6226567], [176.0650129, -37.6223596], [176.0641811, -37.6210261], [176.0635079, -37.6196311], [176.0632892, -37.6188333]]}, "geometry_name": "shape", "properties": {"fidn": "8210311", "valdco": 0.0, "verdat": null, "inform": null, "ninfom": null, "ntxtds": null, "scamin": 44999, "txtdsc": null, "sordat": null, "sorind": null, "hypcat": null}}, {"type": "Feature", "id": "layer-50672.148210", "geometry": {"type": "LineString", "coordinates": [[176.0622032, -37.6243395], [176.062227, -37.6243953], [176.062271, -37.6244673], [176.0623167, -37.62453], [176.0623832, -37.6245774], [176.0624685, -37.6246216], [176.0626411, -37.6246799], [176.0627046, -37.6246634], [176.0627403, -37.6245135], [176.0627482, -37.6243738], [176.0627274, -37.6242878], [176.0626837, -37.6242073], [176.0626579, -37.6241411], [176.0625756, -37.6240159], [176.062484, -37.623908], [176.0623644, -37.6237871], [176.0622448, -37.6236553], [176.0621022, -37.6235236], [176.0620143, -37.623472], [176.0619084, -37.6234353], [176.0618076, -37.623417], [176.0617291, -37.6234096], [176.0616642, -37.6234245], [176.0616325, -37.6234428], [176.0616095, -37.6234646], [176.0615814, -37.6234903], [176.061554, -37.6235562], [176.061554, -37.623633], [176.0615634, -37.6236697], [176.061572, -37.6237098], [176.0615951, -37.6237505], [176.0616505, -37.6238381], [176.0617427, -37.6239298], [176.0618486, -37.6240215], [176.0618991, -37.6240656], [176.0619588, -37.6241017], [176.0621449, -37.624259], [176.0622032, -37.6243395]]}, "geometry_name": "shape", "properties": {"fidn": "8190952", "valdco": 10, "verdat": null, "inform": null, "ninfom": null, "ntxtds": null, "scamin": 21999, "txtdsc": null, "sordat": null, "sorind": null, "hypcat": null}}, {"type": "Feature", "id": "layer-50672.148220", "geometry": {"type": "LineString", "coordinates": [[176.048334, -37.6239571], [176.0483957, -37.6239539], [176.0485938, -37.6239361], [176.0487227, -37.6239137], [176.0488142, -37.6238885], [176.048879, -37.6238593], [176.0489294, -37.6238261], [176.0489755, -37.623786], [176.0490123, -37.6237384], [176.0490267, -37.6236869], [176.049031, -37.6236319], [176.049031, -37.6235883], [176.0490173, -37.6235476], [176.049008, -37.6235293], [176.0489899, -37.623515], [176.0489438, -37.6234817], [176.0488841, -37.6234525], [176.0488099, -37.6234267], [176.0486399, -37.6233975], [176.0484648, -37.6233683], [176.048334, -37.623355]]}, "geometry_name": "shape", "properties": {"fidn": "8190957", "valdco": 5, "verdat": null, "inform": null, "ninfom": null, "ntxtds": null, "scamin": 21999, "txtdsc": null, "sordat": null, "sorind": null, "hypcat": null}}, {"type": "Feature", "id": "layer-50672.148266", "geometry": {"type": "LineString", "coordinates": [[176.0530946, -37.6235428], [176.0529668, -37.6235013], [176.0529048, -37.6234109], [176.052912, -37.6233374], [176.0529275, -37.623232], [176.0531056, -37.6231599], [176.0533215, -37.6231947], [176.0535374, -37.6232692], [176.0536446, -37.6233304], [176.0538329, -37.623381], [176.0539571, -37.6234097], [176.0540416, -37.6234972], [176.0540129, -37.6236258], [176.0538849, -37.6236971], [176.0536371, -37.6236919], [176.0533218, -37.6236279], [176.0530946, -37.6235428]]}, "geometry_name": "shape", "properties": {"fidn": "8214083", "valdco": 5, "verdat": null, "inform": null, "ninfom": null, "ntxtds": null, "scamin": 21999, "txtdsc": null, "sordat": null, "sorind": null, "hypcat": null}}, {"type": "Feature", "id": "layer-50672.148252", "geometry": {"type": "LineString", "coordinates": [[176.0628891, -37.6227942], [176.0622051, -37.622402], [176.0608816, -37.6214846], [176.0604056, -37.6211345], [176.0597582, -37.6206906], [176.0588701, -37.6200841], [176.0581741, -37.6197544], [176.0572221, -37.6192088], [176.0567922, -37.6188333]]}, "geometry_name": "shape", "properties": {"fidn": "8210799", "valdco": 5, "verdat": null, "inform": null, "ninfom": null, "ntxtds": null, "scamin": 21999, "txtdsc": null, "sordat": null, "sorind": null, "hypcat": null}}, {"type": "Feature", "id": "layer-50672.138546", "geometry": {"type": "LineString", "coordinates": [[176.0594224, -37.6188333], [176.0600492, -37.6194481], [176.0608639, -37.6202564], [176.0611684, -37.6205463], [176.0613656, -37.6208465], [176.0614085, -37.6210477], [176.0613141, -37.6211227], [176.060538, -37.6203247], [176.0597705, -37.619663], [176.0588401, -37.6189843], [176.0586394, -37.6188333]]}, "geometry_name": "shape", "properties": {"fidn": "8210320", "valdco": 0.0, "verdat": null, "inform": null, "ninfom": null, "ntxtds": null, "scamin": 44999, "txtdsc": null, "sordat": null, "sorind": null, "hypcat": null}}, {"type": "Feature", "id": "layer-50672.148132", "geometry": {"type": "LineString", "coordinates": [[176.048334, -37.6216196], [176.0487106, -37.62163], [176.0490355, -37.6216188], [176.0493322, -37.6216412], [176.0497702, -37.6216188], [176.0501869, -37.621557], [176.0505966, -37.6214502], [176.0509216, -37.6213772], [176.0513384, -37.6213828], [176.0517127, -37.6214727], [176.0520128, -37.6216389], [176.0521351, -37.6217391], [176.0522645, -37.621845], [176.0527553, -37.6219991], [176.0534179, -37.6220313], [176.0539094, -37.6219987], [176.0542329, -37.62201], [176.0547004, -37.6219938], [176.054925, -37.6219938], [176.0550435, -37.6219664], [176.0550939, -37.6219005], [176.0551314, -37.6218203], [176.055004, -37.6215482], [176.0546214, -37.6212085], [176.0545351, -37.6211536], [176.054382, -37.6210829], [176.0540595, -37.6209131], [176.0538349, -37.6208072], [176.0535995, -37.6206211], [176.0531962, -37.6203585], [176.052739, -37.6200785], [176.0525957, -37.6199279], [176.0524166, -37.6196063], [176.0522675, -37.6192282], [176.0522528, -37.619191], [176.0521783, -37.6188333]]}, "geometry_name": "shape", "properties": {"fidn": "8190986", "valdco": 2, "verdat": null, "inform": null, "ninfom": null, "ntxtds": null, "scamin": 21999, "txtdsc": null, "sordat": null, "sorind": null, "hypcat": null}}, {"type": "Feature", "id": "layer-50672.145506", "geometry": {"type": "LineString", "coordinates": [[176.17456, -37.6238243], [176.174556, -37.6238357], [176.1745525, -37.6238467], [176.1745495, -37.6238573], [176.174547, -37.6238675], [176.1745451, -37.6238774], [176.1745436, -37.6238868], [176.1745428, -37.623896], [176.174543, -37.623905], [176.1745442, -37.6239139], [176.1745465, -37.6239226], [176.1745499, -37.6239312], [176.1745543, -37.6239397], [176.1745597, -37.6239481], [176.1745664, -37.6239562], [176.1745743, -37.623964], [176.1745834, -37.6239716], [176.1745937, -37.623979], [176.1746052, -37.6239861], [176.174618, -37.6239929], [176.1746339, -37.6240005], [176.1746506, -37.6240079], [176.1746681, -37.6240149], [176.1746863, -37.6240216], [176.1747052, -37.6240281], [176.174724, -37.6240336], [176.1747409, -37.6240374], [176.174756, -37.6240392], [176.1747692, -37.6240391], [176.1747805, -37.6240372], [176.1747899, -37.6240337], [176.1747979, -37.6240296], [176.1748043, -37.6240249], [176.1748092, -37.6240198], [176.1748126, -37.6240141], [176.1748144, -37.6240079], [176.1748144, -37.6240014], [176.1748124, -37.6239948], [176.1748084, -37.623988], [176.1748026, -37.623981], [176.1747948, -37.6239738], [176.1747859, -37.6239663], [176.1747762, -37.6239585], [176.1747657, -37.6239503], [176.1747543, -37.6239418], [176.174742, -37.6239329], [176.1747309, -37.6239243], [176.1747218, -37.6239163], [176.1747148, -37.6239089], [176.1747099, -37.6239021], [176.174707, -37.6238959], [176.1747042, -37.623885], [176.1747029, -37.6238749], [176.1747029, -37.6238655], [176.1747043, -37.6238568], [176.1747071, -37.623849], [176.1747112, -37.6238418], [176.1747154, -37.6238347], [176.1747192, -37.6238273], [176.1747226, -37.6238198], [176.1747257, -37.6238119], [176.1747283, -37.6238039], [176.1747305, -37.6237956], [176.1747316, -37.623787], [176.1747315, -37.623778], [176.1747302, -37.6237688], [176.1747278, -37.6237593], [176.1747241, -37.6237495], [176.1747198, -37.6237398], [176.1747159, -37.6237316], [176.1747124, -37.623725], [176.1747095, -37.6237198], [176.1747069, -37.6237161], [176.1747049, -37.623714], [176.1746897, -37.6237026], [176.1746769, -37.6236937], [176.1746644, -37.6236856], [176.1746543, -37.62368], [176.1746459, -37.6236762], [176.1746383, -37.6236738], [176.1746305, -37.623672], [176.1746226, -37.6236708], [176.1746145, -37.6236703], [176.1746063, -37.6236704], [176.1745976, -37.6236715], [176.1745882, -37.6236737], [176.1745782, -37.623677], [176.1745706, -37.6236839], [176.1745663, -37.6236997], [176.1745649, -37.6237218], [176.174563, -37.6237568], [176.1745615, -37.6237826], [176.1745602, -37.6237992], [176.1745591, -37.6238125], [176.1745603, -37.6238171], [176.1745606, -37.6238211], [176.17456, -37.6238243]]}, "geometry_name": "shape", "properties": {"fidn": "5262637", "valdco": 0.0, "verdat": null, "inform": null, "ninfom": null, "ntxtds": null, "scamin": 29999, "txtdsc": null, "sordat": null, "sorind": null, "hypcat": null}}, {"type": "Feature", "id": "layer-50672.148279", "geometry": {"type": "LineString", "coordinates": [[176.1708221, -37.6248947], [176.1708695, -37.6248049], [176.1709292, -37.6246916], [176.1709493, -37.6246581], [176.1709774, -37.6246389], [176.1710476, -37.6246229], [176.171152, -37.6246166], [176.1712583, -37.6246166], [176.171362, -37.6246094], [176.1715309, -37.6245681], [176.1715644, -37.6245576], [176.1716062, -37.624557], [176.1716921, -37.6245419], [176.171794, -37.6244928], [176.1719182, -37.6244122], [176.1720583, -37.624314], [176.1720942, -37.624295], [176.1721372, -37.6242833], [176.1722106, -37.6242729], [176.1722566, -37.6242662], [176.1723012, -37.6242674], [176.1723625, -37.6242674], [176.1724659, -37.6242364], [176.1725292, -37.6241929], [176.1726207, -37.6241326], [176.1727001, -37.6240987], [176.172794, -37.6240809], [176.1728478, -37.6240772], [176.172879, -37.624076], [176.172926, -37.6240862], [176.1729878, -37.6241049], [176.1731141, -37.6241345], [176.1732483, -37.6241354], [176.1733004, -37.6241327], [176.1733636, -37.6241296], [176.173432, -37.6241198], [176.1734686, -37.6241029], [176.1735331, -37.6240818], [176.1735732, -37.6240541], [176.1736036, -37.6239865], [176.1736622, -37.623965], [176.1737395, -37.62394], [176.1738578, -37.6239031], [176.1738958, -37.6238865], [176.1739388, -37.6238688], [176.1739733, -37.6238622], [176.1740345, -37.6238482], [176.1741356, -37.6238081], [176.174255, -37.6237572], [176.1743765, -37.623647], [176.1745407, -37.6235128], [176.1745578, -37.6234997], [176.174616, -37.6234389], [176.1746592, -37.6233999], [176.1748091, -37.6233507], [176.1749563, -37.6233165], [176.1752034, -37.6232543], [176.1753509, -37.6232232], [176.1755055, -37.6232741], [176.1755712, -37.6233957], [176.1755526, -37.6235888], [176.1755319, -37.6238037], [176.1754204, -37.6239305], [176.1753457, -37.624072], [176.175365, -37.6242512], [176.175387, -37.624505], [176.1754216, -37.6246013], [176.1754224, -37.6246857], [176.1754241, -37.6247001], [176.1754245, -37.6247134], [176.1754246, -37.6247275], [176.1754243, -37.6247606], [176.1754236, -37.6248001], [176.1754254, -37.6248265], [176.1754307, -37.6248611], [176.1754395, -37.6249037], [176.1754516, -37.6249545], [176.1754673, -37.6250133], [176.1754889, -37.6251105], [176.1754558, -37.6252416]]}, "geometry_name": "shape", "properties": {"fidn": "8228596", "valdco": 2, "verdat": null, "inform": null, "ninfom": null, "ntxtds": null, "scamin": 17999, "txtdsc": null, "sordat": null, "sorind": null, "hypcat": null}}, {"type": "Feature", "id": "layer-50672.145314", "geometry": {"type": "LineString", "coordinates": [[176.1311521, -37.640987], [176.1312259, -37.6409977], [176.1312905, -37.6410106], [176.1313458, -37.6410259], [176.131392, -37.6410434], [176.1314321, -37.641063], [176.131566, -37.6411292], [176.1316151, -37.6411533], [176.1316648, -37.6411761], [176.1317149, -37.6411971], [176.1317653, -37.6412164], [176.1318639, -37.6412504], [176.1319081, -37.6412661], [176.1319485, -37.641281], [176.1319851, -37.6412952], [176.1320207, -37.6413102], [176.1320584, -37.6413277], [176.1320981, -37.6413476], [176.1321398, -37.6413699], [176.1321806, -37.641393], [176.1322131, -37.6414126], [176.1322371, -37.6414285], [176.1322525, -37.6414407], [176.1322602, -37.6414498], [176.1322654, -37.6414592], [176.132269, -37.6414695], [176.132271, -37.6414807], [176.1322715, -37.6414928], [176.1322708, -37.6415044], [176.1322693, -37.641515], [176.1322668, -37.6415247], [176.1322635, -37.6415334], [176.1322589, -37.6415421], [176.1322526, -37.6415514], [176.1322447, -37.6415615], [176.1322351, -37.6415723], [176.1322245, -37.6415833], [176.1322144, -37.6415933], [176.132205, -37.6416021], [176.1321962, -37.6416098], [176.132188, -37.6416165], [176.1321804, -37.641622], [176.1321735, -37.6416263], [176.1321672, -37.6416295], [176.1321615, -37.6416315], [176.1321556, -37.6416329], [176.1321492, -37.6416337], [176.1321422, -37.6416341], [176.1321348, -37.6416339], [176.1321259, -37.6416331], [176.132115, -37.6416315], [176.1321019, -37.6416289], [176.1320866, -37.6416256], [176.1320473, -37.641616], [176.1319932, -37.6416022], [176.1319604, -37.6415941], [176.1319223, -37.641587], [176.1318788, -37.6415813], [176.1318298, -37.6415769], [176.1317755, -37.6415739], [176.1316567, -37.6415685], [176.1315267, -37.6415629], [176.1314613, -37.6415599], [176.1314011, -37.6415562], [176.1313461, -37.6415519], [176.1312962, -37.6415471], [176.1312499, -37.6415412], [176.1312034, -37.6415333], [176.1311566, -37.6415232], [176.1311096, -37.641511], [176.1310624, -37.6414967], [176.1310165, -37.6414815], [176.1309721, -37.6414653], [176.1309293, -37.6414482], [176.130888, -37.6414303], [176.1308511, -37.6414136], [176.1308195, -37.641399], [176.1307933, -37.6413865], [176.1307726, -37.6413759], [176.1307546, -37.641366], [176.130737, -37.6413552], [176.1307197, -37.6413434], [176.1307027, -37.6413308], [176.1306869, -37.6413173], [176.130674, -37.6413028], [176.1306643, -37.6412874], [176.1306577, -37.6412712], [176.1306543, -37.6412539], [176.1306552, -37.641235], [176.1306606, -37.6412143], [176.1306704, -37.641192], [176.1306846, -37.641168], [176.1306997, -37.6411456], [176.1307144, -37.6411259], [176.1307287, -37.6411091], [176.1307425, -37.6410951], [176.1307561, -37.6410829], [176.1307695, -37.6410715], [176.1307826, -37.641061], [176.1307956, -37.6410513], [176.1308094, -37.6410424], [176.1308269, -37.6410345], [176.1308481, -37.6410276], [176.130873, -37.6410217], [176.1309272, -37.641012], [176.1309513, -37.6410074], [176.130973, -37.6410031], [176.1309928, -37.6409989], [176.1310187, -37.6409951], [176.1310538, -37.6409919], [176.1310983, -37.6409892], [176.1311521, -37.640987]]}, "geometry_name": "shape", "properties": {"fidn": "5172700", "valdco": 15, "verdat": null, "inform": null, "ninfom": null, "ntxtds": null, "scamin": 17999, "txtdsc": null, "sordat": null, "sorind": null, "hypcat": null}}, {"type": "Feature", "id": "layer-50672.139488", "geometry": {"type": "LineString", "coordinates": [[176.1355107, -37.6430594], [176.1353916, -37.6430403], [176.135281, -37.6430128], [176.1352009, -37.6429938], [176.1351514, -37.6429834], [176.1351201, -37.6429782], [176.135087, -37.6429732], [176.1350517, -37.6429683], [176.1350143, -37.6429634], [176.134975, -37.6429584], [176.1349342, -37.642953], [176.1348919, -37.642947], [176.1348482, -37.6429405], [176.1348043, -37.6429335], [176.1347653, -37.6429261], [176.1347318, -37.6429183], [176.1347036, -37.64291], [176.1346808, -37.6429012], [176.1346622, -37.6428918], [176.1346477, -37.6428816], [176.1346373, -37.6428707], [176.134631, -37.642859], [176.1346277, -37.6428457], [176.1346274, -37.6428304], [176.1346299, -37.6428133], [176.1346351, -37.6427943], [176.1346393, -37.6427735], [176.1346411, -37.6427507], [176.1346404, -37.6427261], [176.1346372, -37.6426995], [176.1346345, -37.6426722], [176.1346344, -37.6426449], [176.1346369, -37.6426175], [176.134642, -37.64259], [176.1346497, -37.6425635], [176.1346602, -37.642539], [176.1346735, -37.6425165], [176.1346896, -37.6424959], [176.1347084, -37.6424765], [176.1347296, -37.6424568], [176.1347534, -37.6424369], [176.1347796, -37.6424168], [176.1348075, -37.6423971], [176.1348353, -37.6423794], [176.1348627, -37.6423641], [176.1348898, -37.6423509], [176.1349173, -37.6423394], [176.1349479, -37.6423271], [176.1349819, -37.6423139], [176.1350193, -37.6422996], [176.1350596, -37.6422847], [176.1350994, -37.6422715], [176.1351379, -37.6422603], [176.1351753, -37.6422512], [176.1352118, -37.6422441], [176.1352508, -37.6422381], [176.1352934, -37.642233], [176.1353395, -37.6422288], [176.1353893, -37.6422255], [176.1354485, -37.642226], [176.1355196, -37.6422315], [176.1356028, -37.6422421], [176.1356978, -37.6422575], [176.135794, -37.6422756], [176.135884, -37.6422943], [176.1359676, -37.6423138], [176.136045, -37.642334], [176.1361128, -37.6423532], [176.1361674, -37.6423691], [176.1362089, -37.6423817], [176.1362371, -37.6423911], [176.1362579, -37.6423983], [176.1362814, -37.6424054], [176.136308, -37.6424124], [176.1363377, -37.6424194], [176.1363685, -37.6424257], [176.1363955, -37.6424304], [176.1364183, -37.6424331], [176.1364368, -37.642434], [176.1364519, -37.6424331], [176.1364669, -37.6424309], [176.136482, -37.6424275], [176.1364973, -37.6424228], [176.1365129, -37.6424167], [176.1365291, -37.6424085], [176.1365459, -37.6423979], [176.1365633, -37.6423851], [176.1365814, -37.6423703], [176.1366012, -37.6423562], [176.1366228, -37.6423439], [176.1366464, -37.6423333], [176.1366718, -37.6423245], [176.1366991, -37.6423183], [176.1367283, -37.6423151], [176.1367593, -37.642315], [176.1367922, -37.6423179], [176.1368236, -37.6423234], [176.1368509, -37.6423314], [176.1368741, -37.6423418], [176.1368933, -37.6423545], [176.1369088, -37.6423704], [176.1369208, -37.6423903], [176.1369295, -37.6424141], [176.1369349, -37.6424419], [176.1369382, -37.6424716], [176.1369423, -37.6424994], [176.1369471, -37.6425251], [176.1369526, -37.6425487], [176.136959, -37.64257], [176.1369666, -37.6425882], [176.1369754, -37.6426033], [176.1369855, -37.6426152], [176.1369968, -37.6426244], [176.1370093, -37.6426325], [176.1370231, -37.6426398], [176.1370382, -37.6426463], [176.1370549, -37.6426522], [176.1370759, -37.6426587], [176.1371018, -37.642666], [176.1371327, -37.6426742], [176.1371684, -37.6426832], [176.137207, -37.6426915], [176.1372478, -37.6426985], [176.137291, -37.6427043], [176.1373362, -37.6427088], [176.1373795, -37.6427119], [176.1374187, -37.6427134], [176.1374538, -37.6427132], [176.1374848, -37.6427115], [176.1375178, -37.6427094], [176.1375579, -37.6427079], [176.1376051, -37.6427069], [176.1376593, -37.6427066], [176.1377142, -37.642707], [176.1377613, -37.6427085], [176.1378005, -37.6427109], [176.1378319, -37.6427144], [176.1378576, -37.6427188], [176.1378822, -37.6427242], [176.1379057, -37.6427306], [176.1379283, -37.6427378], [176.1379494, -37.6427459], [176.1379679, -37.6427543], [176.1379838, -37.642763], [176.1379971, -37.6427721], [176.138008, -37.6427815], [176.138018, -37.6427917], [176.1380272, -37.6428027], [176.1380357, -37.6428144], [176.1380432, -37.6428269], [176.1380485, -37.6428399], [176.1380512, -37.6428534], [176.1380513, -37.6428673], [176.1380488, -37.6428817], [176.1380446, -37.6428958], [176.1380389, -37.6429093], [176.1380316, -37.6429224], [176.1380229, -37.6429349], [176.1380095, -37.6429466], [176.1379898, -37.6429573], [176.137964, -37.6429671], [176.1379318, -37.6429759], [176.1378911, -37.6429848], [176.1378397, -37.6429948], [176.1377776, -37.6430058], [176.1377049, -37.6430179], [176.1376308, -37.6430293], [176.1375683, -37.6430377], [176.1375174, -37.6430432], [176.1374781, -37.6430457], [176.1374472, -37.6430461], [176.1374175, -37.6430467], [176.1373886, -37.6430474], [176.1373607, -37.6430484], [176.1373334, -37.6430495], [176.1372509, -37.6430531], [176.1372235, -37.6430547], [176.1371977, -37.6430575], [176.1371736, -37.6430618], [176.1371514, -37.6430675], [176.1371311, -37.6430747], [176.1371137, -37.6430826], [176.1370996, -37.6430911], [176.1370886, -37.6431002], [176.1370806, -37.64311], [176.1370728, -37.6431204], [176.1370642, -37.6431315], [176.1370547, -37.6431432], [176.1370443, -37.6431557], [176.1370316, -37.6431674], [176.1370156, -37.6431776], [176.1369964, -37.6431862], [176.136974, -37.6431933], [176.1369484, -37.6431982], [176.1369197, -37.6432003], [176.1368877, -37.6431997], [176.1368527, -37.6431962], [176.1367807, -37.6431865], [176.1367134, -37.6431777], [176.136681, -37.6431739], [176.1366483, -37.6431711], [176.1366153, -37.6431693], [176.1365818, -37.6431685], [176.1365482, -37.6431683], [176.1365147, -37.6431675], [176.1364814, -37.643166], [176.1364484, -37.6431639], [176.136416, -37.6431611], [176.136387, -37.643158], [176.1363616, -37.6431547], [176.1363401, -37.643151], [176.1363216, -37.6431469], [176.1362993, -37.6431405], [176.1362717, -37.6431314], [176.1362385, -37.6431197], [176.1361999, -37.6431053], [176.1361557, -37.6430927], [176.1361059, -37.6430834], [176.1360505, -37.6430774], [176.1359894, -37.6430747], [176.1359112, -37.6430738], [176.1358091, -37.6430738], [176.135683, -37.6430746], [176.1355107, -37.6430594]]}, "geometry_name": "shape", "properties": {"fidn": "234175", "valdco": 15, "verdat": null, "inform": null, "ninfom": null, "ntxtds": null, "scamin": 17999, "txtdsc": null, "sordat": null, "sorind": null, "hypcat": null}}, {"type": "Feature", "id": "layer-50672.145442", "geometry": {"type": "LineString", "coordinates": [[176.1216667, -37.6396815], [176.1221454, -37.6395933], [176.1230026, -37.6394839], [176.1247173, -37.6392396], [176.125247, -37.6391887], [176.1262421, -37.6391322], [176.1266854, -37.6390987], [176.1274923, -37.6390775], [176.1279672, -37.6390947], [176.1283149, -37.6391206], [176.1285494, -37.6391731], [176.1287512, -37.6392599], [176.1290293, -37.6394467], [176.1291129, -37.6395025], [176.1292144, -37.6395534], [176.1293897, -37.6396167], [176.1295036, -37.6396475], [176.1295937, -37.6396603], [176.1296994, -37.6396801], [176.1301109, -37.6397074], [176.1306228, -37.639738], [176.1309409, -37.6397813], [176.1315706, -37.6398833], [176.1323027, -37.640061], [176.1324142, -37.6401053], [176.1325548, -37.6401656], [176.1326848, -37.6402189], [176.1329072, -37.6402839], [176.133198, -37.6403325], [176.133595, -37.6404089], [176.1339038, -37.6404561], [176.1340851, -37.6404793], [176.1342696, -37.6405128], [176.1345286, -37.6405514], [176.1346678, -37.6405642], [176.1351751, -37.6406849], [176.1356509, -37.640797], [176.1357737, -37.6408392], [176.1359217, -37.6408814], [176.1362185, -37.6409399], [176.1363561, -37.6409611], [176.1371632, -37.6411334], [176.1376128, -37.6412402], [176.1395772, -37.6418367], [176.1419045, -37.6424089], [176.1440519, -37.6430567], [176.1458184, -37.6434499], [176.1467405, -37.6437604], [176.1468213, -37.6437951], [176.1473698, -37.6439182], [176.1477333, -37.6439932], [176.1480025, -37.644044], [176.1486701, -37.6441765], [176.1489646, -37.6442591]]}, "geometry_name": "shape", "properties": {"fidn": "5259314", "valdco": 2, "verdat": null, "inform": null, "ninfom": null, "ntxtds": null, "scamin": 17999, "txtdsc": null, "sordat": null, "sorind": null, "hypcat": null}}, {"type": "Feature", "id": "layer-50672.137724", "geometry": {"type": "LineString", "coordinates": [[176.1405159, -37.6445905], [176.1405517, -37.6445977], [176.1405861, -37.644605], [176.1406191, -37.6446124], [176.1406508, -37.6446199], [176.1406811, -37.6446275], [176.1407096, -37.6446352], [176.1407357, -37.6446427], [176.1407596, -37.6446502], [176.1407811, -37.6446575], [176.1408004, -37.6446647], [176.1408367, -37.6446794], [176.1408551, -37.6446871], [176.1408736, -37.644695], [176.1409115, -37.6447114], [176.1409321, -37.6447198], [176.1409541, -37.6447282], [176.1409773, -37.6447368], [176.1410017, -37.6447455], [176.1410258, -37.6447534], [176.1410476, -37.6447598], [176.1410673, -37.6447646], [176.1410848, -37.644768], [176.1411, -37.6447697], [176.1411158, -37.6447709], [176.1411565, -37.6447742], [176.1412097, -37.6447787], [176.1412427, -37.6447799], [176.1412825, -37.6447784], [176.1413292, -37.644774], [176.1413826, -37.6447668], [176.1414428, -37.6447569], [176.1418348, -37.6447207], [176.1420625, -37.6447524], [176.1422985, -37.6448036], [176.142497, -37.6448719], [176.142674, -37.6449358], [176.1427627, -37.645015], [176.1428457, -37.6451577], [176.1429584, -37.645243], [176.1431998, -37.6453112], [176.143468, -37.6453496], [176.1436451, -37.6453198], [176.1438607, -37.6452669], [176.1440742, -37.6451577], [176.144135, -37.645137], [176.1441528, -37.6451401], [176.1441708, -37.6451469], [176.144189, -37.6451556], [176.1442076, -37.6451661], [176.1442265, -37.6451785], [176.1442438, -37.6451921], [176.1442573, -37.6452064], [176.1442668, -37.6452212], [176.1442725, -37.6452366], [176.1442769, -37.6452527], [176.1442873, -37.6452696], [176.1443038, -37.6452874], [176.1443266, -37.6453059], [176.1443548, -37.6453249], [176.1443841, -37.6453417], [176.1444137, -37.6453559], [176.1444438, -37.6453677], [176.144474, -37.6453773], [176.1444991, -37.6453886], [176.1445176, -37.6454031], [176.1445295, -37.6454207], [176.1445347, -37.6454414], [176.144536, -37.6454638], [176.1445351, -37.6454872], [176.1445319, -37.6455114], [176.1445266, -37.6455366], [176.144518, -37.6455604], [176.1445046, -37.6455797], [176.1444865, -37.6455943], [176.1444637, -37.6456043], [176.1444364, -37.6456106], [176.1444054, -37.6456156], [176.1443709, -37.6456195], [176.1443328, -37.6456224], [176.1442922, -37.6456245], [176.1442549, -37.6456278], [176.1442221, -37.6456328], [176.1441937, -37.6456393], [176.1441695, -37.6456475], [176.1441459, -37.6456586], [176.1441217, -37.6456729], [176.1440969, -37.6456905], [176.1440715, -37.6457114], [176.1440488, -37.6457324], [176.1440312, -37.6457515], [176.1440189, -37.6457685], [176.1440117, -37.6457835], [176.1440098, -37.6457995], [176.1440134, -37.6458212], [176.1440225, -37.6458488], [176.144037, -37.6458821], [176.1440562, -37.6459184], [176.1440771, -37.6459491], [176.1440996, -37.6459735], [176.1441237, -37.6459916], [176.1441497, -37.6460039], [176.1441802, -37.6460138], [176.1442155, -37.6460218], [176.1442556, -37.6460279], [176.1443002, -37.6460323], [176.1443422, -37.6460376], [176.1443786, -37.6460445], [176.1444096, -37.6460533], [176.1444351, -37.6460638], [176.1444569, -37.6460744], [176.1444767, -37.6460839], [176.1444944, -37.6460922], [176.1445099, -37.6460993], [176.1445267, -37.6461058], [176.1445504, -37.6461129], [176.1445812, -37.6461204], [176.1446191, -37.6461284], [176.1446612, -37.6461361], [176.1446978, -37.6461404], [176.1447279, -37.6461412], [176.1447515, -37.6461383], [176.1447964, -37.6461237], [176.1448574, -37.6460978], [176.144881, -37.6460847], [176.1449018, -37.6460671], [176.1449198, -37.646045], [176.1449349, -37.6460186], [176.1449606, -37.6459654], [176.144983, -37.6459199], [176.1449924, -37.6458999], [176.1449994, -37.6458811], [176.145004, -37.6458636], [176.1450061, -37.6458473], [176.1450066, -37.6458321], [176.1450082, -37.6458169], [176.1450114, -37.6458018], [176.145016, -37.6457866], [176.1450219, -37.6457716], [176.1450282, -37.645758], [176.1450346, -37.645746], [176.1450411, -37.6457357], [176.1450479, -37.645727], [176.1450615, -37.6457177], [176.1450849, -37.6457066], [176.1451181, -37.6456937], [176.1451551, -37.6456862], [176.1451867, -37.645686], [176.1452158, -37.6456943], [176.1452482, -37.6457038], [176.145284, -37.6457145], [176.1453209, -37.6457261], [176.1453542, -37.6457375], [176.1453836, -37.6457488], [176.1454093, -37.6457599], [176.1454312, -37.6457702], [176.1454502, -37.6457771], [176.1454662, -37.6457803], [176.1454792, -37.6457797], [176.1454896, -37.6457756], [176.1455002, -37.6457681], [176.1455118, -37.6457574], [176.1455243, -37.6457436], [176.1455378, -37.6457267], [176.1455542, -37.6457111], [176.1455742, -37.6456991], [176.145598, -37.6456907], [176.1456255, -37.6456857], [176.1456559, -37.6456841], [176.1456885, -37.6456857], [176.1457234, -37.6456905], [176.1457605, -37.6456986], [176.1457984, -37.6457077], [176.1458344, -37.6457137], [176.1458685, -37.6457164], [176.1459005, -37.6457158], [176.14593, -37.6457132], [176.1459555, -37.6457137], [176.1459766, -37.6457179], [176.1459933, -37.6457259], [176.1460202, -37.6457495], [176.1460362, -37.6457622], [176.1460543, -37.6457752], [176.1460745, -37.6457884], [176.1460954, -37.6457991], [176.1461165, -37.645806], [176.1461376, -37.6458089], [176.1461589, -37.645808], [176.1461793, -37.6458047], [176.146198, -37.6458002], [176.1462148, -37.6457947], [176.1462298, -37.645788], [176.1462442, -37.6457795], [176.1462603, -37.6457674], [176.1462782, -37.6457516], [176.1462979, -37.6457323], [176.1463198, -37.6457103], [176.1463456, -37.6456895], [176.1463756, -37.6456705], [176.1464097, -37.6456531], [176.1464472, -37.6456374], [176.1464813, -37.6456239], [176.1465103, -37.6456127], [176.1465342, -37.6456037], [176.1465532, -37.645597], [176.1465726, -37.6455911], [176.1465949, -37.6455852], [176.1466202, -37.6455794], [176.1466485, -37.6455737], [176.1466779, -37.6455694], [176.1467068, -37.6455677], [176.1467349, -37.6455685], [176.1467625, -37.645572], [176.1467899, -37.6455765], [176.1468184, -37.6455787], [176.1468479, -37.6455786], [176.1468785, -37.6455761], [176.1469096, -37.6455719], [176.1469393, -37.6455685], [176.1469673, -37.645566], [176.1469935, -37.6455645], [176.1470184, -37.645564], [176.1470448, -37.6455636], [176.1471037, -37.6455629], [176.1471364, -37.6455626], [176.1471699, -37.6455639], [176.1472037, -37.6455674], [176.1472379, -37.6455731], [176.1472518, -37.6455763], [176.1472724, -37.6455811], [176.1473058, -37.6455899], [176.147337, -37.6455978], [176.1473658, -37.6456049], [176.1473923, -37.6456111], [176.1474167, -37.6456166], [176.1474396, -37.6456215], [176.1474608, -37.6456258], [176.1474804, -37.6456295], [176.1474988, -37.6456325], [176.1475172, -37.6456341], [176.1475358, -37.6456343], [176.1475547, -37.645633], [176.1475737, -37.6456304], [176.1475928, -37.6456268], [176.1476119, -37.6456222], [176.147631, -37.6456167], [176.14765, -37.6456102], [176.1476663, -37.6456007], [176.1476786, -37.6455873], [176.1476869, -37.6455699], [176.1476911, -37.6455485], [176.1476932, -37.6455261], [176.1476964, -37.6454866], [176.1476975, -37.6454695], [176.1476947, -37.645452], [176.1476807, -37.64543], [176.1476554, -37.6454033], [176.1476186, -37.6453719], [176.1475743, -37.645337], [176.1475385, -37.6453041], [176.1475129, -37.6452735], [176.1474976, -37.6452454], [176.1474915, -37.6452195], [176.1474846, -37.6451933], [176.1474744, -37.6451663], [176.1474664, -37.6451498], [176.1474609, -37.6451384], [176.1474441, -37.6451098], [176.1474233, -37.6450851], [176.1473981, -37.6450663], [176.1473687, -37.6450534], [176.1473349, -37.6450465], [176.1473003, -37.6450437], [176.1472686, -37.6450428], [176.1472398, -37.645044], [176.1472138, -37.6450471], [176.1471902, -37.6450519], [176.1471679, -37.6450576], [176.1471468, -37.6450641], [176.147127, -37.6450715], [176.1471074, -37.645079], [176.1470838, -37.6450835], [176.1470556, -37.6450848], [176.1470228, -37.6450827], [176.1469855, -37.6450775], [176.1469437, -37.6450697], [176.1468973, -37.6450598], [176.1468464, -37.6450476], [176.1467911, -37.6450331], [176.1467386, -37.645019], [176.1466922, -37.6450063], [176.1466519, -37.644995], [176.1466178, -37.6449851], [176.1465661, -37.6449622], [176.1465139, -37.6449408], [176.1464611, -37.644921], [176.1464078, -37.6449029], [176.1463539, -37.6448863], [176.1462994, -37.6448712], [176.1462444, -37.6448578], [176.1461888, -37.644846], [176.1461327, -37.6448357], [176.146076, -37.644827], [176.1460187, -37.6448199], [176.1459256, -37.6448042], [176.1458436, -37.6447788], [176.1457727, -37.6447437], [176.1457129, -37.6446988], [176.145663, -37.6446469], [176.1456197, -37.6445954], [176.1455829, -37.6445449], [176.1455526, -37.6444954], [176.1455282, -37.644447], [176.145505, -37.6444007], [176.1454818, -37.6443565], [176.1454585, -37.6443146], [176.1454352, -37.644275], [176.1454081, -37.6442401], [176.1453747, -37.6442119], [176.1453348, -37.6441904], [176.1452886, -37.6441755], [176.1452376, -37.6441656], [176.1451855, -37.644157], [176.1451325, -37.6441496], [176.1450784, -37.6441433], [176.145024, -37.6441381], [176.1449731, -37.6441325], [176.1449265, -37.6441264], [176.1448841, -37.6441198], [176.1448461, -37.6441126], [176.1448135, -37.6441039], [176.144787, -37.6440929], [176.1447666, -37.6440797], [176.1447522, -37.6440644], [176.1447395, -37.6440473], [176.1447213, -37.6440292], [176.1446975, -37.6440102], [176.1446682, -37.6439902], [176.1446343, -37.6439689], [176.1446008, -37.643945], [176.1445684, -37.6439183], [176.144537, -37.6438889], [176.1445066, -37.643857], [176.1444771, -37.6438295], [176.1444482, -37.643809], [176.1444201, -37.6437957], [176.1443926, -37.6437895], [176.1443641, -37.6437885], [176.1443325, -37.6437908], [176.1442977, -37.6437962], [176.1442597, -37.6438049], [176.1442197, -37.6438151], [176.1441812, -37.6438212], [176.1441448, -37.6438226], [176.1441102, -37.6438195], [176.1440773, -37.643812], [176.1440423, -37.6438021], [176.1440041, -37.6437904], [176.1439628, -37.6437769], [176.1439184, -37.6437615], [176.1438748, -37.6437445], [176.1438353, -37.6437258], [176.1438001, -37.6437054], [176.1437691, -37.6436833], [176.1437389, -37.6436607], [176.1437011, -37.6436405], [176.1436553, -37.6436228], [176.1436015, -37.6436076], [176.1435407, -37.6435948], [176.1434826, -37.6435832], [176.1434289, -37.6435728], [176.1433798, -37.6435635], [176.1433352, -37.6435553], [176.1432848, -37.6435437], [176.1432226, -37.6435262], [176.1431484, -37.6435027], [176.1430624, -37.6434732], [176.1429744, -37.6434416], [176.1429031, -37.6434151], [176.1428489, -37.6433939], [176.1428119, -37.643378], [176.1427876, -37.643366], [176.1427523, -37.6433506], [176.1427023, -37.6433305], [176.1426376, -37.6433059], [176.1425584, -37.6432768], [176.1424674, -37.6432451], [176.1423659, -37.6432117], [176.1422539, -37.6431767], [176.1421314, -37.64314], [176.1420017, -37.6431018], [176.1418691, -37.6430623], [176.1417338, -37.6430216], [176.1415956, -37.6429797], [176.1414515, -37.6429351], [176.141289, -37.6428825], [176.1411067, -37.6428213], [176.1409047, -37.6427515], [176.1406849, -37.642674], [176.1404781, -37.6426047], [176.1402947, -37.6425489], [176.1401346, -37.6425066], [176.139998, -37.6424778], [176.1398993, -37.6424481], [176.1398154, -37.642423], [176.1397462, -37.6424024], [176.1396918, -37.6423863], [176.1396515, -37.6423746], [176.1396157, -37.6423633], [176.1395808, -37.6423513], [176.139547, -37.6423384], [176.1395142, -37.6423247], [176.1394816, -37.6423103], [176.139446, -37.6422953], [176.1394071, -37.6422797], [176.1393649, -37.6422636], [176.1393192, -37.6422469], [176.1392705, -37.642231], [176.1392189, -37.6422176], [176.1391645, -37.642207], [176.1391072, -37.642199], [176.1390473, -37.6421936], [176.1389923, -37.6421882], [176.1389456, -37.6421818], [176.1389074, -37.6421742], [176.1388775, -37.6421654], [176.1388548, -37.6421559], [176.1388319, -37.6421476], [176.1388074, -37.6421408], [176.1387814, -37.6421356], [176.1387539, -37.6421319], [176.1387253, -37.6421286], [176.1386963, -37.6421238], [176.1386671, -37.6421173], [176.1386375, -37.642109], [176.138576, -37.6420887], [176.1385418, -37.6420786], [176.1385049, -37.6420688], [176.1384655, -37.6420594], [176.1384238, -37.6420502], [176.1383837, -37.6420409], [176.1383464, -37.6420314], [176.1383116, -37.6420216], [176.1382481, -37.6420017], [176.1382116, -37.6419931], [176.1381698, -37.6419859], [176.1381226, -37.6419801], [176.1380311, -37.6419641], [176.1380098, -37.6419614], [176.1379874, -37.6419607], [176.1379637, -37.6419621], [176.1379389, -37.6419655], [176.1379129, -37.6419709], [176.1378857, -37.6419784], [176.1378573, -37.6419878], [176.1378278, -37.6419994], [176.1377942, -37.6420079], [176.1377539, -37.6420065], [176.1377178, -37.6419994], [176.1376889, -37.6419915], [176.1376671, -37.6419829], [176.137652, -37.6419735], [176.137639, -37.6419628], [176.1376264, -37.6419504], [176.1376142, -37.6419364], [176.1376025, -37.6419208], [176.1375903, -37.641904], [176.1375744, -37.6418875], [176.1375544, -37.6418715], [176.1375304, -37.6418559], [176.1375024, -37.6418409], [176.1374707, -37.6418263], [176.1374359, -37.6418121], [176.1373982, -37.6417983], [176.1373573, -37.6417849], [176.1372733, -37.6417598], [176.1372392, -37.6417487], [176.1372114, -37.6417386], [176.1371899, -37.6417296], [176.1371731, -37.6417213], [176.1371517, -37.6417118], [176.1371241, -37.6417008], [176.1370903, -37.6416883], [176.1370504, -37.6416742], [176.1370056, -37.641659], [176.1369587, -37.6416433], [176.1369097, -37.6416272], [176.1368588, -37.6416107], [176.1368058, -37.6415939], [176.1367587, -37.6415778], [176.1367227, -37.6415633], [176.1364474, -37.641447], [176.1361586, -37.6413302], [176.1352608, -37.6410299], [176.1349802, -37.6409562], [176.134254, -37.6408088], [176.1334892, -37.6406921], [176.1331461, -37.6406694], [176.1328249, -37.6406921], [176.1322146, -37.6407904], [176.1316275, -37.6407842], [176.1309415, -37.6407362], [176.1305537, -37.6407535], [176.1298661, -37.6408272], [176.1290852, -37.6409153], [176.128842, -37.6409264], [176.1288264, -37.6409269], [176.1287595, -37.640928], [176.1287016, -37.6409278], [176.1286448, -37.6409283], [176.128587, -37.6409299], [176.1285281, -37.6409328], [176.1284682, -37.6409369], [176.1284061, -37.6409416], [176.1283393, -37.6409454], [176.1282675, -37.6409483], [176.1281907, -37.6409502], [176.1280316, -37.640952], [176.127965, -37.6409535], [176.1279093, -37.6409556], [176.1278645, -37.6409583], [176.1278291, -37.6409615], [176.1277927, -37.6409639], [176.1277533, -37.6409654], [176.1277109, -37.6409659], [176.1276654, -37.6409654], [176.1276196, -37.6409643], [176.1275782, -37.6409632], [176.1275416, -37.6409621], [176.1275096, -37.640961], [176.1274822, -37.6409599], [176.1274543, -37.6409589], [176.1274234, -37.6409582], [176.1273894, -37.6409578], [176.1273525, -37.6409575], [176.1273131, -37.6409579], [176.1272738, -37.6409605], [176.1272349, -37.6409657], [176.1271965, -37.6409733], [176.1271585, -37.6409835], [176.1271226, -37.640995], [176.1270913, -37.6410059], [176.1270644, -37.6410164], [176.1270421, -37.6410265], [176.127024, -37.641036], [176.1270032, -37.6410448], [176.126977, -37.6410527], [176.1269457, -37.6410598], [176.126909, -37.6410661], [176.1268677, -37.6410723], [176.1268236, -37.6410807], [176.1267771, -37.6410917], [176.126728, -37.6411052], [176.1266764, -37.6411213], [176.1266435, -37.6411532], [176.1266353, -37.6411915], [176.1266339, -37.6412241], [176.1266392, -37.641251], [176.1266512, -37.6412721], [176.1266691, -37.6412882], [176.1266881, -37.6413031], [176.1267075, -37.6413176], [176.1267272, -37.6413315], [176.1267472, -37.6413449], [176.126765, -37.6413584], [176.1267782, -37.6413727], [176.1267867, -37.6413878], [176.1267906, -37.6414036], [176.12679, -37.64142], [176.1267856, -37.6414354], [176.1267774, -37.6414495], [176.1267656, -37.6414624], [176.12675, -37.641474], [176.126733, -37.6414846], [176.1267166, -37.6414944], [176.1267011, -37.6415033], [176.1266863, -37.6415113], [176.126672, -37.6415187], [176.1266566, -37.641526], [176.12664, -37.6415336], [176.1266221, -37.6415412], [176.1266029, -37.641549], [176.1265817, -37.6415568], [176.126558, -37.6415642], [176.1265318, -37.6415713], [176.1265029, -37.6415781], [176.126472, -37.6415845], [176.126442, -37.6415906], [176.1264134, -37.6415962], [176.1263861, -37.6416014], [176.1263603, -37.6416062], [176.1263356, -37.6416114], [176.1263121, -37.6416176], [176.1262897, -37.6416251], [176.1262685, -37.6416337], [176.1262486, -37.6416435], [176.1262316, -37.6416551], [176.1262179, -37.6416687], [176.1262073, -37.6416841], [176.1262, -37.6417015], [176.1261969, -37.6417201], [176.1261993, -37.6417394], [176.1262072, -37.6417593], [176.1262204, -37.6417798], [176.1262383, -37.6418006], [176.1262559, -37.6418199], [176.1262724, -37.6418372], [176.1262877, -37.6418527], [176.126302, -37.6418662], [176.1263207, -37.6418815], [176.1263494, -37.6419019], [176.1263883, -37.6419275], [176.1264372, -37.6419583], [176.1265436, -37.6420238], [176.1265842, -37.6420494], [176.1266155, -37.6420696], [176.1266377, -37.6420846], [176.1267922, -37.6421937], [176.1268749, -37.6422523], [176.1269119, -37.6422792], [176.1269469, -37.6423056], [176.1269799, -37.6423313], [176.1270425, -37.6423819], [176.1270798, -37.6424094], [176.1271228, -37.6424389], [176.1271714, -37.6424706], [176.1272255, -37.6425042], [176.1272787, -37.6425364], [176.1273283, -37.642566], [176.1273744, -37.6425928], [176.1274169, -37.6426169], [176.1274573, -37.6426391], [176.1275005, -37.6426618], [176.1275467, -37.642685], [176.127596, -37.6427088], [176.1276484, -37.6427333], [176.1277008, -37.6427565], [176.127751, -37.6427772], [176.1277992, -37.6427952], [176.1278451, -37.6428107], [176.1278887, -37.6428237], [176.1279288, -37.6428345], [176.1279653, -37.6428433], [176.127998, -37.64285], [176.128027, -37.6428546], [176.1280539, -37.6428583], [176.1280809, -37.6428627], [176.1281081, -37.6428678], [176.1281355, -37.6428737], [176.1281633, -37.6428803], [176.128195, -37.6428872], [176.1282316, -37.6428944], [176.1282731, -37.6429018], [176.1283195, -37.6429095], [176.1283721, -37.6429177], [176.1284338, -37.6429271], [176.12855, -37.6429444], [176.128585, -37.6429496], [176.1286743, -37.6429626], [176.128766, -37.6429742], [176.1288564, -37.642983], [176.1289457, -37.6429889], [176.1290337, -37.6429921], [176.1291212, -37.6429926], [176.1292112, -37.6429914], [176.1293042, -37.6429887], [176.1294001, -37.6429843], [176.129499, -37.6429784], [176.1295628, -37.6429763], [176.1296164, -37.6429728], [176.12966, -37.642968], [176.1296936, -37.6429619], [176.1297178, -37.6429546], [176.1297385, -37.6429473], [176.1297567, -37.6429404], [176.1297725, -37.6429338], [176.1297857, -37.6429275], [176.1297981, -37.6429221], [176.1298116, -37.6429187], [176.1298263, -37.6429171], [176.1298421, -37.6429174], [176.1298591, -37.6429195], [176.1298766, -37.6429234], [176.1298945, -37.6429291], [176.1299128, -37.6429365], [176.129953, -37.6429562], [176.1299814, -37.6429669], [176.1300168, -37.642978], [176.1300593, -37.6429894], [176.1301084, -37.643001], [176.1301566, -37.6430107], [176.1302016, -37.6430177], [176.1302433, -37.6430222], [176.1302818, -37.6430241], [176.1303181, -37.6430242], [176.1303912, -37.6430238], [176.1304653, -37.643023], [176.130501, -37.6430228], [176.1305344, -37.6430231], [176.1305657, -37.6430237], [176.1305947, -37.6430248], [176.1306216, -37.6430263], [176.1306466, -37.643028], [176.1306698, -37.6430298], [176.1306912, -37.6430319], [176.1307108, -37.6430342], [176.1307294, -37.6430375], [176.1307475, -37.6430424], [176.1307651, -37.6430489], [176.1307821, -37.6430569], [176.1307988, -37.6430661], [176.1308161, -37.6430747], [176.1308341, -37.6430826], [176.1308527, -37.6430897], [176.1308719, -37.6430962], [176.1308915, -37.6431015], [176.1309112, -37.6431055], [176.1309311, -37.6431082], [176.1309511, -37.6431095], [176.1309955, -37.64311], [176.1310229, -37.6431107], [176.1310539, -37.6431118], [176.1311126, -37.6431252], [176.1312747, -37.6431614], [176.1322394, -37.6432957], [176.1323195, -37.6433173], [176.1324128, -37.6433439], [176.1324622, -37.6433676], [176.132514, -37.6433893], [176.1325682, -37.6434091], [176.1326241, -37.643427], [176.1326816, -37.6434429], [176.1327407, -37.6434568], [176.1328014, -37.6434687], [176.1328616, -37.6434792], [176.1329158, -37.6434893], [176.1329637, -37.6434992], [176.1330052, -37.6435089], [176.1330735, -37.643527], [176.1331071, -37.6435348], [176.1331412, -37.6435415], [176.1331758, -37.6435472], [176.133211, -37.6435521], [176.1332471, -37.6435574], [176.1332843, -37.6435633], [176.1333224, -37.6435699], [176.1333615, -37.6435771], [176.1334707, -37.6435979], [176.1335307, -37.6436091], [176.1335618, -37.6436136], [176.1335978, -37.6436171], [176.1336386, -37.6436198], [176.1336842, -37.6436214], [176.1337338, -37.6436225], [176.1337834, -37.6436247], [176.1338325, -37.6436281], [176.133881, -37.6436329], [176.1339773, -37.6436451], [176.134027, -37.6436496], [176.1340782, -37.6436523], [176.1341308, -37.6436533], [176.1341849, -37.6436526], [176.1342389, -37.643651], [176.1342923, -37.6436488], [176.1343451, -37.643646], [176.1343973, -37.6436427], [176.1344479, -37.6436389], [176.1344937, -37.6436353], [176.1345343, -37.643632], [176.1345697, -37.643629], [176.1345999, -37.6436263], [176.1346546, -37.6436218], [176.134704, -37.6436192], [176.1347483, -37.6436185], [176.1347875, -37.6436196], [176.1348232, -37.643623], [176.1348641, -37.6436305], [176.1349113, -37.6436423], [176.1349647, -37.6436584], [176.1350243, -37.6436788], [176.1350836, -37.6436995], [176.1351384, -37.6437182], [176.1351887, -37.6437348], [176.1352347, -37.6437492], [176.1352766, -37.6437617], [176.1353158, -37.6437726], [176.1353523, -37.6437819], [176.1353863, -37.6437897], [176.1354496, -37.6438023], [176.1354831, -37.6438095], [176.1355183, -37.6438174], [176.1355551, -37.6438262], [176.1355934, -37.6438364], [176.1356331, -37.6438495], [176.135674, -37.6438654], [176.1357163, -37.6438842], [176.1357597, -37.6439054], [176.1358016, -37.6439238], [176.1358414, -37.643938], [176.135879, -37.643948], [176.1359145, -37.6439539], [176.1359483, -37.643957], [176.1359809, -37.6439591], [176.1360124, -37.6439604], [176.1360427, -37.6439607], [176.1360725, -37.6439603], [176.1361051, -37.6439604], [176.1361412, -37.6439611], [176.1361807, -37.6439625], [176.1362237, -37.6439645], [176.1362655, -37.643968], [176.1363026, -37.6439736], [176.1363349, -37.6439813], [176.1363624, -37.643991], [176.1363863, -37.6440024], [176.1364105, -37.6440132], [176.1364356, -37.6440235], [176.1364615, -37.644033], [176.1364883, -37.6440419], [176.136517, -37.644049], [176.1365482, -37.6440537], [176.1365818, -37.6440561], [176.1366179, -37.6440561], [176.1366555, -37.6440536], [176.1366924, -37.6440483], [176.1367285, -37.6440401], [176.1367638, -37.644029], [176.1367981, -37.6440152], [176.1368301, -37.6440011], [176.1368594, -37.6439876], [176.1368858, -37.6439745], [176.1369321, -37.6439502], [176.1369564, -37.6439391], [176.1369826, -37.6439287], [176.1370106, -37.6439192], [176.1370415, -37.6439108], [176.1370836, -37.6439061], [176.1371386, -37.6439058], [176.1372067, -37.6439097], [176.1372877, -37.643918], [176.1373203, -37.6439293], [176.1373459, -37.6439406], [176.1373644, -37.643952], [176.1373758, -37.6439634], [176.1373833, -37.6439749], [176.1373946, -37.6439867], [176.1374102, -37.6439987], [176.1374301, -37.6440111], [176.137454, -37.6440237], [176.1374804, -37.6440368], [176.1375092, -37.6440503], [176.1375403, -37.6440641], [176.1375736, -37.6440785], [176.1376064, -37.6440929], [176.1376374, -37.6441073], [176.1376666, -37.6441218], [176.1377208, -37.6441503], [176.137748, -37.6441635], [176.1377758, -37.6441758], [176.1378042, -37.6441873], [176.1378586, -37.644208], [176.1378826, -37.6442173], [176.1379247, -37.6442339], [176.1379457, -37.6442425], [176.1379681, -37.644252], [176.137992, -37.6442623], [176.1380173, -37.6442735], [176.1380447, -37.6442848], [176.1380747, -37.644296], [176.1381071, -37.644307], [176.138142, -37.6443179], [176.1381774, -37.6443285], [176.1382425, -37.6443474], [176.1382722, -37.6443558], [176.1383029, -37.6443643], [176.138345, -37.6443752], [176.1383992, -37.6443888], [176.1384654, -37.6444052], [176.1385417, -37.6444237], [176.138609, -37.6444398], [176.1386631, -37.6444526], [176.1387038, -37.644462], [176.1387313, -37.6444681], [176.1387518, -37.6444742], [176.1388544, -37.6444965], [176.1390314, -37.6444965], [176.1391977, -37.6444709], [176.1393908, -37.6444837], [176.1396054, -37.6445349], [176.1397503, -37.6445477], [176.1399156, -37.6445222], [176.1399515, -37.6445225], [176.1399834, -37.6445235], [176.1400115, -37.6445252], [176.1400361, -37.6445276], [176.1400602, -37.6445308], [176.140084, -37.6445346], [176.1401077, -37.6445391], [176.1401317, -37.6445446], [176.1401652, -37.6445559], [176.1405159, -37.6445905]]}, "geometry_name": "shape", "properties": {"fidn": "5172702", "valdco": 10, "verdat": null, "inform": null, "ninfom": null, "ntxtds": null, "scamin": 17999, "txtdsc": null, "sordat": null, "sorind": null, "hypcat": null}}, {"type": "Feature", "id": "layer-50672.137760", "geometry": {"type": "LineString", "coordinates": [[176.1460242, -37.6452495], [176.1459728, -37.645246], [176.1459289, -37.6452464], [176.1458925, -37.6452508], [176.1458636, -37.6452591], [176.1458421, -37.6452711], [176.1458248, -37.6452837], [176.1458105, -37.6452957], [176.1457994, -37.6453071], [176.1457915, -37.6453179], [176.145786, -37.6453287], [176.1457806, -37.6453422], [176.1457751, -37.6453586], [176.1457693, -37.645378], [176.1457634, -37.6454002], [176.1457596, -37.645424], [176.1457613, -37.6454471], [176.1457684, -37.6454697], [176.1457811, -37.6454918], [176.1457992, -37.6455131], [176.1458201, -37.6455322], [176.1458424, -37.6455483], [176.1458662, -37.6455613], [176.1458914, -37.6455712], [176.1459179, -37.6455782], [176.1459441, -37.6455836], [176.1459697, -37.6455876], [176.1459948, -37.6455901], [176.1460193, -37.6455911], [176.1460426, -37.6455899], [176.1460635, -37.645585], [176.1460817, -37.6455762], [176.1460974, -37.6455637], [176.1461105, -37.6455475], [176.1461211, -37.6455291], [176.1461294, -37.6455099], [176.1461353, -37.6454898], [176.1461388, -37.6454688], [176.1461398, -37.6454471], [176.1461378, -37.6454256], [176.1461328, -37.6454048], [176.1461246, -37.6453845], [176.1461133, -37.6453649], [176.1460992, -37.6453452], [176.1460832, -37.6453239], [176.1460654, -37.6453009], [176.1460457, -37.6452761], [176.1460242, -37.6452495]]}, "geometry_name": "shape", "properties": {"fidn": "5258009", "valdco": 10, "verdat": null, "inform": null, "ninfom": null, "ntxtds": null, "scamin": 17999, "txtdsc": null, "sordat": null, "sorind": null, "hypcat": null}}, {"type": "Feature", "id": "layer-50672.145438", "geometry": {"type": "LineString", "coordinates": [[176.1513356, -37.6455314], [176.1512468, -37.645526], [176.1511661, -37.64552], [176.1510934, -37.6455136], [176.1510288, -37.6455066], [176.1507047, -37.6454671], [176.1506015, -37.6454538], [176.1505119, -37.6454394], [176.1504369, -37.6454241], [176.1503765, -37.6454077], [176.1503287, -37.6453903], [176.1502842, -37.6453727], [176.1502418, -37.6453549], [176.1502014, -37.6453369], [176.150163, -37.6453186], [176.1501248, -37.6452998], [176.1500865, -37.6452806], [176.1500481, -37.6452609], [176.1500097, -37.6452409], [176.1499736, -37.6452226], [176.1499407, -37.6452069], [176.149911, -37.6451937], [176.1498844, -37.6451831], [176.1498583, -37.6451743], [176.1498311, -37.6451669], [176.1498029, -37.6451608], [176.1497734, -37.6451561], [176.1497411, -37.6451532], [176.1497041, -37.6451526], [176.1496623, -37.6451544], [176.1496157, -37.6451585], [176.1495661, -37.6451639], [176.1495163, -37.6451688], [176.1494662, -37.6451733], [176.1494159, -37.6451774], [176.1493663, -37.6451808], [176.1493196, -37.6451828], [176.149276, -37.6451834], [176.1492354, -37.6451827], [176.1491975, -37.6451808], [176.1491598, -37.6451794], [176.1491221, -37.6451786], [176.1490845, -37.6451784], [176.1490468, -37.6451788], [176.1490087, -37.6451801], [176.1489701, -37.6451824], [176.1489309, -37.6451856], [176.1488914, -37.6451898], [176.1488531, -37.6451945], [176.1488169, -37.6451997], [176.1487827, -37.6452052], [176.1487503, -37.6452113], [176.1487058, -37.6452209], [176.1486409, -37.6452358], [176.1485557, -37.645256], [176.1484501, -37.6452815], [176.1483409, -37.6453093], [176.1482447, -37.6453365], [176.1481616, -37.6453629], [176.1480916, -37.6453886], [176.1480325, -37.6454134], [176.1479803, -37.6454372], [176.1479352, -37.6454599], [176.147897, -37.6454816], [176.1478659, -37.6455023], [176.1478418, -37.6455227], [176.1478249, -37.6455427], [176.1478151, -37.6455623], [176.1478116, -37.6455816], [176.147811, -37.6456005], [176.1478129, -37.6456191], [176.1478172, -37.6456373], [176.1478239, -37.645655], [176.1478322, -37.6456716], [176.1478418, -37.6456868], [176.1478529, -37.6457006], [176.1478654, -37.6457131], [176.1478807, -37.645725], [176.1478994, -37.6457366], [176.1479213, -37.6457479], [176.1479466, -37.6457588], [176.1479731, -37.6457681], [176.1479996, -37.6457751], [176.1480261, -37.6457797], [176.1480527, -37.6457819], [176.1480784, -37.6457824], [176.1481024, -37.645782], [176.1481246, -37.6457805], [176.148145, -37.6457779], [176.1481937, -37.6457701], [176.148266, -37.6457588], [176.1483117, -37.6457515], [176.1483656, -37.6457424], [176.1484279, -37.6457313], [176.1484985, -37.6457182], [176.1485743, -37.6457038], [176.1486406, -37.6456907], [176.1486957, -37.6456792], [176.1487394, -37.6456693], [176.1487729, -37.6456609], [176.1488053, -37.6456531], [176.1488385, -37.6456456], [176.1488725, -37.6456384], [176.1489071, -37.6456316], [176.1489391, -37.6456261], [176.1489673, -37.6456221], [176.1489917, -37.6456197], [176.1490122, -37.6456189], [176.1490308, -37.645619], [176.1490486, -37.6456197], [176.1490655, -37.645621], [176.1490815, -37.645623], [176.1491009, -37.6456269], [176.1491279, -37.645634], [176.1491625, -37.6456444], [176.1492047, -37.645658], [176.1492523, -37.6456727], [176.1493017, -37.6456845], [176.1493529, -37.6456934], [176.1494059, -37.6456994], [176.1494604, -37.6457027], [176.149516, -37.6457037], [176.1495725, -37.6457023], [176.14963, -37.6456987], [176.1496885, -37.6456934], [176.1497474, -37.6456896], [176.1498066, -37.6456874], [176.1498663, -37.6456871], [176.1499261, -37.6456884], [176.1499843, -37.6456909], [176.1500405, -37.6456943], [176.1500946, -37.6456988], [176.1501467, -37.6457042], [176.1501963, -37.6457088], [176.1502435, -37.645712], [176.1502881, -37.6457139], [176.1503302, -37.6457144], [176.1503728, -37.6457146], [176.1504176, -37.6457153], [176.1504646, -37.6457163], [176.1505139, -37.6457176], [176.1505654, -37.6457197], [176.1506196, -37.6457225], [176.1506762, -37.6457263], [176.1507353, -37.6457309], [176.1507941, -37.6457359], [176.1508474, -37.6457402], [176.1508951, -37.6457439], [176.1509373, -37.645747], [176.1509751, -37.6457502], [176.1510113, -37.6457556], [176.151046, -37.6457632], [176.1510794, -37.645773], [176.1511117, -37.6457848], [176.1512499, -37.6458366], [176.1512903, -37.6458509], [176.1513354, -37.6458661], [176.1513852, -37.6458822], [176.1514395, -37.645899], [176.1514955, -37.645914], [176.151552, -37.6459263], [176.1516091, -37.6459358], [176.1516666, -37.6459425], [176.1517208, -37.6459462], [176.1517693, -37.6459468], [176.1518121, -37.6459442], [176.1518493, -37.6459385], [176.151882, -37.6459305], [176.1519112, -37.6459211], [176.1519371, -37.6459103], [176.1519596, -37.6458982], [176.1519781, -37.6458849], [176.1519917, -37.6458708], [176.1520005, -37.6458557], [176.1520043, -37.6458398], [176.1520034, -37.6458234], [176.1519983, -37.6458077], [176.1519889, -37.6457928], [176.1519753, -37.6457786], [176.1519576, -37.6457652], [176.1519363, -37.645752], [176.1519115, -37.6457391], [176.1518832, -37.6457265], [176.1518517, -37.6457139], [176.1518194, -37.6457001], [176.1517869, -37.6456849], [176.1517542, -37.6456681], [176.1517213, -37.64565], [176.15169, -37.6456336], [176.151661, -37.6456199], [176.1516342, -37.6456089], [176.1516094, -37.6456006], [176.1515722, -37.6455904], [176.1515142, -37.6455754], [176.1514353, -37.6455557], [176.1513356, -37.6455314]]}, "geometry_name": "shape", "properties": {"fidn": "5236097", "valdco": 10, "verdat": null, "inform": null, "ninfom": null, "ntxtds": null, "scamin": 17999, "txtdsc": null, "sordat": null, "sorind": null, "hypcat": null}}, {"type": "Feature", "id": "layer-50672.145634", "geometry": {"type": "LineString", "coordinates": [[176.1463007, -37.6473547], [176.1462788, -37.6473298], [176.1462579, -37.6473166], [176.1462331, -37.6473071], [176.1461854, -37.6472925], [176.1461344, -37.647285], [176.1460935, -37.6472821], [176.1460566, -37.6472831], [176.146025, -37.6472926], [176.1459995, -37.6473078], [176.1459891, -37.6473228], [176.1459862, -37.647345], [176.1459872, -37.6473662], [176.1459933, -37.6473868], [176.1460126, -37.6474117], [176.1460507, -37.6474377], [176.1460831, -37.6474622], [176.1461289, -37.6474868], [176.1461989, -37.6475086], [176.1462727, -37.6475251], [176.1462922, -37.6475259], [176.1463087, -37.6475206], [176.1463246, -37.6475113], [176.1463286, -37.6475004], [176.1463386, -37.6474754], [176.1463418, -37.6474456], [176.1463389, -37.6474213], [176.1463322, -37.6473971], [176.1463189, -37.6473743], [176.1463007, -37.6473547]]}, "geometry_name": "shape", "properties": {"fidn": "5273383", "valdco": 10, "verdat": null, "inform": null, "ninfom": null, "ntxtds": null, "scamin": 17999, "txtdsc": null, "sordat": null, "sorind": null, "hypcat": null}}, {"type": "Feature", "id": "layer-50672.145508", "geometry": {"type": "LineString", "coordinates": [[176.1421428, -37.6464881], [176.1420812, -37.6464507], [176.1420349, -37.6464123], [176.1420221, -37.6463879], [176.142017, -37.6463711], [176.142017, -37.6463569], [176.1420221, -37.6463452], [176.142031, -37.646335], [176.1420579, -37.6463096], [176.1420802, -37.6462913], [176.1421051, -37.6462822], [176.1421291, -37.6462796], [176.1421588, -37.6462791], [176.1421837, -37.6462822], [176.1422048, -37.6462878], [176.142223, -37.6463088], [176.1422415, -37.6463632], [176.1422507, -37.6463814], [176.1422707, -37.6463914], [176.1422937, -37.6463894], [176.1423021, -37.6463767], [176.1422912, -37.6463391], [176.1422854, -37.6463122], [176.1422803, -37.6462867], [176.1422874, -37.6462623], [176.1422937, -37.6462501], [176.1423155, -37.6462257], [176.1423315, -37.6462151], [176.1423538, -37.6462064], [176.1424088, -37.6461993], [176.142444, -37.6461993], [176.1425111, -37.646211], [176.1425757, -37.6462156], [176.1426217, -37.6462125], [176.1426946, -37.6462174], [176.1427253, -37.6462209], [176.1427566, -37.6462291], [176.1427937, -37.6462413], [176.1428256, -37.6462499], [176.1428672, -37.6462641], [176.1429126, -37.6462799], [176.1429484, -37.6463012], [176.1430538, -37.6463553], [176.1433633, -37.6464611], [176.1434852, -37.6464898], [176.1435159, -37.6465031], [176.1435334, -37.6465236], [176.1435557, -37.6465552], [176.1435634, -37.6465874], [176.1435648, -37.6466113], [176.1435653, -37.6466335], [176.1435642, -37.6466402], [176.1435689, -37.6466466], [176.1435927, -37.6466532], [176.1436146, -37.6466506], [176.1436293, -37.6466435], [176.1436576, -37.6465857], [176.143666, -37.646563], [176.1436715, -37.6465519], [176.143682, -37.6465469], [176.1437078, -37.6465469], [176.1437308, -37.6465502], [176.1437525, -37.6465575], [176.1437811, -37.6465702], [176.1439056, -37.6466166], [176.143956, -37.6466317], [176.1440493, -37.6466568], [176.1440991, -37.6466744], [176.14413, -37.6466761], [176.1441598, -37.6466717], [176.1441885, -37.6466559], [176.1442161, -37.6466322], [176.1442419, -37.6466186], [176.1442716, -37.6466023], [176.1442992, -37.6465901], [176.144317, -37.6465813], [176.1443512, -37.6465775], [176.1443923, -37.6465793], [176.1444528, -37.646601], [176.1445512, -37.6466511], [176.1445922, -37.6466709], [176.1447379, -37.6467164], [176.1448121, -37.646734], [176.1449065, -37.6467506], [176.1449976, -37.646765], [176.1450687, -37.6467813], [176.1451109, -37.6468033], [176.1451724, -37.6468388], [176.1452038, -37.6468666], [176.1452182, -37.6468963], [176.1452372, -37.6469141], [176.1452531, -37.6469166], [176.1452713, -37.6469145], [176.145294, -37.6469092], [176.1453147, -37.6469088], [176.1453414, -37.6469109], [176.1453872, -37.6469219], [176.1454433, -37.6469432], [176.1454666, -37.6469548], [176.14548, -37.6469693], [176.1454787, -37.6469957], [176.1454643, -37.6470409], [176.1454483, -37.6470653], [176.1454363, -37.6470792], [176.1454227, -37.6470881], [176.1454084, -37.6470979], [176.1453978, -37.6471053], [176.1453803, -37.6471221], [176.1453686, -37.6471395], [176.1453499, -37.6471768], [176.1453335, -37.6472079], [176.1452893, -37.6472882], [176.1452775, -37.6472991], [176.1452635, -37.6473112], [176.1452424, -37.6473168], [176.1452002, -37.6473174], [176.1451635, -37.6473087], [176.1451272, -37.6472992], [176.1448052, -37.6472157], [176.144683, -37.6472005], [176.144561, -37.6471949], [176.1444524, -37.6471772], [176.1443608, -37.6471529], [176.1442119, -37.6471163], [176.1441241, -37.6470922], [176.1440859, -37.6470771], [176.1439905, -37.6470482], [176.143937, -37.6470194], [176.1438379, -37.6469754], [176.1438146, -37.6469603], [176.143782, -37.6469451], [176.1437568, -37.6469356], [176.1437352, -37.6469267], [176.1435244, -37.6468621], [176.1431906, -37.6467924], [176.1430315, -37.6467645], [176.1428599, -37.6467275], [176.1427087, -37.6466958], [176.1426422, -37.6466832], [176.1425897, -37.6466671], [176.1424273, -37.6466139], [176.1423016, -37.6465676], [176.1421428, -37.6464881]]}, "geometry_name": "shape", "properties": {"fidn": "5262883", "valdco": 10, "verdat": null, "inform": null, "ninfom": null, "ntxtds": null, "scamin": 17999, "txtdsc": null, "sordat": null, "sorind": null, "hypcat": null}}, {"type": "Feature", "id": "layer-50672.145291", "geometry": {"type": "LineString", "coordinates": [[176.1387394, -37.6455057], [176.1385868, -37.6454917], [176.1384562, -37.6454997], [176.1383478, -37.6455295], [176.1382615, -37.6455813], [176.1381973, -37.645655], [176.1381555, -37.6457494], [176.1381416, -37.64584], [176.138158, -37.6459167], [176.1382047, -37.6459793], [176.1382817, -37.646028], [176.138389, -37.6460628], [176.1385209, -37.6460833], [176.138643, -37.6460879], [176.1387497, -37.6460764], [176.1388409, -37.6460488], [176.1389167, -37.646005], [176.138977, -37.6459451], [176.1390172, -37.6458735], [176.1390259, -37.6458009], [176.1390024, -37.6457278], [176.1389468, -37.6456542], [176.1388592, -37.6455802], [176.1387394, -37.6455057]]}, "geometry_name": "shape", "properties": {"fidn": "5151583", "valdco": 5, "verdat": null, "inform": null, "ninfom": null, "ntxtds": null, "scamin": 17999, "txtdsc": null, "sordat": null, "sorind": null, "hypcat": null}}, {"type": "Feature", "id": "layer-50672.138555", "geometry": {"type": "LineString", "coordinates": [[176.1216667, -37.6463579], [176.1218297, -37.6463021], [176.122014, -37.6462436], [176.1223513, -37.6461411], [176.1226543, -37.6460497], [176.1227983, -37.6460086], [176.1229169, -37.6459784], [176.123025, -37.6459565], [176.1231379, -37.6459373], [176.1232495, -37.6459209], [176.1233521, -37.645908], [176.1234477, -37.6458961], [176.1235362, -37.6458797], [176.1236341, -37.645855], [176.1237527, -37.6458157], [176.1238794, -37.6457717], [176.1239991, -37.6457279], [176.1240557, -37.6457078], [176.1241109, -37.6456905], [176.1241615, -37.6456749], [176.124211, -37.645663], [176.124411, -37.6456615], [176.1246674, -37.6457075], [176.124811, -37.6457333], [176.1249492, -37.645737], [176.1251424, -37.6457176], [176.1260048, -37.6454914], [176.1264235, -37.6453621], [176.1278444, -37.645132], [176.1292973, -37.6450809], [176.1306667, -37.6450145], [176.1310753, -37.64495], [176.1316077, -37.6448541], [176.1322218, -37.6446535], [176.1323909, -37.644619], [176.1325481, -37.6445899], [176.1326933, -37.644566], [176.1328266, -37.6445475], [176.1329478, -37.6445342], [176.133062, -37.6445241], [176.1331738, -37.6445146], [176.1332833, -37.644506], [176.1333904, -37.6444981], [176.1334952, -37.644491], [176.1336023, -37.6444848], [176.1337165, -37.6444798], [176.1338377, -37.6444759], [176.1339659, -37.6444731], [176.1341011, -37.6444715], [176.1342378, -37.6444726], [176.1343708, -37.644478], [176.1345, -37.6444877], [176.1346254, -37.6445018], [176.134747, -37.6445201], [176.1348644, -37.6445407], [176.1349771, -37.6445612], [176.1350852, -37.6445818], [176.1351887, -37.6446023], [176.1352876, -37.6446229], [176.1353822, -37.6446441], [176.135473, -37.6446667], [176.1355599, -37.6446906], [176.1356429, -37.6447159], [176.1357221, -37.6447424], [176.1358031, -37.6447731], [176.1358918, -37.6448104], [176.1359882, -37.6448545], [176.1360923, -37.6449052], [176.136204, -37.6449627], [176.1368079, -37.6454846], [176.1373621, -37.6459956], [176.1382609, -37.6467713], [176.1385242, -37.6469915], [176.1387074, -37.6470947], [176.1389316, -37.6472005], [176.1395432, -37.6473813], [176.1405727, -37.6477717], [176.1414779, -37.6481064], [176.1417675, -37.6482035], [176.1423197, -37.6483798], [176.1425946, -37.6484973], [176.142736, -37.6485958], [176.1428136, -37.6486786], [176.1428949, -37.6488319], [176.1430481, -37.6490146], [176.1431575, -37.6490668], [176.1434857, -37.6490928], [176.1435756, -37.6490746], [176.1436279, -37.649032], [176.1436717, -37.6489537], [176.1437264, -37.6487884], [176.1437556, -37.6487335], [176.143803, -37.6487014], [176.1439176, -37.6486977], [176.1440436, -37.6487275], [176.1441246, -37.6487788], [176.1441786, -37.6488432], [176.1442078, -37.6489624], [176.1441936, -37.6491485], [176.1442056, -37.6492916], [176.1442416, -37.6493775], [176.1442786, -37.6494202], [176.1446633, -37.6497433], [176.1447054, -37.6497667], [176.1447502, -37.649784], [176.1452689, -37.6499714], [176.1458022, -37.6501678], [176.1459542, -37.6502095], [176.1461265, -37.6502443], [176.1463672, -37.6502723], [176.1465481, -37.6502918], [176.1466832, -37.6503044], [176.1467679, -37.6503094], [176.1468054, -37.6503075], [176.1468321, -37.6503038], [176.1468579, -37.6502998], [176.1468828, -37.6502955], [176.1469069, -37.6502908], [176.146931, -37.6502856], [176.1469573, -37.6502792], [176.1469859, -37.6502715], [176.1470168, -37.6502625], [176.14705, -37.6502523], [176.1470824, -37.6502405], [176.1471119, -37.6502267], [176.1471384, -37.650211], [176.147162, -37.6501935], [176.1471832, -37.6501739], [176.1472062, -37.6501518], [176.1472316, -37.6501269], [176.1472596, -37.6500993], [176.1473225, -37.6500366], [176.1473558, -37.6500038], [176.1473898, -37.6499706], [176.1474246, -37.649937], [176.1474601, -37.6499031], [176.1474915, -37.6498704], [176.1475166, -37.64984], [176.1475352, -37.6498118], [176.1475475, -37.6497858], [176.1475538, -37.6497617], [176.147557, -37.6497377], [176.1475574, -37.6497136], [176.1475551, -37.6496893], [176.1475499, -37.649665], [176.1475401, -37.6496388], [176.1475229, -37.6496084], [176.1474983, -37.6495739], [176.1474663, -37.6495351], [176.1474272, -37.6494925], [176.1473842, -37.6494515], [176.1473388, -37.6494145], [176.1472909, -37.6493813], [176.1472405, -37.649352], [176.1471877, -37.6493262], [176.1471331, -37.6493024], [176.1470767, -37.6492805], [176.1470185, -37.6492604], [176.1469585, -37.6492422], [176.1468552, -37.6491885], [176.1468289, -37.6491584], [176.1468086, -37.6491314], [176.1467945, -37.6491075], [176.1467864, -37.6490867], [176.1467834, -37.6490687], [176.146782, -37.6490524], [176.146782, -37.6490377], [176.1467833, -37.6490246], [176.146786, -37.649013], [176.1467905, -37.6490021], [176.146797, -37.6489916], [176.1468055, -37.6489814], [176.1468161, -37.6489717], [176.1468276, -37.6489627], [176.1468391, -37.6489549], [176.1468503, -37.6489483], [176.1468614, -37.648943], [176.1468727, -37.6489387], [176.1468859, -37.648935], [176.146901, -37.6489316], [176.1469181, -37.6489287], [176.1469374, -37.6489262], [176.1469627, -37.6489245], [176.1469957, -37.6489235], [176.1470362, -37.6489234], [176.1470844, -37.6489241], [176.1472046, -37.6489269], [176.1473574, -37.6489306], [176.1474467, -37.6489326], [176.1475483, -37.6489338], [176.1476625, -37.648934], [176.1477894, -37.6489332], [176.1479286, -37.6489315], [176.1480699, -37.6489292], [176.1482082, -37.6489264], [176.1483435, -37.6489231], [176.1484758, -37.6489193], [176.1485999, -37.648916], [176.1487066, -37.6489152], [176.1487958, -37.6489168], [176.1488674, -37.6489209], [176.1489234, -37.6489269], [176.1489748, -37.6489321], [176.1490237, -37.6489361], [176.1490699, -37.6489388], [176.1491135, -37.6489403], [176.1491547, -37.6489401], [176.1491934, -37.648938], [176.1492297, -37.6489339], [176.1492637, -37.648928], [176.1493021, -37.6489204], [176.1493592, -37.6489117], [176.1494355, -37.6489018], [176.1495309, -37.6488909], [176.1496431, -37.6488793], [176.1497545, -37.6488702], [176.1498613, -37.6488642], [176.1499637, -37.6488612], [176.1500617, -37.6488614], [176.1501605, -37.6488608], [176.1502635, -37.6488571], [176.1503707, -37.6488501], [176.1504823, -37.6488399], [176.1505967, -37.6488281], [176.1507109, -37.6488189], [176.1508247, -37.6488124], [176.1509381, -37.6488087], [176.1510502, -37.6488073], [176.1511522, -37.6488045], [176.1512421, -37.6487992], [176.1513197, -37.6487915], [176.1513852, -37.6487813], [176.1514446, -37.6487706], [176.1515029, -37.6487607], [176.1515601, -37.6487517], [176.1516162, -37.6487436], [176.1516713, -37.6487363], [176.1517258, -37.64873], [176.1517797, -37.6487247], [176.1518329, -37.6487203], [176.1518863, -37.6487169], [176.1519476, -37.6487163], [176.1520191, -37.6487189], [176.1521008, -37.6487246], [176.1521928, -37.6487335], [176.1523088, -37.6487593], [176.1523554, -37.6487987], [176.1523906, -37.6488328], [176.1524144, -37.6488616], [176.1524286, -37.6488866], [176.1524647, -37.6490184], [176.1524807, -37.6491074], [176.1525127, -37.6491583], [176.152583, -37.649227], [176.1526502, -37.6492575], [176.1527204, -37.6492769], [176.1527614, -37.6492866], [176.1528056, -37.6492886], [176.1528531, -37.6492827], [176.1529044, -37.6492701], [176.1529601, -37.6492519], [176.1530202, -37.649228], [176.1530846, -37.6491985], [176.1531529, -37.649164], [176.1532913, -37.649093], [176.1534308, -37.6490212], [176.1535031, -37.6489835], [176.1535801, -37.6489428], [176.1536617, -37.6488991], [176.1537479, -37.6488523], [176.1538382, -37.6488021], [176.1539288, -37.6487457], [176.1540192, -37.6486829], [176.1541092, -37.6486136], [176.1541991, -37.6485377], [176.1542852, -37.6484638], [176.1543642, -37.6484003], [176.1544361, -37.6483473], [176.1545009, -37.6483046], [176.1545612, -37.6482691], [176.1546317, -37.6482208], [176.1547151, -37.6481564], [176.1548113, -37.648076], [176.1549204, -37.6479796], [176.1550301, -37.647881], [176.1551284, -37.6477943], [176.1552152, -37.6477195], [176.1552905, -37.6476566], [176.1553566, -37.6476043], [176.1554264, -37.6475553], [176.1555023, -37.6475084], [176.1555841, -37.6474634], [176.1556719, -37.6474205], [176.155758, -37.6473823], [176.1558349, -37.6473514], [176.1559024, -37.6473279], [176.1559606, -37.6473118], [176.156013, -37.6473018], [176.1560804, -37.6472908], [176.1561663, -37.6472775], [176.1562707, -37.647262], [176.1563937, -37.6472442], [176.1564838, -37.6472266], [176.15657, -37.6472208], [176.1566523, -37.6472268], [176.1567307, -37.6472447], [176.1568053, -37.6472715], [176.1568765, -37.6472925], [176.1569444, -37.6473055], [176.1570089, -37.6473105], [176.1570702, -37.6473074], [176.1571232, -37.6472988], [176.1571644, -37.6472867], [176.1571937, -37.6472711], [176.157211, -37.6472519], [176.1572189, -37.6472292], [176.1572276, -37.6472027], [176.1572382, -37.6471724], [176.1572506, -37.6471384], [176.157265, -37.6471007], [176.1572833, -37.6470648], [176.1573068, -37.647034], [176.1573354, -37.6470083], [176.1573693, -37.6469876], [176.1574073, -37.646972], [176.1574466, -37.6469611], [176.1574867, -37.6469551], [176.1575278, -37.6469538], [176.1575698, -37.6469573], [176.1576128, -37.6469645], [176.1576566, -37.646975], [176.1577014, -37.6469889], [176.1577471, -37.647006], [176.1577943, -37.6470263], [176.1578444, -37.6470494], [176.1578975, -37.6470752], [176.1579536, -37.6471038], [176.1580124, -37.6471347], [176.1580192, -37.6471376], [176.1580683, -37.6471585], [176.1581192, -37.6471717], [176.1581649, -37.6471742], [176.1582056, -37.6471661], [176.1582432, -37.647148], [176.1582819, -37.6471215], [176.1583216, -37.6470865], [176.1583626, -37.647043], [176.1584043, -37.6469917], [176.1584423, -37.6469394], [176.1584753, -37.6468885], [176.1585032, -37.6468388], [176.158526, -37.6467905], [176.1585448, -37.6467421], [176.158561, -37.6466916], [176.1585748, -37.6466389], [176.1585789, -37.646619], [176.1585861, -37.6465842], [176.1586049, -37.6464666], [176.1586159, -37.6464024], [176.1586282, -37.6463344], [176.1586418, -37.6462628], [176.1586588, -37.6461857], [176.1586824, -37.6461008], [176.1587124, -37.646008], [176.1587489, -37.6459075], [176.1587915, -37.6458014], [176.1588382, -37.6457042], [176.1589478, -37.6455693], [176.1590528, -37.6454814], [176.1592254, -37.645358], [176.1592701, -37.6453042], [176.1593081, -37.6452573], [176.1593395, -37.645217], [176.1593643, -37.6451836], [176.1593835, -37.6451544], [176.1594003, -37.6451228], [176.1594148, -37.6450883], [176.159427, -37.6450509], [176.1594368, -37.645011], [176.1594429, -37.6449709], [176.1594449, -37.644931], [176.1594262, -37.6447461], [176.1594202, -37.6447068], [176.1594108, -37.6446695], [176.1593982, -37.6446351], [176.1593825, -37.6446035], [176.1593637, -37.6445749], [176.1593353, -37.6445456], [176.1592872, -37.6445104], [176.1592194, -37.6444692], [176.1591319, -37.6444219], [176.159027, -37.6443698], [176.1589142, -37.6443175], [176.1587945, -37.6442654], [176.1586679, -37.6442137], [176.1585358, -37.6441626], [176.1584157, -37.6441182], [176.1582569, -37.6441057], [176.1580081, -37.6441057], [176.1578644, -37.6441189], [176.1576267, -37.6441101], [176.1572342, -37.6441189], [176.1569689, -37.644154], [176.1567478, -37.6441672], [176.1565747, -37.6441884], [176.156506, -37.6441945], [176.1564428, -37.6442013], [176.1563852, -37.6442087], [176.1563334, -37.6442166], [176.1562871, -37.6442251], [176.1562442, -37.6442344], [176.156204, -37.6442445], [176.1561667, -37.6442555], [176.1561319, -37.6442674], [176.1560788, -37.6442804], [176.1559919, -37.6442949], [176.1558711, -37.6443109], [176.1557165, -37.6443282], [176.1555459, -37.6443462], [176.1553961, -37.6443627], [176.1552682, -37.6443778], [176.1551622, -37.6443915], [176.1550756, -37.644404], [176.1549937, -37.6444174], [176.1549145, -37.644432], [176.1548378, -37.6444477], [176.1547635, -37.6444646], [176.154687, -37.6444844], [176.1546066, -37.6445081], [176.1545222, -37.6445354], [176.1544338, -37.6445664], [176.1543452, -37.644599], [176.1542608, -37.6446303], [176.1541808, -37.6446606], [176.154035, -37.6447166], [176.153975, -37.644738], [176.1539252, -37.6447537], [176.1538857, -37.6447636], [176.1538555, -37.6447682], [176.153825, -37.64477], [176.153792, -37.6447699], [176.1537564, -37.6447677], [176.1537182, -37.6447636], [176.153676, -37.6447571], [176.1536289, -37.644748], [176.153577, -37.6447364], [176.1535202, -37.6447222], [176.1534596, -37.6447059], [176.1533969, -37.6446884], [176.1533322, -37.6446699], [176.1532656, -37.6446501], [176.1531983, -37.6446296], [176.1531374, -37.6446101], [176.1530837, -37.6445916], [176.1530373, -37.6445744], [176.1529971, -37.6445584], [176.1529472, -37.6445454], [176.1528817, -37.6445361], [176.1528006, -37.6445306], [176.1527039, -37.6445287], [176.1523003, -37.6445557], [176.1519583, -37.6446292], [176.1518571, -37.6446415], [176.1516499, -37.644662], [176.1514745, -37.6447005], [176.1513077, -37.6447604], [176.1510424, -37.6448417], [176.1508713, -37.6448673], [176.1507643, -37.6448545], [176.1506403, -37.6447903], [176.1504734, -37.6447133], [176.1503194, -37.6446363], [176.1500884, -37.644555], [176.1499398, -37.6445138], [176.1498918, -37.6445013], [176.1498546, -37.6444945], [176.1495761, -37.6444656], [176.1493685, -37.6444356], [176.1491568, -37.644405], [176.1486234, -37.6443021], [176.1472458, -37.6440874], [176.1457389, -37.6438347], [176.1453812, -37.6438027], [176.1449849, -37.6437247], [176.1442738, -37.6435797], [176.143827, -37.6433622], [176.1435718, -37.6432027], [176.1432436, -37.6430867], [176.1427695, -37.6429707], [176.1425051, -37.6429272], [176.1422681, -37.6428257], [176.1418669, -37.6427025], [176.1416573, -37.6426663], [176.1413291, -37.6425865], [176.1409342, -37.642433], [176.1404174, -37.6422748], [176.1399069, -37.6421515], [176.1394692, -37.6420935], [176.1390863, -37.6419848], [176.1388548, -37.6418953], [176.1383479, -37.6417383], [176.1374636, -37.6414846], [176.1367069, -37.6412381], [176.1362116, -37.6410562], [176.1359434, -37.6409813], [176.1356132, -37.6409066], [176.13527, -37.6408294], [176.1349139, -37.640711], [176.1344347, -37.640626], [176.1342894, -37.6406], [176.133772, -37.6405203], [176.1334084, -37.6404535], [176.1333058, -37.6404333], [176.1326464, -37.6403989], [176.1320657, -37.6403198], [176.1317389, -37.6402838], [176.1315327, -37.6402309], [176.1314369, -37.6402072], [176.1313856, -37.6401954], [176.1313127, -37.6401911], [176.1312304, -37.6401879], [176.1311548, -37.6401879], [176.1310387, -37.6401783], [176.1309253, -37.6401632], [176.1308363, -37.6401396], [176.1307121, -37.6400967], [176.13067, -37.64008], [176.1306202, -37.6400788], [176.1305509, -37.6400855], [176.1304611, -37.6401096], [176.1303609, -37.640144], [176.1302707, -37.6401592], [176.1302071, -37.6401627], [176.1299757, -37.6401638], [176.129674, -37.6401478], [176.1291085, -37.6400433], [176.1288822, -37.6400287], [176.1286482, -37.6400537], [176.1281677, -37.6401128], [176.1280292, -37.6401244], [176.1278588, -37.6401172], [176.1275829, -37.6400851], [176.1267943, -37.6400272], [176.126735, -37.6400267], [176.1266685, -37.6400312], [176.1265304, -37.6400518], [176.1263923, -37.640086], [176.126314, -37.6400978], [176.1262339, -37.6401129], [176.1260757, -37.6401146], [176.1259311, -37.6401021], [176.1257719, -37.6400559], [176.1256497, -37.6399895], [176.1255186, -37.639915], [176.1253566, -37.6398371], [176.1251591, -37.6397601], [176.1249356, -37.6396801], [176.1246897, -37.6396327], [176.1243768, -37.6396031], [176.1232276, -37.6397298], [176.1224648, -37.6398239], [176.1216667, -37.6399737]]}, "geometry_name": "shape", "properties": {"fidn": "8230235", "valdco": 5, "verdat": null, "inform": null, "ninfom": null, "ntxtds": null, "scamin": 17999, "txtdsc": null, "sordat": null, "sorind": null, "hypcat": null}}, {"type": "Feature", "id": "layer-50672.148211", "geometry": {"type": "LineString", "coordinates": [[176.1216667, -37.6603212], [176.1218333, -37.6602844], [176.1218988, -37.6602615], [176.1219093, -37.660258], [176.1219622, -37.6602351], [176.1220256, -37.6602049], [176.1220787, -37.6601774], [176.1221431, -37.6601408], [176.1221823, -37.6601162], [176.1222192, -37.6600877], [176.1222826, -37.6600356], [176.1223954, -37.6599376], [176.1226132, -37.6597473], [176.122801, -37.6595834], [176.1229294, -37.6594993], [176.1230127, -37.6594479], [176.1230505, -37.6594246], [176.1231024, -37.6593889], [176.1231634, -37.6593532], [176.1235731, -37.6590055], [176.1242065, -37.6586686], [176.124366, -37.6585822], [176.125116, -37.6581305], [176.1257069, -37.6576427], [176.1267428, -37.6568912], [176.1284114, -37.6555829], [176.1301323, -37.6544144], [176.1312357, -37.6536663], [176.131728, -37.6533044], [176.1321925, -37.6529868], [176.1325378, -37.6526982], [176.132897, -37.6524995], [176.133, -37.6524635], [176.133114, -37.6524301], [176.1335073, -37.6523636], [176.1338516, -37.6523062], [176.1340226, -37.6522704], [176.1341042, -37.6522267], [176.1341704, -37.6521786], [176.1342704, -37.6520991], [176.1343384, -37.6520266], [176.1343588, -37.6519677], [176.1343681, -37.6519122], [176.134357, -37.6518494], [176.1342937, -37.6517938], [176.1342053, -37.6517642], [176.134068, -37.6517328], [176.1339307, -37.6517087], [176.133781, -37.6517017], [176.133564, -37.6517123], [176.1335406, -37.6517113], [176.1335205, -37.6517046], [176.1334655, -37.6516718], [176.1334423, -37.6516455], [176.1334313, -37.6516214], [176.1334079, -37.6515383], [176.1333926, -37.651455], [176.1333958, -37.6513914], [176.1334032, -37.6513333], [176.1334514, -37.6512369], [176.1336415, -37.6510304], [176.1339483, -37.6506585], [176.1340385, -37.6505126], [176.1341081, -37.6503988], [176.1341572, -37.650317], [176.1341857, -37.6502673], [176.1341967, -37.6502446], [176.1342043, -37.6502248], [176.1342103, -37.6502047], [176.1342148, -37.6501845], [176.1342177, -37.650164], [176.1342191, -37.6501433], [176.134219, -37.6501223], [176.1342173, -37.6501012], [176.1342141, -37.6500799], [176.1342095, -37.6500587], [176.1342036, -37.6500391], [176.1341966, -37.6500211], [176.1341883, -37.6500047], [176.1341788, -37.6499899], [176.1341679, -37.6499757], [176.1341555, -37.6499618], [176.1341416, -37.6499482], [176.1341262, -37.6499349], [176.1341095, -37.6499222], [176.1340919, -37.6499109], [176.1340735, -37.649901], [176.1340541, -37.6498925], [176.134034, -37.6498854], [176.1340137, -37.6498792], [176.1339935, -37.6498739], [176.1339733, -37.6498694], [176.1339533, -37.6498659], [176.1339327, -37.6498632], [176.1339112, -37.6498616], [176.1338886, -37.6498608], [176.1338649, -37.649861], [176.1338402, -37.6498622], [176.133814, -37.6498647], [176.1337862, -37.6498683], [176.133757, -37.6498733], [176.1337263, -37.6498795], [176.133697, -37.6498862], [176.1336716, -37.6498928], [176.13365, -37.6498994], [176.1336322, -37.6499059], [176.1336177, -37.6499125], [176.1336044, -37.6499198], [176.1335921, -37.6499279], [176.1335809, -37.6499367], [176.1335707, -37.6499462], [176.1335618, -37.6499571], [176.1335544, -37.6499697], [176.1335484, -37.649984], [176.1335438, -37.65], [176.1335406, -37.6500174], [176.1335387, -37.6500355], [176.133538, -37.6500542], [176.1335386, -37.6500736], [176.1335404, -37.6500938], [176.1335447, -37.6501165], [176.1335516, -37.6501424], [176.1335614, -37.6501715], [176.1335739, -37.6502038], [176.1335875, -37.6502378], [176.1335997, -37.6502713], [176.1336103, -37.6503042], [176.1336194, -37.6503366], [176.1336268, -37.6503694], [176.1336309, -37.650411], [176.1336315, -37.6504632], [176.1336286, -37.6505259], [176.1336245, -37.6505709], [176.133616, -37.6505988], [176.1336049, -37.6506304], [176.1334785, -37.6508452], [176.1334392, -37.6508842], [176.1333935, -37.6509143], [176.1329672, -37.651125], [176.1324781, -37.6513457], [176.1310106, -37.6522287], [176.1305082, -37.6524915], [176.1298207, -37.6527753], [176.1284599, -37.653339], [176.128258, -37.6534318], [176.1280669, -37.653487], [176.1271633, -37.6536898], [176.1268157, -37.6537905], [176.1266369, -37.6538599], [176.1264407, -37.653974], [176.1256842, -37.6545168], [176.1233888, -37.655872], [176.1224115, -37.6563237], [176.1219584, -37.6566486], [176.1218333, -37.6567171], [176.1216667, -37.6568083]]}, "geometry_name": "shape", "properties": {"fidn": "8182921", "valdco": 0.0, "verdat": null, "inform": null, "ninfom": null, "ntxtds": null, "scamin": 29999, "txtdsc": null, "sordat": null, "sorind": null, "hypcat": null}}, {"type": "Feature", "id": "layer-50672.145816", "geometry": {"type": "LineString", "coordinates": [[176.1411584, -37.6529937], [176.1411232, -37.6529956], [176.1410929, -37.6529993], [176.1410674, -37.6530047], [176.1410467, -37.6530119], [176.1410309, -37.653021], [176.1410168, -37.6530342], [176.1410033, -37.6530524], [176.1409903, -37.6530758], [176.1409778, -37.6531044], [176.140966, -37.6531375], [176.1409559, -37.653172], [176.1409475, -37.6532072], [176.140941, -37.6532429], [176.1409363, -37.6532793], [176.1409347, -37.6533148], [176.1409398, -37.6533446], [176.140952, -37.6533684], [176.1409713, -37.6533862], [176.1409977, -37.6533978], [176.1410274, -37.6534046], [176.1410547, -37.653408], [176.1410795, -37.6534083], [176.1411017, -37.6534053], [176.1411215, -37.653399], [176.1411393, -37.6533891], [176.1411554, -37.653375], [176.1411697, -37.6533569], [176.1411824, -37.6533347], [176.1411932, -37.6533088], [176.1412013, -37.653283], [176.1412061, -37.6532586], [176.1412079, -37.6532355], [176.1412065, -37.6532138], [176.1412025, -37.6531935], [176.1411988, -37.6531755], [176.1411958, -37.6531598], [176.1411934, -37.6531464], [176.1411917, -37.6531353], [176.1411897, -37.6531232], [176.1411854, -37.6531032], [176.1411788, -37.653075], [176.1411698, -37.6530385], [176.1411584, -37.6529937]]}, "geometry_name": "shape", "properties": {"fidn": "5333072", "valdco": 2, "verdat": null, "inform": null, "ninfom": null, "ntxtds": null, "scamin": 17999, "txtdsc": null, "sordat": null, "sorind": null, "hypcat": null}}, {"type": "Feature", "id": "layer-50672.145815", "geometry": {"type": "LineString", "coordinates": [[176.1216667, -37.6468644], [176.1216845, -37.6468587], [176.1218226, -37.6468182], [176.121917, -37.6467902], [176.1220115, -37.6467591], [176.1221197, -37.6467197], [176.1222441, -37.6466721], [176.122479, -37.6465825], [176.1226598, -37.6465157], [176.1228002, -37.6464663], [176.1229143, -37.6464288], [176.1230236, -37.6463923], [176.1231503, -37.6463446], [176.1232839, -37.646299], [176.1234153, -37.6462623], [176.1235729, -37.6462313], [176.1237871, -37.6461984], [176.123901, -37.6461838], [176.1240036, -37.6461728], [176.1240935, -37.6461655], [176.1241717, -37.6461619], [176.12425, -37.6461592], [176.1243386, -37.6461537], [176.1244277, -37.6461577], [176.1245591, -37.6461851], [176.1246104, -37.6462032], [176.1247808, -37.6462632], [176.1249188, -37.6463106], [176.1250871, -37.6463328], [176.1258857, -37.6463676], [176.1263671, -37.6463589], [176.1272642, -37.646211], [176.1279644, -37.6460892], [176.1284738, -37.645923], [176.128988, -37.6457752], [176.1294037, -37.6456969], [176.1300929, -37.6456969], [176.1303793, -37.6457384], [176.1306945, -37.645788], [176.1311966, -37.6459048], [176.1313814, -37.6459626], [176.1315593, -37.6460199], [176.1317302, -37.6460765], [176.1318941, -37.6461325], [176.132051, -37.6461879], [176.1321959, -37.6462414], [176.1323256, -37.6462922], [176.1324402, -37.6463402], [176.1325396, -37.6463856], [176.1326247, -37.6464287], [176.1327155, -37.6464783], [176.1328201, -37.6465381], [176.1329385, -37.6466081], [176.1330707, -37.6466882], [176.1332151, -37.6467773], [176.133355, -37.6468631], [176.133486, -37.6469423], [176.1336079, -37.6470149], [176.1337209, -37.6470811], [176.1338256, -37.6471416], [176.133926, -37.6472029], [176.1340229, -37.6472658], [176.1341161, -37.6473304], [176.1342057, -37.6473966], [176.1342915, -37.6474631], [176.1343723, -37.6475245], [176.1344482, -37.6475802], [176.1345191, -37.6476302], [176.1345849, -37.6476745], [176.1346483, -37.6477161], [176.1347152, -37.647762], [176.1347859, -37.6478126], [176.1348605, -37.6478679], [176.1349389, -37.6479279], [176.1350371, -37.6480079], [176.1351806, -37.6481324], [176.1353697, -37.6483016], [176.1356043, -37.6485156], [176.1358846, -37.6487743], [176.1366035, -37.6495825], [176.1367135, -37.6497075], [176.1368941, -37.6499098], [176.1370249, -37.6500739], [176.1371713, -37.6502344], [176.1379524, -37.6509896], [176.1389659, -37.6518327], [176.1396888, -37.6525867], [176.1401759, -37.6532225], [176.1402365, -37.6532847], [176.1403084, -37.6533847], [176.1403222, -37.6534263], [176.1403441, -37.6534727], [176.1403504, -37.6535355], [176.1403397, -37.6535951], [176.140317, -37.6536367], [176.1402816, -37.6536973], [176.1402523, -37.6537857], [176.1402567, -37.6538754], [176.1403591, -37.6542548], [176.1406795, -37.6550527], [176.1408832, -37.6553943], [176.1413371, -37.655834], [176.1416916, -37.6561047], [176.1422022, -37.6564429], [176.1426844, -37.6567812], [176.1433801, -37.6571512], [176.1460503, -37.658084], [176.1475738, -37.6585632], [176.1496233, -37.6591383], [176.1512016, -37.6595042], [176.1527677, -37.65981], [176.1544987, -37.6599929], [176.1562236, -37.6600477], [176.1572258, -37.6601893], [176.1582621, -37.6602045], [176.1593514, -37.6601601], [176.1603994, -37.6600738], [176.1608829, -37.6600373], [176.1609141, -37.6600349], [176.1610768, -37.660018], [176.161244, -37.6599821], [176.1619184, -37.659837], [176.1624335, -37.6597203], [176.1624488, -37.6597154], [176.1628027, -37.6596021], [176.1631658, -37.6594858], [176.1635616, -37.659359], [176.1635882, -37.6593505], [176.1640783, -37.659203], [176.1644911, -37.6591063], [176.1646662, -37.6590821], [176.1647995, -37.6590531]]}, "geometry_name": "shape", "properties": {"fidn": "5333045", "valdco": 2, "verdat": null, "inform": null, "ninfom": null, "ntxtds": null, "scamin": 17999, "txtdsc": null, "sordat": null, "sorind": null, "hypcat": null}}, {"type": "Feature", "id": "layer-50672.145290", "geometry": {"type": "LineString", "coordinates": [[176.1547985, -37.6564159], [176.1549616, -37.6564222], [176.1551128, -37.6564295], [176.155252, -37.6564378], [176.1553792, -37.6564471], [176.1554991, -37.6564568], [176.1556272, -37.6564653], [176.1557647, -37.6564724], [176.1559115, -37.656478], [176.1560663, -37.6564823], [176.1562127, -37.6564852], [176.1563456, -37.6564867], [176.1564649, -37.6564868], [176.1565707, -37.6564854], [176.1566693, -37.6564806], [176.1567669, -37.6564702], [176.1568636, -37.6564542], [176.1569594, -37.6564326], [176.157054, -37.6564063], [176.1571468, -37.6563784], [176.1572378, -37.6563491], [176.1573268, -37.6563184], [176.1574143, -37.656286], [176.1575025, -37.6562476], [176.1575922, -37.656202], [176.1576835, -37.6561492], [176.1577764, -37.6560891], [176.1578702, -37.6560307], [176.1579647, -37.6559826], [176.1580597, -37.6559449], [176.1581552, -37.6559175], [176.158255, -37.655899], [176.1583715, -37.6558842], [176.1585056, -37.6558725], [176.1586573, -37.6558642], [176.1588243, -37.6558589], [176.1589774, -37.6558552], [176.1591075, -37.6558526], [176.1592147, -37.655851], [176.159299, -37.6558505], [176.1593769, -37.6558521], [176.1594651, -37.655857], [176.1595635, -37.6558652], [176.1596722, -37.6558766], [176.1597945, -37.6558906], [176.1599411, -37.6559047], [176.1601129, -37.6559189], [176.1603098, -37.655933], [176.1605302, -37.6559475], [176.1607503, -37.6559659], [176.160963, -37.6559894], [176.1611683, -37.6560181], [176.1613661, -37.6560519], [176.161565, -37.656092], [176.1617737, -37.6561396], [176.1619923, -37.6561946], [176.1622206, -37.6562571], [176.162456, -37.6563254], [176.1626897, -37.6563941], [176.1629208, -37.6564628], [176.1631503, -37.6565316], [176.163222, -37.6565533], [176.163375, -37.6565998], [176.1635683, -37.6566607], [176.1635703, -37.6566614], [176.163722, -37.6567124], [176.163836, -37.6567546], [176.1639105, -37.6567876], [176.1639597, -37.6568147], [176.1639981, -37.6568395], [176.1640259, -37.656862], [176.1640429, -37.6568822], [176.1640511, -37.6569011], [176.1640564, -37.6569226], [176.1640595, -37.6569468], [176.1640602, -37.6569739], [176.1640584, -37.6570036], [176.1640521, -37.6570339], [176.1640407, -37.6570642], [176.1640241, -37.6570945], [176.1640025, -37.6571249], [176.1639747, -37.6571554], [176.1639399, -37.6571864], [176.1638982, -37.6572179], [176.1638495, -37.6572498], [176.1637943, -37.6572813], [176.1637349, -37.6573093], [176.1636712, -37.6573336], [176.1636033, -37.6573541], [176.163525, -37.6573714], [176.1634757, -37.6573777], [176.1633542, -37.6573931], [176.1630903, -37.6574188], [176.163066, -37.6574212], [176.1627797, -37.6574457], [176.1626602, -37.6574559], [176.1621368, -37.6574971], [176.1601749, -37.6576372], [176.1593694, -37.6576506], [176.1590187, -37.6576985], [176.158791, -37.6577336], [176.158283, -37.6578212], [176.1577803, -37.6578374], [176.15774, -37.6578387], [176.1572934, -37.6578257], [176.1566968, -37.6578169], [176.1564216, -37.6578298], [176.1559262, -37.6578195], [176.1553921, -37.6577989], [176.15503, -37.6577852], [176.154751, -37.6577628], [176.1541553, -37.6577371], [176.153639, -37.6576497], [176.1533039, -37.6576161], [176.152951, -37.6575775], [176.1518179, -37.6573716], [176.1506524, -37.6571837], [176.150507, -37.6571607], [176.1496326, -37.6569855], [176.1492379, -37.6568297], [176.1492286, -37.6568219], [176.1488656, -37.6567215], [176.1483921, -37.6566337], [176.1481239, -37.6565686], [176.1478714, -37.6564759], [176.1474861, -37.6562957], [176.1470072, -37.6561042], [176.146926, -37.6560718], [176.1464666, -37.6558795], [176.1462521, -37.6557515], [176.1460626, -37.6556165], [176.1457087, -37.6553897], [176.1451609, -37.655026], [176.1445254, -37.6545006], [176.1437685, -37.6539356], [176.143389, -37.6536975], [176.1424438, -37.6531176], [176.1422784, -37.6529897], [176.14186, -37.6526132], [176.1417936, -37.6525459], [176.1417385, -37.6525222], [176.1416637, -37.6525134], [176.1415018, -37.6525093], [176.1413718, -37.6525089], [176.1412697, -37.6524974], [176.1412052, -37.6524709], [176.1411489, -37.6524278], [176.1411006, -37.6523625], [176.1409408, -37.6520501], [176.1403065, -37.6515696], [176.1400484, -37.6513472], [176.1399955, -37.6512654], [176.1399858, -37.6511938], [176.1400264, -37.6511267], [176.1400887, -37.6510894], [176.140192, -37.6510635], [176.1403047, -37.6510582], [176.1403841, -37.6510582], [176.1405219, -37.6510979], [176.1407089, -37.6511806], [176.1409728, -37.651262], [176.1414004, -37.6513384], [176.1415037, -37.651369], [176.1416056, -37.6514514], [176.1418098, -37.6516404], [176.1418884, -37.6516935], [176.1420003, -37.6517669], [176.1422369, -37.651878], [176.1435709, -37.6525247], [176.1440534, -37.6528034], [176.1444459, -37.6530428], [176.1448114, -37.6532137], [176.1452514, -37.6533713], [176.1459774, -37.6536097], [176.1466392, -37.6539275], [176.1471177, -37.6541327], [176.1474349, -37.6543635], [176.1479241, -37.6545516], [176.1484509, -37.6546028], [176.1489337, -37.6547006], [176.1492867, -37.6548485], [176.1498494, -37.6551297], [176.1505691, -37.6554192], [176.1510905, -37.6555175], [176.1523969, -37.6559107], [176.1531551, -37.6560873], [176.1534586, -37.6561576], [176.1537116, -37.6562161], [176.1539141, -37.6562626], [176.1540661, -37.6562972], [176.1541438, -37.6563145], [176.1541678, -37.6563198], [176.1542262, -37.656332], [176.154285, -37.6563431], [176.1543515, -37.6563544], [176.1544256, -37.6563661], [176.1545073, -37.6563781], [176.1545967, -37.6563903], [176.1546938, -37.656403], [176.1547985, -37.6564159]]}, "geometry_name": "shape", "properties": {"fidn": "5151582", "valdco": 2, "verdat": null, "inform": null, "ninfom": null, "ntxtds": null, "scamin": 17999, "txtdsc": null, "sordat": null, "sorind": null, "hypcat": null}}, {"type": "Feature", "id": "layer-50672.138074", "geometry": {"type": "LineString", "coordinates": [[176.1518268, -37.6525221], [176.1517886, -37.6525335], [176.151756, -37.6525461], [176.1517291, -37.6525598], [176.1517078, -37.6525748], [176.1516919, -37.6525909], [176.1516788, -37.6526088], [176.1516677, -37.6526286], [176.1516588, -37.6526503], [176.1516519, -37.6526739], [176.1516474, -37.6526986], [176.1516454, -37.6527228], [176.1516461, -37.6527466], [176.1516493, -37.6527698], [176.1516551, -37.6527926], [176.1516628, -37.6528143], [176.1516722, -37.6528345], [176.1516832, -37.6528533], [176.1516959, -37.6528707], [176.1517103, -37.6528865], [176.1517269, -37.6529002], [176.1517455, -37.6529118], [176.1517663, -37.6529213], [176.1517891, -37.6529287], [176.1518129, -37.6529338], [176.1518367, -37.6529365], [176.1518604, -37.6529369], [176.1518842, -37.652935], [176.1519078, -37.6529306], [176.1519304, -37.652924], [176.1519519, -37.6529149], [176.1519721, -37.6529035], [176.1519911, -37.6528898], [176.1520082, -37.6528745], [176.1520222, -37.6528591], [176.1520331, -37.6528434], [176.152041, -37.6528274], [176.152046, -37.6528112], [176.1520493, -37.6527939], [176.1520515, -37.6527751], [176.1520525, -37.6527549], [176.1520523, -37.6527332], [176.1520508, -37.6527106], [176.152048, -37.6526879], [176.1520437, -37.6526652], [176.1520381, -37.6526425], [176.152031, -37.6526199], [176.152022, -37.6525987], [176.1520109, -37.65258], [176.1519977, -37.6525636], [176.1519823, -37.6525496], [176.1519641, -37.652538], [176.1519397, -37.6525294], [176.1519086, -37.6525239], [176.151871, -37.6525215], [176.1518268, -37.6525221]]}, "geometry_name": "shape", "properties": {"fidn": "7827037", "valdco": 0.0, "verdat": null, "inform": null, "ninfom": null, "ntxtds": null, "scamin": 29999, "txtdsc": null, "sordat": null, "sorind": null, "hypcat": null}}, {"type": "Feature", "id": "layer-50672.145288", "geometry": {"type": "LineString", "coordinates": [[176.1473308, -37.6512196], [176.1472851, -37.6511867], [176.1472402, -37.6511592], [176.1471961, -37.6511372], [176.1471529, -37.6511205], [176.1471105, -37.6511094], [176.1470709, -37.6511048], [176.1470351, -37.6511072], [176.1470031, -37.6511166], [176.1469748, -37.6511331], [176.1469502, -37.6511563], [176.1469284, -37.6511832], [176.1469092, -37.6512134], [176.1468928, -37.6512467], [176.146879, -37.6512833], [176.1468689, -37.6513217], [176.1468651, -37.6513581], [176.1468681, -37.651392], [176.1468778, -37.6514234], [176.1468942, -37.6514524], [176.1469156, -37.6514781], [176.1469395, -37.6514992], [176.1469657, -37.6515157], [176.1469944, -37.6515277], [176.1470255, -37.6515351], [176.147058, -37.6515386], [176.1470913, -37.6515385], [176.1471254, -37.6515349], [176.1471603, -37.6515278], [176.1471959, -37.6515172], [176.1472311, -37.6515029], [176.1472654, -37.6514849], [176.147299, -37.6514631], [176.1473318, -37.6514376], [176.1473626, -37.6514093], [176.147386, -37.6513827], [176.1474012, -37.6513583], [176.1474083, -37.6513361], [176.1474071, -37.6513161], [176.1473992, -37.6512976], [176.1473875, -37.6512787], [176.1473722, -37.6512594], [176.1473533, -37.6512397], [176.1473308, -37.6512196]]}, "geometry_name": "shape", "properties": {"fidn": "5151565", "valdco": 2, "verdat": null, "inform": null, "ninfom": null, "ntxtds": null, "scamin": 17999, "txtdsc": null, "sordat": null, "sorind": null, "hypcat": null}}, {"type": "Feature", "id": "layer-50672.138073", "geometry": {"type": "LineString", "coordinates": [[176.177274, -37.6448517], [176.1770823, -37.6447038], [176.1770401, -37.64467], [176.1769401, -37.6445985], [176.176786, -37.6444848], [176.1767455, -37.6444513], [176.1767196, -37.6444357], [176.1766988, -37.6444292], [176.1766781, -37.644428], [176.1766508, -37.6444344], [176.1766158, -37.6444383], [176.1765652, -37.6444383], [176.1765168, -37.6444229], [176.1765042, -37.6444189], [176.1764497, -37.6443929], [176.176399, -37.6443683], [176.1763718, -37.644341], [176.1763575, -37.6443138], [176.1763505, -37.6442894], [176.1763471, -37.6442774], [176.1763419, -37.6442385], [176.1763381, -37.6441905], [176.1763381, -37.6441619], [176.176329, -37.6441412], [176.1763095, -37.6441048], [176.1762861, -37.6440581], [176.176206, -37.6439701], [176.1760778, -37.6438476], [176.1760175, -37.6437752], [176.1759942, -37.6437544], [176.1759656, -37.6437389], [176.1759371, -37.6437285], [176.1759072, -37.6437285], [176.1758579, -37.643722], [176.1758086, -37.6437103], [176.1757722, -37.6436934], [176.1757346, -37.643661], [176.1757087, -37.6436286], [176.1756879, -37.6435922], [176.1756697, -37.643552], [176.1756555, -37.6435338], [176.1755958, -37.6434871], [176.1755335, -37.6434469], [176.1754803, -37.6434144], [176.1752233, -37.6432587], [176.1751935, -37.6432379], [176.1751428, -37.6432172], [176.1750793, -37.6431977], [176.1749936, -37.6431536], [176.1749482, -37.6431224], [176.174895, -37.64309], [176.174847, -37.6430472], [176.1748106, -37.6430108], [176.1747795, -37.6429641], [176.1747561, -37.6429356], [176.174725, -37.642907], [176.1746822, -37.6428863], [176.1746095, -37.642859], [176.1745277, -37.6428292], [176.1743772, -37.6427798], [176.1742202, -37.6427253], [176.1741332, -37.6426994], [176.1740528, -37.6426643], [176.1740008, -37.6426436], [176.1739723, -37.6426371], [176.1739165, -37.6426228], [176.1738789, -37.6426046], [176.173836, -37.6425774], [176.1738114, -37.6425514], [176.1737919, -37.6425229], [176.1737841, -37.6424969], [176.1737582, -37.6424697], [176.1737063, -37.6424346], [176.1736427, -37.642397], [176.1735635, -37.6423529], [176.1735064, -37.6423204], [176.1734363, -37.6422932], [176.1733727, -37.642275], [176.1733156, -37.6422659], [176.173243, -37.6422517], [176.1731002, -37.642201], [176.1730055, -37.6421647], [176.1728939, -37.6421063], [176.1727979, -37.6420622], [176.172707, -37.6420233], [176.1726369, -37.6419973], [176.1725695, -37.6419778], [176.1725072, -37.6419584], [176.1724553, -37.6419441], [176.172393, -37.6419311], [176.1723333, -37.6419194], [176.1722567, -37.6419091], [176.1721918, -37.6419], [176.172114, -37.6418909], [176.1720387, -37.6418831], [176.1719297, -37.6418546], [176.1718466, -37.6418325], [176.1717454, -37.6418117], [176.1716688, -37.6417962], [176.1716052, -37.6417806], [176.1715546, -37.6417767], [176.1714936, -37.6417715], [176.1714664, -37.6417715], [176.1714236, -37.6417663], [176.171382, -37.6417559], [176.1713457, -37.6417326], [176.1713003, -37.6416871], [176.1712782, -37.6416677], [176.1712419, -37.6416521], [176.1711978, -37.6416378], [176.171116, -37.6416106], [176.1710511, -37.6415911], [176.1709784, -37.6415678], [176.1709278, -37.6415522], [176.1708165, -37.6415315], [176.1706968, -37.6415144], [176.1705554, -37.6414808], [176.1704606, -37.6414536], [176.1704048, -37.641438], [176.1703257, -37.6414211], [176.1702699, -37.641412], [176.1702387, -37.6414094], [176.1701985, -37.6413926], [176.1701583, -37.6413744], [176.1701219, -37.6413536], [176.1700908, -37.641329], [176.1700648, -37.6413147], [176.1700272, -37.6413069], [176.1699831, -37.6413056], [176.1699078, -37.6413004], [176.1698572, -37.6412965], [176.1697949, -37.64129], [176.1697183, -37.6412732], [176.1696586, -37.6412563], [176.1695912, -37.6412433], [176.1695406, -37.6412355], [176.1694718, -37.6412161], [176.1694354, -37.6412005], [176.1694069, -37.6411784], [176.1693731, -37.6411434], [176.1693381, -37.6411136], [176.1692914, -37.641085], [176.1691889, -37.6410448], [176.1690993, -37.6410058], [176.1690124, -37.6409721], [176.1689319, -37.640941], [176.1688605, -37.6409189], [176.1687957, -37.6409033], [176.1686815, -37.6408774], [176.168649, -37.6408787], [176.1686101, -37.6408865], [176.168566, -37.6408942], [176.1684985, -37.6408852], [176.1684518, -37.640867], [176.1684154, -37.6408462], [176.1683843, -37.6408151], [176.1683635, -37.6407904], [176.1683466, -37.6407748], [176.1683168, -37.6407645], [176.1682718, -37.6407521], [176.168175, -37.6407252], [176.1680996, -37.640701], [176.1680349, -37.6406948], [176.1679592, -37.6407019], [176.1679314, -37.640718], [176.1678992, -37.6407366], [176.1678616, -37.6407851], [176.1678006, -37.6408705], [176.1677425, -37.640956], [176.1677152, -37.6410218], [176.1676685, -37.641164], [176.1675916, -37.6414004], [176.1675371, -37.6415758], [176.1675298, -37.6417889], [176.1675281, -37.6418327], [176.1675264, -37.641871], [176.1675247, -37.6419038], [176.167523, -37.6419314], [176.1675209, -37.6419575], [176.1675185, -37.6419829], [176.1675156, -37.6420076], [176.1675123, -37.6420317], [176.1675079, -37.6420561], [176.1675015, -37.6420814], [176.1674933, -37.6421076], [176.1674833, -37.6421347], [176.1674716, -37.6421651], [176.1674584, -37.6422042], [176.1674438, -37.6422522], [176.1674277, -37.6423089], [176.16741, -37.6423737], [176.1673901, -37.6424415], [176.1673676, -37.6425114], [176.1673428, -37.6425834], [176.1673155, -37.6426574], [176.16729, -37.6427272], [176.1672683, -37.6427895], [176.1672505, -37.6428444], [176.1672365, -37.6428919], [176.1672246, -37.6429355], [176.1672119, -37.6429811], [176.1671983, -37.6430289], [176.1671837, -37.6430789], [176.167168, -37.643131], [176.1671495, -37.6431856], [176.167128, -37.6432427], [176.1671035, -37.6433023], [176.1670765, -37.643364], [176.167054, -37.6434218], [176.1670389, -37.6434732], [176.1670312, -37.6435182], [176.167031, -37.6435567], [176.1670371, -37.643592], [176.1670483, -37.6436276], [176.1670645, -37.6436635], [176.1670858, -37.6436999], [176.1671107, -37.6437361], [176.1671339, -37.6437706], [176.1671551, -37.6438032], [176.1671741, -37.6438339], [176.167191, -37.6438629], [176.1672048, -37.6438937], [176.1672154, -37.6439272], [176.1672227, -37.6439634], [176.1672267, -37.6440022], [176.1672316, -37.6440778], [176.1672363, -37.6441446], [176.1672383, -37.6441748], [176.1672393, -37.6442032], [176.1672392, -37.6442296], [176.167238, -37.6442543], [176.1672359, -37.6442772], [176.1672334, -37.644299], [176.1672306, -37.6443199], [176.1672276, -37.6443398], [176.1672242, -37.644359], [176.1672157, -37.644383], [176.1671992, -37.6444156], [176.1671747, -37.6444568], [176.1671421, -37.6445064], [176.167105, -37.6445609], [176.16707, -37.6446133], [176.1670372, -37.6446635], [176.1670067, -37.6447115], [176.166978, -37.6447564], [176.1669485, -37.6447934], [176.1669177, -37.6448218], [176.1668856, -37.6448415], [176.1668522, -37.6448529], [176.1668168, -37.644864], [176.1667789, -37.6448786], [176.1667387, -37.6448967], [176.166696, -37.6449183], [176.1666523, -37.6449412], [176.1666097, -37.6449627], [176.1665681, -37.6449826], [176.1665276, -37.6450009], [176.1664874, -37.6450175], [176.1664449, -37.6450312], [176.1663998, -37.6450418], [176.166352, -37.6450494], [176.1663015, -37.6450538], [176.1662462, -37.645051], [176.1661855, -37.6450399], [176.1661193, -37.6450203], [176.1660478, -37.6449923], [176.1658577, -37.644913], [176.1657954, -37.6448757], [176.1657445, -37.6448465], [176.1657048, -37.6448252], [176.165675, -37.6448111], [176.1656491, -37.644801], [176.1656266, -37.6447947], [176.1656075, -37.6447921], [176.1655915, -37.6447931], [176.1655728, -37.6447969], [176.1655492, -37.644803], [176.1655206, -37.6448115], [176.1654871, -37.6448224], [176.1654525, -37.6448345], [176.1654229, -37.6448462], [176.1653982, -37.6448575], [176.1653785, -37.6448682], [176.1653633, -37.6448789], [176.1653502, -37.644891], [176.1653387, -37.6449048], [176.165329, -37.6449202], [176.165321, -37.6449374], [176.1653168, -37.6449551], [176.1653173, -37.6449727], [176.1653227, -37.6449901], [176.1653329, -37.6450074], [176.1653472, -37.6450245], [176.1653641, -37.645041], [176.1653836, -37.645057], [176.1654057, -37.6450723], [176.1654298, -37.6450871], [176.1654523, -37.6451006], [176.1654722, -37.6451128], [176.1654895, -37.6451237], [176.1655043, -37.6451332], [176.1655201, -37.6451427], [176.1655399, -37.6451535], [176.1655637, -37.6451656], [176.1655914, -37.6451789], [176.1656217, -37.6451926], [176.1656502, -37.6452045], [176.1656765, -37.6452143], [176.1657008, -37.6452222], [176.165723, -37.645228], [176.1657461, -37.6452321], [176.1657709, -37.6452347], [176.1657974, -37.6452356], [176.1658256, -37.645235], [176.1658557, -37.6452331], [176.1658879, -37.6452304], [176.1659223, -37.6452267], [176.1659588, -37.6452221], [176.1659965, -37.6452171], [176.1660321, -37.6452135], [176.1660649, -37.6452116], [176.166095, -37.6452114], [176.1661224, -37.6452129], [176.1661469, -37.6452164], [176.1661682, -37.645222], [176.1661864, -37.6452298], [176.1662015, -37.6452397], [176.1662137, -37.6452517], [176.1662237, -37.6452658], [176.1662314, -37.6452819], [176.1662368, -37.6453], [176.1662399, -37.64532], [176.1662407, -37.6453409], [176.166239, -37.6453624], [176.1662349, -37.6453846], [176.1662285, -37.6454075], [176.1662213, -37.6454303], [176.1662145, -37.6454524], [176.1662082, -37.6454738], [176.1662023, -37.6454945], [176.1661947, -37.6455183], [176.1661798, -37.6455553], [176.1661575, -37.6456057], [176.1661278, -37.6456696], [176.1660905, -37.6457464], [176.166046, -37.645828], [176.1659943, -37.6459122], [176.1659353, -37.6459991], [176.1658691, -37.6460887], [176.1657337, -37.6462709], [176.1656385, -37.6463807], [176.1655092, -37.646549], [176.1653994, -37.6467199], [176.1653457, -37.6467784], [176.1651602, -37.6469224], [176.1649382, -37.6470688], [176.1647551, -37.6471884], [176.1645672, -37.6472909], [176.1643086, -37.6474666], [176.1641695, -37.6475813], [176.1640133, -37.6477521], [176.1637815, -37.6479766], [176.1636253, -37.6481035], [176.1635738, -37.6481441], [176.1635448, -37.6481669], [176.1634325, -37.6482109], [176.1633398, -37.6482231], [176.1632715, -37.6482158], [176.1631909, -37.6481865], [176.1631324, -37.6481621], [176.1630494, -37.6481401], [176.1629152, -37.6481523], [176.16282, -37.6481669], [176.1626858, -37.6481913], [176.1626004, -37.6482109], [176.1625467, -37.6482499], [176.162371, -37.6484159], [176.1622709, -37.6484817], [176.1621465, -37.6485403], [176.162022, -37.6485867], [176.1618268, -37.6486379], [176.1617292, -37.6486623], [176.1615462, -37.6487306], [176.1612363, -37.6488575], [176.1610508, -37.6489308], [176.1607848, -37.6490625], [176.1605066, -37.649165], [176.1604237, -37.6492016], [176.159982, -37.6494725], [176.1597331, -37.6496677], [176.1594793, -37.6498117], [176.1591889, -37.6499972], [176.1588912, -37.6501533], [176.1586642, -37.6502461], [176.1584544, -37.6503266], [176.1582982, -37.6503852], [176.1580249, -37.6504315], [176.157854, -37.6504364], [176.1576906, -37.6504218], [176.1575856, -37.6503974], [176.1574709, -37.6503852], [176.1573514, -37.6504022], [176.1571024, -37.6504535], [176.1569902, -37.6504852], [176.1569023, -37.6504998], [176.1568096, -37.6504925], [176.1567022, -37.6504852], [176.1565949, -37.6504852], [176.1564289, -37.6505072], [176.1563338, -37.6505047], [176.1562459, -37.6504779], [176.1561556, -37.6504535], [176.1560312, -37.6504364], [176.1558774, -37.6504535], [176.155692, -37.6504852], [176.1555651, -37.6505243], [176.1554211, -37.6505853], [176.1553793, -37.6506001], [176.155344, -37.6506116], [176.1553153, -37.6506197], [176.1552932, -37.6506245], [176.1552765, -37.6506264], [176.1552591, -37.6506278], [176.1552403, -37.6506289], [176.1552202, -37.6506298], [176.1551988, -37.6506305], [176.1551768, -37.6506307], [176.155155, -37.6506304], [176.1551334, -37.6506297], [176.1551118, -37.6506284], [176.1550873, -37.6506273], [176.1550503, -37.6506281], [176.1550003, -37.6506309], [176.1549372, -37.6506358], [176.1548616, -37.6506426], [176.1547873, -37.6506507], [176.1547198, -37.6506596], [176.154659, -37.6506693], [176.1546051, -37.6506799], [176.1545556, -37.6506904], [176.1545053, -37.6506986], [176.1544543, -37.6507047], [176.1544024, -37.6507086], [176.1543481, -37.6507099], [176.1542736, -37.6507047], [176.1541741, -37.6506919], [176.1540496, -37.6506716], [176.1539002, -37.6506437], [176.1537428, -37.6506145], [176.1535988, -37.6505919], [176.1534683, -37.6505759], [176.1533514, -37.6505666], [176.1531399, -37.6505591], [176.1530311, -37.6505541], [176.1529196, -37.6505479], [176.1528054, -37.6505407], [176.1526911, -37.6505342], [176.1525789, -37.6505302], [176.1524687, -37.6505285], [176.1523606, -37.6505292], [176.1522549, -37.6505323], [176.1521536, -37.6505377], [176.1520566, -37.6505455], [176.1519641, -37.6505557], [176.151876, -37.6505681], [176.151792, -37.6505813], [176.1517121, -37.6505943], [176.1516363, -37.6506071], [176.1515645, -37.6506199], [176.1514941, -37.6506327], [176.1514187, -37.6506459], [176.1513379, -37.6506597], [176.1512519, -37.650674], [176.1511612, -37.6506886], [176.1510757, -37.6507026], [176.1509986, -37.6507154], [176.1509299, -37.6507271], [176.1508696, -37.6507378], [176.1508176, -37.6507472], [176.1508065, -37.6507493], [176.1507735, -37.6507556], [176.1507373, -37.6507629], [176.1507091, -37.650769], [176.1506875, -37.6507745], [176.1506621, -37.6507833], [176.1506308, -37.6507962], [176.1506239, -37.6507993], [176.1505935, -37.6508131], [176.1505503, -37.6508342], [176.1503654, -37.6509292], [176.1501453, -37.6510612], [176.149875, -37.6512436], [176.1496424, -37.6514196], [176.1495543, -37.6515391], [176.1495254, -37.6516712], [176.1495181, -37.6517078], [176.1495278, -37.6517639], [176.1495498, -37.6518444], [176.1496401, -37.6520763], [176.1496889, -37.6522617], [176.1497304, -37.6523569], [176.149767, -37.652435], [176.1498377, -37.652535], [176.149889, -37.6526009], [176.1499134, -37.6526741], [176.1499378, -37.6527425], [176.1500061, -37.6528718], [176.150094, -37.6530011], [176.1501525, -37.6530402], [176.1502916, -37.6531036], [176.1503917, -37.6531622], [176.1505015, -37.653233], [176.1506016, -37.6533354], [176.1506577, -37.653416], [176.1507162, -37.6534892], [176.1508032, -37.6535516], [176.1510633, -37.653727], [176.1511905, -37.6538406], [176.1513019, -37.6539394], [176.1513976, -37.6540233], [176.1514775, -37.6540923], [176.1515418, -37.6541465], [176.1515925, -37.6541877], [176.1516387, -37.6542245], [176.1516815, -37.6542575], [176.1517209, -37.6542869], [176.1517568, -37.6543126], [176.1517894, -37.6543347], [176.1518222, -37.6543549], [176.1518567, -37.6543741], [176.1518931, -37.6543922], [176.1519313, -37.6544093], [176.1519714, -37.6544254], [176.1520195, -37.6544434], [176.1520885, -37.6544699], [176.1521787, -37.6545049], [176.1522903, -37.6545485], [176.152574, -37.65466], [176.152714, -37.6547141], [176.1528361, -37.6547601], [176.1529401, -37.6547978], [176.1530262, -37.6548273], [176.1530943, -37.6548486], [176.1532233, -37.6548835], [176.1533216, -37.654907], [176.1533893, -37.654919], [176.1534307, -37.6549205], [176.1534683, -37.6549165], [176.1535055, -37.6549079], [176.1535421, -37.6548946], [176.1535783, -37.6548766], [176.1536244, -37.6548604], [176.1536884, -37.6548508], [176.1537704, -37.6548478], [176.1538704, -37.6548515], [176.1539839, -37.6548611], [176.1540927, -37.654873], [176.1541948, -37.654887], [176.1542903, -37.654903], [176.1543791, -37.6549209], [176.154459, -37.6549364], [176.1545285, -37.6549468], [176.1545876, -37.654952], [176.1546364, -37.6549521], [176.1546779, -37.6549471], [176.1547217, -37.6549369], [176.1547686, -37.6549217], [176.1548187, -37.6549013], [176.154872, -37.654876], [176.1549337, -37.6548536], [176.1550061, -37.6548379], [176.1550893, -37.6548288], [176.1551831, -37.6548265], [176.155284, -37.6548313], [176.1553817, -37.6548442], [176.155476, -37.6548654], [176.1555668, -37.6548948], [176.155654, -37.654932], [176.155737, -37.6549684], [176.1558154, -37.6550005], [176.1558894, -37.6550285], [176.1559589, -37.6550523], [176.1560245, -37.6550717], [176.1560873, -37.6550864], [176.1561474, -37.6550965], [176.1562047, -37.655102], [176.1562591, -37.6551029], [176.156309, -37.655102], [176.1563538, -37.6551], [176.1563935, -37.655097], [176.1564632, -37.6550886], [176.1565074, -37.6550863], [176.156561, -37.6550859], [176.156624, -37.6550873], [176.1566959, -37.6550907], [176.1567711, -37.6550971], [176.1568485, -37.6551068], [176.1569281, -37.6551197], [176.1570098, -37.6551359], [176.1571812, -37.6551733], [176.1573644, -37.6552134], [176.1574606, -37.6552342], [176.1575616, -37.655253], [176.1576676, -37.6552695], [176.1577786, -37.6552835], [176.1578947, -37.6552952], [176.1579727, -37.6552942], [176.1580513, -37.6552912], [176.1581307, -37.6552861], [176.1582108, -37.6552791], [176.158364, -37.6552631], [176.1584329, -37.655256], [176.1584968, -37.6552495], [176.1585568, -37.6552435], [176.1586183, -37.6552376], [176.1586822, -37.6552317], [176.1587485, -37.6552258], [176.1588173, -37.6552199], [176.1588919, -37.6552152], [176.1589734, -37.6552119], [176.1590616, -37.6552099], [176.1591564, -37.6552094], [176.1592508, -37.6552101], [176.1593399, -37.655212], [176.1594239, -37.6552151], [176.1595028, -37.6552193], [176.1595781, -37.6552236], [176.159652, -37.6552262], [176.1597244, -37.6552272], [176.1597955, -37.6552266], [176.1598641, -37.6552246], [176.1599271, -37.6552224], [176.1599843, -37.6552199], [176.1600356, -37.6552172], [176.1600819, -37.6552141], [176.1601283, -37.65521], [176.1601759, -37.6552048], [176.1602247, -37.6551984], [176.1602746, -37.6551909], [176.1603236, -37.6551839], [176.1603709, -37.655178], [176.1604167, -37.6551734], [176.1604608, -37.6551699], [176.1605047, -37.6551674], [176.1605498, -37.6551659], [176.1605961, -37.6551653], [176.1606436, -37.6551656], [176.1606924, -37.6551668], [176.1607428, -37.6551684], [176.1607948, -37.6551704], [176.1609032, -37.6551755], [176.1609566, -37.6551761], [176.1610083, -37.6551747], [176.1610584, -37.6551711], [176.1611069, -37.6551657], [176.1611996, -37.6551545], [176.1612867, -37.6551442], [176.161335, -37.6551388], [176.1613925, -37.6551327], [176.161459, -37.655126], [176.1615346, -37.6551185], [176.1616133, -37.6551109], [176.1616874, -37.6551041], [176.1617567, -37.6550979], [176.1618829, -37.6550873], [176.1619448, -37.6550815], [176.1620074, -37.655075], [176.1620707, -37.6550678], [176.162138, -37.6550595], [176.1622288, -37.6550468], [176.1623463, -37.6550294], [176.1624906, -37.6550073], [176.1626604, -37.6549806], [176.162834, -37.6549536], [176.1630034, -37.654928], [176.1631562, -37.6549055], [176.163474, -37.65486], [176.163486, -37.6548582], [176.1635924, -37.6548423], [176.1636847, -37.6548277], [176.163751, -37.654816], [176.1638048, -37.6548046], [176.1638071, -37.654804], [176.1638706, -37.6547883], [176.1639488, -37.654767], [176.1640393, -37.6547408], [176.1641366, -37.6547114], [176.1642196, -37.6546858], [176.1642863, -37.6546647], [176.1643367, -37.654648], [176.1643725, -37.6546352], [176.1644103, -37.6546213], [176.1644539, -37.654605], [176.1645586, -37.6545656], [176.1646149, -37.654545], [176.1646701, -37.6545261], [176.1647241, -37.6545088], [176.1647769, -37.6544932], [176.1648286, -37.6544782], [176.1648795, -37.6544627], [176.1649293, -37.6544468], [176.1649783, -37.6544304], [176.1650258, -37.6544143], [176.1650706, -37.6544005], [176.1651125, -37.654389], [176.1651517, -37.6543798], [176.1651921, -37.6543715], [176.1652559, -37.6543557], [176.1653461, -37.6543312], [176.1654629, -37.6542981], [176.1656036, -37.6542572], [176.1657324, -37.6542188], [176.1658374, -37.6541867], [176.1659184, -37.6541607], [176.1659758, -37.6541407], [176.1660303, -37.6541197], [176.1660964, -37.6540925], [176.1661743, -37.6540592], [176.1663582, -37.6539782], [176.1664459, -37.6539415], [176.1665269, -37.6539096], [176.1666012, -37.6538825], [176.1666694, -37.6538602], [176.1667334, -37.6538425], [176.1667932, -37.6538292], [176.1668489, -37.6538205], [176.1669007, -37.6538157], [176.1669497, -37.6538109], [176.166996, -37.6538051], [176.1670397, -37.6537985], [176.1670814, -37.6537908], [176.1671377, -37.6537792], [176.1672162, -37.6537625], [176.1673169, -37.6537406], [176.1674398, -37.6537136], [176.1675451, -37.6536562], [176.167642, -37.6536056], [176.1677304, -37.6535621], [176.1678105, -37.6535255], [176.1678825, -37.6534954], [176.1679506, -37.6534688], [176.1680155, -37.653445], [176.1680774, -37.653424], [176.1681362, -37.6534057], [176.1681938, -37.6533888], [176.1682536, -37.6533707], [176.1683157, -37.6533514], [176.1683802, -37.6533308], [176.1684469, -37.653309], [176.1685151, -37.653284], [176.1685845, -37.6532551], [176.1686551, -37.6532223], [176.1687267, -37.6531856], [176.1687991, -37.6531463], [176.1688702, -37.6531087], [176.1689401, -37.6530729], [176.1690087, -37.6530392], [176.169076, -37.6530074], [176.1691424, -37.6529773], [176.1692084, -37.6529487], [176.1692738, -37.6529217], [176.1693387, -37.6528962], [176.1694037, -37.6528717], [176.1694722, -37.6528448], [176.1695449, -37.6528151], [176.1696217, -37.6527826], [176.1697026, -37.6527471], [176.169783, -37.6527108], [176.1698564, -37.6526763], [176.169923, -37.6526437], [176.1699827, -37.6526129], [176.1701212, -37.6525372], [176.1701544, -37.6525196], [176.170181, -37.6525058], [176.1702036, -37.6524947], [176.1702281, -37.6524834], [176.1702547, -37.6524716], [176.1702836, -37.6524594], [176.1703146, -37.6524469], [176.1703488, -37.6524328], [176.1703866, -37.6524167], [176.1704281, -37.6523986], [176.1704733, -37.6523784], [176.1705228, -37.6523559], [176.1705798, -37.6523298], [176.1706446, -37.6522999], [176.1707975, -37.6522288], [176.1709191, -37.6521401], [176.1710568, -37.6520483], [176.1712105, -37.6519534], [176.1713803, -37.6518554], [176.1715644, -37.6517548], [176.171735, -37.6516584], [176.1718826, -37.6515686], [176.1720071, -37.6514855], [176.1721085, -37.651409], [176.1721902, -37.6513396], [176.1722656, -37.651279], [176.1723362, -37.6512275], [176.172402, -37.651185], [176.172463, -37.6511515], [176.1725173, -37.6511255], [176.1725622, -37.6511045], [176.1725977, -37.6510885], [176.1726239, -37.6510776], [176.1726409, -37.6510715], [176.1726567, -37.651066], [176.1726751, -37.6510589], [176.1726962, -37.6510503], [176.17272, -37.65104], [176.172746, -37.6510281], [176.1727716, -37.6510144], [176.1727964, -37.6509987], [176.1728205, -37.6509812], [176.1728438, -37.6509617], [176.1728659, -37.6509417], [176.1728857, -37.6509244], [176.1729032, -37.6509097], [176.1729184, -37.6508977], [176.1729313, -37.6508883], [176.1729442, -37.6508801], [176.1729585, -37.6508721], [176.1729743, -37.6508641], [176.1729915, -37.6508564], [176.1730099, -37.6508489], [176.1730279, -37.6508438], [176.1730449, -37.6508414], [176.173061, -37.6508418], [176.1730762, -37.650845], [176.1730897, -37.650851], [176.1730993, -37.6508598], [176.1731049, -37.6508716], [176.1731066, -37.6508862], [176.1731043, -37.6509037], [176.1731016, -37.6509142], [176.1730982, -37.650924], [176.1730925, -37.6509367], [176.1730844, -37.6509521], [176.173074, -37.6509703], [176.1730467, -37.6510152], [176.1730308, -37.6510417], [176.1730134, -37.651071], [176.1729743, -37.6511374], [176.1729539, -37.6511695], [176.1729335, -37.6511982], [176.1729131, -37.6512234], [176.1728927, -37.6512452], [176.1728518, -37.6512833], [176.172831, -37.6513032], [176.1728101, -37.6513239], [176.1727667, -37.6513677], [176.1727402, -37.6513911], [176.1727091, -37.6514156], [176.1726734, -37.6514412], [176.1726331, -37.6514679], [176.1725897, -37.6514954], [176.1725468, -37.6515228], [176.1725045, -37.6515501], [176.1724629, -37.6515772], [176.172422, -37.6516043], [176.1723786, -37.651636], [176.1723279, -37.6516799], [176.1722696, -37.6517361], [176.1722039, -37.6518046], [176.1721307, -37.6518854], [176.1720971, -37.6519293], [176.1720609, -37.6519715], [176.1720221, -37.6520119], [176.1719806, -37.6520505], [176.1719361, -37.6520877], [176.1718844, -37.6521265], [176.1718241, -37.6521679], [176.1717555, -37.6522119], [176.1716783, -37.6522584], [176.1715962, -37.6523059], [176.1715183, -37.6523501], [176.1714451, -37.6523908], [176.1713766, -37.652428], [176.1713129, -37.6524617], [176.1712542, -37.6524915], [176.171201, -37.652517], [176.1711532, -37.6525382], [176.1711108, -37.6525552], [176.1710735, -37.6525684], [176.1710399, -37.6525812], [176.1710096, -37.6525941], [176.1709826, -37.6526072], [176.1709588, -37.6526205], [176.1709351, -37.6526369], [176.1709052, -37.6526618], [176.1708689, -37.6526954], [176.1708263, -37.6527377], [176.1707773, -37.6527885], [176.1707254, -37.6528421], [176.1706725, -37.6528955], [176.1706183, -37.6529486], [176.170563, -37.6530015], [176.1705068, -37.6530542], [176.1704504, -37.6531068], [176.1702814, -37.6532638], [176.1702252, -37.6533141], [176.1701693, -37.6533602], [176.1701138, -37.6534019], [176.1700587, -37.6534392], [176.170004, -37.6534723], [176.169951, -37.6535009], [176.1699002, -37.6535252], [176.1698515, -37.6535451], [176.169805, -37.6535605], [176.1697562, -37.6535755], [176.1696894, -37.6536039], [176.169603, -37.6536471], [176.1694971, -37.6537051], [176.1693717, -37.6537778], [176.1692949, -37.6538299], [176.1692224, -37.6538776], [176.169154, -37.6539208], [176.1690899, -37.6539595], [176.1690299, -37.6539951], [176.1689738, -37.6540306], [176.1689218, -37.6540661], [176.1688737, -37.6541016], [176.1688291, -37.6541366], [176.168786, -37.6541683], [176.168744, -37.6541965], [176.1687032, -37.6542212], [176.1686637, -37.6542424], [176.1686267, -37.6542607], [176.1685925, -37.6542762], [176.1685611, -37.6542889], [176.1685325, -37.6542987], [176.1685039, -37.6543073], [176.168474, -37.6543154], [176.1684426, -37.6543231], [176.1684099, -37.6543302], [176.1683773, -37.6543365], [176.1683468, -37.6543414], [176.1683184, -37.6543449], [176.1682673, -37.6543489], [176.168242, -37.6543539], [176.1682163, -37.6543622], [176.1681902, -37.6543738], [176.1681634, -37.6543883], [176.1681059, -37.65442], [176.1680429, -37.6544544], [176.1680124, -37.6544701], [176.1679845, -37.6544832], [176.1679592, -37.6544937], [176.1679364, -37.6545017], [176.167913, -37.654508], [176.1678868, -37.6545134], [176.1678578, -37.6545179], [176.167826, -37.6545214], [176.1677936, -37.6545241], [176.167764, -37.6545261], [176.1677371, -37.6545274], [176.1677131, -37.654528], [176.1676624, -37.6545283], [176.1676295, -37.6545288], [176.1675915, -37.6545296], [176.167549, -37.6545307], [176.1675069, -37.6545328], [176.1674662, -37.6545361], [176.167427, -37.6545405], [176.1673891, -37.6545461], [176.1673522, -37.6545529], [176.1673159, -37.6545609], [176.1672804, -37.65457], [176.1672455, -37.6545803], [176.1672106, -37.6545934], [176.167175, -37.6546107], [176.1671387, -37.6546322], [176.1671017, -37.6546579], [176.1670637, -37.6546875], [176.1670244, -37.6547201], [176.1669836, -37.6547558], [176.1669415, -37.6547945], [176.1668986, -37.6548346], [176.1668575, -37.6548698], [176.1668186, -37.6548994], [176.1667817, -37.6549234], [176.1667466, -37.6549422], [176.16671, -37.6549595], [176.166671, -37.6549764], [176.1666297, -37.6549928], [176.1665861, -37.6550087], [176.1665419, -37.655024], [176.1664981, -37.6550386], [176.1664545, -37.6550524], [176.1664113, -37.6550656], [176.166369, -37.6550789], [176.1663284, -37.6550934], [176.1662896, -37.6551091], [176.1662525, -37.6551261], [176.1662159, -37.6551433], [176.166177, -37.6551588], [176.1661355, -37.6551723], [176.1660916, -37.6551839], [176.1660455, -37.6551947], [176.1659983, -37.6552093], [176.1659502, -37.6552287], [176.1659012, -37.6552527], [176.1658519, -37.6552811], [176.1658089, -37.6553107], [176.1657742, -37.6553405], [176.1657478, -37.6553704], [176.1657299, -37.6554005], [176.1657228, -37.6554316], [176.1657281, -37.6554643], [176.1657457, -37.6554985], [176.1657758, -37.6555342], [176.1658106, -37.655569], [176.1658392, -37.6555991], [176.1658616, -37.6556247], [176.1658779, -37.6556457], [176.1658905, -37.6556624], [176.1659071, -37.6556759], [176.1659282, -37.6556863], [176.1659538, -37.6556934], [176.165984, -37.6556977], [176.1660186, -37.6557014], [176.1660577, -37.6557047], [176.1661013, -37.6557079], [176.1661494, -37.6557108], [176.1662016, -37.6557152], [176.1662576, -37.6557216], [176.1663175, -37.6557302], [176.166446, -37.6557516], [176.1665097, -37.6557613], [176.1665723, -37.6557696], [176.1666337, -37.6557768], [176.1666922, -37.6557827], [176.1667445, -37.6557873], [176.1667906, -37.6557907], [176.1668305, -37.6557928], [176.1668653, -37.6557939], [176.1668991, -37.6557951], [176.1669321, -37.6557966], [176.1669644, -37.6557984], [176.166996, -37.6558004], [176.167027, -37.6558032], [176.1670572, -37.655807], [176.1670867, -37.6558117], [176.1671158, -37.6558175], [176.1671529, -37.6558291], [176.167202, -37.6558486], [176.167263, -37.6558761], [176.1673359, -37.6559116], [176.1673567, -37.6559458], [176.1673749, -37.6559795], [176.1673904, -37.6560127], [176.1674033, -37.6560454], [176.1674141, -37.6560769], [176.1674249, -37.6561049], [176.1674358, -37.6561292], [176.1674469, -37.6561499], [176.1674582, -37.6561671], [176.1674707, -37.6561827], [176.1674849, -37.6561974], [176.1675006, -37.6562112], [176.1675179, -37.6562241], [176.1675384, -37.6562375], [176.1675634, -37.6562531], [176.1675931, -37.6562706], [176.1676273, -37.6562903], [176.1676666, -37.656311], [176.1677122, -37.6563297], [176.167764, -37.6563461], [176.1678223, -37.6563602], [176.1678863, -37.656372], [176.1679501, -37.6563805], [176.1680114, -37.6563856], [176.1680705, -37.6563873], [176.1681273, -37.6563855], [176.1681843, -37.6563832], [176.168244, -37.6563829], [176.1683065, -37.6563849], [176.1683717, -37.656389], [176.1684388, -37.6563938], [176.1685052, -37.6563939], [176.1685706, -37.6563889], [176.1686352, -37.656379], [176.1686989, -37.6563646], [176.1687638, -37.6563529], [176.1688305, -37.656346], [176.168899, -37.656344], [176.1689693, -37.6563469], [176.1690393, -37.6563522], [176.1691073, -37.6563575], [176.1691732, -37.6563627], [176.169237, -37.6563679], [176.1692987, -37.6563728], [176.1693581, -37.6563766], [176.1694151, -37.6563792], [176.1694699, -37.6563806], [176.169523, -37.6563807], [176.1695834, -37.6563781], [176.1696538, -37.6563724], [176.1697342, -37.6563635], [176.1698246, -37.6563515], [176.1699252, -37.6563393], [176.1700362, -37.6563296], [176.1701575, -37.6563226], [176.1702892, -37.6563181], [176.1704273, -37.656315], [176.1705585, -37.6563095], [176.1706819, -37.6563013], [176.1707975, -37.6562904], [176.1709061, -37.6562769], [176.1710186, -37.6562622], [176.1712655, -37.6562303], [176.1713998, -37.6562132], [176.1715368, -37.6561935], [176.1716716, -37.6561695], [176.1718042, -37.6561411], [176.1719347, -37.6561085], [176.1720634, -37.6560722], [176.1721918, -37.6560347], [176.1723199, -37.6559961], [176.1724477, -37.6559565], [176.1725751, -37.6559157], [176.1727004, -37.6558736], [176.1728232, -37.6558302], [176.1729433, -37.6557855], [176.1730609, -37.6557394], [176.1731761, -37.655695], [176.1732891, -37.655655], [176.1734, -37.6556196], [176.1735087, -37.6555887], [176.1736124, -37.6555616], [176.1737018, -37.6555362], [176.1737763, -37.6555122], [176.1738358, -37.6554896], [176.173882, -37.6554682], [176.1739376, -37.6554432], [176.1740095, -37.6554132], [176.1740977, -37.6553782], [176.1742022, -37.6553383], [176.1743307, -37.6553031], [176.1744441, -37.6552754], [176.1745247, -37.6552451], [176.1747112, -37.655162], [176.1748548, -37.6551166], [176.1749732, -37.655099], [176.175079, -37.6550889], [176.1751496, -37.6550738], [176.1752075, -37.6550562], [176.1752629, -37.6550058], [176.1753511, -37.6549453], [176.1754343, -37.6549125], [176.1755552, -37.6548622], [176.1757089, -37.6548218], [176.1758147, -37.654774], [176.175913, -37.654716], [176.1760163, -37.6546631], [176.1762304, -37.6545875], [176.1763237, -37.6545371], [176.1764194, -37.6544767], [176.1765025, -37.654391], [176.1766739, -37.6542298], [176.1767973, -37.654134], [176.1768654, -37.654066], [176.1769535, -37.6539652], [176.1770669, -37.6538292], [176.1770972, -37.6537788], [176.1771223, -37.6537133], [176.1771526, -37.6536049], [176.1771929, -37.6534991], [176.1772508, -37.6533681], [176.1773138, -37.6532043], [176.1773693, -37.6530884], [176.1774675, -37.6529171], [176.1775355, -37.6528062], [176.1776036, -37.6526828], [176.1776691, -37.6525921], [176.177722, -37.6525392], [176.1777371, -37.6524963], [176.1778269, -37.6523675], [176.1779172, -37.652206], [176.1779941, -37.652126], [176.178039, -37.6520373], [176.1780774, -37.6519656], [176.1781629, -37.6517279], [176.1781931, -37.651675], [176.1782872, -37.6514991], [176.1783617, -37.6513896], [176.1784317, -37.651284], [176.1784464, -37.6512342], [176.1784452, -37.6511663], [176.178463, -37.6510669], [176.1785038, -37.6509777], [176.1785343, -37.6508886], [176.1785777, -37.6507561], [176.1786312, -37.6506006], [176.1786872, -37.6504885], [176.1787356, -37.6504401], [176.1787668, -37.6504139], [176.1787993, -37.6503866], [176.1788095, -37.6503356], [176.1788274, -37.6501776], [176.1788197, -37.6501088], [176.1788007, -37.6499944], [176.1787943, -37.6499559], [176.1787841, -37.6498591], [176.1787866, -37.649775], [176.1787999, -37.6497405], [176.1788182, -37.6497094], [176.1788243, -37.6497019], [176.1788428, -37.6496794], [176.1788707, -37.6496527], [176.1788868, -37.6496268], [176.1788987, -37.6495916], [176.1789038, -37.6494718], [176.1789038, -37.6493469], [176.1788936, -37.6492476], [176.1789166, -37.6491406], [176.1789319, -37.6490718], [176.1789599, -37.6489749], [176.1789573, -37.6489163], [176.1789149, -37.6488549], [176.1788533, -37.6488196], [176.178818, -37.6487863], [176.1787938, -37.6487593], [176.1787885, -37.6487534], [176.1787649, -37.6487207], [176.1787471, -37.6486883], [176.1787348, -37.6486568], [176.1787263, -37.6486296], [176.1787213, -37.6486071], [176.1787198, -37.6485895], [176.1787218, -37.6485765], [176.1787253, -37.6485644], [176.1787287, -37.6485502], [176.1787322, -37.6485323], [176.1787351, -37.6485153], [176.1787384, -37.6484946], [176.1787431, -37.648472], [176.1787494, -37.6484474], [176.1787572, -37.6484208], [176.1787665, -37.6483923], [176.1787962, -37.6483042], [176.1788004, -37.6482895], [176.1788021, -37.6482731], [176.1788011, -37.6482549], [176.1787975, -37.6482349], [176.1787913, -37.6482131], [176.1787839, -37.6481922], [176.178776, -37.6481737], [176.1787678, -37.6481575], [176.178759, -37.6481437], [176.17875, -37.6481316], [176.1787324, -37.6481087], [176.1787239, -37.6480978], [176.1787154, -37.6480873], [176.1787049, -37.6480776], [176.1786917, -37.648069], [176.1786757, -37.6480613], [176.178657, -37.6480547], [176.1786363, -37.6480484], [176.1786153, -37.6480411], [176.1785999, -37.6480349], [176.1785941, -37.6480326], [176.1785727, -37.6480231], [176.1785512, -37.6480125], [176.1785315, -37.648002], [176.1785142, -37.647992], [176.1784994, -37.6479824], [176.1784871, -37.6479732], [176.1784768, -37.6479639], [176.1784681, -37.6479535], [176.1784609, -37.6479421], [176.1784552, -37.6479295], [176.1784512, -37.6479158], [176.1784497, -37.6479008], [176.1784508, -37.6478845], [176.1784545, -37.6478668], [176.1784609, -37.6478479], [176.1784701, -37.6478272], [176.1784824, -37.6478043], [176.1784978, -37.6477792], [176.1785163, -37.6477519], [176.1785272, -37.6477368], [176.1785374, -37.6477226], [176.1785574, -37.6476921], [176.1785756, -37.6476608], [176.178592, -37.6476287], [176.1786067, -37.6475956], [176.1785979, -37.6475075], [176.1785582, -37.6474503], [176.1785389, -37.647429], [176.1785142, -37.6474194], [176.1784489, -37.6474161], [176.1784262, -37.647415], [176.1783948, -37.6473959], [176.1783777, -37.647371], [176.1783469, -37.6472609], [176.1783249, -37.6470804], [176.1782941, -37.6469615], [176.178206, -37.6466093], [176.1781135, -37.6464816], [176.1780563, -37.6464199], [176.178012, -37.6463733], [176.1779194, -37.6462474], [176.177863, -37.6461272], [176.1778359, -37.6460716], [176.1777795, -37.6459316], [176.1777033, -37.6458314], [176.1776644, -37.6457683], [176.1776519, -37.6457103], [176.1776324, -37.6456221], [176.1776144, -37.6455451], [176.1776062, -37.6455121], [176.177598, -37.6454792], [176.177583, -37.6454244], [176.1775697, -37.6453808], [176.1775564, -37.6453452], [176.1775419, -37.6453143], [176.1775261, -37.6452883], [176.177509, -37.6452671], [176.1774907, -37.6452507], [176.1774717, -37.6452378], [176.1774528, -37.645227], [176.1774338, -37.6452184], [176.1774149, -37.6452119], [176.1773959, -37.6452076], [176.1773778, -37.6452033], [176.1773616, -37.645197], [176.1773485, -37.6451892], [176.1773472, -37.6451885], [176.1773345, -37.645178], [176.1773237, -37.6451654], [176.1773147, -37.6451513], [176.1773094, -37.6451403], [176.1773074, -37.6451362], [176.1773019, -37.6451202], [176.1772981, -37.6451033], [176.1772962, -37.6450854], [176.1772954, -37.6450672], [176.1772955, -37.6450492], [176.1772963, -37.6450315], [176.1772979, -37.6450141], [176.1773026, -37.6449796], [176.1773046, -37.6449615], [176.1773059, -37.6449427], [176.1773067, -37.6449233], [176.177307, -37.6449031], [176.177274, -37.6448517]]}, "geometry_name": "shape", "properties": {"fidn": "7826738", "valdco": 2, "verdat": null, "inform": null, "ninfom": null, "ntxtds": null, "scamin": 17999, "txtdsc": null, "sordat": null, "sorind": null, "hypcat": null}}, {"type": "Feature", "id": "layer-50672.146459", "geometry": {"type": "LineString", "coordinates": [[176.164831, -37.6504096], [176.1647811, -37.650443], [176.1647376, -37.6504748], [176.1647004, -37.650505], [176.1646695, -37.6505337], [176.1646442, -37.6505611], [176.1646207, -37.6505891], [176.1645986, -37.6506179], [176.1645778, -37.6506475], [176.1645584, -37.6506778], [176.1645407, -37.6507075], [176.1645251, -37.6507351], [176.1645116, -37.6507609], [176.1645002, -37.6507847], [176.1644908, -37.650807], [176.1644825, -37.6508296], [176.1644755, -37.6508528], [176.1644696, -37.6508764], [176.1644649, -37.6509006], [176.1644635, -37.650924], [176.1644665, -37.6509457], [176.164474, -37.6509658], [176.164486, -37.6509842], [176.164502, -37.6510002], [176.1645205, -37.6510117], [176.1645414, -37.6510183], [176.1645647, -37.65102], [176.1645903, -37.651017], [176.1646159, -37.6510099], [176.1646403, -37.6509991], [176.1646636, -37.6509845], [176.1646857, -37.6509661], [176.1647068, -37.6509452], [176.1647822, -37.6508696], [176.1647988, -37.6508535], [176.1648145, -37.6508391], [176.1648292, -37.6508263], [176.164843, -37.6508153], [176.1648568, -37.6508051], [176.1648722, -37.650794], [176.1648893, -37.6507819], [176.1649284, -37.6507547], [176.1649478, -37.6507396], [176.1649654, -37.6507236], [176.1649814, -37.6507066], [176.1649956, -37.6506886], [176.1650078, -37.6506695], [176.1650173, -37.6506492], [176.165024, -37.6506277], [176.1650281, -37.6506049], [176.1650295, -37.6505811], [176.1650289, -37.6505583], [176.1650262, -37.650537], [176.1650216, -37.6505172], [176.1650151, -37.6504988], [176.1650065, -37.6504819], [176.164996, -37.6504665], [176.1649836, -37.6504526], [176.1649692, -37.6504401], [176.1649524, -37.6504292], [176.1649305, -37.6504206], [176.164903, -37.6504145], [176.1648698, -37.6504108], [176.164831, -37.6504096]]}, "geometry_name": "shape", "properties": {"fidn": "7826338", "valdco": 0.0, "verdat": null, "inform": null, "ninfom": null, "ntxtds": null, "scamin": 29999, "txtdsc": null, "sordat": null, "sorind": null, "hypcat": null}}, {"type": "Feature", "id": "layer-50672.146468", "geometry": {"type": "LineString", "coordinates": [[176.1649393, -37.6515618], [176.1649291, -37.6515955], [176.1649225, -37.6516248], [176.1649193, -37.6516499], [176.1649197, -37.6516705], [176.1649236, -37.6516878], [176.1649307, -37.6517054], [176.1649411, -37.6517238], [176.1649547, -37.651743], [176.1649716, -37.6517631], [176.1649921, -37.6517832], [176.1650164, -37.6518031], [176.1650444, -37.6518227], [176.1650763, -37.651842], [176.1651112, -37.6518611], [176.1651476, -37.6518803], [176.1651854, -37.6518994], [176.1652244, -37.6519185], [176.1652649, -37.6519377], [176.1653064, -37.6519568], [176.1653491, -37.6519759], [176.1653928, -37.651995], [176.1654376, -37.6520142], [176.1654811, -37.6520321], [176.1655203, -37.6520473], [176.1655551, -37.6520598], [176.1655856, -37.6520696], [176.165612, -37.6520768], [176.1656352, -37.652082], [176.1656555, -37.6520854], [176.1656728, -37.6520868], [176.1656871, -37.6520863], [176.1656999, -37.6520838], [176.1657122, -37.6520791], [176.1657239, -37.6520722], [176.1657351, -37.6520632], [176.1657454, -37.6520521], [176.1657539, -37.6520394], [176.1657605, -37.6520251], [176.1657651, -37.6520091], [176.1657679, -37.6519915], [176.1657693, -37.6519727], [176.1657692, -37.6519529], [176.1657678, -37.6519319], [176.1657651, -37.6519099], [176.1657603, -37.6518876], [176.1657526, -37.6518664], [176.1657419, -37.6518462], [176.1657282, -37.6518272], [176.1657113, -37.6518089], [176.1656893, -37.6517891], [176.1656619, -37.6517675], [176.1656291, -37.6517439], [176.1655909, -37.6517185], [176.1655505, -37.6516932], [176.1655107, -37.6516699], [176.1654715, -37.6516484], [176.1654328, -37.6516289], [176.1653942, -37.651611], [176.1653544, -37.6515939], [176.1653133, -37.6515778], [176.1652707, -37.6515624], [176.165227, -37.6515479], [176.1651857, -37.6515354], [176.1651486, -37.6515252], [176.1651154, -37.6515176], [176.1650864, -37.6515123], [176.1650612, -37.6515091], [176.1650396, -37.6515073], [176.1650215, -37.6515069], [176.1650069, -37.6515078], [176.1649955, -37.6515104], [176.1649835, -37.6515167], [176.1649701, -37.6515274], [176.1649554, -37.6515424], [176.1649393, -37.6515618]]}, "geometry_name": "shape", "properties": {"fidn": "7828726", "valdco": 0.0, "verdat": null, "inform": null, "ninfom": null, "ntxtds": null, "scamin": 29999, "txtdsc": null, "sordat": null, "sorind": null, "hypcat": null}}, {"type": "Feature", "id": "layer-50672.138076", "geometry": {"type": "LineString", "coordinates": [[176.177274, -37.6448517], [176.1773272, -37.6448642], [176.1773969, -37.6449103], [176.1774601, -37.6449986], [176.1775868, -37.6451767], [176.1776312, -37.6452379], [176.1776734, -37.6453012], [176.1777219, -37.6453941], [176.1777642, -37.6455081], [176.1777979, -37.6455841], [176.1778317, -37.6456749], [176.1778634, -37.6457509], [176.1779035, -37.6458058], [176.1779584, -37.6458522], [176.1779897, -37.6458768], [176.1780371, -37.6459498], [176.1780773, -37.6460482], [176.1781721, -37.6461796], [176.178256, -37.6462489], [176.1783472, -37.6464057], [176.1784225, -37.6465683], [176.1785478, -37.6469018], [176.1785989, -37.6470149], [176.1786281, -37.6471572], [176.1786755, -37.6473505], [176.1787047, -37.6474891], [176.1787229, -37.6476022], [176.1787229, -37.6477408], [176.1787266, -37.6478211], [176.1787922, -37.6479488], [176.1788907, -37.6481093], [176.1789296, -37.6481979], [176.1789418, -37.6482771], [176.1789382, -37.6483427], [176.1789053, -37.6484449], [176.178898, -37.6485543], [176.1789163, -37.6486674], [176.1789564, -37.6487367], [176.1790111, -37.6487987], [176.1790439, -37.648879], [176.1790585, -37.6489665], [176.1790593, -37.6491304], [176.1790669, -37.6492909], [176.1790465, -37.6494718], [176.179021, -37.6496578], [176.1789854, -37.6498922], [176.1789599, -37.6500834], [176.1789191, -37.6503203], [176.1788809, -37.6505369], [176.1787843, -37.6507847], [176.1786618, -37.6510797], [176.1786035, -37.6511881], [176.1785356, -37.6512854], [176.1784859, -37.6513345], [176.178435, -37.6513956], [176.1783815, -37.6514899], [176.1783101, -37.6517116], [176.1782413, -37.6519002], [176.1781419, -37.6520862], [176.1780553, -37.652211], [176.1779967, -37.6522849], [176.1779687, -37.6523563], [176.1779483, -37.6524505], [176.1779432, -37.6524913], [176.1778413, -37.6526824], [176.1777903, -37.652764], [176.1777266, -37.6528251], [176.1777171, -37.6528349], [176.1776476, -37.6529067], [176.1776119, -37.6529831], [176.1775712, -37.6531029], [176.1775075, -37.6533067], [176.1774978, -37.6533581], [176.1774718, -37.6534953], [176.1774157, -37.6536431], [176.1773622, -37.6537603], [176.1772832, -37.6538877], [176.1772678, -37.6539066], [176.177194, -37.6539972], [176.1770929, -37.6541675], [176.1770666, -37.6542342], [176.1770603, -37.6542879], [176.1770564, -37.6543209], [176.1770562, -37.654355], [176.177048, -37.6543998], [176.1770277, -37.6544501], [176.17698, -37.6545069], [176.1769061, -37.6545629], [176.1768118, -37.6546623], [176.1767175, -37.6547693], [176.1765927, -37.6549146], [176.1765239, -37.6549885], [176.1764489, -37.6550594], [176.1763969, -37.6551022], [176.1763557, -37.6551515], [176.1762972, -37.6552273], [176.1762561, -37.6552704], [176.1761739, -37.6553017], [176.1760194, -37.6553503], [176.1758843, -37.6553911], [176.1757798, -37.6554344], [176.1756754, -37.6554802], [176.1755301, -37.6555541], [176.1753645, -37.6556204], [176.1751759, -37.655707], [176.1749415, -37.6558242], [176.1746969, -37.6559185], [176.1746001, -37.6559593], [176.1744625, -37.6559924], [176.1743478, -37.656023], [176.1742688, -37.656051], [176.1741083, -37.6561351], [176.1739299, -37.6562243], [176.1737847, -37.656288], [176.173535, -37.6563619], [176.1734177, -37.6563746], [176.1733744, -37.6563721], [176.1733337, -37.6563415], [176.1732903, -37.6563186], [176.1732292, -37.6563135], [176.1731374, -37.6563186], [176.1728266, -37.6563925], [176.1725106, -37.6564638], [176.1722125, -37.656502], [176.1719984, -37.6565403], [176.1717207, -37.6565657], [176.1714965, -37.6565938], [176.1712824, -37.6566218], [176.1710556, -37.6566728], [176.1707193, -37.6567161], [176.1703626, -37.6567543], [176.1700288, -37.6567823], [176.1698631, -37.6568002], [176.1696975, -37.6568053], [176.1696465, -37.65679], [176.1695726, -37.6567441], [176.1694911, -37.6567186], [176.1693841, -37.656711], [176.1692847, -37.6567339], [176.1691191, -37.6567747], [176.1689407, -37.656818], [176.1688184, -37.6568257], [176.1687088, -37.6568282], [176.1685075, -37.6568307], [176.1683445, -37.6568511], [176.1682476, -37.6568766], [176.168212, -37.6569072], [176.1681992, -37.6569913], [176.1681916, -37.6570448], [176.1681712, -37.657083], [176.1680998, -37.6571212], [176.1680107, -37.6571391], [176.1677992, -37.657162], [176.1676845, -37.657162], [176.1675647, -37.6571926], [176.167422, -37.6572486], [176.1673074, -37.6572843], [176.1672564, -37.6572843], [176.1671927, -37.6572614], [176.1671341, -37.6572257], [176.1670628, -37.6572053], [176.1670041, -37.6572155], [176.1669634, -37.6572359], [176.1669124, -37.6572869], [176.1668818, -37.65732], [176.1668079, -37.6573659], [176.1666245, -37.6574168], [176.166413, -37.6574703], [176.1663213, -37.6574678], [176.1662346, -37.6574601], [176.1661174, -37.6574397], [176.1660155, -37.6574296], [176.1658142, -37.6574397], [176.1657046, -37.657455], [176.1655237, -37.6574754], [176.1653148, -37.6575034], [176.165167, -37.6575213], [176.1650294, -37.657534], [176.16493, -37.6575417], [176.1648408, -37.6575646], [176.1647159, -37.6576054], [176.1646013, -37.657641], [176.1644611, -37.6577047], [176.1643312, -37.6577532], [176.164163, -37.6577888], [176.1639082, -37.6578347], [176.1637298, -37.65785], [176.1634241, -37.6578678], [176.1634006, -37.6578694], [176.1630953, -37.6578908], [176.1630393, -37.6578936], [176.1627131, -37.6579097], [176.1626851, -37.6579111], [176.1623564, -37.6579239], [176.1620099, -37.6579188], [176.1617015, -37.6579315], [176.1613983, -37.6579392], [176.1610543, -37.657957], [176.1607307, -37.6579723], [176.1603765, -37.658008], [176.1602822, -37.6580207], [176.1601521, -37.658017], [176.1601013, -37.6580156], [176.1598618, -37.6580233], [176.1597369, -37.6580284], [176.1596095, -37.6580462], [176.1594847, -37.6580742], [176.1593496, -37.6581175], [176.1591662, -37.6581838], [176.1590133, -37.6582271], [176.1589215, -37.6582399], [176.1587712, -37.6582449], [176.1586758, -37.6582385], [176.1585444, -37.6582297], [176.1583992, -37.6582271], [176.1582004, -37.6582271], [176.1580784, -37.6582221], [176.1575028, -37.6582523], [176.1564068, -37.6582872], [176.1556615, -37.6582784], [176.1548066, -37.6583133], [176.1543792, -37.6583569], [176.154093, -37.6583627], [176.1537767, -37.6583303], [176.1531276, -37.6581656], [176.152764, -37.6580956], [176.1524554, -37.6580907], [176.152092, -37.6581123], [176.1517597, -37.6580955], [176.1510254, -37.6579386], [176.1499074, -37.6578079], [176.1491293, -37.6575814], [176.1488762, -37.6574723], [176.1486482, -37.6573755], [176.1484453, -37.657291], [176.1482675, -37.6572187], [176.148112, -37.6571577], [176.1479588, -37.6571016], [176.1478041, -37.6570492], [176.1476479, -37.6570003], [176.1474903, -37.6569552], [176.1473311, -37.6569112], [176.1471704, -37.656865], [176.1470082, -37.6568167], [176.1468444, -37.6567663], [176.1466798, -37.6567143], [176.1465214, -37.6566672], [176.1463709, -37.6566266], [176.1462285, -37.6565926], [176.1460941, -37.6565651], [176.1459701, -37.6565439], [176.145861, -37.656529], [176.1457668, -37.6565204], [176.1456875, -37.6565179], [176.1456226, -37.6565215], [176.1455647, -37.6565278], [176.1455113, -37.6565357], [176.1454624, -37.6565454], [176.1454181, -37.6565567], [176.1453788, -37.6565702], [176.1453464, -37.6565869], [176.1453207, -37.6566069], [176.1453017, -37.6566301], [176.1452895, -37.6566566], [176.1452816, -37.6566846], [176.1452769, -37.6567135], [176.1452754, -37.6567432], [176.1452772, -37.6567737], [176.1452827, -37.6568054], [176.1452938, -37.6568393], [176.1453105, -37.6568755], [176.1453328, -37.6569139], [176.1453607, -37.6569545], [176.1453909, -37.6569944], [176.1454215, -37.657032], [176.1454526, -37.6570673], [176.1454842, -37.6571002], [176.1455538, -37.6571679], [176.1455948, -37.657208], [176.1456401, -37.6572526], [176.1456897, -37.6573016], [176.1457456, -37.6573526], [176.1458091, -37.6574037], [176.1458803, -37.6574551], [176.1459592, -37.6575067], [176.146065, -37.6575644], [176.1462967, -37.6576588], [176.1466683, -37.6577943], [176.1471799, -37.6579709], [176.1478314, -37.6581886], [176.1495238, -37.6587228], [176.1511131, -37.6591149], [176.1523988, -37.6594693], [176.1527381, -37.6595333], [176.1530112, -37.6595434], [176.1544669, -37.6594025], [176.1561109, -37.6594547], [176.1575466, -37.6593153], [176.1575671, -37.6593085], [176.1579419, -37.6592221], [176.1585114, -37.6591169], [176.1595301, -37.6590728], [176.1596707, -37.6590552], [176.1597168, -37.6590494], [176.1598503, -37.6590227], [176.1599003, -37.6590154], [176.1600105, -37.6589993], [176.1600466, -37.6589968], [176.160254, -37.6589826], [176.1604275, -37.6589826], [176.1605076, -37.6589626], [176.1605577, -37.6589326], [176.1605944, -37.6588792], [176.1606311, -37.6588492], [176.1607112, -37.6588125], [176.160757, -37.6587999], [176.1607946, -37.6587893], [176.1608239, -37.6587809], [176.1608596, -37.6587699], [176.1608751, -37.6587665], [176.1608923, -37.6587641], [176.1609112, -37.6587627], [176.1609318, -37.6587624], [176.1609529, -37.6587635], [176.1609738, -37.6587661], [176.1609945, -37.6587702], [176.161015, -37.6587758], [176.1610349, -37.6587827], [176.1610527, -37.6587897], [176.1610684, -37.6587969], [176.1610821, -37.6588042], [176.1610939, -37.6588119], [176.1611057, -37.6588206], [176.161118, -37.6588307], [176.1611308, -37.6588422], [176.1611585, -37.6588689], [176.1611746, -37.6588833], [176.1611924, -37.6588981], [176.1612119, -37.6589135], [176.1612332, -37.6589291], [176.1612565, -37.6589434], [176.1612818, -37.6589561], [176.1613093, -37.6589673], [176.1613387, -37.658977], [176.1613715, -37.658986], [176.1614084, -37.6589948], [176.1614495, -37.6590034], [176.1614946, -37.6590119], [176.1615437, -37.6590198], [176.1615962, -37.659026], [176.1616522, -37.6590306], [176.1617116, -37.6590334], [176.1617743, -37.6590346], [176.1618386, -37.6590363], [176.161904, -37.6590392], [176.1619704, -37.6590433], [176.1620378, -37.6590486], [176.162107, -37.659055], [176.1621788, -37.659062], [176.1622534, -37.6590697], [176.1623308, -37.659078], [176.1624096, -37.6590868], [176.1624817, -37.6590943], [176.1625475, -37.6591002], [176.1626005, -37.6591039], [176.1626473, -37.6591062], [176.1626935, -37.6591072], [176.1627452, -37.6591074], [176.1628023, -37.6591067], [176.1628715, -37.6591049], [176.1629315, -37.6591031], [176.1629965, -37.6591016], [176.1630594, -37.6591008], [176.1631202, -37.6591007], [176.163179, -37.6591013], [176.1632318, -37.6591015], [176.1632921, -37.6591011], [176.1633466, -37.6591], [176.1633997, -37.6590982], [176.163451, -37.6590957], [176.1634998, -37.6590925], [176.163546, -37.6590887], [176.1635896, -37.6590841], [176.1636323, -37.6590785], [176.1636882, -37.659069], [176.1637605, -37.6590549], [176.1638492, -37.6590361], [176.1639544, -37.6590127], [176.1641747, -37.6589693], [176.1644383, -37.6589426], [176.1645817, -37.6589192], [176.1646485, -37.6588792], [176.1647119, -37.6588158], [176.1647653, -37.6587724], [176.1648153, -37.6587791], [176.1648687, -37.6588125], [176.1649354, -37.6588358], [176.1650566, -37.6588573], [176.165159, -37.6588525], [176.1652791, -37.6588325], [176.1654026, -37.6588425], [176.1655127, -37.6588825], [176.1655409, -37.6588869], [176.165565, -37.6588902], [176.1655755, -37.6588915], [176.1655849, -37.6588925], [176.1655933, -37.6588932], [176.1656007, -37.6588937], [176.165607, -37.658894], [176.1656123, -37.658894], [176.1656165, -37.6588937], [176.1656331, -37.658891], [176.1656483, -37.6588866], [176.1656623, -37.6588803], [176.1656749, -37.6588723], [176.1656862, -37.6588625], [176.1656987, -37.6588514], [176.1657146, -37.6588393], [176.1657339, -37.6588263], [176.1657567, -37.6588124], [176.165783, -37.6587975], [176.1658103, -37.6587827], [176.1658363, -37.6587689], [176.165861, -37.6587562], [176.1658844, -37.6587446], [176.1659064, -37.658734], [176.1659316, -37.6587226], [176.1659643, -37.6587081], [176.1660047, -37.6586908], [176.1660527, -37.6586705], [176.1661083, -37.6586473], [176.1661646, -37.6586234], [176.1662148, -37.6586011], [176.1662589, -37.6585805], [176.1662968, -37.6585614], [176.1663286, -37.6585439], [176.1663572, -37.658527], [176.1663857, -37.6585097], [176.166414, -37.658492], [176.1664423, -37.6584739], [176.1664708, -37.6584552], [176.1664993, -37.6584364], [176.1665301, -37.6584165], [176.1665628, -37.6583958], [176.1665974, -37.6583743], [176.1666338, -37.658352], [176.1666777, -37.6583305], [176.1667187, -37.6583115], [176.1667568, -37.6582948], [176.166792, -37.6582805], [176.1668252, -37.6582683], [176.1668605, -37.6582572], [176.1668984, -37.6582468], [176.1669389, -37.6582374], [176.1669818, -37.6582288], [176.1670603, -37.6582142], [176.1670936, -37.6582081], [176.167123, -37.6582029], [176.1671486, -37.6581986], [176.1671709, -37.6581952], [176.16719, -37.6581926], [176.1672059, -37.6581908], [176.1672186, -37.65819], [176.1672292, -37.6581905], [176.1672381, -37.6581927], [176.1672453, -37.6581963], [176.1672508, -37.6582015], [176.1672544, -37.658208], [176.1672557, -37.6582155], [176.1672548, -37.6582241], [176.1672517, -37.6582337], [176.1672463, -37.6582446], [176.1672388, -37.6582585], [176.1672289, -37.6582757], [176.1672169, -37.6582962], [176.1672026, -37.6583199], [176.1671888, -37.6583436], [176.167177, -37.6583652], [176.1671672, -37.6583848], [176.1671595, -37.6584023], [176.1671539, -37.658418], [176.1671506, -37.6584324], [176.1671494, -37.6584456], [176.1671505, -37.6584577], [176.1671538, -37.6584685], [176.1671591, -37.6584783], [176.1671663, -37.658487], [176.1671753, -37.6584947], [176.1671863, -37.6585014], [176.1671995, -37.6585071], [176.1672156, -37.6585117], [176.1672347, -37.6585153], [176.1672566, -37.6585179], [176.1672815, -37.6585194], [176.1673087, -37.658519], [176.1673384, -37.6585168], [176.1673705, -37.6585127], [176.167405, -37.6585068], [176.1674401, -37.6585005], [176.1674743, -37.6584953], [176.1675076, -37.6584911], [176.1675401, -37.658488], [176.167574, -37.6584853], [176.1676168, -37.658481], [176.1676691, -37.6584751], [176.1677311, -37.6584675], [176.1678022, -37.6584582], [176.167869, -37.6584488], [176.1679258, -37.6584402], [176.1679728, -37.6584322], [176.1680098, -37.658425], [176.1680419, -37.6584177], [176.1680787, -37.658409], [176.1681205, -37.658399], [176.1681673, -37.6583877], [176.1682194, -37.6583745], [176.1682805, -37.6583562], [176.1683514, -37.6583319], [176.168432, -37.6583015], [176.1685224, -37.6582652], [176.1687593, -37.6581818], [176.1688408, -37.6581471], [176.1689126, -37.6581168], [176.1689749, -37.658091], [176.1690275, -37.6580696], [176.1690725, -37.6580515], [176.1691161, -37.6580336], [176.1691589, -37.6580155], [176.1692007, -37.6579972], [176.1692417, -37.6579787], [176.169282, -37.6579587], [176.1693219, -37.657937], [176.1693612, -37.6579135], [176.1693999, -37.6578882], [176.1694365, -37.6578627], [176.1694692, -37.6578387], [176.1694979, -37.6578161], [176.1695227, -37.6577949], [176.1695442, -37.6577752], [176.169564, -37.6577577], [176.1695825, -37.6577423], [176.1695996, -37.657729], [176.1696153, -37.6577178], [176.1696302, -37.6577078], [176.1696446, -37.6576986], [176.1696585, -37.6576904], [176.1696719, -37.657683], [176.1696855, -37.657677], [176.1697002, -37.6576727], [176.169716, -37.6576702], [176.1697328, -37.6576695], [176.1697503, -37.6576708], [176.1697674, -37.6576746], [176.169784, -37.6576812], [176.1698, -37.6576904], [176.1698155, -37.6577022], [176.1698317, -37.6577159], [176.1698487, -37.6577311], [176.1698666, -37.657748], [176.1698855, -37.6577664], [176.1699045, -37.6577862], [176.1699233, -37.657807], [176.1699416, -37.657829], [176.1699596, -37.6578519], [176.1699764, -37.6578753], [176.1699889, -37.6578967], [176.169997, -37.6579159], [176.1700006, -37.6579331], [176.17, -37.6579482], [176.1699974, -37.6579636], [176.1699936, -37.6579798], [176.1699885, -37.657997], [176.1699822, -37.658015], [176.1699605, -37.6580477], [176.1699518, -37.6580702], [176.1699405, -37.6580954], [176.1699436, -37.6581071], [176.1699496, -37.658117], [176.1699594, -37.6581262], [176.1699729, -37.6581347], [176.1699901, -37.6581424], [176.1700108, -37.6581493], [176.1700328, -37.6581534], [176.1700553, -37.6581542], [176.1700784, -37.6581515], [176.1700896, -37.6581439], [176.170101, -37.6581367], [176.1701124, -37.65813], [176.170124, -37.6581237], [176.1701358, -37.6581179], [176.170148, -37.6581133], [176.1701605, -37.6581099], [176.1701735, -37.6581077], [176.1701869, -37.6581068], [176.1702015, -37.6581062], [176.1702362, -37.6581054], [176.1702562, -37.6581051], [176.1702771, -37.658105], [176.1702968, -37.6581055], [176.1703152, -37.6581067], [176.1703323, -37.6581085], [176.1703482, -37.6581109], [176.1703629, -37.6581137], [176.1703766, -37.6581169], [176.1703892, -37.6581203], [176.1704009, -37.6581241], [176.1704121, -37.6581285], [176.1704239, -37.658134], [176.1704363, -37.6581406], [176.1704493, -37.6581483], [176.1704626, -37.6581569], [176.1704758, -37.6581646], [176.1704886, -37.6581714], [176.1705012, -37.6581773], [176.1705134, -37.6581822], [176.1705267, -37.6581863], [176.170542, -37.6581896], [176.1705594, -37.6581923], [176.1705788, -37.6581943], [176.1705998, -37.6581955], [176.1706216, -37.6581958], [176.1706439, -37.6581952], [176.170667, -37.6581938], [176.1707142, -37.6581891], [176.1707607, -37.6581852], [176.1707835, -37.6581837], [176.1708793, -37.658178], [176.1709049, -37.6581764], [176.1709316, -37.6581734], [176.1709594, -37.6581689], [176.1709883, -37.6581627], [176.1710183, -37.658155], [176.1710499, -37.6581461], [176.1710833, -37.6581364], [176.1711186, -37.658126], [176.1711558, -37.6581147], [176.1711939, -37.6581029], [176.1712303, -37.6580908], [176.1712647, -37.6580785], [176.1712971, -37.6580661], [176.1713275, -37.6580534], [176.1713551, -37.6580414], [176.1713798, -37.6580304], [176.1714015, -37.6580203], [176.1714202, -37.6580112], [176.1714367, -37.6580027], [176.1714527, -37.6579939], [176.1714681, -37.657985], [176.1714829, -37.6579759], [176.1714973, -37.6579667], [176.1715128, -37.6579584], [176.1715297, -37.6579513], [176.171548, -37.6579452], [176.1715677, -37.6579403], [176.1715887, -37.6579356], [176.1716109, -37.65793], [176.1716269, -37.657932], [176.171644, -37.6579336], [176.1716624, -37.6579348], [176.1716819, -37.6579357], [176.1717027, -37.6579362], [176.1717242, -37.657936], [176.1717455, -37.6579348], [176.1717668, -37.6579326], [176.1717879, -37.6579292], [176.171809, -37.6579248], [176.1718299, -37.6579195], [176.1718507, -37.6579136], [176.1718713, -37.6579073], [176.1718919, -37.6579005], [176.1719123, -37.6578933], [176.1719327, -37.6578855], [176.1719538, -37.6578772], [176.1719755, -37.6578684], [176.1719979, -37.657859], [176.1720211, -37.657849], [176.1720448, -37.6578386], [176.1720675, -37.6578282], [176.1720888, -37.657818], [176.1721086, -37.657808], [176.1721269, -37.6577983], [176.1721438, -37.6577888], [176.172161, -37.6577786], [176.1721793, -37.6577671], [176.1721988, -37.6577543], [176.1722195, -37.6577403], [176.1722414, -37.657725], [176.1722696, -37.6577076], [176.1723308, -37.6576999], [176.1723525, -37.6576981], [176.172372, -37.6576972], [176.1723893, -37.657698], [176.1724046, -37.6577014], [176.1724179, -37.6577078], [176.1724292, -37.657717], [176.1724385, -37.6577288], [176.1724459, -37.6577424], [176.1724515, -37.6577576], [176.1724553, -37.6577743], [176.1724573, -37.6577924], [176.1724528, -37.6578346], [176.1724397, -37.657871], [176.1724253, -37.6579073], [176.1724147, -37.6579588], [176.1724229, -37.6579722], [176.1724341, -37.6579847], [176.1724481, -37.6579965], [176.172465, -37.6580073], [176.1724842, -37.6580164], [176.1725048, -37.6580221], [176.1725268, -37.6580243], [176.1725502, -37.6580232], [176.1725741, -37.6580194], [176.1725954, -37.6580149], [176.1726141, -37.6580101], [176.17263, -37.6580048], [176.1726435, -37.657999], [176.1726557, -37.6579928], [176.1726669, -37.6579862], [176.1727087, -37.6579353], [176.1727464, -37.6578693], [176.1727541, -37.6578627], [176.1727598, -37.6578575], [176.1727636, -37.6578539], [176.1727655, -37.6578519], [176.1727931, -37.6578135], [176.1728063, -37.6577956], [176.1728197, -37.6577793], [176.172833, -37.6577645], [176.1728465, -37.6577512], [176.1728599, -37.6577395], [176.1728736, -37.6577295], [176.1728875, -37.6577212], [176.1729015, -37.6577146], [176.1729158, -37.6577096], [176.1729302, -37.6577067], [176.1729448, -37.6577059], [176.1729596, -37.6577071], [176.172981, -37.6577195], [176.1730003, -37.6577329], [176.1730175, -37.6577474], [176.1730326, -37.657763], [176.1730462, -37.6577792], [176.1730606, -37.6577944], [176.173076, -37.6578084], [176.1730924, -37.6578213], [176.1731098, -37.657833], [176.1731298, -37.657843], [176.1731527, -37.6578511], [176.1731787, -37.6578574], [176.1732077, -37.6578617], [176.1733005, -37.6578716], [176.1733347, -37.6578755], [176.1733715, -37.65788], [176.173411, -37.6578852], [176.1734424, -37.6578895], [176.1735065, -37.6578987], [176.1735174, -37.6578999], [176.1735306, -37.6579003], [176.1735465, -37.6578997], [176.173565, -37.6578982], [176.1735859, -37.6578959], [176.1736076, -37.6578928], [176.1736296, -37.657889], [176.1736518, -37.6578846], [176.1736743, -37.6578795], [176.1736965, -37.6578741], [176.1737177, -37.6578686], [176.1737381, -37.657863], [176.1737762, -37.6578518], [176.1737941, -37.6578469], [176.1738112, -37.6578428], [176.1738276, -37.6578396], [176.1738433, -37.657837], [176.1738602, -37.6578338], [176.1738793, -37.6578294], [176.1739005, -37.6578237], [176.1739238, -37.6578168], [176.1739817, -37.6577987], [176.1740043, -37.6577915], [176.1740217, -37.6577856], [176.1740396, -37.6577791], [176.1740673, -37.6577682], [176.1741, -37.6577543], [176.1741246, -37.6577441], [176.1741496, -37.657734], [176.1741834, -37.6577207], [176.1742248, -37.6577053], [176.1742661, -37.6576908], [176.1743071, -37.6576766], [176.174348, -37.6576627], [176.1744292, -37.6576354], [176.1744739, -37.6576211], [176.1745265, -37.6576051], [176.1745687, -37.6576006], [176.1746068, -37.6575969], [176.1746407, -37.6575939], [176.1746704, -37.6575916], [176.174696, -37.65759], [176.1747179, -37.657589], [176.1747383, -37.6575878], [176.1747576, -37.6575863], [176.1747757, -37.6575846], [176.1747926, -37.6575826], [176.1748084, -37.6575804], [176.1748253, -37.6575776], [176.1748442, -37.6575743], [176.1748652, -37.6575704], [176.1748884, -37.6575659], [176.1749399, -37.6575553], [176.1749651, -37.6575502], [176.1749892, -37.6575455], [176.1750122, -37.6575411], [176.1750811, -37.6575284], [176.1751126, -37.6575224], [176.1751499, -37.6575152], [176.1752417, -37.6574971], [176.1752612, -37.6574983], [176.1752815, -37.6574998], [176.1753306, -37.6575029], [176.1753714, -37.6575243], [176.1753806, -37.6575415], [176.1753869, -37.6575562], [176.1753904, -37.6575684], [176.1753912, -37.6575784], [176.1753901, -37.657588], [176.1753874, -37.6575974], [176.175383, -37.6576066], [176.1753768, -37.6576157], [176.1753684, -37.6576243], [176.1753572, -37.6576322], [176.1753433, -37.6576395], [176.1753267, -37.657646], [176.175307, -37.6576523], [176.1752832, -37.6576593], [176.1752551, -37.6576672], [176.1752228, -37.6576759], [176.1751865, -37.6576855], [176.1751513, -37.657696], [176.1751194, -37.6577076], [176.1750906, -37.6577201], [176.1750651, -37.6577337], [176.1750424, -37.6577479], [176.1750215, -37.6577617], [176.1750025, -37.6577752], [176.1749854, -37.6577884], [176.1749701, -37.6578012], [176.1749563, -37.6578132], [176.1749442, -37.6578244], [176.1749335, -37.6578347], [176.1749244, -37.6578442], [176.1749169, -37.6578535], [176.1749113, -37.6578635], [176.1749076, -37.6578742], [176.1749057, -37.6578856], [176.1749056, -37.6578974], [176.1749068, -37.6579086], [176.1749092, -37.6579189], [176.1749128, -37.6579284], [176.1749175, -37.6579371], [176.1749244, -37.6579446], [176.1749342, -37.6579507], [176.1749469, -37.6579555], [176.1749624, -37.657959], [176.1749803, -37.6579612], [176.1749985, -37.6579627], [176.1750169, -37.6579635], [176.1750355, -37.6579636], [176.1750542, -37.6579631], [176.1750735, -37.6579621], [176.1750934, -37.6579608], [176.175114, -37.6579592], [176.1751566, -37.6579551], [176.1751763, -37.657954], [176.1751943, -37.6579536], [176.1752106, -37.6579541], [176.1752253, -37.6579555], [176.1752398, -37.6579575], [176.1752547, -37.6579602], [176.17527, -37.6579637], [176.1752856, -37.6579677], [176.1753002, -37.6579726], [176.1753118, -37.6579782], [176.1753204, -37.6579848], [176.1753258, -37.6579921], [176.1753282, -37.6580011], [176.1753261, -37.6580173], [176.1753197, -37.6580415], [176.1753196, -37.658042], [176.1753085, -37.6580751], [176.1752928, -37.6581167]]}, "geometry_name": "shape", "properties": {"fidn": "7828142", "valdco": 5, "verdat": null, "inform": null, "ninfom": null, "ntxtds": null, "scamin": 17999, "txtdsc": null, "sordat": null, "sorind": null, "hypcat": null}}, {"type": "Feature", "id": "layer-50672.146467", "geometry": {"type": "LineString", "coordinates": [[176.1627168, -37.6515548], [176.1626356, -37.6514832], [176.1625589, -37.6514213], [176.1624866, -37.6513693], [176.1624187, -37.651327], [176.1623548, -37.6512932], [176.1622927, -37.6512628], [176.1622322, -37.6512355], [176.1621734, -37.6512112], [176.1621164, -37.65119], [176.1620641, -37.651172], [176.1620176, -37.6511573], [176.1619769, -37.6511459], [176.161942, -37.6511379], [176.1619107, -37.6511323], [176.1618797, -37.6511282], [176.161849, -37.6511255], [176.1618185, -37.6511242], [176.161789, -37.6511245], [176.1617636, -37.6511282], [176.161743, -37.6511355], [176.161727, -37.6511464], [176.1617157, -37.6511608], [176.1617064, -37.6511772], [176.1616976, -37.6511948], [176.1616895, -37.6512134], [176.1616818, -37.6512332], [176.1616756, -37.6512537], [176.1616727, -37.6512742], [176.161673, -37.6512947], [176.1616767, -37.6513152], [176.1616835, -37.6513358], [176.1616928, -37.6513568], [176.1617043, -37.6513784], [176.161718, -37.6514005], [176.1617339, -37.6514232], [176.1617514, -37.6514458], [176.16177, -37.6514679], [176.1617897, -37.6514895], [176.1618106, -37.6515104], [176.1618333, -37.6515309], [176.1618603, -37.6515511], [176.1618917, -37.651571], [176.1619275, -37.6515907], [176.1619677, -37.65161], [176.1620117, -37.6516289], [176.1620592, -37.6516472], [176.1621104, -37.6516649], [176.1621651, -37.6516822], [176.1622191, -37.6516983], [176.162267, -37.6517128], [176.1623447, -37.6517368], [176.1623756, -37.6517468], [176.1624069, -37.6517576], [176.1624391, -37.6517694], [176.1624724, -37.6517822], [176.1625066, -37.651796], [176.1625386, -37.6518086], [176.1625671, -37.6518189], [176.1625921, -37.6518271], [176.1626134, -37.651833], [176.1626327, -37.6518369], [176.1626525, -37.6518389], [176.1626727, -37.6518392], [176.1626935, -37.6518377], [176.1627145, -37.6518343], [176.162734, -37.6518282], [176.1627518, -37.6518193], [176.1627677, -37.6518075], [176.1627818, -37.6517929], [176.1627936, -37.6517771], [176.1628025, -37.651761], [176.1628086, -37.6517446], [176.1628119, -37.651728], [176.1628124, -37.651711], [176.1628103, -37.6516933], [176.1628057, -37.6516747], [176.1627986, -37.6516554], [176.1627888, -37.6516354], [176.1627758, -37.6516153], [176.1627595, -37.6515951], [176.1627398, -37.6515749], [176.1627168, -37.6515548]]}, "geometry_name": "shape", "properties": {"fidn": "7828724", "valdco": 0.0, "verdat": null, "inform": null, "ninfom": null, "ntxtds": null, "scamin": 29999, "txtdsc": null, "sordat": null, "sorind": null, "hypcat": null}}, {"type": "Feature", "id": "layer-50672.146464", "geometry": {"type": "LineString", "coordinates": [[176.1596061, -37.6480372], [176.1596091, -37.6480131], [176.1596117, -37.6479902], [176.159614, -37.6479683], [176.159616, -37.6479475], [176.1596176, -37.647928], [176.15962, -37.6478964], [176.1596208, -37.6478842], [176.1596212, -37.6478744], [176.1596196, -37.6478647], [176.1596152, -37.6478543], [176.1596082, -37.6478432], [176.1595986, -37.6478315], [176.1595863, -37.6478195], [176.1595712, -37.6478079], [176.1595534, -37.6477967], [176.1595328, -37.6477858], [176.1594483, -37.6477464], [176.1593693, -37.6477093], [176.1593277, -37.6476912], [176.1592882, -37.6476761], [176.1592507, -37.647664], [176.1592153, -37.6476549], [176.1591822, -37.6476485], [176.1591518, -37.6476449], [176.1591242, -37.6476438], [176.1590994, -37.6476453], [176.1590772, -37.6476495], [176.1590572, -37.6476564], [176.1590392, -37.6476658], [176.1590233, -37.647678], [176.1590095, -37.6476927], [176.1589972, -37.6477076], [176.1589861, -37.6477214], [176.1589763, -37.6477342], [176.1589677, -37.647746], [176.1589603, -37.647757], [176.1589541, -37.647768], [176.158949, -37.6477788], [176.1589451, -37.6477894], [176.1589422, -37.6478002], [176.15894, -37.6478128], [176.1589384, -37.6478275], [176.1589373, -37.6478442], [176.1589369, -37.6478629], [176.1589385, -37.6478821], [176.1589431, -37.6479006], [176.1589507, -37.6479187], [176.1589612, -37.6479362], [176.1589738, -37.6479528], [176.1589869, -37.6479681], [176.1590005, -37.6479819], [176.1590144, -37.6479943], [176.1590288, -37.6480055], [176.1590442, -37.6480169], [176.1590608, -37.6480287], [176.1590786, -37.6480409], [176.1590975, -37.6480536], [176.1591182, -37.6480662], [176.159141, -37.6480782], [176.1591661, -37.6480897], [176.1591933, -37.6481007], [176.1592224, -37.6481111], [176.159253, -37.6481214], [176.159285, -37.6481314], [176.1593184, -37.6481411], [176.1593528, -37.6481504], [176.1593853, -37.6481565], [176.1594151, -37.6481588], [176.1594423, -37.6481573], [176.1594667, -37.6481521], [176.1594881, -37.6481453], [176.1595061, -37.6481389], [176.1595207, -37.648133], [176.159532, -37.6481274], [176.1595406, -37.6481221], [176.1595486, -37.6481165], [176.1595561, -37.6481106], [176.1595631, -37.6481044], [176.1595698, -37.6480977], [176.1595772, -37.6480881], [176.1595858, -37.6480748], [176.1595954, -37.6480578], [176.1596061, -37.6480372]]}, "geometry_name": "shape", "properties": {"fidn": "7838952", "valdco": 5, "verdat": null, "inform": null, "ninfom": null, "ntxtds": null, "scamin": 17999, "txtdsc": null, "sordat": null, "sorind": null, "hypcat": null}}, {"type": "Feature", "id": "layer-50672.146457", "geometry": {"type": "LineString", "coordinates": [[176.1589773, -37.6468668], [176.1590379, -37.646837], [176.1590884, -37.6468133], [176.159129, -37.6467957], [176.1591594, -37.6467842], [176.1591839, -37.6467774], [176.159209, -37.6467734], [176.159235, -37.646772], [176.1592617, -37.6467732], [176.1592895, -37.6467775], [176.1593195, -37.6467863], [176.1593515, -37.6467995], [176.1593856, -37.6468173], [176.1594214, -37.6468389], [176.159457, -37.6468619], [176.159492, -37.646886], [176.1595264, -37.6469111], [176.1595607, -37.6469374], [176.1595968, -37.6469659], [176.1596353, -37.6469968], [176.1596762, -37.64703], [176.1597192, -37.6470653], [176.1597602, -37.6470976], [176.1597978, -37.6471251], [176.1598319, -37.6471479], [176.1598627, -37.6471659], [176.1598924, -37.6471802], [176.1599224, -37.6471914], [176.1599526, -37.6471994], [176.1599831, -37.6472042], [176.1600144, -37.6472073], [176.1600471, -37.6472102], [176.160081, -37.6472128], [176.1601163, -37.6472152], [176.1601529, -37.6472167], [176.1601908, -37.6472163], [176.16023, -37.6472141], [176.1602706, -37.64721], [176.1603143, -37.6472035], [176.1603658, -37.6471931], [176.1604253, -37.6471787], [176.1604928, -37.6471603], [176.1605666, -37.647139], [176.1606395, -37.6471192], [176.1607107, -37.6471013], [176.1607801, -37.6470852], [176.1608479, -37.6470709], [176.1609139, -37.6470562], [176.1609781, -37.6470408], [176.1610405, -37.6470247], [176.1611011, -37.6470082], [176.1611602, -37.6469971], [176.1612181, -37.6469931], [176.1612745, -37.6469963], [176.1613296, -37.6470064], [176.1613797, -37.6470203], [176.1614231, -37.6470361], [176.1614598, -37.6470539], [176.1614898, -37.6470736], [176.1615166, -37.647099], [176.1615433, -37.6471331], [176.1615698, -37.6471761], [176.1615962, -37.6472277], [176.1616217, -37.6472823], [176.161645, -37.6473311], [176.1616662, -37.647374], [176.1616853, -37.6474112], [176.1617018, -37.6474437], [176.1617146, -37.6474745], [176.1617238, -37.6475037], [176.1617292, -37.6475314], [176.1617313, -37.6475576], [176.1617314, -37.6475833], [176.1617297, -37.6476084], [176.1617261, -37.647633], [176.1617206, -37.6476571], [176.1617125, -37.6476806], [176.1617018, -37.6477036], [176.1616885, -37.6477261], [176.1616725, -37.647748], [176.1616532, -37.6477684], [176.1616305, -37.6477868], [176.1616043, -37.6478034], [176.1615746, -37.6478183], [176.161539, -37.6478359], [176.1614963, -37.6478582], [176.1614464, -37.6478852], [176.1613893, -37.647917], [176.1613323, -37.6479483], [176.1612808, -37.6479748], [176.1612348, -37.6479965], [176.1611944, -37.6480135], [176.1611584, -37.6480275], [176.1611249, -37.648041], [176.1610941, -37.6480539], [176.161066, -37.6480663], [176.1610402, -37.6480784], [176.1610159, -37.6480904], [176.1609933, -37.6481024], [176.1609722, -37.6481145], [176.1609514, -37.6481276], [176.1609257, -37.6481456], [176.1608947, -37.648169], [176.1608584, -37.6481976], [176.1608169, -37.6482312], [176.1607711, -37.648268], [176.1607211, -37.6483077], [176.1606669, -37.6483504], [176.1606088, -37.6483956], [176.1605513, -37.6484409], [176.1604957, -37.6484853], [176.160442, -37.648529], [176.1603901, -37.6485718], [176.160301, -37.6486459], [176.1602344, -37.6487017], [176.1602035, -37.6487235], [176.1601679, -37.6487418], [176.1601276, -37.6487566], [176.1600826, -37.6487681], [176.1600363, -37.6487767], [176.159993, -37.6487829], [176.1599529, -37.6487868], [176.1599157, -37.6487885], [176.1598811, -37.6487881], [176.1598478, -37.6487864], [176.1598158, -37.6487833], [176.1597852, -37.6487789], [176.159729, -37.6487688], [176.159704, -37.6487645], [176.1596602, -37.6487572], [176.1596396, -37.6487526], [176.1596194, -37.6487466], [176.1595994, -37.6487393], [176.1595796, -37.6487308], [176.1594958, -37.6486933], [176.15947, -37.6486835], [176.1594389, -37.6486736], [176.1594026, -37.6486638], [176.159361, -37.6486539], [176.1593198, -37.648646], [176.1592828, -37.6486412], [176.15925, -37.6486396], [176.1592215, -37.6486412], [176.159167, -37.6486482], [176.1591082, -37.6486564], [176.1590778, -37.64866], [176.1590478, -37.6486616], [176.1590184, -37.6486611], [176.1589896, -37.6486584], [176.158961, -37.6486535], [176.1589319, -37.6486457], [176.1589024, -37.648635], [176.1588722, -37.6486214], [176.158842, -37.6486053], [176.1588139, -37.6485889], [176.1587881, -37.6485725], [176.1587647, -37.6485561], [176.1587435, -37.6485395], [176.1587225, -37.6485207], [176.1587012, -37.6484993], [176.1586796, -37.6484752], [176.1586579, -37.6484485], [176.1586384, -37.6484196], [176.1586221, -37.6483885], [176.158609, -37.6483553], [176.158599, -37.64832], [176.15859, -37.6482854], [176.1585804, -37.6482532], [176.1585702, -37.6482233], [176.158549, -37.6481684], [176.1585392, -37.6481387], [176.1585303, -37.6481066], [176.1585221, -37.648072], [176.1585147, -37.6480359], [176.1585081, -37.6479994], [176.1585023, -37.6479627], [176.1584973, -37.6479257], [176.1584935, -37.6478856], [176.1584923, -37.6478342], [176.1584938, -37.6477708], [176.1584979, -37.6476956], [176.1585046, -37.647612], [176.1585139, -37.6475369], [176.1585257, -37.6474724], [176.1585401, -37.6474186], [176.1585567, -37.6473748], [176.1585733, -37.6473364], [176.1585892, -37.6473021], [176.1586044, -37.647272], [176.1586192, -37.6472459], [176.1586358, -37.6472189], [176.1586553, -37.6471895], [176.1586777, -37.6471575], [176.1587031, -37.6471229], [176.158742, -37.6470789], [176.1588007, -37.6470215], [176.1588791, -37.6469508], [176.1589773, -37.6468668]]}, "geometry_name": "shape", "properties": {"fidn": "7826047", "valdco": 5, "verdat": null, "inform": null, "ninfom": null, "ntxtds": null, "scamin": 17999, "txtdsc": null, "sordat": null, "sorind": null, "hypcat": null}}, {"type": "Feature", "id": "layer-50672.146451", "geometry": {"type": "LineString", "coordinates": [[176.16387, -37.6469826], [176.1638509, -37.6469935], [176.1638348, -37.6470039], [176.1638217, -37.6470136], [176.1638117, -37.6470228], [176.1638045, -37.6470315], [176.1637988, -37.6470405], [176.1637942, -37.64705], [176.1637909, -37.6470599], [176.1637887, -37.6470703], [176.1637874, -37.6470809], [176.1637865, -37.6470914], [176.1637861, -37.6471019], [176.1637862, -37.6471124], [176.1637869, -37.6471227], [176.163789, -37.6471331], [176.1637927, -37.6471434], [176.1637979, -37.6471536], [176.1638046, -37.6471638], [176.1638127, -37.6471736], [176.1638218, -37.6471824], [176.163832, -37.6471902], [176.1638433, -37.6471971], [176.1638556, -37.6472031], [176.1638682, -37.647208], [176.1638811, -37.6472117], [176.1638941, -37.6472143], [176.1639074, -37.6472158], [176.1639207, -37.6472163], [176.1639342, -37.6472158], [176.1639477, -37.6472143], [176.1639612, -37.6472119], [176.1639747, -37.6472085], [176.1639871, -37.6472042], [176.1639984, -37.647199], [176.1640086, -37.6471929], [176.1640177, -37.6471859], [176.1640257, -37.6471781], [176.1640329, -37.6471696], [176.1640392, -37.6471604], [176.1640446, -37.6471504], [176.1640492, -37.6471397], [176.1640528, -37.6471282], [176.1640556, -37.6471159], [176.1640575, -37.6471029], [176.1640584, -37.647089], [176.1640584, -37.6470749], [176.1640573, -37.6470613], [176.1640552, -37.647048], [176.1640521, -37.6470352], [176.1640479, -37.6470228], [176.1640421, -37.6470113], [176.1640346, -37.6470006], [176.1640253, -37.6469907], [176.1640144, -37.6469817], [176.1640026, -37.6469741], [176.1639909, -37.6469682], [176.1639792, -37.6469641], [176.1639674, -37.6469617], [176.1639553, -37.6469613], [176.1639397, -37.6469631], [176.1639203, -37.6469672], [176.1638971, -37.6469737], [176.16387, -37.6469826]]}, "geometry_name": "shape", "properties": {"fidn": "7828803", "valdco": 2, "verdat": null, "inform": null, "ninfom": null, "ntxtds": null, "scamin": 17999, "txtdsc": null, "sordat": null, "sorind": null, "hypcat": null}}, {"type": "Feature", "id": "layer-50672.146470", "geometry": {"type": "LineString", "coordinates": [[176.163243, -37.6462888], [176.163329, -37.646333], [176.1634049, -37.6463707], [176.1634706, -37.646402], [176.1635263, -37.6464269], [176.1635728, -37.6464456], [176.1635752, -37.6464465], [176.1636139, -37.6464602], [176.16365, -37.6464706], [176.1636812, -37.6464769], [176.1637075, -37.6464792], [176.1637312, -37.6464789], [176.1637537, -37.6464766], [176.1637749, -37.6464724], [176.1637949, -37.6464662], [176.1638137, -37.6464583], [176.1638318, -37.6464494], [176.1638493, -37.6464394], [176.1638662, -37.6464283], [176.1638824, -37.6464162], [176.1638986, -37.6464031], [176.1639147, -37.6463892], [176.1639308, -37.6463744], [176.1639469, -37.6463588], [176.1639623, -37.646343], [176.1639759, -37.6463278], [176.1639878, -37.6463132], [176.163998, -37.6462993], [176.1640064, -37.646286], [176.1640122, -37.6462732], [176.1640155, -37.6462608], [176.1640162, -37.6462488], [176.1640144, -37.6462373], [176.1640094, -37.6462253], [176.164001, -37.6462126], [176.1639892, -37.646199], [176.1639739, -37.6461845], [176.163954, -37.6461688], [176.1639264, -37.646151], [176.1638909, -37.6461311], [176.1638474, -37.6461091], [176.1637962, -37.6460849], [176.1637416, -37.6460597], [176.163685, -37.6460339], [176.1636265, -37.6460075], [176.1635756, -37.6459847], [176.1635661, -37.6459804], [176.1635071, -37.6459546], [176.1634546, -37.645933], [176.1634089, -37.6459158], [176.1633698, -37.6459028], [176.163337, -37.6458939], [176.1633079, -37.645887], [176.163282, -37.6458819], [176.1632593, -37.6458785], [176.1632399, -37.6458767], [176.1632222, -37.6458776], [176.1632052, -37.6458817], [176.1631889, -37.645889], [176.1631731, -37.6458995], [176.1631584, -37.6459128], [176.163146, -37.645927], [176.1631359, -37.6459422], [176.1631282, -37.6459581], [176.1631228, -37.645975], [176.1631193, -37.6459925], [176.1631175, -37.6460107], [176.1631175, -37.6460295], [176.1631192, -37.646049], [176.1631225, -37.6460693], [176.1631273, -37.6460909], [176.1631337, -37.6461138], [176.1631415, -37.646138], [176.1631512, -37.6461636], [176.1631658, -37.6461913], [176.163186, -37.6462215], [176.1632117, -37.6462539], [176.163243, -37.6462888]]}, "geometry_name": "shape", "properties": {"fidn": "7840751", "valdco": 2, "verdat": null, "inform": null, "ninfom": null, "ntxtds": null, "scamin": 17999, "txtdsc": null, "sordat": null, "sorind": null, "hypcat": null}}, {"type": "Feature", "id": "layer-50672.146458", "geometry": {"type": "LineString", "coordinates": [[176.1616695, -37.6466901], [176.1615929, -37.6466788], [176.1615106, -37.6466532], [176.1613686, -37.6465936], [176.16117, -37.6465142], [176.1609627, -37.646412], [176.1609003, -37.6463552], [176.1608946, -37.6462814], [176.1609117, -37.6462104], [176.1609537, -37.646106], [176.1609899, -37.6460156], [176.1610201, -37.6459391], [176.1610444, -37.6458765], [176.1610634, -37.6458266], [176.1610818, -37.6457807], [176.1611005, -37.6457371], [176.1611194, -37.6456959], [176.1611387, -37.645657], [176.1611576, -37.6456204], [176.1611756, -37.6455858], [176.1612088, -37.6455228], [176.161224, -37.6454943], [176.1612395, -37.6454661], [176.1612556, -37.645438], [176.1612722, -37.6454098], [176.1612893, -37.6453817], [176.1613077, -37.6453528], [176.1613285, -37.6453221], [176.1613519, -37.6452894], [176.1613777, -37.6452548], [176.1614058, -37.6452185], [176.1614337, -37.6451838], [176.1614605, -37.6451519], [176.1614861, -37.6451228], [176.1615107, -37.6450964], [176.1615351, -37.6450736], [176.1615618, -37.6450561], [176.1615907, -37.6450442], [176.1616218, -37.6450377], [176.1616551, -37.6450366], [176.1616882, -37.6450377], [176.1617199, -37.6450396], [176.1617503, -37.6450423], [176.1617795, -37.6450459], [176.1618088, -37.6450508], [176.1618428, -37.6450585], [176.1618818, -37.6450689], [176.1619257, -37.6450822], [176.1619746, -37.6450982], [176.162025, -37.6451133], [176.1620748, -37.6451252], [176.1621242, -37.6451339], [176.162173, -37.6451395], [176.1622206, -37.6451423], [176.1622647, -37.6451431], [176.1623049, -37.6451422], [176.1623412, -37.6451394], [176.1623738, -37.6451349], [176.1624065, -37.6451262], [176.1624425, -37.6451118], [176.1624817, -37.6450915], [176.1625241, -37.6450654], [176.1625686, -37.6450343], [176.1626098, -37.6450029], [176.1626468, -37.6449718], [176.1626797, -37.644941], [176.1627084, -37.6449105], [176.1627822, -37.6448509], [176.1628446, -37.6448281], [176.1629156, -37.6448168], [176.1629723, -37.644814], [176.1630404, -37.6448026], [176.1630859, -37.6447657], [176.1631483, -37.6446777], [176.1632675, -37.6445103], [176.1633442, -37.6444052], [176.163435, -37.6443087], [176.1634519, -37.6443018], [176.1634675, -37.6442973], [176.1634819, -37.6442952], [176.163495, -37.6442955], [176.1635069, -37.6442982], [176.163517, -37.6443019], [176.1635249, -37.6443057], [176.1635305, -37.6443098], [176.163534, -37.644314], [176.1635354, -37.6443184], [176.1635375, -37.6443244], [176.1635413, -37.6443325], [176.1635468, -37.6443427], [176.1635541, -37.6443551], [176.1635631, -37.6443694], [176.1635737, -37.6443831], [176.163577, -37.6443865], [176.1635858, -37.6443954], [176.1635994, -37.6444064], [176.1636146, -37.6444162], [176.1636314, -37.644424], [176.1636506, -37.6444259], [176.1636722, -37.6444214], [176.1636964, -37.6444105], [176.1637231, -37.644393], [176.1637518, -37.6443699], [176.163781, -37.644344], [176.1638104, -37.6443155], [176.1638402, -37.6442844], [176.1638702, -37.6442508], [176.1638996, -37.6442167], [176.1639258, -37.6441869], [176.1639489, -37.6441616], [176.1639686, -37.6441408], [176.1639852, -37.6441246], [176.164015, -37.6440967], [176.1640304, -37.6440819], [176.1640462, -37.6440664], [176.1640623, -37.6440504], [176.164102, -37.6440504], [176.1641588, -37.6440646], [176.1642354, -37.6440561], [176.1642979, -37.6440192], [176.1643802, -37.6439454], [176.1645022, -37.6437524], [176.164681, -37.6435282], [176.1648088, -37.6433919], [176.1648599, -37.6433494], [176.1649195, -37.643338], [176.1649734, -37.6433465], [176.1650273, -37.6433777], [176.1650642, -37.6434288], [176.1650614, -37.6434856], [176.1650455, -37.6435247], [176.1650264, -37.6435659], [176.165004, -37.6436091], [176.1649785, -37.6436546], [176.1649498, -37.643702], [176.1649218, -37.6437478], [176.1648962, -37.6437906], [176.1648729, -37.6438303], [176.1648326, -37.6439008], [176.1648084, -37.6439366], [176.1647782, -37.6439749], [176.1647418, -37.6440159], [176.1646994, -37.6440595], [176.1646536, -37.6441037], [176.1646136, -37.6441427], [176.1645801, -37.6441757], [176.1645531, -37.644203], [176.1645325, -37.6442244], [176.1645132, -37.6442458], [176.1644874, -37.6442763], [176.1644551, -37.6443158], [176.1644161, -37.6443644], [176.1643254, -37.6444789], [176.1642848, -37.644529], [176.1642489, -37.6445721], [176.1642177, -37.6446084], [176.1641902, -37.6446386], [176.1641544, -37.644672], [176.1641066, -37.6447118], [176.1640469, -37.6447578], [176.1639751, -37.6448101], [176.1638923, -37.6448679], [176.1638033, -37.6449273], [176.1637088, -37.6449879], [176.1636087, -37.6450498], [176.1635764, -37.645069], [176.1635032, -37.6451127], [176.1633911, -37.6451746], [176.1632704, -37.6452303], [176.163141, -37.6452796], [176.1630028, -37.6453224], [176.162856, -37.6453589], [176.1628105, -37.645376], [176.162768, -37.6454356], [176.1627027, -37.6455463], [176.1626686, -37.645586], [176.1626062, -37.6456229], [176.1625267, -37.6456882], [176.1624274, -37.6457762], [176.1623706, -37.6458556], [176.1622826, -37.6459976], [176.162206, -37.6461565], [176.1621208, -37.6463211], [176.1620754, -37.6463864], [176.1620158, -37.6464545], [176.1619448, -37.646517], [176.1618739, -37.6465709], [176.1618143, -37.646622], [176.1617603, -37.6466589], [176.1616695, -37.6466901]]}, "geometry_name": "shape", "properties": {"fidn": "7826138", "valdco": 2, "verdat": null, "inform": null, "ninfom": null, "ntxtds": null, "scamin": 17999, "txtdsc": null, "sordat": null, "sorind": null, "hypcat": null}}, {"type": "Feature", "id": "layer-50672.148231", "geometry": {"type": "LineString", "coordinates": [[176.1630374, -37.6368386], [176.1630199, -37.6370821], [176.163019, -37.6370948], [176.1630212, -37.637109], [176.1630466, -37.6372718], [176.163102, -37.6373729], [176.1631621, -37.6374571], [176.1632849, -37.6375967], [176.1633595, -37.6376881], [176.1634052, -37.6377531], [176.1634509, -37.6378446], [176.163475, -37.6379168], [176.1634966, -37.6379962], [176.1635231, -37.6380636], [176.1635688, -37.6381093], [176.1635824, -37.6381176], [176.1636747, -37.6381743], [176.1637999, -37.6382633], [176.1639058, -37.6383307], [176.1639852, -37.6383981], [176.1640309, -37.6384799], [176.1640477, -37.6385545], [176.1640429, -37.6386002], [176.1640189, -37.6386532], [176.1640261, -37.6387061], [176.1640526, -37.6387687], [176.1641007, -37.6388216], [176.1641657, -37.6388866], [176.164221, -37.6389059], [176.164286, -37.6389035], [176.1643582, -37.6388962], [176.1644256, -37.638889], [176.1644833, -37.6388962], [176.1645748, -37.6389347], [176.1646638, -37.6389829], [176.1647457, -37.6390406], [176.1648251, -37.6391152], [176.1648828, -37.6391706], [176.1649358, -37.6392163], [176.1649839, -37.63925], [176.1650657, -37.6392933], [176.1652077, -37.6393583], [176.1653425, -37.6394161], [176.1654412, -37.6394449], [176.1655471, -37.6394931], [176.1657492, -37.6395557], [176.1659153, -37.6396134], [176.1660573, -37.6396664], [176.1661944, -37.6397265], [176.1664279, -37.6398204], [176.1665314, -37.6398709], [176.16663, -37.6399166], [176.1667817, -37.6399864], [176.1668538, -37.6400273], [176.1670055, -37.640102], [176.1671017, -37.6401477], [176.1671811, -37.6401862], [176.1672414, -37.6402048], [176.1672509, -37.6402078], [176.1673039, -37.6402271], [176.1673809, -37.6402463], [176.1674603, -37.6402704], [176.1675397, -37.6403041], [176.1676143, -37.6403474], [176.1676913, -37.6403907], [176.1678309, -37.6404533], [176.1679368, -37.6405014], [176.1680211, -37.6405351], [176.1681245, -37.6405664], [176.1683315, -37.6406073], [176.1684398, -37.640641], [176.168524, -37.6406747], [176.168601, -37.6407108], [176.1686781, -37.6407445], [176.1687599, -37.6407686], [176.168861, -37.6407975], [176.1689524, -37.6408143], [176.1690222, -37.640836], [176.1691666, -37.6408985], [176.1693736, -37.6409707], [176.1694602, -37.641002], [176.1696214, -37.6410622], [176.1697682, -37.6411079], [176.169956, -37.6411609], [176.1701533, -37.6412138], [176.1702472, -37.6412499], [176.1703434, -37.6412932], [176.1704397, -37.6413245], [176.1705167, -37.6413414], [176.1706731, -37.6413702], [176.1708488, -37.6413967], [176.1710341, -37.6414376], [176.1711809, -37.6414809], [176.1713205, -37.6415194], [176.1714216, -37.6415435], [176.1715371, -37.6415652], [176.1716165, -37.6415844], [176.1717176, -37.6416229], [176.1718331, -37.6416662], [176.171939, -37.6416927], [176.1721027, -37.641724], [176.1722374, -37.6417384], [176.1723914, -37.6417818], [176.1726321, -37.6418419], [176.1727765, -37.6418901], [176.1728535, -37.6419262], [176.1729401, -37.6419791], [176.1730099, -37.6420104], [176.1731327, -37.6420513], [176.1733974, -37.6421211], [176.173537, -37.6421644], [176.1736164, -37.6421981], [176.1737849, -37.6422823], [176.173975, -37.6423906], [176.1740833, -37.6424436], [176.1741868, -37.6424821], [176.1743095, -37.6425206], [176.1744371, -37.6425735], [176.1745742, -37.6426313], [176.1747523, -37.64273], [176.1748991, -37.6428166], [176.1750122, -37.6429008], [176.1751398, -37.6429899], [176.1752866, -37.6430645], [176.1754069, -37.6431271], [176.1755224, -37.6432017], [176.1756837, -37.6433124], [176.1759267, -37.6434712], [176.1760615, -37.6435578], [176.1761843, -37.6436397], [176.1763166, -37.643748], [176.1764755, -37.6438924], [176.1765765, -37.6440006], [176.1766078, -37.6440392], [176.1766391, -37.6440969], [176.1767041, -37.6441739], [176.1767594, -37.6442221], [176.1768172, -37.644263], [176.1769857, -37.6443929], [176.1771541, -37.6445277], [176.1773033, -37.6446336], [176.1773418, -37.6446721], [176.1774285, -37.644778], [176.1775247, -37.6448959], [176.177609, -37.6450307], [176.1777341, -37.6451606], [176.1778352, -37.6452569], [176.1778737, -37.6452978], [176.1779074, -37.64537], [176.17797, -37.6454952], [176.1780109, -37.6455601], [176.1780542, -37.6456203], [176.1780879, -37.6456684], [176.178124, -37.6457142], [176.1781649, -37.6457454], [176.1782058, -37.6457815], [176.1782178, -37.64582], [176.1782251, -37.6459211], [176.1782419, -37.6459885], [176.1782708, -37.6460511], [176.1783815, -37.646169], [176.1784344, -37.6462316], [176.1784826, -37.6463567], [176.1785764, -37.646518], [176.1786342, -37.6466359], [176.178728, -37.6468404], [176.1787714, -37.6469415], [176.1787954, -37.6470017], [176.1788267, -37.6471244], [176.1788724, -37.6472616], [176.1788965, -37.6473603], [176.1789422, -37.6475287], [176.1789735, -37.6476779], [176.1790407, -37.6479757], [176.1791205, -37.6482093], [176.1791684, -37.6483879], [176.1791757, -37.6484842], [176.1791829, -37.6485852], [176.1791853, -37.648732], [176.1791901, -37.6488812], [176.1791997, -37.6491604], [176.1792118, -37.649389], [176.1792021, -37.6495575], [176.1792045, -37.6497115], [176.1791949, -37.6497909], [176.1791564, -37.6499762], [176.1791035, -37.6502434], [176.1790553, -37.6504624], [176.1790337, -37.6505779], [176.179012, -37.6506381], [176.1789422, -37.6508113], [176.1788845, -37.6509196], [176.1788363, -37.6510496], [176.1788099, -37.6511266], [176.1787762, -37.6512181], [176.1787232, -37.6513264], [176.1786679, -37.6514274], [176.1786005, -37.6515574], [176.1785307, -37.651697], [176.1784441, -37.6518582], [176.1783694, -37.652005], [176.1783189, -37.6521013], [176.1782443, -37.652224], [176.1781938, -37.6523107], [176.1781216, -37.6524358], [176.1780831, -37.6525104], [176.1780494, -37.6525754], [176.1780036, -37.6527318], [176.1779724, -37.6528064], [176.1779411, -37.6528618], [176.1778953, -37.6529532], [176.1778376, -37.6530567], [176.1777895, -37.6531482], [176.1777365, -37.6532396], [176.1776691, -37.6533527], [176.1776402, -37.6534297], [176.1776138, -37.6535164], [176.1775969, -37.6535886], [176.1775939, -37.6536584], [176.1776108, -37.65373]]}, "geometry_name": "shape", "properties": {"fidn": "8192366", "valdco": 10, "verdat": null, "inform": null, "ninfom": null, "ntxtds": null, "scamin": 17999, "txtdsc": null, "sordat": null, "sorind": null, "hypcat": null}}, {"type": "Feature", "id": "layer-50672.146461", "geometry": {"type": "LineString", "coordinates": [[176.1627217, -37.637233], [176.1627663, -37.637376], [176.1627808, -37.6374993], [176.1628333, -37.6375983], [176.1628685, -37.6378046], [176.162901, -37.6379948], [176.1629091, -37.638134], [176.162924, -37.6382688], [176.1629141, -37.6384933], [176.162929, -37.638683], [176.162954, -37.6388277], [176.1629989, -37.6390522], [176.1630189, -37.6391321], [176.1630089, -37.6392319], [176.1629889, -37.6393117], [176.162954, -37.6394315], [176.162954, -37.6395363], [176.1629789, -37.6396112], [176.1630588, -37.6396511], [176.1631586, -37.6396461], [176.1632983, -37.6395662], [176.1634131, -37.6394964], [176.1634929, -37.6394814], [176.1635678, -37.6394914], [176.1635812, -37.639507], [176.1636277, -37.6395613], [176.1638073, -37.6397459], [176.1639044, -37.6398633], [176.1639524, -37.6399318], [176.1639777, -37.640006], [176.164001, -37.6400652], [176.1640224, -37.6401093], [176.1640418, -37.6401382], [176.1640601, -37.6401556], [176.1640788, -37.6401693], [176.164098, -37.6401795], [176.1641178, -37.6401863], [176.1641381, -37.6401898], [176.1641581, -37.6401911], [176.1641778, -37.6401904], [176.1641972, -37.6401875], [176.1642166, -37.6401825], [176.164241, -37.6401733], [176.1642718, -37.6401594], [176.164309, -37.6401408], [176.1643526, -37.6401175], [176.1644013, -37.6400935], [176.1644539, -37.6400718], [176.1645105, -37.6400524], [176.1645711, -37.6400352], [176.1646318, -37.6400209], [176.1646864, -37.6400105], [176.1647349, -37.6400041], [176.1647771, -37.6400017], [176.1648139, -37.6400027], [176.1648473, -37.6400056], [176.1648776, -37.6400101], [176.1649048, -37.6400164], [176.1649294, -37.6400245], [176.1649549, -37.6400363], [176.1649822, -37.640052], [176.1650114, -37.6400716], [176.1650423, -37.6400952], [176.1650705, -37.6401223], [176.165094, -37.6401529], [176.1651128, -37.6401869], [176.1651268, -37.6402244], [176.165137, -37.6402615], [176.1651447, -37.640294], [176.1651497, -37.640322], [176.1651521, -37.6403453], [176.1651522, -37.6403648], [176.1651508, -37.6403825], [176.1651479, -37.6403982], [176.1651437, -37.6404122], [176.1651379, -37.6404247], [176.1651298, -37.6404374], [176.1651195, -37.6404507], [176.1651069, -37.6404646], [176.1650919, -37.640479], [176.1650728, -37.6404923], [176.1650492, -37.6405039], [176.1650209, -37.640514], [176.1649881, -37.6405224], [176.1649514, -37.6405301], [176.1649116, -37.6405379], [176.1648686, -37.6405456], [176.1648224, -37.6405534], [176.1647678, -37.6405638], [176.1646955, -37.6405813], [176.1646053, -37.640606], [176.1644973, -37.6406379], [176.1643772, -37.6406753], [176.1642681, -37.6407119], [176.1641723, -37.6407468], [176.1640899, -37.6407801], [176.1640205, -37.6408119], [176.1639609, -37.6408425], [176.1639104, -37.640872], [176.163869, -37.6409005], [176.1638365, -37.6409279], [176.1638104, -37.6409549], [176.1637891, -37.6409819], [176.1637726, -37.641009], [176.1637608, -37.641036], [176.163753, -37.6410631], [176.1637478, -37.6410901], [176.1637453, -37.6411171], [176.1637455, -37.6411442], [176.1637498, -37.6411715], [176.1637623, -37.6411998], [176.1637834, -37.6412292], [176.1638131, -37.6412597], [176.1638507, -37.6412912], [176.1638926, -37.6413238], [176.1639383, -37.6413575], [176.1639878, -37.6413922], [176.1640406, -37.6414277], [176.1640899, -37.6414582], [176.1641327, -37.6414813], [176.1641692, -37.6414972], [176.1641993, -37.6415057], [176.1642265, -37.6415097], [176.1642541, -37.6415117], [176.1642819, -37.6415118], [176.1643101, -37.6415099], [176.1643391, -37.6415055], [176.1643701, -37.6414971], [176.1644032, -37.6414848], [176.1644382, -37.6414685], [176.1644766, -37.6414484], [176.1645237, -37.6414244], [176.1645801, -37.6413966], [176.164646, -37.6413649], [176.1647211, -37.6413295], [176.1648041, -37.6412912], [176.1648945, -37.6412502], [176.1649925, -37.6412065], [176.1650978, -37.6411601], [176.1652029, -37.6411088], [176.1653033, -37.641051], [176.1653988, -37.6409869], [176.1654896, -37.6409164], [176.1655751, -37.640844], [176.1657285, -37.6407136], [176.1657964, -37.6406555], [176.1658587, -37.6406016], [176.1659162, -37.6405494], [176.1659688, -37.6404988], [176.1660167, -37.6404498], [176.1660597, -37.6404022], [176.1660985, -37.6403549], [176.166133, -37.6403076], [176.1661632, -37.6402602], [176.1661894, -37.6402128], [176.166219, -37.6401632], [176.1662514, -37.6401159], [176.1662552, -37.6401104], [176.166298, -37.6400545], [176.1663474, -37.6399954], [176.1663973, -37.6399655], [176.1664921, -37.6399655], [176.1666418, -37.6400254], [176.1668414, -37.6401451], [176.1669945, -37.6402142], [176.1670604, -37.6402628], [176.1671403, -37.6403168], [176.1672084, -37.6403591], [176.1672671, -37.6403755], [176.1673375, -37.6403802], [176.1674009, -37.6403849], [176.1674455, -37.640392], [176.1675112, -37.6404272], [176.1675582, -37.6404647], [176.1676239, -37.640507], [176.1677366, -37.6405587], [176.1678118, -37.6405915], [176.1679362, -37.6406455], [176.1680349, -37.6406948]]}, "geometry_name": "shape", "properties": {"fidn": "7828130", "valdco": 5, "verdat": null, "inform": null, "ninfom": null, "ntxtds": null, "scamin": 17999, "txtdsc": null, "sordat": null, "sorind": null, "hypcat": null}}, {"type": "Feature", "id": "layer-50672.145313", "geometry": {"type": "LineString", "coordinates": [[176.1637118, -37.638431], [176.1636851, -37.6384332], [176.1636624, -37.638436], [176.1636436, -37.6384392], [176.1636287, -37.6384429], [176.1636173, -37.6384473], [176.1636084, -37.638452], [176.1636073, -37.6384526], [176.1635985, -37.6384591], [176.1635908, -37.6384666], [176.1635842, -37.6384753], [176.1635821, -37.638479], [176.1635787, -37.6384849], [176.1635742, -37.6384953], [176.1635706, -37.6385066], [176.1635681, -37.6385188], [176.1635665, -37.6385316], [176.1635654, -37.6385438], [176.1635648, -37.6385553], [176.1635646, -37.6385662], [176.1635649, -37.6385764], [176.163566, -37.6385864], [176.1635679, -37.6385965], [176.1635708, -37.6386068], [176.1635746, -37.6386172], [176.1635793, -37.6386273], [176.1635819, -37.6386316], [176.1635845, -37.6386358], [176.1635902, -37.6386426], [176.1635965, -37.6386476], [176.1636034, -37.638651], [176.1636111, -37.6386537], [176.1636198, -37.6386562], [176.1636296, -37.6386586], [176.1636404, -37.6386607], [176.163652, -37.6386625], [176.163664, -37.6386637], [176.1636765, -37.6386643], [176.1636894, -37.6386642], [176.1637026, -37.6386635], [176.1637158, -37.6386624], [176.1637289, -37.638661], [176.1637418, -37.6386594], [176.1637545, -37.6386575], [176.1637669, -37.6386551], [176.1637787, -37.6386514], [176.1637899, -37.6386466], [176.1638005, -37.6386405], [176.1638104, -37.6386333], [176.1638192, -37.6386253], [176.1638196, -37.6386248], [176.1638267, -37.6386167], [176.1638329, -37.6386076], [176.1638378, -37.6385978], [176.1638415, -37.6385872], [176.1638441, -37.6385755], [176.1638455, -37.6385625], [176.1638458, -37.6385484], [176.163845, -37.6385334], [176.1638429, -37.6385193], [176.1638397, -37.6385067], [176.1638351, -37.6384957], [176.1638294, -37.6384861], [176.1638226, -37.6384777], [176.1638149, -37.6384699], [176.1638065, -37.6384629], [176.1637972, -37.6384566], [176.1637869, -37.6384509], [176.1637734, -37.6384456], [176.1637564, -37.6384405], [176.1637358, -37.6384356], [176.1637118, -37.638431]]}, "geometry_name": "shape", "properties": {"fidn": "5172699", "valdco": 5, "verdat": null, "inform": null, "ninfom": null, "ntxtds": null, "scamin": 17999, "txtdsc": null, "sordat": null, "sorind": null, "hypcat": null}}, {"type": "Feature", "id": "layer-50672.145315", "geometry": {"type": "LineString", "coordinates": [[176.1277248, -37.6359885], [176.1277733, -37.6359348], [176.1278114, -37.6358932], [176.127839, -37.6358639], [176.1278563, -37.6358466], [176.1278686, -37.6358365], [176.1278869, -37.6358233], [176.1279115, -37.6358067], [176.1279424, -37.6357867], [176.1279778, -37.6357647], [176.1280106, -37.635746], [176.1280399, -37.6357312], [176.1280659, -37.6357204], [176.1280889, -37.6357133], [176.1281111, -37.635709], [176.1281333, -37.6357075], [176.1281554, -37.6357087], [176.1281776, -37.6357127], [176.1282042, -37.6357229], [176.1282372, -37.6357411], [176.1282765, -37.635767], [176.1283223, -37.6358008], [176.1283764, -37.6358417], [176.1284408, -37.6358891], [176.1285154, -37.6359428], [176.1286004, -37.6360029], [176.1286947, -37.6360699], [176.128797, -37.6361447], [176.1289073, -37.6362273], [176.1290255, -37.6363177], [176.1291458, -37.636411], [176.1292473, -37.6364895], [176.1293282, -37.6365514], [176.1293884, -37.636597], [176.1294304, -37.6366279], [176.129472, -37.6366583], [176.1295658, -37.6367264], [176.1296178, -37.6367639], [176.1296712, -37.6368022], [176.1297253, -37.6368406], [176.1297801, -37.6368791], [176.129887, -37.6369533], [176.1299311, -37.6369836], [176.1299969, -37.6370282], [176.1300212, -37.6370442], [176.1300447, -37.6370595], [176.1300676, -37.6370742], [176.1300898, -37.6370883], [176.1301156, -37.6371058], [176.1301591, -37.6371399], [176.1302212, -37.6371917], [176.1303019, -37.6372612], [176.1303982, -37.6373447], [176.1304888, -37.6374174], [176.1305698, -37.6374749], [176.1306412, -37.637517], [176.130703, -37.6375442], [176.1307553, -37.637564], [176.130798, -37.6375792], [176.1308311, -37.6375897], [176.1308548, -37.6375955], [176.1308727, -37.6376003], [176.1308877, -37.6376067], [176.1308998, -37.6376146], [176.1309089, -37.6376241], [176.1309138, -37.6376357], [176.1309125, -37.6376504], [176.130905, -37.6376682], [176.1308912, -37.6376891], [176.1308727, -37.6377128], [176.1308542, -37.6377379], [176.1308358, -37.6377643], [176.1308176, -37.6377922], [176.1307993, -37.637821], [176.1307797, -37.6378485], [176.1307583, -37.6378741], [176.1307353, -37.6378979], [176.1307103, -37.6379194], [176.1306796, -37.6379332], [176.1306417, -37.6379373], [176.1305968, -37.6379317], [176.1305448, -37.6379164], [176.1304928, -37.6378977], [176.1304454, -37.6378796], [176.1304027, -37.6378622], [176.1303646, -37.6378454], [176.1303296, -37.6378291], [176.1302956, -37.6378129], [176.1302626, -37.6377969], [176.1302305, -37.6377811], [176.1301995, -37.6377654], [176.1301696, -37.63775], [176.1301407, -37.6377348], [176.130113, -37.6377199], [176.1300864, -37.6377053], [176.1300606, -37.6376909], [176.1300357, -37.6376768], [176.1300116, -37.637663], [176.1299886, -37.6376495], [176.1299505, -37.6376268], [176.129936, -37.637618], [176.1299142, -37.6376043], [176.1299043, -37.6375979], [176.1298947, -37.6375915], [176.1298676, -37.6375725], [176.1298503, -37.6375598], [176.1298335, -37.6375469], [176.1298173, -37.6375334], [176.1298093, -37.6375264], [176.1298011, -37.6375191], [176.1297748, -37.6374953], [176.1297558, -37.6374772], [176.1297349, -37.6374566], [176.129693, -37.6374212], [176.1296038, -37.6373485], [176.1294675, -37.6372386], [176.1292839, -37.6370913], [176.1290911, -37.6369392], [176.1289314, -37.6368185], [176.1288049, -37.6367291], [176.1287116, -37.636671], [176.128635, -37.6366326], [176.1285381, -37.6365875], [176.1284197, -37.6365349], [176.1282797, -37.6364746], [176.128127, -37.6364101], [176.128, -37.6363553], [176.1279032, -37.6363119], [176.1278367, -37.63628], [176.1277985, -37.6362585], [176.1277703, -37.6362381], [176.1277475, -37.6362164], [176.1277299, -37.6361934], [176.1277176, -37.636169], [176.1277109, -37.6361378], [176.1277099, -37.6360973], [176.1277145, -37.6360476], [176.1277248, -37.6359885]]}, "geometry_name": "shape", "properties": {"fidn": "5173066", "valdco": 2, "verdat": null, "inform": null, "ninfom": null, "ntxtds": null, "scamin": 17999, "txtdsc": null, "sordat": null, "sorind": null, "hypcat": null}}], "totalFeatures": "unknown", "numberReturned": 219, "timeStamp": "2026-07-27T08:20:53.637Z", "crs": {"type": "name", "properties": {"name": "urn:ogc:def:crs:EPSG::4326"}}}